# Pepe OBJ
mtllib Pepe.mtl
usemtl Mat_Pepe
v -0.482059 0.803623 0.461616
vt 0.650401 0.940050
v -0.486043 0.796406 0.450483
vt 0.651248 0.942580
v -0.492904 0.787052 0.446133
vt 0.650678 0.944881
v -0.904150 -0.009023 0.604275
vt 0.136927 0.463900
v -0.896842 0.101909 0.609742
vt 0.158073 0.465732
v -0.903701 0.115239 0.601869
vt 0.160244 0.468171
v -0.467606 0.083754 0.122099
vt 0.956360 0.392273
v -0.460479 0.140244 0.127743
vt 0.966822 0.391069
v -0.459992 0.128698 0.122476
vt 0.964773 0.392213
v -0.464796 -0.843883 0.547455
vt 0.144795 0.960537
v -0.460156 -0.842888 0.546515
vt 0.143882 0.960378
v -0.472730 -0.845630 0.555739
vt 0.146824 0.959600
v -0.466177 -0.846579 0.533063
vt 0.144207 0.963295
v -0.477610 -0.853491 0.535310
vt 0.146752 0.963796
v -0.499160 -0.820021 0.574159
vt 0.936622 0.839275
v -0.483415 -0.827826 0.563539
vt 0.938989 0.842421
v -0.485831 -0.816931 0.580670
vt 0.935090 0.841664
v -0.473407 -0.842363 0.508716
vt 0.827113 0.964310
v -0.463234 -0.847461 0.530809
vt 0.827770 0.959600
v -0.471158 -0.844598 0.518944
vt 0.827797 0.962425
v -0.463234 -0.847461 0.530809
vt 0.991682 0.176483
v -0.466177 -0.846579 0.533063
vt 0.991482 0.175801
v -0.471158 -0.844598 0.518944
vt 0.994425 0.175801
v -0.482558 -0.837157 0.547802
vt 0.347306 0.566114
v -0.489984 -0.834192 0.543948
vt 0.345917 0.565057
v -0.488104 -0.839615 0.532009
vt 0.347252 0.562833
v -0.513337 -0.770381 0.514833
vt 0.840977 0.494963
v -0.549157 -0.770552 0.520840
vt 0.836603 0.489312
v -0.520103 -0.757881 0.514777
vt 0.842134 0.492416
v -0.478936 -0.822955 0.594566
vt 0.875687 0.501736
v -0.484669 -0.799738 0.611639
vt 0.872839 0.497077
v -0.484632 -0.807767 0.596819
vt 0.875416 0.498526
v -0.550011 0.799612 0.456447
vt 0.008398 0.434953
v -0.522336 0.821745 0.463174
vt 0.008712 0.427967
v -0.545175 0.797462 0.451951
vt 0.009719 0.434718
v -0.311771 -0.815354 0.461203
vt 0.132963 0.984759
v -0.302609 -0.822352 0.487258
vt 0.131096 0.979702
v -0.312348 -0.825648 0.497825
vt 0.132963 0.977693
v -0.463234 -0.847461 0.530809
vt 0.943302 0.960723
v -0.473407 -0.842363 0.508716
vt 0.943302 0.965434
v -0.465757 -0.856452 0.513587
vt 0.940743 0.963279
v -0.735699 -0.667778 0.563331
vt 0.744615 0.602652
v -0.755299 -0.654750 0.577366
vt 0.747733 0.606888
v -0.765703 -0.633195 0.565418
vt 0.745201 0.611499
v -0.486701 -0.851949 0.522609
vt 0.963472 0.532772
v -0.477610 -0.853491 0.535310
vt 0.960575 0.533633
v -0.475623 -0.844640 0.558131
vt 0.956360 0.531715
v -0.513337 -0.770381 0.514833
vt 0.644080 0.977693
v -0.520103 -0.757881 0.514777
vt 0.643949 0.980283
v -0.512689 -0.759097 0.510337
vt 0.642618 0.979223
v -0.601192 -0.717556 0.521909
vt 0.729564 0.577330
v -0.549157 -0.770552 0.520840
vt 0.728492 0.562823
v -0.573428 -0.747532 0.523228
vt 0.729418 0.569324
v -0.523284 -0.822114 0.537972
vt 0.339422 0.562538
v -0.525302 -0.820310 0.549902
vt 0.338473 0.564781
v -0.558162 -0.803634 0.560989
vt 0.330927 0.565582
v -0.739044 -0.187579 0.978787
vt 0.294446 0.800084
v -0.721089 -0.147896 1.009566
vt 0.289678 0.790888
v -0.706017 -0.130062 0.993912
vt 0.293255 0.786890
v -0.471828 -0.801332 0.626499
vt 0.876913 0.684537
v -0.461985 -0.801876 0.621122
vt 0.877708 0.686550
v -0.465467 -0.794104 0.638768
vt 0.874119 0.685535
v -0.456965 -0.800388 0.622147
vt 0.877327 0.687503
v -0.459045 -0.809842 0.605606
vt 0.880995 0.687390
v -0.456312 -0.858785 0.529780
vt 0.893926 0.916987
v -0.447972 -0.856660 0.548818
vt 0.890383 0.918970
v -0.444340 -0.850569 0.570299
vt 0.886082 0.919871
v -0.478477 -0.841816 0.509010
vt 0.827895 0.964899
v -0.493543 -0.846892 0.500934
vt 0.536536 0.981470
v -0.485551 -0.847615 0.507842
vt 0.535611 0.979681
v -0.485579 -0.851993 0.518540
vt 0.536536 0.977693
v -0.528325 -0.801920 0.519056
vt 0.834191 0.496334
v -0.520472 -0.793677 0.514770
vt 0.836492 0.496636
v -0.511274 -0.802210 0.509797
vt 0.836341 0.499162
v -0.631954 -0.587014 0.859537
vt 0.284076 0.619574
v -0.622666 -0.596861 0.857267
vt 0.286758 0.619555
v -0.610250 -0.607049 0.879089
vt 0.289129 0.624368
v -0.363543 0.823339 0.626729
vt 0.101053 0.959600
v -0.355291 0.841377 0.587427
vt 0.101053 0.968105
v -0.358255 0.843412 0.580684
vt 0.100204 0.969324
v -0.513337 -0.770381 0.514833
vt 0.979450 0.033362
v -0.512689 -0.759097 0.510337
vt 0.978227 0.031306
v -0.505581 -0.778821 0.510258
vt 0.981831 0.033314
v -0.507270 -0.769150 0.504002
vt 0.980802 0.031306
v -0.525575 -0.746571 0.510078
vt 0.992842 0.093128
v -0.531675 -0.745074 0.513678
vt 0.991481 0.092787
v -0.520655 -0.749777 0.502751
vt 0.994627 0.092787
v -0.520655 -0.749777 0.502751
vt 0.721644 0.561717
v -0.531675 -0.745074 0.513678
vt 0.724075 0.563686
v -0.532776 -0.740750 0.508727
vt 0.723061 0.564528
v -0.510096 -0.822448 0.555089
vt 0.340970 0.566387
v -0.543229 -0.805101 0.583272
vt 0.332701 0.570516
v -0.465832 -0.786941 0.651716
vt 0.871296 0.685242
v -0.441364 -0.821435 0.622976
vt 0.931243 0.521789
v -0.444023 -0.838475 0.595866
vt 0.937420 0.521589
v -0.440812 -0.832059 0.606888
vt 0.934953 0.522058
v -0.445439 -0.854649 0.534763
vt 0.962958 0.410829
v -0.456312 -0.858785 0.529780
vt 0.964680 0.409074
v -0.453160 -0.855402 0.520941
vt 0.965994 0.410455
v -0.478477 -0.841816 0.509010
vt 0.332731 0.934545
v -0.485551 -0.847615 0.507842
vt 0.334477 0.934852
v -0.482577 -0.835667 0.498139
vt 0.332490 0.937056
v -0.498890 -0.841277 0.490545
vt 0.335422 0.939178
v -0.493543 -0.846892 0.500934
vt 0.967996 0.532361
v -0.485579 -0.851993 0.518540
vt 0.964173 0.533171
v -0.496655 -0.846473 0.503210
vt 0.967745 0.531715
v -0.501783 -0.833855 0.505200
vt 0.061872 0.977693
v -0.516508 -0.822303 0.518700
vt 0.065435 0.980321
v -0.509427 -0.817088 0.503403
vt 0.062125 0.981214
v -0.514608 -0.815206 0.512068
vt 0.064067 0.981672
v -0.511274 -0.802210 0.509797
vt 0.982812 0.343067
v -0.505581 -0.778821 0.510258
vt 0.978227 0.343067
v -0.505286 -0.785139 0.504012
vt 0.979307 0.341877
v -0.507270 -0.769150 0.504002
vt 0.868456 0.983155
v -0.512689 -0.759097 0.510337
vt 0.867135 0.981166
v -0.520655 -0.749777 0.502751
vt 0.868567 0.978843
v -0.244229 -0.248240 1.552583
vt 0.786332 0.550892
v -0.287777 -0.236252 1.529068
vt 0.795039 0.547034
v -0.264382 -0.290012 1.544471
vt 0.790858 0.558073
v -0.838772 -0.462500 0.439362
vt 0.764236 0.583117
v -0.862213 -0.410832 0.440052
vt 0.765688 0.594246
v -0.864484 -0.402145 0.416239
vt 0.761554 0.596210
v -0.347933 -0.746888 0.382082
vt 0.664221 0.651320
v -0.356221 -0.774405 0.408988
vt 0.657732 0.655047
v -0.366150 -0.739724 0.382415
vt 0.662683 0.647928
v -0.418730 -0.824034 0.588142
vt 0.940658 0.218180
v -0.426321 -0.820635 0.599895
vt 0.938180 0.216948
v -0.421395 -0.832595 0.565444
vt 0.945125 0.217194
v -0.429139 -0.834401 0.575392
vt 0.943490 0.215664
v -0.429139 -0.834401 0.575392
vt 0.961844 0.708028
v -0.444340 -0.850569 0.570299
vt 0.964306 0.704352
v -0.429002 -0.841260 0.548740
vt 0.967154 0.708791
v -0.429002 -0.841260 0.548740
vt 0.959028 0.413509
v -0.447972 -0.856660 0.548818
vt 0.960628 0.409278
v -0.482577 -0.835667 0.498139
vt 0.827113 0.967392
v -0.498890 -0.841277 0.490545
vt 0.373318 0.089568
v -0.493543 -0.846892 0.500934
vt 0.374822 0.087741
v -0.496655 -0.846473 0.503210
vt 0.375450 0.088158
v -0.870555 0.083640 0.480866
vt 0.006806 0.094454
v -0.869409 0.092093 0.487338
vt 0.005592 0.092838
v -0.865095 0.124329 0.487881
vt 0.005735 0.086802
v -0.501783 -0.833855 0.505200
vt 0.892507 0.501996
v -0.509427 -0.817088 0.503403
vt 0.893024 0.498350
v -0.507990 -0.824053 0.498882
vt 0.893822 0.499735
v -0.509731 -0.800948 0.502536
vt 0.982463 0.341645
v -0.505286 -0.785139 0.504012
vt 0.978227 0.923320
v -0.507270 -0.769150 0.504002
vt 0.980999 0.921884
v -0.514120 -0.770859 0.499474
vt 0.981615 0.923320
v -0.473482 -0.831318 0.582177
vt 0.637105 0.962612
v -0.477662 -0.839769 0.564298
vt 0.638051 0.966242
v -0.475623 -0.844640 0.558131
vt 0.637615 0.967745
v -0.546024 -0.735215 0.514236
vt 0.724736 0.567068
v -0.558016 -0.724914 0.507469
vt 0.723959 0.570339
v 0.787506 -0.234990 0.345193
vt 0.056375 0.668809
v 0.804251 -0.213722 0.338307
vt 0.051551 0.671314
v 0.790764 -0.212341 0.346133
vt 0.051993 0.668482
v -0.495078 -0.778006 0.652480
vt 0.919518 0.838486
v -0.480073 -0.788150 0.632340
vt 0.923647 0.841753
v -0.473039 -0.779142 0.659015
vt 0.918368 0.842421
v -0.419436 -0.839486 0.532602
vt 0.992308 0.102238
v -0.417153 -0.835839 0.538496
vt 0.991481 0.101128
v -0.432183 -0.841052 0.535594
vt 0.994572 0.101128
v -0.429002 -0.841260 0.548740
vt 0.087760 0.977693
v -0.445439 -0.854649 0.534763
vt 0.087760 0.982496
v -0.432183 -0.841052 0.535594
vt 0.085819 0.979424
v -0.514171 -0.810215 0.499034
vt 0.893985 0.496742
v -0.611617 -0.691591 0.506462
vt 0.420940 0.942329
v -0.609520 -0.693735 0.512342
vt 0.422044 0.941739
v -0.625455 -0.682164 0.511663
vt 0.422008 0.945523
v -0.561001 -0.802219 0.576105
vt 0.725472 0.983379
v -0.573493 -0.790155 0.599546
vt 0.725472 0.977732
v -0.586192 -0.796143 0.587563
vt 0.728693 0.978983
v -0.682635 -0.618035 1.021543
vt 0.287062 0.977693
v -0.711164 -0.595569 1.015517
vt 0.287062 0.984589
v -0.694587 -0.610583 1.016993
vt 0.286544 0.980465
v -0.623714 -0.601780 1.160823
vt 0.981007 0.323185
v -0.625934 -0.598886 1.159658
vt 0.980421 0.322734
v -0.614822 -0.604529 1.157323
vt 0.982870 0.322734
v -0.634339 -0.592346 1.164882
vt 0.978227 0.323031
v -0.135645 0.500749 1.508513
vt 0.411441 0.504678
v -0.140534 0.543385 1.467575
vt 0.403239 0.496601
v -0.181162 0.516111 1.492365
vt 0.413291 0.495372
v -0.611728 -0.645486 1.160178
vt 0.887022 0.887109
v -0.642730 -0.630389 1.172691
vt 0.879835 0.887204
v -0.601308 -0.644410 1.153482
vt 0.889116 0.885944
v -0.580440 -0.626129 1.141973
vt 0.736004 0.027363
v -0.574553 -0.624259 1.138839
vt 0.734711 0.027349
v -0.566613 -0.628113 1.134335
vt 0.733351 0.026128
v -0.644915 -0.581860 1.169650
vt 0.991482 0.602821
v -0.649180 -0.578569 1.171823
vt 0.992283 0.602009
v -0.652852 -0.579307 1.166398
vt 0.993189 0.602821
v -0.652852 -0.579307 1.166398
vt 0.992746 0.675813
v -0.649180 -0.578569 1.171823
vt 0.991482 0.675813
v -0.651628 -0.572913 1.172737
vt 0.991501 0.674637
v -0.555807 -0.636506 1.057037
vt 0.991482 0.464708
v -0.577023 -0.630634 1.052053
vt 0.993591 0.465292
v -0.559248 -0.636164 1.054845
vt 0.991482 0.465292
v -0.451347 -0.164288 0.124728
vt 0.546113 0.416453
v -0.460486 -0.137457 0.128083
vt 0.547396 0.421908
v -0.458941 -0.131981 0.120705
vt 0.545947 0.423011
v -0.677543 -0.607319 1.186950
vt 0.871283 0.886595
v -0.662630 -0.619632 1.182643
vt 0.875024 0.887429
v -0.680138 -0.607040 1.191147
vt 0.870567 0.887207
v -0.600302 -0.650333 1.155474
vt 0.889621 0.886972
v -0.539914 -0.640650 1.060246
vt 0.991482 0.548356
v -0.555807 -0.636506 1.057037
vt 0.993281 0.547859
v -0.559248 -0.636164 1.054845
vt 0.993418 0.548356
v -0.579388 -0.654734 1.047470
vt 0.903857 0.271978
v -0.628054 -0.641504 1.035711
vt 0.894780 0.267694
v -0.606965 -0.648693 1.038984
vt 0.898893 0.269170
v -0.702166 -0.113199 1.197234
vt 0.207261 0.984722
v -0.706810 -0.119913 1.195212
vt 0.206617 0.983218
v -0.725669 -0.140921 1.203149
vt 0.207261 0.977693
v -0.412346 -0.281700 0.139954
vt 0.545762 0.392130
v -0.404734 -0.301235 0.140283
vt 0.545218 0.388072
v -0.400523 -0.313070 0.141700
vt 0.545136 0.385611
v -0.647492 -0.636073 1.028677
vt 0.891161 0.265758
v -0.627845 -0.643017 1.033741
vt 0.895001 0.267311
v -0.628054 -0.641504 1.035711
vt 0.897074 0.674850
v -0.610020 -0.620796 1.043022
vt 0.894417 0.670274
v -0.618222 -0.616544 1.041908
vt 0.896161 0.669764
v -0.610020 -0.620796 1.043022
vt 0.981400 0.150429
v -0.610367 -0.619655 1.044115
vt 0.981509 0.150146
v -0.618222 -0.616544 1.041908
vt 0.983212 0.150203
v -0.659811 -0.566754 1.175599
vt 0.993995 0.311472
v -0.661842 -0.563208 1.177136
vt 0.993159 0.311700
v -0.668721 -0.558477 1.179636
vt 0.991481 0.311472
v -0.544105 -0.175681 0.172685
vt 0.702147 0.051015
v -0.619351 -0.031134 0.194410
vt 0.715512 0.080362
v -0.466311 -0.116837 0.128443
vt 0.685126 0.061761
v -0.093898 -0.682250 0.234815
vt 0.510083 0.935585
v -0.101880 -0.676863 0.229529
vt 0.509330 0.937566
v -0.081676 -0.696312 0.235491
vt 0.509588 0.932171
v -0.337106 0.000338 1.247538
vt 0.957893 0.584128
v -0.358323 -0.004357 1.198748
vt 0.967853 0.584366
v -0.333452 -0.000295 1.254950
vt 0.956360 0.584366
v -0.647293 0.587467 1.165921
vt 0.993451 0.529788
v -0.648993 0.590119 1.167881
vt 0.993451 0.530489
v -0.640913 0.595611 1.164289
vt 0.991482 0.529974
v -0.382126 0.831885 0.580875
vt 0.932230 0.275919
v -0.393023 0.850182 0.565925
vt 0.935384 0.279481
v -0.395108 0.837031 0.606523
vt 0.927418 0.278996
v -0.423963 0.804781 0.629144
vt 0.956360 0.381171
v -0.418194 0.822170 0.599715
vt 0.962959 0.381571
v -0.426126 0.808525 0.621343
vt 0.957871 0.381960
v -0.666327 -0.627719 1.024942
vt 0.404459 0.977693
v -0.682635 -0.618035 1.021543
vt 0.404673 0.981405
v -0.694587 -0.610583 1.016993
vt 0.404459 0.984255
v -0.846365 0.270798 0.491492
vt 0.006161 0.059450
v -0.838140 0.315726 0.493754
vt 0.006050 0.050824
v -0.845817 0.273863 0.485869
vt 0.007296 0.058891
v -0.694996 -0.531069 1.188821
vt 0.179044 0.872886
v -0.688391 -0.540307 1.185197
vt 0.179131 0.875108
v -0.685050 -0.543482 1.185791
vt 0.178757 0.875923
v -0.654013 -0.096640 1.241053
vt 0.815903 0.821407
v -0.670736 -0.120607 1.252475
vt 0.811083 0.824799
v -0.645995 -0.093409 1.243434
vt 0.816039 0.819684
v -0.658179 0.381730 0.318472
vt 0.046773 0.541248
v -0.608964 0.442713 0.321589
vt 0.061761 0.541584
v -0.559924 0.473148 0.312053
vt 0.072275 0.545968
v -0.745019 -0.500900 0.953117
vt 0.048271 0.819269
v -0.751667 -0.491926 0.963735
vt 0.046131 0.817164
v -0.766582 -0.452236 0.966859
vt 0.045491 0.808890
v -0.664125 0.705142 0.636348
vt 0.450675 0.594566
v -0.661768 0.715537 0.629040
vt 0.450286 0.596916
v -0.696798 0.678792 0.630134
vt 0.444769 0.589738
v -0.714219 0.300954 0.913148
vt 0.728752 0.816206
v -0.748921 0.304608 0.926597
vt 0.735906 0.816719
v -0.714837 0.378150 0.894240
vt 0.728743 0.831612
v -0.296398 0.036730 1.391117
vt 0.032859 0.922835
v -0.252770 0.033037 1.411628
vt 0.028061 0.914856
v -0.270934 0.052632 1.431924
vt 0.033987 0.913841
v -0.669771 -0.742806 0.576869
vt 0.746244 0.582890
v -0.710231 -0.706845 0.582812
vt 0.748274 0.593369
v -0.690849 -0.719035 0.568369
vt 0.745051 0.589283
v -0.434032 -0.648360 1.093423
vt 0.980842 0.129016
v -0.439272 -0.643016 1.103513
vt 0.978950 0.130549
v -0.445905 -0.642686 1.097115
vt 0.978227 0.129016
v -0.439272 -0.643016 1.103513
vt 0.111999 0.950698
v -0.452044 -0.643275 1.107526
vt 0.111592 0.948217
v -0.445905 -0.642686 1.097115
vt 0.113455 0.949702
v -0.478071 -0.643931 1.108486
vt 0.112185 0.943371
v -0.129984 -0.194891 1.557991
vt 0.683045 0.207306
v -0.185007 -0.172215 1.549862
vt 0.672790 0.201639
v -0.176040 -0.204398 1.560925
vt 0.678942 0.199012
v -0.431896 -0.670864 1.080951
vt 0.016395 0.945390
v -0.464707 -0.667012 1.080232
vt 0.015378 0.939267
v -0.501803 -0.667856 1.068764
vt 0.016530 0.932171
v -0.633649 0.683879 0.499372
vt 0.934200 0.187441
v -0.660321 0.654050 0.504115
vt 0.926791 0.186185
v -0.631279 0.680874 0.501847
vt 0.934280 0.186605
v -0.750565 0.272048 1.036645
vt 0.006380 0.240451
v -0.757621 0.295328 1.035273
vt 0.004163 0.236707
v -0.758032 0.222948 1.029979
vt 0.014286 0.244871
v -0.729574 -0.555266 1.211841
vt 0.264421 0.968937
v -0.744729 -0.529200 1.223339
vt 0.263148 0.963123
v -0.748089 -0.525424 1.217744
vt 0.264421 0.962402
v -0.432419 -0.008302 1.115187
vt 0.778284 0.962559
v -0.440063 -0.015534 1.118886
vt 0.776308 0.961791
v -0.431286 -0.009993 1.124149
vt 0.778143 0.960745
v -0.430130 -0.652656 1.098688
vt 0.981639 0.130266
v -0.424293 -0.656643 1.094124
vt 0.983194 0.129773
v -0.499510 -0.666245 1.070550
vt 0.906768 0.939054
v -0.535848 -0.664049 1.058721
vt 0.906810 0.946348
v -0.501803 -0.667856 1.068764
vt 0.906386 0.939558
v -0.707582 -0.599277 1.012385
vt 0.324467 0.962922
v -0.694587 -0.610583 1.016993
vt 0.325134 0.959600
v -0.711164 -0.595569 1.015517
vt 0.325134 0.963855
v -0.706144 -0.516231 1.192617
vt 0.179313 0.869357
v -0.713393 -0.512276 1.195017
vt 0.179374 0.867686
v -0.715019 -0.511621 1.189784
vt 0.180455 0.867684
v -0.717104 -0.504514 1.196207
vt 0.179540 0.866208
v -0.567781 -0.583839 1.254571
vt 0.191121 0.817004
v -0.629889 -0.608046 1.236731
vt 0.188617 0.829810
v -0.608255 -0.623857 1.227364
vt 0.184163 0.826892
v -0.218521 0.825949 0.470976
vt 0.891936 0.632868
v -0.238262 0.832445 0.487171
vt 0.890082 0.637559
v -0.209478 0.830484 0.493746
vt 0.887264 0.632813
v -0.439272 -0.643016 1.103513
vt 0.709685 0.015429
v -0.430130 -0.652656 1.098688
vt 0.708447 0.013042
v -0.440285 -0.666444 1.105749
vt 0.711368 0.011076
v -0.424293 -0.656643 1.094124
vt 0.134324 0.961138
v -0.434032 -0.648360 1.093423
vt 0.135786 0.963094
v -0.464707 -0.667012 1.080232
vt 0.131806 0.969174
v -0.464707 -0.667012 1.080232
vt 0.906810 0.932171
v 0.627900 -0.532221 0.297607
vt 0.303591 0.980202
v 0.638194 -0.525195 0.304750
vt 0.304460 0.977693
v 0.609662 -0.547426 0.296998
vt 0.304460 0.984545
v -0.426440 0.852379 0.498197
vt 0.484802 0.942622
v -0.414465 0.852505 0.517880
vt 0.485242 0.938120
v -0.422559 0.848379 0.495918
vt 0.485897 0.942673
v -0.407600 -0.280884 1.400200
vt 0.938633 0.932171
v -0.404349 -0.352912 1.402681
vt 0.938633 0.945977
v -0.391744 -0.320821 1.411608
vt 0.935371 0.940165
v -0.432672 0.012458 1.111251
vt 0.013137 0.808661
v -0.432520 0.019215 1.122951
vt 0.010906 0.807562
v -0.452384 0.017875 1.093567
vt 0.017271 0.805488
v -0.405435 0.811728 0.645720
vt 0.494283 0.626722
v -0.426914 0.797665 0.643988
vt 0.490606 0.623596
v -0.409097 0.792137 0.674665
vt 0.496622 0.620310
v -0.453677 -0.817837 0.451831
vt 0.355692 0.943934
v -0.451083 -0.806569 0.443982
vt 0.354260 0.946087
v -0.440944 -0.829756 0.463467
vt 0.354520 0.940148
v -0.310343 0.830518 0.523013
vt 0.585948 0.771978
v -0.306582 0.829985 0.564826
vt 0.583172 0.779628
v -0.296790 0.831022 0.528750
vt 0.583210 0.772361
v -0.464179 -0.670252 1.111571
vt 0.963476 0.486634
v -0.440285 -0.666444 1.105749
vt 0.968205 0.486252
v -0.455469 -0.671496 1.114021
vt 0.965005 0.487490
v -0.455469 -0.671496 1.114021
vt 0.457427 0.959600
v -0.440285 -0.666444 1.105749
vt 0.458271 0.962805
v -0.435547 -0.670284 1.106842
vt 0.457311 0.963559
v -0.413054 -0.669974 1.096457
vt 0.457311 0.968312
v -0.420678 -0.660739 1.094789
vt 0.459279 0.966999
v -0.430130 -0.652656 1.098688
vt 0.991482 0.338745
v -0.424293 -0.656643 1.094124
vt 0.992994 0.338291
v -0.420678 -0.660739 1.094789
vt 0.993958 0.338745
v -0.415799 -0.668788 1.090200
vt 0.015013 0.948522
v -0.791132 -0.445041 1.007541
vt 0.036557 0.805988
v -0.793533 -0.432002 1.005599
vt 0.037076 0.803420
v -0.785450 -0.472727 1.005460
vt 0.036578 0.811508
v -0.281979 0.229704 1.529448
vt 0.792917 0.153942
v -0.276569 0.292330 1.535780
vt 0.794073 0.141890
v -0.308283 0.272358 1.514095
vt 0.800367 0.146911
v -0.705295 -0.216694 0.937506
vt 0.965846 0.592366
v -0.705159 -0.238438 0.926210
vt 0.961649 0.593948
v -0.709271 -0.252578 0.926632
vt 0.959101 0.593213
v -0.706058 -0.549991 1.029451
vt 0.872260 0.271328
v -0.718077 -0.539893 1.028718
vt 0.869235 0.271390
v -0.717047 -0.542239 1.027089
vt 0.869676 0.271014
v 0.277480 -0.852976 0.637338
vt 0.248898 0.692971
v 0.295180 -0.850030 0.574341
vt 0.245136 0.705176
v 0.296951 -0.846420 0.655391
vt 0.244982 0.689331
v -0.379298 -0.484796 1.364367
vt 0.967532 0.640162
v -0.374458 -0.473868 1.376488
vt 0.964814 0.641960
v -0.388153 -0.432051 1.389809
vt 0.956360 0.640162
v -0.755216 -0.511964 1.221553
vt 0.692307 0.964629
v -0.764755 -0.487794 1.224212
vt 0.692307 0.959600
v -0.759583 -0.491911 1.219984
vt 0.693224 0.960768
v -0.360154 -0.835749 0.479949
vt 0.896536 0.321146
v -0.355827 -0.844365 0.508821
vt 0.891101 0.323111
v -0.360369 -0.844585 0.545112
vt 0.884059 0.322815
v -0.212880 0.620599 0.154376
vt 0.633398 0.025469
v -0.199836 0.610695 0.183993
vt 0.627462 0.025343
v -0.184782 0.627327 0.193926
vt 0.625947 0.020908
v -0.648642 0.063478 1.005324
vt 0.614128 0.881121
v -0.609293 0.031648 1.024444
vt 0.616632 0.870890
v -0.618915 0.042120 1.024276
vt 0.616961 0.873582
v -0.181465 0.817045 0.414804
vt 0.569294 0.745281
v -0.175799 0.828545 0.443523
vt 0.566146 0.750271
v -0.159808 0.832155 0.441844
vt 0.563171 0.749112
v -0.206717 -0.828156 0.506857
vt 0.542604 0.900458
v -0.214830 -0.825493 0.483774
vt 0.543679 0.905171
v -0.208964 -0.833887 0.479775
vt 0.541713 0.905787
v -0.881208 0.352319 0.409708
vt 0.379505 0.005355
v -0.870976 0.386551 0.441721
vt 0.372235 0.011127
v -0.863906 0.409344 0.424658
vt 0.367852 0.007450
v -0.435547 -0.670284 1.106842
vt 0.282309 0.963540
v -0.413054 -0.669974 1.096457
vt 0.283341 0.967966
v -0.407206 -0.673258 1.103800
vt 0.281621 0.968889
v -0.407206 -0.673258 1.103800
vt 0.960176 0.977892
v -0.413054 -0.669974 1.096457
vt 0.959324 0.979630
v -0.398989 -0.674703 1.087133
vt 0.956673 0.977693
v -0.717047 -0.542239 1.027089
vt 0.691953 0.983574
v -0.718077 -0.539893 1.028718
vt 0.691616 0.983136
v -0.735183 -0.516406 1.026729
vt 0.691953 0.977693
v -0.741902 -0.503868 1.026657
vt 0.587103 0.870130
v -0.749161 -0.496185 1.033747
vt 0.588889 0.871879
v -0.748707 -0.485380 1.026581
vt 0.587442 0.873987
v -0.754454 0.445962 1.171378
vt 0.094950 0.870151
v -0.738025 0.456920 1.196144
vt 0.089086 0.868064
v -0.733533 0.472938 1.197538
vt 0.088203 0.865099
v -0.716239 -0.504173 1.274284
vt 0.213328 0.840675
v -0.702234 -0.507880 1.278731
vt 0.212370 0.837931
v -0.724489 -0.479122 1.280295
vt 0.218446 0.841258
v -0.739237 -0.452001 1.202276
vt 0.672886 0.937404
v -0.737490 -0.453485 1.200264
vt 0.672396 0.937080
v -0.729343 -0.477800 1.199841
vt 0.671769 0.932171
v -0.511274 -0.802210 0.509797
vt 0.063267 0.984018
v 0.167420 -0.688045 1.139854
vt 0.609107 0.206663
v 0.122768 -0.683344 1.160282
vt 0.605352 0.215571
v 0.126044 -0.701414 1.126757
vt 0.600800 0.209677
v -0.446697 -0.775005 0.430755
vt 0.645073 0.643907
v -0.437219 -0.775343 0.425988
vt 0.646771 0.645019
v -0.432460 -0.789308 0.440622
vt 0.644234 0.648159
v -0.769440 -0.440596 1.138041
vt 0.681161 0.895999
v -0.764883 -0.424887 1.154193
vt 0.678026 0.892806
v -0.773986 -0.417177 1.121117
vt 0.684078 0.891641
v -0.499015 0.839660 0.505312
vt 0.939649 0.199986
v -0.506181 0.830827 0.496960
vt 0.941563 0.201941
v -0.517130 0.828648 0.525601
vt 0.936263 0.204010
v -0.415799 -0.668788 1.090200
vt 0.958398 0.980612
v -0.420678 -0.660739 1.094789
vt 0.959896 0.981812
v -0.471093 0.780700 0.424509
vt 0.129011 0.516589
v -0.461316 0.805133 0.437174
vt 0.134037 0.513989
v -0.460368 0.800032 0.431765
vt 0.133307 0.515255
v 0.241495 0.789095 0.192261
vt 0.085624 0.788487
v 0.202460 0.802855 0.159631
vt 0.092989 0.781395
v 0.135305 0.754987 0.261339
vt 0.105713 0.802652
v -0.774850 -0.443130 1.105796
vt 0.603014 0.882636
v -0.775982 -0.417844 1.098804
vt 0.601530 0.887588
v -0.773055 -0.449380 1.078298
vt 0.598150 0.881582
v -0.589737 0.773375 0.618854
vt 0.701737 0.959600
v -0.555624 0.794346 0.604246
vt 0.701737 0.967601
v -0.566523 0.787590 0.606093
vt 0.701224 0.965230
v 0.585814 0.665998 0.435572
vt 0.085399 0.946154
v 0.603895 0.647901 0.466225
vt 0.090972 0.940915
v 0.604888 0.630610 0.420092
vt 0.092095 0.950816
v 0.388453 0.157313 1.317804
vt 0.392232 0.318758
v 0.329555 0.187741 1.357847
vt 0.406228 0.316937
v 0.389378 0.076875 1.315242
vt 0.388824 0.333333
v -0.409692 0.833017 0.501911
vt 0.963893 0.302588
v -0.401772 0.834504 0.494220
vt 0.964938 0.300710
v -0.412423 0.826857 0.476610
vt 0.968873 0.302158
v -0.409272 -0.835405 0.561069
vt 0.886975 0.750610
v -0.414173 -0.831882 0.563785
vt 0.886204 0.749582
v -0.417153 -0.835839 0.538496
vt 0.891043 0.748451
v -0.429002 -0.841260 0.548740
vt 0.758868 0.964747
v -0.432183 -0.841052 0.535594
vt 0.759086 0.967347
v -0.417153 -0.835839 0.538496
vt 0.756112 0.966383
v -0.419436 -0.839486 0.532602
vt 0.030645 0.977693
v -0.438849 -0.838477 0.522174
vt 0.031930 0.981772
v -0.434128 -0.837357 0.520534
vt 0.031034 0.981357
v -0.464579 -0.815664 0.478818
vt 0.981443 0.269287
v -0.457089 -0.824432 0.491604
vt 0.978227 0.268492
v -0.469208 -0.816083 0.479681
vt 0.981860 0.268492
v -0.480109 -0.839793 0.481432
vt 0.805219 0.936685
v -0.473174 -0.849725 0.496314
vt 0.805959 0.933146
v -0.495540 -0.822494 0.469724
vt 0.806386 0.941486
v -0.489213 -0.828716 0.487691
vt 0.807948 0.937919
v -0.492536 -0.824208 0.483486
vt 0.808011 0.939226
v -0.489213 -0.828716 0.487691
vt 0.992458 0.383376
v -0.487749 -0.831717 0.491682
vt 0.991482 0.383226
v -0.492536 -0.824208 0.483486
vt 0.993787 0.383226
v -0.509731 -0.800948 0.502536
vt 0.892529 0.495247
v -0.584119 -0.709858 0.506868
vt 0.420880 0.935986
v -0.594912 -0.704365 0.513542
vt 0.422187 0.938265
v -0.626096 -0.681628 0.505747
vt 0.420880 0.945709
v -0.639546 -0.670351 0.507098
vt 0.421241 0.949058
v -0.625455 -0.682164 0.511663
vt 0.727570 0.585734
v -0.652709 -0.665732 0.516340
vt 0.729577 0.591773
v -0.639546 -0.670351 0.507098
vt 0.727233 0.589456
v -0.374458 -0.473868 1.376488
vt 0.209948 0.771871
v -0.379298 -0.484796 1.364367
vt 0.207384 0.773786
v -0.364252 -0.501801 1.362644
vt 0.203638 0.771537
v -0.633104 -0.591776 0.827240
vt 0.285570 0.613249
v -0.638625 -0.579685 0.834958
vt 0.283046 0.614460
v -0.647829 -0.564910 0.851706
vt 0.279309 0.617278
v -0.652433 -0.554060 0.829467
vt 0.278131 0.612674
v -0.676168 -0.528045 0.876695
vt 0.066609 0.828494
v -0.680721 -0.494315 0.864345
vt 0.069360 0.821984
v -0.672512 -0.506041 0.854335
vt 0.071447 0.824685
v -0.691847 -0.483005 0.876014
vt 0.066721 0.819196
v -0.471106 -0.785309 0.443946
vt 0.188906 0.984660
v -0.467845 -0.788277 0.436478
vt 0.187215 0.984447
v -0.465915 -0.796291 0.451595
vt 0.189238 0.982045
v -0.649220 0.761707 0.599028
vt 0.449149 0.607192
v -0.686679 0.722584 0.616410
vt 0.444824 0.597346
v -0.635389 0.763963 0.609688
vt 0.452493 0.607153
v -0.762676 -0.370757 1.144246
vt 0.890875 0.979119
v -0.757930 -0.398645 1.166609
vt 0.885642 0.982948
v -0.753070 -0.371980 1.170582
vt 0.885642 0.977693
v -0.752050 0.525486 1.216761
vt 0.926471 0.913265
v -0.737510 0.549744 1.216476
vt 0.932174 0.912048
v -0.735250 0.554571 1.209022
vt 0.933581 0.913314
v -0.392885 -0.839459 0.593605
vt 0.788430 0.959600
v -0.396695 -0.841359 0.590912
vt 0.789277 0.960078
v -0.392510 -0.845075 0.575015
vt 0.788941 0.963159
v -0.424007 -0.801407 0.635190
vt 0.930541 0.218439
v -0.427924 -0.801186 0.635368
vt 0.930367 0.217713
v -0.424342 -0.807390 0.622082
vt 0.933269 0.218043
v -0.465757 -0.856452 0.513587
vt 0.968191 0.408785
v -0.417153 -0.835839 0.538496
vt 0.294112 0.963627
v -0.419436 -0.839486 0.532602
vt 0.293425 0.964846
v -0.412024 -0.835782 0.543902
vt 0.293993 0.962177
v -0.414148 -0.849279 0.532157
vt 0.291341 0.964397
v -0.440926 -0.836099 0.517851
vt 0.031499 0.982721
v -0.446406 -0.832335 0.506787
vt 0.030645 0.985041
v -0.434128 -0.837357 0.520534
vt 0.921946 0.588402
v -0.446406 -0.832335 0.506787
vt 0.925649 0.588773
v -0.441806 -0.833391 0.499490
vt 0.925925 0.590389
v -0.441806 -0.833391 0.499490
vt 0.992986 0.638988
v -0.446406 -0.832335 0.506787
vt 0.991481 0.638353
v -0.447656 -0.828762 0.498367
vt 0.992986 0.637516
v -0.446406 -0.832335 0.506787
vt 0.978227 0.749007
v -0.453492 -0.829656 0.498295
vt 0.980385 0.749007
v -0.447656 -0.828762 0.498367
vt 0.979710 0.749913
v -0.457089 -0.824432 0.491604
vt 0.982046 0.749568
v -0.457089 -0.824432 0.491604
vt 0.991481 0.038975
v -0.464579 -0.815664 0.478818
vt 0.994699 0.038975
v -0.454748 -0.824239 0.487646
vt 0.991843 0.039777
v -0.454748 -0.824239 0.487646
vt 0.929776 0.590075
v -0.464579 -0.815664 0.478818
vt 0.932800 0.589678
v -0.455845 -0.825814 0.474772
vt 0.931455 0.591981
v -0.462205 -0.824081 0.469760
vt 0.933037 0.591936
v -0.497055 -0.818711 0.477402
vt 0.807990 0.941001
v -0.497055 -0.818711 0.477402
vt 0.979997 0.803324
v -0.492536 -0.824208 0.483486
vt 0.978227 0.803235
v -0.502760 -0.817484 0.476115
vt 0.980839 0.802571
v -0.511019 -0.834024 0.484273
vt 0.224206 0.553753
v -0.535945 -0.810449 0.475768
vt 0.223193 0.560531
v -0.528401 -0.817616 0.471203
vt 0.222103 0.558595
v -0.730971 -0.170091 1.039554
vt 0.283244 0.794775
v -0.731631 -0.166122 1.035307
vt 0.284168 0.794273
v -0.744738 -0.190769 1.033499
vt 0.283782 0.799708
v -0.524831 -0.812259 0.490353
vt 0.896691 0.496474
v -0.193683 -0.828942 0.548645
vt 0.541372 0.891973
v -0.197380 -0.831402 0.526700
vt 0.541195 0.896343
v -0.188953 -0.831091 0.548921
vt 0.540381 0.891790
v -0.479416 -0.811688 0.608833
vt 0.873115 0.499641
v 0.932834 -0.181535 0.003185
vt 0.936771 0.227656
v 0.923001 -0.217736 0.001071
vt 0.929733 0.227146
v 0.931785 -0.172686 0.000748
vt 0.938328 0.226917
v -0.569503 -0.642543 0.851367
vt 0.300654 0.620751
v -0.546633 -0.646460 0.878984
vt 0.303789 0.627048
v -0.590004 -0.625529 0.855852
vt 0.295285 0.620727
v -0.478936 -0.822955 0.594566
vt 0.884413 0.683647
v -0.473482 -0.831318 0.582177
vt 0.887235 0.684851
v -0.716239 -0.504173 1.274284
vt 0.816448 0.673493
v -0.745278 -0.506824 1.242501
vt 0.824845 0.674092
v -0.709054 -0.536646 1.257836
vt 0.817834 0.680362
v -0.412119 -0.820325 0.473905
vt 0.193064 0.947391
v -0.419650 -0.810131 0.459599
vt 0.194520 0.950674
v -0.403287 -0.827667 0.467004
vt 0.190532 0.948051
v -0.104669 0.413339 1.549919
vt 0.774375 0.174652
v -0.103882 0.449667 1.535750
vt 0.781037 0.177709
v -0.138709 0.446132 1.540115
vt 0.777341 0.183544
v -0.364828 -0.538646 1.327792
vt 0.194704 0.774762
v -0.358170 -0.530643 1.340116
vt 0.196699 0.772562
v -0.664051 -0.525340 0.848114
vt 0.072675 0.828801
v -0.784507 -0.357702 1.229339
vt 0.538723 0.937050
v -0.784923 -0.384793 1.232432
vt 0.539127 0.932171
v -0.783222 -0.330569 1.233995
vt 0.539882 0.941914
v -0.152960 0.405844 1.555256
vt 0.768802 0.182522
v -0.196379 0.365496 1.559741
vt 0.757869 0.186691
v -0.162343 0.335882 1.568696
vt 0.755475 0.178078
v -0.090505 0.847883 0.480467
vt 0.547928 0.752688
v -0.097149 0.843450 0.457179
vt 0.550561 0.748702
v -0.136771 0.831275 0.433655
vt 0.559535 0.746415
v -0.713525 0.643652 0.431448
vt 0.006177 0.478968
v -0.758765 0.583136 0.425766
vt 0.006625 0.493355
v -0.724565 0.635194 0.433076
vt 0.005390 0.481551
v -0.702017 -0.560681 1.046286
vt 0.933281 0.263511
v -0.718077 -0.539893 1.028718
vt 0.938672 0.266389
v -0.706058 -0.549991 1.029451
vt 0.935625 0.266610
v -0.408368 -0.828681 0.597173
vt 0.879938 0.751582
v -0.398102 -0.848140 0.568760
vt 0.886282 0.754030
v -0.403128 -0.848640 0.555061
vt 0.888753 0.752706
v -0.414148 -0.849279 0.532157
vt 0.892807 0.750058
v -0.411114 -0.850785 0.532575
vt 0.892863 0.750713
v -0.430195 -0.840004 0.516428
vt 0.293531 0.968610
v -0.425568 -0.848895 0.511917
vt 0.291589 0.968834
v -0.430195 -0.840004 0.516428
vt 0.921777 0.589615
v -0.457089 -0.824432 0.491604
vt 0.929549 0.589277
v -0.447656 -0.828762 0.498367
vt 0.927158 0.589587
v -0.471093 -0.811317 0.475515
vt 0.982974 0.269001
v -0.469208 -0.816083 0.479681
vt 0.932109 0.650425
v -0.475827 -0.813576 0.474891
vt 0.933661 0.650030
v -0.471093 -0.811317 0.475515
vt 0.933282 0.650915
v -0.502421 -0.812646 0.471215
vt 0.981910 0.803324
v 0.668061 0.484067 0.299937
vt 0.557199 0.018125
v 0.700815 0.433487 0.317326
vt 0.552259 0.007398
v 0.677952 0.510270 0.269172
vt 0.565083 0.019726
v -0.891128 -0.307155 0.444836
vt 0.352308 0.206870
v -0.890592 -0.296050 0.449707
vt 0.351515 0.204627
v -0.903086 -0.242898 0.443444
vt 0.354031 0.194199
v -0.793533 -0.432002 1.005599
vt 0.170622 0.897824
v -0.791132 -0.445041 1.007541
vt 0.170141 0.900374
v -0.795372 -0.406415 1.010544
vt 0.169902 0.892755
v -0.381047 -0.831977 0.565540
vt 0.766303 0.983393
v -0.377247 -0.823859 0.594385
vt 0.766303 0.977693
v -0.382770 -0.826128 0.591834
vt 0.767322 0.978429
v -0.601811 -0.219546 1.327986
vt 0.789490 0.811504
v -0.605435 -0.171510 1.304371
vt 0.798487 0.811737
v -0.637256 -0.208813 1.304457
vt 0.793730 0.818921
v -0.780149 -0.293872 1.226572
vt 0.538723 0.948801
v -0.331108 0.823370 0.477453
vt 0.203176 0.936462
v -0.331096 0.830124 0.499022
vt 0.202520 0.932171
v -0.323374 0.829756 0.463946
vt 0.205896 0.938090
v -0.501438 -0.671651 1.117419
vt 0.956360 0.486252
v -0.447857 -0.780997 0.670269
vt 0.978227 0.856747
v -0.441069 -0.794479 0.659204
vt 0.981731 0.857314
v -0.436092 -0.782217 0.676763
vt 0.978227 0.859345
v -0.672698 -0.596460 1.063042
vt 0.924080 0.260882
v -0.648448 -0.601760 1.036723
vt 0.920502 0.266838
v -0.646115 -0.611351 1.060988
vt 0.918368 0.262465
v -0.419333 -0.849764 0.516989
vt 0.895550 0.748645
v -0.429094 -0.847894 0.498408
vt 0.982360 0.581829
v -0.419333 -0.849764 0.516989
vt 0.978227 0.581829
v -0.425568 -0.848895 0.511917
vt 0.979625 0.581244
v -0.446778 -0.826992 0.477725
vt 0.794303 0.981597
v -0.443742 -0.833050 0.479415
vt 0.794059 0.980306
v -0.450225 -0.829638 0.480784
vt 0.795186 0.981208
v -0.611010 -0.610583 0.845633
vt 0.290589 0.617822
v -0.591949 -0.619503 0.876560
vt 0.293561 0.624658
v -0.467473 -0.819867 0.467854
vt 0.979350 0.545796
v -0.464579 -0.815664 0.478818
vt 0.978227 0.543875
v -0.469844 -0.810818 0.472953
vt 0.980029 0.543928
v -0.464579 -0.815664 0.478818
vt 0.978227 0.692530
v -0.471093 -0.811317 0.475515
vt 0.979741 0.692018
v -0.469844 -0.810818 0.472953
vt 0.979954 0.692530
v -0.478496 -0.804442 0.467232
vt 0.982182 0.692023
v -0.478496 -0.804442 0.467232
vt 0.935767 0.651079
v -0.478496 -0.804442 0.467232
vt 0.371682 0.961830
v -0.475827 -0.813576 0.474891
vt 0.372186 0.959600
v -0.493839 -0.798158 0.461945
vt 0.373728 0.964406
v -0.507458 -0.809410 0.459694
vt 0.807117 0.945297
v -0.494272 -0.823023 0.467035
vt 0.805816 0.941621
v -0.502421 -0.812646 0.471215
vt 0.992597 0.030975
v -0.502760 -0.817484 0.476115
vt 0.991482 0.030242
v -0.509730 -0.808602 0.469198
vt 0.994052 0.030242
v -0.553141 -0.797099 0.466672
vt 0.221799 0.564942
v -0.655941 -0.656371 0.506713
vt 0.982369 0.051330
v -0.658157 -0.655578 0.511456
vt 0.982678 0.050363
v -0.661025 -0.655721 0.503356
vt 0.983348 0.051885
v -0.661025 -0.655721 0.503356
vt 0.992981 0.648418
v -0.658157 -0.655578 0.511456
vt 0.991481 0.647845
v -0.662900 -0.649542 0.507518
vt 0.992981 0.646988
v -0.772137 -0.415972 1.065386
vt 0.595329 0.888045
v -0.768377 -0.451742 1.057342
vt 0.594106 0.881087
v -0.793511 -0.443812 0.503747
vt 0.470119 0.977693
v -0.790484 -0.445394 0.499546
vt 0.471029 0.978233
v -0.782776 -0.465284 0.503771
vt 0.470119 0.982312
v -0.455096 0.148787 0.122998
vt 0.968473 0.392273
v -0.515203 0.810013 0.506997
vt 0.979095 0.535875
v -0.524110 0.814568 0.514074
vt 0.978227 0.533881
v -0.509971 0.828052 0.505545
vt 0.982394 0.533881
v -0.775180 -0.264644 1.223365
vt 0.652080 0.977693
v -0.771524 -0.262538 1.230343
vt 0.653554 0.978279
v -0.769072 -0.234519 1.221092
vt 0.652080 0.983621
v -0.483635 0.856408 0.520867
vt 0.936040 0.196111
v -0.489230 0.844626 0.521449
vt 0.936246 0.198654
v -0.483477 0.837584 0.548272
vt 0.931065 0.200012
v -0.658091 -0.363549 1.323438
vt 0.519783 0.894118
v -0.641255 -0.390688 1.333344
vt 0.517114 0.900121
v -0.628497 -0.327978 1.339422
vt 0.512596 0.888871
v -0.845838 0.287100 0.495996
vt 0.937401 0.176264
v -0.838140 0.315726 0.493754
vt 0.942723 0.177193
v -0.846365 0.270798 0.491492
vt 0.934393 0.177111
v -0.496767 -0.789497 0.455624
vt 0.373366 0.966406
v -0.500555 -0.783043 0.448867
vt 0.373281 0.968335
v -0.491798 -0.787946 0.454184
vt 0.372312 0.966389
v -0.460705 0.665115 1.164417
vt 0.900301 0.010305
v -0.468868 0.648935 1.187961
vt 0.895537 0.007007
v -0.399939 0.663468 1.155120
vt 0.910203 0.004000
v 0.395337 0.372181 1.235412
vt 0.477532 0.147468
v 0.251135 0.322654 1.387604
vt 0.501614 0.115029
v 0.456565 0.342481 1.191325
vt 0.477729 0.162884
v -0.397342 -0.836083 0.605356
vt 0.006701 0.948733
v -0.396695 -0.841359 0.590912
vt 0.006796 0.951600
v -0.392885 -0.839459 0.593605
vt 0.006000 0.951066
v -0.411114 -0.850785 0.532575
vt 0.978227 0.515453
v -0.419333 -0.849764 0.516989
vt 0.980999 0.513628
v -0.414477 -0.848176 0.522213
vt 0.980174 0.514775
v -0.448808 -0.819350 0.473336
vt 0.794059 0.983296
v -0.467473 -0.819867 0.467854
vt 0.934265 0.591340
v -0.469375 -0.817038 0.462228
vt 0.935442 0.591741
v -0.486973 -0.794099 0.458616
vt 0.372080 0.964766
v -0.494272 -0.823023 0.467035
vt 0.938824 0.977693
v -0.507458 -0.809410 0.459694
vt 0.938824 0.981364
v -0.503800 -0.807698 0.458338
vt 0.937986 0.981191
v -0.643000 -0.583166 0.817326
vt 0.283360 0.610872
v -0.509464 -0.806144 0.465416
vt 0.994730 0.030803
v -0.507250 -0.832066 0.479206
vt 0.335216 0.942438
v -0.524650 -0.815036 0.467063
vt 0.334877 0.947381
v -0.509730 -0.808602 0.469198
vt 0.332096 0.946250
v -0.521326 -0.800827 0.460023
vt 0.332444 0.949374
v -0.524650 -0.815036 0.467063
vt 0.370378 0.097385
v -0.528401 -0.817616 0.471203
vt 0.371543 0.097440
v -0.534694 -0.807274 0.463096
vt 0.370210 0.099939
v -0.595151 0.019372 1.034209
vt 0.161551 0.363685
v -0.576730 0.022682 1.057314
vt 0.163197 0.358117
v -0.590374 0.025652 1.045087
vt 0.163245 0.361730
v -0.633613 -0.706176 0.497443
vt 0.500973 0.886477
v -0.661025 -0.655721 0.503356
vt 0.497289 0.876168
v -0.673071 -0.657103 0.497861
vt 0.499347 0.874633
v -0.369096 0.004316 1.175737
vt 0.843508 0.767508
v -0.376660 -0.002637 1.176129
vt 0.842526 0.769137
v -0.369271 -0.005354 1.182913
vt 0.841286 0.767520
v -0.518930 0.805028 0.582463
vt 0.469114 0.625100
v -0.507180 0.828492 0.547793
vt 0.467549 0.633391
v -0.531293 0.818392 0.557082
vt 0.464474 0.629003
v -0.594447 -0.765506 0.618635
vt 0.318763 0.575200
v -0.596734 -0.760818 0.627576
vt 0.317551 0.576827
v -0.602240 -0.760664 0.621133
vt 0.316878 0.575358
v -0.866502 0.130611 0.479059
vt 0.007540 0.085879
v -0.917579 -0.242234 0.593017
vt 0.112687 0.494450
v -0.910804 -0.248612 0.600458
vt 0.111344 0.492554
v -0.917140 -0.221538 0.597842
vt 0.116720 0.493447
v -0.201601 -0.799739 0.403237
vt 0.968829 0.271189
v -0.175680 -0.806984 0.404075
vt 0.965943 0.275334
v -0.184966 -0.812549 0.420430
vt 0.963844 0.272078
v -0.388989 -0.843917 0.554034
vt 0.992193 0.139811
v -0.399363 -0.851122 0.552816
vt 0.991482 0.137475
v -0.397650 -0.841541 0.540017
vt 0.994445 0.137475
v -0.850663 -0.407409 0.464662
vt 0.344194 0.226838
v -0.868479 -0.346261 0.464344
vt 0.346518 0.214562
v -0.873114 -0.359556 0.456156
vt 0.348331 0.217189
v -0.573388 0.665491 1.144469
vt 0.804056 0.462948
v -0.578665 0.651528 1.181867
vt 0.809665 0.457715
v -0.522967 0.667236 1.148349
vt 0.810485 0.470231
v -0.560625 0.018425 1.063380
vt 0.162579 0.355004
v -0.571505 0.010844 1.054993
vt 0.160809 0.357373
v -0.557032 -0.002592 1.062763
vt 0.158557 0.353941
v -0.426286 -0.785226 0.671125
vt 0.527611 0.977693
v -0.406192 -0.805268 0.654659
vt 0.527611 0.983909
v -0.405295 -0.789414 0.677044
vt 0.524095 0.980370
v -0.759534 0.269267 0.949545
vt 0.830950 0.255437
v -0.749479 0.219849 0.968415
vt 0.831739 0.245019
v -0.762384 0.251223 0.970040
vt 0.834145 0.251171
v -0.399363 -0.851122 0.552816
vt 0.991481 0.111984
v -0.403367 -0.848150 0.536689
vt 0.994108 0.110238
v -0.397650 -0.841541 0.540017
vt 0.994534 0.111984
v -0.418314 -0.830136 0.500220
vt 0.571256 0.980968
v -0.417048 -0.837816 0.516388
vt 0.571738 0.977693
v -0.423173 -0.826160 0.485693
vt 0.571738 0.983933
v -0.417048 -0.837816 0.516388
vt 0.807893 0.961028
v -0.419333 -0.849764 0.516989
vt 0.809666 0.959600
v -0.423173 -0.826160 0.485693
vt 0.809666 0.967372
v -0.429094 -0.847894 0.498408
vt 0.910682 0.962720
v -0.433206 -0.839048 0.479404
vt 0.911562 0.966582
v -0.419333 -0.849764 0.516989
vt 0.908231 0.959600
v -0.433206 -0.839048 0.479404
vt 0.354260 0.936262
v -0.429094 -0.847894 0.498408
vt 0.354749 0.932171
v -0.441949 -0.834803 0.469669
vt 0.355233 0.938754
v -0.429094 -0.847894 0.498408
vt 0.553067 0.977693
v -0.438853 -0.841834 0.488882
vt 0.554068 0.980224
v -0.441949 -0.834803 0.469669
vt 0.553067 0.983948
v -0.441949 -0.834803 0.469669
vt 0.982197 0.487457
v -0.443742 -0.833050 0.479415
vt 0.980523 0.486357
v -0.445745 -0.831407 0.469671
vt 0.982516 0.486503
v -0.446778 -0.826992 0.477725
vt 0.981178 0.485335
v -0.446778 -0.826992 0.477725
vt 0.992842 0.265435
v -0.448808 -0.819350 0.473336
vt 0.991481 0.264274
v -0.445745 -0.831407 0.469671
vt 0.994088 0.264274
v -0.454727 -0.818484 0.455772
vt 0.736693 0.981782
v -0.448808 -0.819350 0.473336
vt 0.738940 0.979186
v -0.455660 -0.812241 0.464061
vt 0.738548 0.981833
v -0.448808 -0.819350 0.473336
vt 0.978227 0.665599
v -0.457203 -0.814044 0.469140
vt 0.980060 0.664776
v -0.455660 -0.812241 0.464061
vt 0.980751 0.665599
v -0.459861 -0.806074 0.461451
vt 0.820680 0.979853
v -0.457203 -0.814044 0.469140
vt 0.820900 0.977693
v -0.464360 -0.808762 0.463078
vt 0.821715 0.979596
v -0.478532 -0.808067 0.454381
vt 0.938284 0.591236
v -0.503800 -0.807698 0.458338
vt 0.939306 0.647667
v -0.496767 -0.789497 0.455624
vt 0.940472 0.651275
v -0.493839 -0.798158 0.461945
vt 0.938570 0.650313
v -0.509730 -0.808602 0.469198
vt 0.991482 0.066134
v -0.521326 -0.800827 0.460023
vt 0.994673 0.066134
v -0.509464 -0.806144 0.465416
vt 0.992085 0.066768
v -0.441110 0.194659 0.128424
vt 0.869018 0.905758
v -0.447720 0.175793 0.123569
vt 0.872960 0.905181
v -0.450784 0.168435 0.127775
vt 0.874436 0.906146
v -0.662900 -0.649542 0.507518
vt 0.978227 0.656739
v -0.669094 -0.644704 0.510677
vt 0.979628 0.655871
v -0.669234 -0.644420 0.505886
vt 0.979836 0.656776
v -0.677220 -0.633281 0.508050
vt 0.982224 0.655871
v -0.677220 -0.633281 0.508050
vt 0.728126 0.599787
v -0.687579 -0.624193 0.511218
vt 0.728925 0.602414
v -0.683812 -0.625605 0.507885
vt 0.728147 0.601756
v -0.325332 0.821383 0.445624
vt 0.155567 0.525878
v -0.321558 0.823600 0.448800
vt 0.156502 0.525646
v -0.322370 0.812847 0.427923
vt 0.154222 0.529422
v -0.685210 -0.446096 0.839236
vt 0.074755 0.812830
v -0.680156 -0.469486 0.849762
vt 0.072672 0.817433
v -0.686309 -0.434070 0.857121
vt 0.071929 0.810404
v -0.768653 -0.376117 1.072768
vt 0.595717 0.895455
v -0.758159 -0.368632 1.031797
vt 0.587512 0.896740
v -0.757325 -0.383591 1.029975
vt 0.587336 0.893852
v -0.733605 -0.299261 1.195614
vt 0.962459 0.717383
v -0.736560 -0.331737 1.197119
vt 0.956360 0.717426
v -0.735250 -0.300613 1.198339
vt 0.962151 0.716791
v -0.524110 0.814568 0.514074
vt 0.360211 0.064389
v -0.518748 0.823802 0.516972
vt 0.358142 0.064973
v -0.509971 0.828052 0.505545
vt 0.356702 0.062680
v -0.830540 0.520404 0.616986
vt 0.271455 0.330106
v -0.825571 0.508264 0.623044
vt 0.269032 0.328994
v -0.801190 0.566939 0.619148
vt 0.280942 0.324839
v -0.374721 -0.781917 0.409321
vt 0.932216 0.631015
v -0.348092 -0.789335 0.423832
vt 0.928212 0.635605
v -0.369266 -0.802802 0.427162
vt 0.926956 0.630963
v -0.471828 -0.801332 0.626499
vt 0.869077 0.498200
v -0.482122 0.767018 0.424617
vt 0.125680 0.516396
v -0.475212 0.782887 0.436518
vt 0.129157 0.514222
v -0.746850 -0.174378 1.211523
vt 0.382418 0.964583
v -0.747555 -0.177546 1.208363
vt 0.381728 0.964074
v -0.758137 -0.197126 1.215398
vt 0.382418 0.959600
v -0.405295 -0.789414 0.677044
vt 0.006148 0.932171
v -0.406192 -0.805268 0.654659
vt 0.007013 0.937395
v -0.390343 -0.804715 0.644884
vt 0.004000 0.939281
v -0.381804 -0.816342 0.615192
vt 0.869909 0.317075
v -0.377247 -0.823859 0.594385
vt 0.874092 0.318393
v -0.371465 -0.825135 0.596420
vt 0.873726 0.319487
v -0.384235 -0.819936 0.608324
vt 0.963938 0.752094
v -0.382770 -0.826128 0.591834
vt 0.967237 0.751891
v -0.377247 -0.823859 0.594385
vt 0.966807 0.753056
v -0.397650 -0.841541 0.540017
vt 0.980234 0.961159
v -0.401170 -0.840153 0.536267
vt 0.981259 0.960933
v -0.397130 -0.839114 0.531879
vt 0.981594 0.961995
v -0.397130 -0.839114 0.531879
vt 0.991505 0.666637
v -0.401170 -0.840153 0.536267
vt 0.991481 0.665480
v -0.405516 -0.835905 0.533160
vt 0.992775 0.665480
v -0.405516 -0.835905 0.533160
vt 0.978847 0.626975
v -0.401170 -0.840153 0.536267
vt 0.978227 0.625840
v -0.410139 -0.834126 0.529936
vt 0.979693 0.627726
v -0.414477 -0.848176 0.522213
vt 0.982234 0.625840
v -0.414477 -0.848176 0.522213
vt 0.993582 0.184483
v -0.417048 -0.837816 0.516388
vt 0.994338 0.186779
v -0.410139 -0.834126 0.529936
vt 0.991481 0.186779
v -0.410139 -0.834126 0.529936
vt 0.682375 0.977693
v -0.417048 -0.837816 0.516388
vt 0.683616 0.980401
v -0.414512 -0.833011 0.518066
vt 0.682569 0.980042
v -0.418314 -0.830136 0.500220
vt 0.682375 0.983548
v -0.424108 -0.821198 0.476594
vt 0.982164 0.673599
v -0.423173 -0.826160 0.485693
vt 0.981194 0.675273
v -0.433206 -0.839048 0.479404
vt 0.978227 0.673599
v -0.445745 -0.831407 0.469671
vt 0.736856 0.977693
v -0.445745 -0.831407 0.469671
vt 0.968821 0.978442
v -0.454727 -0.818484 0.455772
vt 0.968792 0.982486
v -0.453677 -0.817837 0.451831
vt 0.968176 0.982950
v -0.459861 -0.806074 0.461451
vt 0.982220 0.665201
v -0.479816 -0.803033 0.450489
vt 0.979417 0.821465
v -0.478532 -0.808067 0.454381
vt 0.978227 0.821096
v -0.487411 -0.793641 0.445724
vt 0.981895 0.821096
v -0.486973 -0.794099 0.458616
vt 0.939853 0.588621
v -0.487411 -0.793641 0.445724
vt 0.941602 0.590428
v -0.500555 -0.783043 0.448867
vt 0.982669 0.446673
v -0.496767 -0.789497 0.455624
vt 0.981583 0.448283
v -0.511664 -0.802495 0.455474
vt 0.978227 0.446673
v -0.496767 -0.789497 0.455624
vt 0.982107 0.702288
v -0.503800 -0.807698 0.458338
vt 0.978227 0.702288
v -0.511664 -0.802495 0.455474
vt 0.978656 0.700530
v -0.511664 -0.802495 0.455474
vt 0.938403 0.982970
v -0.509464 -0.806144 0.465416
vt 0.978227 0.159289
v -0.521326 -0.800827 0.460023
vt 0.980625 0.158429
v -0.511664 -0.802495 0.455474
vt 0.979857 0.160377
v -0.698610 0.486916 0.878735
vt 0.620565 0.078138
v -0.681725 0.491210 0.857708
vt 0.615775 0.080263
v -0.699556 0.444733 0.876671
vt 0.617945 0.070602
v -0.690763 -0.616300 0.508219
vt 0.728171 0.603976
v -0.685210 -0.446096 0.839236
vt 0.064639 0.387984
v -0.686309 -0.434070 0.857121
vt 0.067812 0.386005
v -0.690507 -0.431491 0.838385
vt 0.067390 0.389272
v -0.692588 -0.454037 0.871689
vt 0.068272 0.813736
v -0.701444 -0.450911 0.881014
vt 0.065990 0.812621
v -0.696988 -0.411910 0.876778
vt 0.068274 0.805552
v -0.643000 -0.583166 0.817326
vt 0.037371 0.381085
v -0.638625 -0.579685 0.834958
vt 0.038880 0.378145
v -0.652433 -0.554060 0.829467
vt 0.043540 0.381561
v -0.521928 -0.012865 1.154861
vt 0.080203 0.906039
v -0.457371 -0.009558 1.140471
vt 0.077620 0.918290
v -0.539309 -0.019831 1.152311
vt 0.079173 0.902608
v -0.325855 -0.809298 0.432807
vt 0.924970 0.793041
v -0.322279 -0.811500 0.435888
vt 0.924245 0.793727
v -0.323710 -0.825005 0.463590
vt 0.918368 0.793636
v -0.372875 -0.832440 0.551653
vt 0.926953 0.736450
v -0.371465 -0.825135 0.596420
vt 0.918368 0.737465
v -0.381047 -0.831977 0.565540
vt 0.924247 0.735092
v -0.392987 -0.843910 0.499567
vt 0.189018 0.941090
v -0.388526 -0.847510 0.521322
vt 0.189167 0.936715
v -0.397130 -0.839114 0.531879
vt 0.191985 0.935381
v -0.388925 -0.844244 0.546128
vt 0.978227 0.961995
v -0.410139 -0.834126 0.529936
vt 0.661554 0.977693
v -0.414512 -0.833011 0.518066
vt 0.662658 0.979863
v -0.406056 -0.830251 0.499979
vt 0.661554 0.983637
v -0.453677 -0.817837 0.451831
vt 0.994612 0.084129
v -0.454727 -0.818484 0.455772
vt 0.994196 0.084787
v -0.459861 -0.806074 0.461451
vt 0.991481 0.084129
v -0.491798 -0.787946 0.454184
vt 0.941495 0.588280
v -0.519008 -0.788891 0.448833
vt 0.983115 0.160377
v -0.484632 -0.807767 0.596819
vt 0.931501 0.841582
v -0.696893 -0.609129 0.507654
vt 0.968605 0.361418
v -0.702178 -0.603684 0.509971
vt 0.967109 0.361847
v -0.702050 -0.603863 0.504654
vt 0.967188 0.360793
v 0.252481 0.832742 0.408215
vt 0.712274 0.484983
v 0.276778 0.834487 0.431119
vt 0.718591 0.485957
v 0.304599 0.813592 0.412665
vt 0.719173 0.493451
v -0.462205 -0.824081 0.469760
vt 0.957669 0.350854
v -0.457203 -0.814044 0.469140
vt 0.958630 0.352793
v -0.455845 -0.825814 0.474772
vt 0.956360 0.351728
v -0.902743 -0.266749 0.426658
vt 0.356473 0.199223
v -0.884571 -0.345119 0.432072
vt 0.353359 0.214689
v -0.161774 -0.276985 1.572418
vt 0.691971 0.192306
v -0.130093 -0.242200 1.568685
vt 0.690423 0.201449
v -0.168164 -0.239872 1.568683
vt 0.685438 0.195852
v -0.764986 -0.440137 0.936526
vt 0.051233 0.806882
v -0.771903 -0.409658 0.942599
vt 0.050499 0.800748
v -0.772922 -0.383901 0.939234
vt 0.051764 0.795871
v 0.441059 0.777569 0.672772
vt 0.776828 0.487109
v 0.430473 0.792785 0.598299
vt 0.763345 0.492880
v 0.403124 0.802505 0.663401
vt 0.770567 0.480952
v -0.377530 -0.535603 1.325669
vt 0.195668 0.777123
v -0.390789 -0.472209 1.368134
vt 0.210367 0.775341
v -0.524943 0.806298 0.489760
vt 0.391203 0.160712
v -0.541183 0.800367 0.483248
vt 0.389412 0.157569
v -0.625794 0.721427 0.489632
vt 0.390776 0.135727
v 0.324472 -0.813788 0.005588
vt 0.959132 0.541633
v 0.278701 -0.818541 0.003288
vt 0.967965 0.542130
v 0.338484 -0.809849 0.003883
vt 0.956360 0.542130
v -0.388526 -0.847510 0.521322
vt 0.254932 0.964388
v -0.392987 -0.843910 0.499567
vt 0.255148 0.968649
v -0.389127 -0.842727 0.497570
vt 0.254341 0.968973
v -0.414764 -0.827013 0.492183
vt 0.215597 0.933463
v -0.423173 -0.826160 0.485693
vt 0.216772 0.935138
v -0.412119 -0.820325 0.473905
vt 0.213922 0.936742
v -0.845348 -0.284670 0.497470
vt 0.439025 0.025514
v -0.856685 -0.217166 0.495080
vt 0.425566 0.025073
v -0.849712 -0.242643 0.492424
vt 0.430746 0.024375
v -0.456631 -0.646217 1.087387
vt 0.135882 0.967613
v -0.453677 -0.817837 0.451831
vt 0.982699 0.390645
v -0.459861 -0.806074 0.461451
vt 0.980286 0.392603
v -0.465915 -0.796291 0.451595
vt 0.978227 0.390645
v -0.493441 -0.781728 0.443710
vt 0.371682 0.968703
v -0.705322 -0.597428 0.508056
vt 0.965903 0.361476
v -0.663879 -0.668712 0.681859
vt 0.014598 0.400107
v -0.694050 -0.676298 0.635769
vt 0.011080 0.410315
v -0.666504 -0.706395 0.635270
vt 0.005173 0.405782
v -0.461875 -0.011912 1.086820
vt 0.022658 0.012513
v -0.516507 -0.022873 1.080625
vt 0.022717 0.023656
v -0.459540 -0.015426 1.093710
vt 0.021118 0.012053
v -0.451818 -0.167452 0.120195
vt 0.511345 0.410212
v -0.451347 -0.164288 0.124728
vt 0.510531 0.409575
v -0.458941 -0.131981 0.120705
vt 0.511417 0.403020
v -0.755299 -0.654750 0.577366
vt 0.281909 0.560219
v -0.748442 -0.660728 0.608101
vt 0.282599 0.566534
v -0.778571 -0.622906 0.596116
vt 0.273917 0.562770
v -0.429599 0.843928 0.550185
vt 0.685375 0.936502
v -0.421125 0.836496 0.559740
vt 0.686707 0.934125
v -0.424618 0.840721 0.529916
vt 0.687770 0.939887
v -0.680197 -0.263077 1.292395
vt 0.809232 0.276840
v -0.672979 -0.270833 1.297506
vt 0.810870 0.275519
v -0.654289 -0.203236 1.288065
vt 0.812257 0.289206
v -0.333650 -0.572643 1.300705
vt 0.185327 0.771714
v -0.365292 -0.558086 1.306871
vt 0.189801 0.776668
v -0.344833 -0.578712 1.286737
vt 0.183750 0.774800
v -0.567941 0.646261 1.211488
vt 0.878136 0.015834
v -0.497201 0.639739 1.202632
vt 0.889229 0.007719
v -0.520260 0.662659 1.190452
vt 0.888338 0.014426
v -0.522242 0.801096 0.452212
vt 0.011815 0.431029
v 0.802233 0.215551 0.338305
vt 0.446825 0.710013
v 0.785686 0.248763 0.343933
vt 0.453737 0.712199
v 0.790630 0.215985 0.345336
vt 0.447454 0.712313
v -0.424108 -0.821198 0.476594
vt 0.216240 0.937082
v -0.430888 -0.815429 0.463011
vt 0.216513 0.940206
v -0.419650 -0.810131 0.459599
vt 0.214022 0.940449
v -0.461383 -0.793761 0.435212
vt 0.961888 0.652054
v -0.453677 -0.817837 0.451831
vt 0.956360 0.650352
v -0.467845 -0.788277 0.436478
vt 0.963226 0.651117
v -0.470927 -0.794310 0.451473
vt 0.215590 0.977693
v -0.480770 -0.778340 0.439293
vt 0.216835 0.981607
v -0.471106 -0.785309 0.443946
vt 0.215261 0.979877
v -0.476682 -0.777062 0.437747
vt 0.215999 0.981895
v -0.480770 -0.778340 0.439293
vt 0.246409 0.011602
v -0.487411 -0.793641 0.445724
vt 0.247876 0.008619
v -0.493441 -0.781728 0.443710
vt 0.248959 0.010959
v -0.500555 -0.783043 0.448867
vt 0.981529 0.429600
v -0.519008 -0.788891 0.448833
vt 0.978227 0.427787
v -0.502285 -0.774007 0.441870
vt 0.982678 0.427787
v -0.554867 -0.664946 1.136974
vt 0.122777 0.982317
v -0.576339 -0.658824 1.145064
vt 0.123096 0.977693
v -0.543876 -0.667188 1.130248
vt 0.123096 0.984859
v -0.449285 -0.726768 0.402394
vt 0.651746 0.635888
v -0.436163 -0.725045 0.391695
vt 0.654854 0.636957
v -0.429689 -0.742387 0.401480
vt 0.653084 0.640568
v -0.775445 -0.624254 0.604943
vt 0.274259 0.564624
v -0.720257 -0.683715 0.622403
vt 0.018565 0.887098
v -0.680848 -0.727080 0.617038
vt 0.019305 0.898482
v -0.695440 -0.702709 0.626984
vt 0.017272 0.892998
v -0.752914 0.523489 1.220636
vt 0.925861 0.912580
v -0.627064 0.598482 0.869554
vt 0.653726 0.809510
v -0.609848 0.613081 0.853451
vt 0.650990 0.813964
v -0.632028 0.592694 0.841440
vt 0.647995 0.808552
v -0.656946 0.089573 1.177027
vt 0.882389 0.485548
v -0.673755 0.093928 1.186724
vt 0.878937 0.487247
v -0.691323 0.111721 1.188668
vt 0.874243 0.486354
v -0.611474 -0.749454 0.631158
vt 0.313776 0.576886
v -0.553732 0.762470 0.650257
vt 0.470165 0.608279
v -0.555624 0.794346 0.604246
vt 0.465146 0.617915
v -0.589737 0.773375 0.618854
vt 0.460986 0.610758
v -0.713453 -0.197702 1.267576
vt 0.800720 0.288622
v -0.710686 -0.212389 1.275075
vt 0.801728 0.285796
v -0.694142 -0.168941 1.267534
vt 0.803491 0.294760
v -0.771948 -0.243706 1.024701
vt 0.283905 0.811425
v -0.786069 -0.285033 1.021491
vt 0.283331 0.819825
v -0.774663 -0.253924 1.026618
vt 0.283244 0.813360
v 0.268492 0.819151 -0.002045
vt 0.019067 0.359326
v 0.202264 0.821542 -0.001863
vt 0.006684 0.359697
v 0.283536 0.819023 -0.000108
vt 0.021851 0.358850
v -0.793898 0.542775 0.433011
vt 0.004782 0.503246
v -0.771285 0.571186 0.427980
vt 0.005848 0.496577
v -0.793306 0.536274 0.423270
vt 0.006743 0.504358
v -0.659586 -0.447090 1.311007
vt 0.223143 0.826909
v -0.643521 -0.465791 1.314543
vt 0.219469 0.824144
v -0.630670 -0.433939 1.332435
vt 0.225647 0.819999
v -0.467845 -0.788277 0.436478
vt 0.991549 0.419894
v -0.471106 -0.785309 0.443946
vt 0.991482 0.418189
v -0.476682 -0.777062 0.437747
vt 0.993641 0.418189
v 0.242451 0.842379 0.425268
vt 0.713687 0.480994
v 0.262716 0.850248 0.467402
vt 0.722507 0.478850
v 0.638395 -0.611006 0.484343
vt 0.764912 0.761315
v 0.649396 -0.595018 0.492452
vt 0.761135 0.759760
v 0.648454 -0.598425 0.534851
vt 0.761741 0.751516
v -0.676540 -0.576402 1.246427
vt 0.196989 0.836879
v -0.647434 -0.603000 1.235082
vt 0.190190 0.832967
v -0.427413 0.007517 1.122898
vt 0.569307 0.959600
v -0.432079 0.003875 1.108441
vt 0.568972 0.962459
v -0.427499 -0.001111 1.123563
vt 0.567695 0.959862
v -0.728027 -0.150996 1.199915
vt 0.963360 0.188672
v -0.725669 -0.140921 1.203149
vt 0.961727 0.189887
v -0.706810 -0.119913 1.195212
vt 0.956360 0.188975
v -0.767479 -0.400758 1.143010
vt 0.679827 0.888267
v -0.357395 -0.834919 0.597705
vt 0.331057 0.916235
v -0.357575 -0.842384 0.574980
vt 0.327096 0.918516
v -0.354286 -0.837855 0.587543
vt 0.328975 0.916696
v -0.425408 -0.799985 0.447360
vt 0.213896 0.943708
v -0.436436 -0.808886 0.453841
vt 0.216705 0.942634
v -0.438606 -0.797170 0.445768
vt 0.216017 0.945145
v 0.384477 0.803290 0.450131
vt 0.734230 0.501850
v 0.405889 0.794937 0.462521
vt 0.738772 0.504184
v 0.391535 0.795398 0.436918
vt 0.733067 0.504860
v -0.474621 -0.769014 0.425645
vt 0.967513 0.652054
v -0.476682 -0.777062 0.437747
vt 0.965617 0.649960
v -0.769214 -0.278258 0.968721
vt 0.293772 0.818521
v -0.762854 -0.283027 0.948361
vt 0.297598 0.819286
v -0.772569 -0.318529 0.952119
vt 0.295860 0.826110
v -0.532772 0.649153 1.091992
vt 0.754261 0.880776
v -0.531524 0.649231 1.058195
vt 0.760595 0.882286
v -0.638164 0.623945 1.080409
vt 0.750808 0.901419
v 0.700815 0.433487 0.317326
vt 0.340822 0.984466
v 0.718642 0.403939 0.328419
vt 0.340822 0.977693
v 0.708145 0.424514 0.317468
vt 0.341549 0.982415
v -0.644394 0.670253 0.507700
vt 0.396518 0.064849
v -0.660321 0.654050 0.504115
vt 0.401038 0.064718
v -0.671825 0.645982 0.508359
vt 0.403606 0.065924
v -0.165732 -0.638687 0.207604
vt 0.969515 0.098429
v -0.162075 -0.650314 0.203668
vt 0.967772 0.100194
v -0.114394 -0.678439 0.217782
vt 0.956992 0.098822
v -0.772764 0.423671 1.064585
vt 0.835408 0.063244
v -0.772586 0.457705 1.070090
vt 0.836318 0.069646
v -0.767346 0.467014 1.051855
vt 0.832666 0.071601
v -0.724364 -0.567359 0.504693
vt 0.862655 0.967319
v -0.733335 -0.553363 0.506448
vt 0.862090 0.964134
v -0.733558 -0.551922 0.503412
vt 0.862655 0.963883
v -0.765605 -0.483712 1.230053
vt 0.848105 0.977693
v -0.764755 -0.487794 1.224212
vt 0.849041 0.978742
v -0.755216 -0.511964 1.221553
vt 0.848105 0.983191
v -0.075561 -0.843242 0.484443
vt 0.937190 0.088348
v -0.099409 -0.832835 0.438796
vt 0.947237 0.085386
v -0.061097 -0.845112 0.470412
vt 0.939241 0.091467
v -0.436092 -0.782217 0.676763
vt 0.921458 0.217228
v -0.426286 -0.785226 0.671125
vt 0.922986 0.218910
v -0.446860 -0.773556 0.688181
vt 0.918368 0.215664
v -0.881017 -0.416114 0.600798
vt 0.078157 0.490582
v -0.880901 -0.380644 0.611567
vt 0.085134 0.488573
v -0.899167 -0.325187 0.598573
vt 0.096210 0.492208
v -0.706810 -0.119913 1.195212
vt 0.074729 0.863920
v -0.702166 -0.113199 1.197234
vt 0.075832 0.865125
v -0.676974 -0.090801 1.187734
vt 0.077018 0.871622
v -0.483182 -0.643907 1.111240
vt 0.111795 0.942353
v -0.631489 -0.162003 1.281331
vt 0.815293 0.297938
v -0.601811 -0.219546 1.327986
vt 0.370158 0.871315
v -0.637256 -0.208813 1.304457
vt 0.368611 0.864145
v -0.642832 -0.244269 1.314678
vt 0.375799 0.863920
v -0.712352 -0.166900 1.086657
vt 0.848820 0.385228
v -0.718446 -0.184982 1.060660
vt 0.853429 0.389416
v -0.729164 -0.192760 1.094113
vt 0.846757 0.391025
v -0.602240 -0.760664 0.621133
vt 0.013254 0.913977
v -0.607806 -0.776412 0.607965
vt 0.017060 0.915539
v -0.594447 -0.765506 0.618635
vt 0.013123 0.915779
v 0.834470 0.122431 0.410742
vt 0.663600 0.414438
v 0.831328 0.150396 0.412374
vt 0.663071 0.419901
v 0.832799 0.154523 0.486911
vt 0.648553 0.420124
v -0.599595 -0.758244 0.456391
vt 0.372228 0.115676
v -0.636739 -0.726572 0.452848
vt 0.373214 0.125142
v -0.606081 -0.749361 0.449799
vt 0.371243 0.117962
v -0.371831 -0.832418 0.518742
vt 0.933302 0.736457
v -0.376466 -0.832798 0.518091
vt 0.933408 0.735595
v -0.370235 -0.828828 0.496684
vt 0.937581 0.736874
v -0.381629 -0.829582 0.487072
vt 0.939387 0.734722
v -0.367871 -0.825492 0.484388
vt 0.939979 0.737465
v -0.403287 -0.827667 0.467004
vt 0.980899 0.351066
v -0.403658 -0.822286 0.458128
vt 0.982817 0.351736
v -0.394840 -0.834801 0.475931
vt 0.978227 0.351736
v -0.403658 -0.822286 0.458128
vt 0.642717 0.657195
v -0.403287 -0.827667 0.467004
vt 0.641081 0.658349
v -0.417270 -0.806434 0.442704
vt 0.644575 0.652578
v -0.474621 -0.769014 0.425645
vt 0.215261 0.984661
v -0.744264 0.669688 0.567679
vt 0.542928 0.031240
v -0.753696 0.664605 0.581911
vt 0.540100 0.032826
v -0.726699 0.692980 0.576447
vt 0.541498 0.025507
v -0.465389 0.822932 0.460682
vt 0.674873 0.959600
v -0.469693 0.815243 0.453361
vt 0.675463 0.961728
v -0.483110 0.804651 0.446079
vt 0.674856 0.965219
v -0.457089 -0.824432 0.491604
vt 0.928510 0.650594
v -0.480109 -0.839793 0.481432
vt 0.931019 0.645510
v -0.744680 -0.532745 0.504602
vt 0.324649 0.253069
v -0.747098 -0.532861 0.500455
vt 0.325574 0.253125
v -0.733558 -0.551922 0.503412
vt 0.323395 0.257117
v -0.755938 -0.515286 0.504162
vt 0.849319 0.938161
v -0.760317 -0.507752 0.504087
vt 0.849291 0.936487
v -0.765674 -0.501347 0.498598
vt 0.850435 0.934789
v -0.703089 -0.342373 0.887287
vt 0.068014 0.792091
v -0.705356 -0.345542 0.895120
vt 0.066370 0.792519
v -0.705093 -0.320440 0.896418
vt 0.066920 0.787806
v -0.705459 -0.154746 1.187129
vt 0.731587 0.123998
v -0.694424 -0.160384 1.181730
vt 0.729735 0.122248
v -0.700151 -0.170133 1.184129
vt 0.731463 0.120766
v -0.630660 -0.056923 1.176583
vt 0.079161 0.882735
v -0.660411 -0.080223 1.180722
vt 0.077145 0.875630
v -0.659466 -0.076514 1.183721
vt 0.078051 0.875921
v -0.413949 0.190844 1.369288
vt 0.830634 0.170696
v -0.399830 0.184839 1.382421
vt 0.826703 0.171034
v -0.397977 0.227480 1.396837
vt 0.826347 0.162235
v -0.762098 0.374106 1.144562
vt 0.590944 0.932171
v -0.770152 0.382986 1.101044
vt 0.589964 0.940782
v -0.779209 0.328059 1.110885
vt 0.580250 0.936629
v -0.845854 -0.440504 0.416628
vt 0.760522 0.587883
v -0.444816 0.851178 0.571318
vt 0.277184 0.943541
v -0.451374 0.860806 0.539340
vt 0.276343 0.950062
v -0.446592 0.841962 0.587552
vt 0.276399 0.939936
v -0.744210 0.537244 0.500354
vt 0.428436 0.063918
v -0.746465 0.536840 0.504098
vt 0.428689 0.064680
v -0.736934 0.549019 0.500917
vt 0.425838 0.064147
v -0.382683 -0.822890 0.467174
vt 0.767227 0.936039
v -0.381629 -0.829582 0.487072
vt 0.768167 0.932230
v -0.388659 -0.826029 0.471972
vt 0.768670 0.935367
v -0.425408 -0.799985 0.447360
vt 0.643344 0.650825
v -0.329457 -0.528739 1.376643
vt 0.828491 0.602557
v -0.374458 -0.473868 1.376488
vt 0.833090 0.590228
v -0.364252 -0.501801 1.362644
vt 0.834405 0.596122
v -0.446697 -0.775005 0.430755
vt 0.867329 0.523312
v -0.453758 -0.775375 0.431790
vt 0.867396 0.521900
v -0.460050 -0.757099 0.424884
vt 0.871149 0.521201
v -0.469924 -0.771376 0.426137
vt 0.868537 0.518960
v -0.465598 -0.747497 0.420645
vt 0.873169 0.520410
v -0.474621 -0.769014 0.425645
vt 0.869099 0.518101
v -0.353793 -0.828390 0.468202
vt 0.591777 0.959600
v -0.358565 -0.828539 0.461406
vt 0.593361 0.959894
v -0.341366 -0.813652 0.464328
vt 0.590105 0.962979
v -0.466110 -0.269760 0.001650
vt 0.956360 0.772062
v -0.456583 -0.294700 0.001328
vt 0.961579 0.772062
v -0.457891 -0.294439 0.002384
vt 0.961447 0.772347
v -0.708321 -0.319098 0.904621
vt 0.065264 0.787333
v -0.596922 0.053430 1.109543
vt 0.019396 0.778075
v -0.579358 0.048597 1.129713
vt 0.014860 0.780763
v -0.585844 0.055972 1.154825
vt 0.010269 0.778116
v -0.660724 -0.127245 1.172572
vt 0.833207 0.371937
v -0.665314 -0.129886 1.166831
vt 0.834248 0.372928
v -0.670586 -0.138058 1.175635
vt 0.832349 0.374621
v -0.636396 0.063461 1.054618
vt 0.186958 0.746377
v -0.640961 0.077191 1.061831
vt 0.189821 0.745299
v -0.669404 0.101272 1.055221
vt 0.196069 0.748868
v -0.619294 -0.067778 1.231233
vt 0.821377 0.814396
v -0.627718 -0.070181 1.228336
vt 0.821407 0.816193
v -0.344972 0.219527 1.474900
vt 0.808284 0.159092
v -0.331767 0.164597 1.475289
vt 0.804081 0.169300
v -0.321557 0.227587 1.499944
vt 0.802105 0.156100
v -0.324434 -0.821668 0.615339
vt 0.873508 0.126143
v -0.325627 -0.832053 0.575158
vt 0.880894 0.123129
v -0.319032 -0.826788 0.581457
vt 0.880119 0.124994
v -0.322484 -0.836413 0.555042
vt 0.930413 0.026481
v -0.325627 -0.832053 0.575158
vt 0.926360 0.026109
v -0.336607 -0.830997 0.559751
vt 0.929118 0.023770
v -0.345493 -0.826878 0.590296
vt 0.956360 0.801522
v -0.343909 -0.831950 0.563173
vt 0.961564 0.801072
v -0.336607 -0.830997 0.559751
vt 0.962317 0.802402
v -0.341682 -0.831986 0.534732
vt 0.967073 0.801072
v -0.722228 0.222356 1.265773
vt 0.248046 0.822617
v -0.752386 0.280762 1.251957
vt 0.253689 0.810858
v -0.737697 0.231840 1.248973
vt 0.252442 0.820701
v -0.373103 -0.814156 0.461457
vt 0.764770 0.937165
v -0.369004 -0.820405 0.471390
vt 0.764764 0.934757
v -0.413524 -0.805776 0.440773
vt 0.645294 0.652910
v -0.424557 -0.790863 0.430502
vt 0.646553 0.648990
v -0.358565 -0.828539 0.461406
vt 0.983409 0.041362
v -0.353793 -0.828390 0.468202
vt 0.982138 0.042363
v -0.356890 -0.838879 0.487294
vt 0.978227 0.041362
v -0.753711 -0.594726 0.434486
vt 0.373248 0.159362
v -0.771508 -0.569471 0.433251
vt 0.373193 0.165192
v -0.744934 -0.600381 0.431367
vt 0.372272 0.157494
v -0.782636 0.417639 1.230759
vt 0.548649 0.940836
v -0.782840 0.410661 1.226852
vt 0.547882 0.939595
v -0.785118 0.369845 1.230389
vt 0.548649 0.932171
v -0.778939 -0.473263 0.498588
vt 0.471001 0.984105
v -0.736152 -0.237487 1.041474
vt 0.855920 0.400401
v -0.733667 -0.230111 1.043670
vt 0.855667 0.398868
v -0.728795 -0.217808 1.044005
vt 0.855890 0.396315
v -0.704907 0.248696 0.915229
vt 0.199657 0.402238
v -0.707568 0.246243 0.906849
vt 0.198794 0.403687
v -0.704305 0.213076 0.919663
vt 0.193155 0.400392
v -0.501856 0.811175 0.455455
vt 0.903285 0.306767
v -0.502356 0.815874 0.467784
vt 0.900893 0.306085
v -0.500836 0.816629 0.459039
vt 0.902571 0.305762
v -0.621296 -0.053692 1.170867
vt 0.078619 0.884886
v -0.601066 -0.039435 1.169282
vt 0.079961 0.889543
v -0.467707 0.022083 1.088884
vt 0.005627 0.313338
v -0.469000 0.015477 1.082978
vt 0.007248 0.313934
v -0.452384 0.017875 1.093567
vt 0.004163 0.316214
v 0.088507 0.808496 0.324603
vt 0.526284 0.714752
v -0.002686 0.836769 0.394969
vt 0.537293 0.732310
v 0.152080 0.831447 0.371004
vt 0.511244 0.720011
v -0.085132 0.515285 1.492128
vt 0.402337 0.509309
v -0.097779 0.541604 1.468707
vt 0.398635 0.503043
v -0.700151 -0.170133 1.184129
vt 0.829916 0.382624
v -0.696985 -0.162230 1.179188
vt 0.831057 0.381089
v -0.719443 -0.187757 1.154871
vt 0.835136 0.388010
v -0.158056 -0.596582 0.202375
vt 0.980353 0.314734
v -0.158112 -0.595333 0.209159
vt 0.979470 0.313657
v -0.158496 -0.582674 0.197033
vt 0.982846 0.313657
v -0.322484 -0.836413 0.555042
vt 0.884787 0.122344
v -0.341682 -0.831986 0.534732
vt 0.933883 0.022313
v -0.330619 -0.833536 0.548951
vt 0.931370 0.024683
v -0.847593 0.494131 0.612053
vt 0.532065 0.070540
v -0.830540 0.520404 0.616986
vt 0.531426 0.064383
v -0.856311 0.488484 0.601036
vt 0.534159 0.072439
v -0.358565 -0.828539 0.461406
vt 0.867278 0.166659
v -0.360154 -0.835749 0.479949
vt 0.863920 0.164871
v -0.363777 -0.818395 0.444517
vt 0.871124 0.167050
v -0.372229 -0.809674 0.453504
vt 0.764053 0.938779
v -0.385230 -0.811847 0.451503
vt 0.766458 0.939704
v -0.448697 -0.758537 0.418492
vt 0.647645 0.640907
v -0.437219 -0.775343 0.425988
vt 0.032044 0.959600
v -0.448697 -0.758537 0.418492
vt 0.034132 0.963034
v -0.438566 -0.756007 0.415574
vt 0.032044 0.963543
v -0.460050 -0.757099 0.424884
vt 0.645557 0.639466
v -0.465598 -0.747497 0.420645
vt 0.646151 0.637254
v -0.690599 0.164520 1.262688
vt 0.373225 0.808179
v -0.654582 0.211023 1.286728
vt 0.365228 0.799123
v -0.704376 0.199257 1.269939
vt 0.375366 0.801243
v -0.779453 -0.550310 0.426549
vt 0.371712 0.169023
v -0.791050 -0.537348 0.428045
vt 0.372253 0.172292
v -0.514744 0.576417 0.361001
vt 0.093891 0.536064
v -0.498989 0.597435 0.365558
vt 0.099014 0.535537
v -0.512053 0.559227 0.352867
vt 0.091727 0.538785
v -0.881522 -0.309862 0.458013
vt 0.349123 0.207340
v -0.670620 0.514302 0.847635
vt 0.647636 0.791089
v -0.676823 0.517777 0.862040
vt 0.650436 0.790862
v -0.659706 0.550354 0.857731
vt 0.650258 0.798251
v -0.432183 -0.841052 0.535594
vt 0.980032 0.589829
v -0.438849 -0.838477 0.522174
vt 0.982287 0.591579
v -0.419436 -0.839486 0.532602
vt 0.978227 0.591579
v -0.394927 -0.222879 1.403557
vt 0.826816 0.541348
v -0.408080 -0.218913 1.387623
vt 0.830751 0.540214
v -0.400383 -0.251558 1.401033
vt 0.828424 0.546598
v -0.733335 -0.553363 0.506448
vt 0.956360 0.361132
v -0.724364 -0.567359 0.504693
vt 0.959420 0.360793
v -0.712936 -0.585797 0.507887
vt 0.963347 0.361433
v -0.626873 -0.769017 0.560747
vt 0.741666 0.573556
v -0.592258 -0.792533 0.563811
vt 0.740777 0.565323
v -0.631074 -0.770354 0.567613
vt 0.743249 0.573837
v -0.474658 -0.253544 1.381410
vt 0.374404 0.896950
v -0.412005 -0.247582 1.392827
vt 0.371864 0.909035
v -0.418091 -0.216974 1.381129
vt 0.365886 0.907102
v -0.319192 -0.838731 0.522408
vt 0.936820 0.026284
v -0.413524 -0.805776 0.440773
vt 0.918368 0.704391
v -0.424557 -0.790863 0.430502
vt 0.921497 0.702003
v -0.410145 -0.786162 0.430360
vt 0.922409 0.704882
v -0.245211 0.211571 1.543533
vt 0.059415 0.885574
v -0.235982 0.168082 1.534018
vt 0.051449 0.888930
v -0.208681 0.220550 1.556283
vt 0.057002 0.878268
v -0.791050 -0.537348 0.428045
vt 0.759043 0.566415
v -0.804992 -0.522033 0.440669
vt 0.762311 0.569957
v -0.810951 -0.505205 0.424196
vt 0.759681 0.573622
v -0.813726 -0.507753 0.442551
vt 0.763218 0.573128
v -0.778939 -0.473263 0.498588
vt 0.329942 0.240768
v -0.790484 -0.445394 0.499546
vt 0.331281 0.235042
v -0.794271 -0.443169 0.495227
vt 0.332407 0.234612
v -0.790484 -0.445394 0.499546
vt 0.992196 0.620189
v -0.793511 -0.443812 0.503747
vt 0.991481 0.619453
v -0.794271 -0.443169 0.495227
vt 0.993115 0.619453
v -0.793511 -0.443812 0.503747
vt 0.994330 0.058134
v -0.795020 -0.436293 0.498792
vt 0.993212 0.056769
v -0.794271 -0.443169 0.495227
vt 0.994661 0.056727
v -0.798335 -0.435778 0.503918
vt 0.992565 0.057789
v -0.798799 -0.428683 0.501002
vt 0.991481 0.056727
v -0.876545 -0.424400 0.560503
vt 0.464746 0.041510
v -0.863320 -0.452506 0.556204
vt 0.470709 0.039999
v -0.870424 -0.453295 0.573149
vt 0.470651 0.043607
v -0.792313 -0.400202 0.690450
vt 0.066629 0.424478
v -0.805470 -0.414163 0.666363
vt 0.062886 0.429146
v -0.777812 -0.433403 0.697527
vt 0.060614 0.420504
v -0.706720 -0.267890 0.910879
vt 0.065854 0.777754
v -0.709830 -0.287236 0.915941
vt 0.064132 0.781195
v -0.708998 -0.266682 0.921719
vt 0.063821 0.777340
v -0.474396 -0.714846 0.406475
vt 0.649159 0.631097
v -0.458822 -0.700659 0.393846
vt 0.653458 0.630749
v -0.750686 -0.206443 1.020198
vt 0.285891 0.803266
v -0.764895 -0.229000 1.028399
vt 0.283627 0.808183
v -0.503420 0.688400 0.393174
vt 0.111276 0.524453
v -0.499551 0.733654 0.409693
vt 0.118331 0.519166
v -0.497784 0.719722 0.403217
vt 0.116524 0.521310
v -0.308430 -0.500088 1.436908
vt 0.816366 0.597336
v -0.317100 -0.471190 1.452691
vt 0.814553 0.591303
v -0.659706 0.550354 0.857731
vt 0.879597 0.350983
v -0.666172 0.563208 0.882446
vt 0.877438 0.356126
v -0.651896 0.576080 0.875324
vt 0.874137 0.354174
v -0.867149 0.449191 0.556516
vt 0.455748 0.078293
v -0.846744 0.491293 0.552962
vt 0.447454 0.078854
v -0.863902 0.438571 0.546184
vt 0.457001 0.075606
v -0.412005 -0.247582 1.392827
vt 0.831019 0.545442
v -0.418091 -0.216974 1.381129
vt 0.832930 0.539494
v -0.222581 0.004240 1.369032
vt 0.408879 0.762982
v -0.255399 0.007245 1.362840
vt 0.414921 0.763399
v -0.241156 0.004305 1.361600
vt 0.412288 0.764027
v -0.142975 -0.830518 0.624820
vt 0.398307 0.593986
v -0.139383 -0.834943 0.563246
vt 0.401559 0.582113
v -0.128256 -0.834719 0.596302
vt 0.402150 0.588998
v -0.330484 -0.824635 0.493293
vt 0.695844 0.935484
v -0.340754 -0.823456 0.489974
vt 0.697815 0.936246
v -0.330433 -0.814546 0.466100
vt 0.695770 0.940965
v -0.347456 -0.821826 0.472416
vt 0.945352 0.103383
v -0.353793 -0.828390 0.468202
vt 0.946032 0.101602
v -0.341366 -0.813652 0.464328
vt 0.947057 0.105208
v -0.367699 -0.814035 0.442292
vt 0.756857 0.977693
v -0.375362 -0.803459 0.444173
vt 0.758303 0.979788
v -0.381167 -0.789368 0.429281
vt 0.756857 0.983381
v -0.648199 0.075065 1.180155
vt 0.885174 0.487228
v -0.627016 0.066470 1.170369
vt 0.889765 0.485796
v -0.628527 0.062315 1.175210
vt 0.889796 0.487050
v -0.486761 -0.747518 0.417081
vt 0.873612 0.516363
v -0.500111 -0.723550 0.409645
vt 0.878632 0.514411
v -0.497856 -0.707666 0.402318
vt 0.881741 0.515344
v -0.505971 -0.674834 0.393146
vt 0.928297 0.116723
v -0.518990 -0.681935 0.403619
vt 0.937990 0.115668
v -0.561918 -0.543672 0.380370
vt 0.946771 0.124339
v 0.034628 -0.204402 1.515630
vt 0.704129 0.232015
v 0.135308 -0.175269 1.457085
vt 0.711340 0.251699
v 0.010211 -0.188514 1.521933
vt 0.698770 0.230103
v 0.202681 -0.752791 0.269623
vt 0.081238 0.760171
v 0.226827 -0.751383 0.267251
vt 0.085727 0.758776
v 0.239620 -0.747321 0.271576
vt 0.088400 0.759260
v -0.563779 -0.038656 1.151876
vt 0.077002 0.896973
v -0.544630 -0.035288 1.147349
vt 0.076511 0.900792
v -0.566085 -0.041569 1.151414
vt 0.076588 0.896379
v -0.432520 0.019215 1.122951
vt 0.571780 0.959729
v -0.432672 0.012458 1.111251
vt 0.570594 0.961764
v -0.427499 -0.001111 1.123563
vt 0.780066 0.960924
v -0.432079 0.003875 1.108441
vt 0.780430 0.964018
v -0.714837 0.378150 0.894240
vt 0.841053 0.937287
v -0.696208 0.421371 0.873811
vt 0.838901 0.946845
v -0.709829 0.351122 0.896068
vt 0.838901 0.932171
v -0.448743 -0.016971 1.133383
vt 0.075500 0.919605
v -0.443572 -0.017476 1.129034
vt 0.074729 0.920684
v -0.463897 -0.021703 1.134013
vt 0.075191 0.916574
v -0.438926 0.000876 1.098385
vt 0.568855 0.964898
v -0.452384 0.017875 1.093567
vt 0.572816 0.966537
v -0.439912 0.021975 1.130409
vt 0.991481 0.473292
v -0.432520 0.019215 1.122951
vt 0.993526 0.473292
v -0.431192 0.012676 1.130243
vt 0.993053 0.475133
v -0.432520 0.019215 1.122951
vt 0.982913 0.287875
v -0.427413 0.007517 1.122898
vt 0.980499 0.288268
v -0.431192 0.012676 1.130243
vt 0.981519 0.286709
v -0.430160 -0.004606 1.130090
vt 0.978227 0.286709
v -0.427499 -0.001111 1.123563
vt 0.978869 0.288088
v -0.430160 -0.004606 1.130090
vt 0.779235 0.959600
v -0.515863 -0.028852 1.143393
vt 0.076364 0.906493
v -0.532309 -0.032779 1.144748
vt 0.076284 0.903259
v -0.888694 0.325084 0.441483
vt 0.384510 0.011981
v -0.893593 0.311667 0.431546
vt 0.387409 0.010229
v -0.896655 0.284583 0.442587
vt 0.392239 0.012798
v -0.645348 0.609707 1.230942
vt 0.811242 0.439706
v -0.650280 0.633845 1.177699
vt 0.801555 0.445747
v -0.679797 0.615241 1.186827
vt 0.800414 0.438799
v -0.460713 0.653738 1.082284
vt 0.018508 0.648797
v -0.422900 0.664703 1.089797
vt 0.019691 0.656381
v -0.451605 0.673533 1.079460
vt 0.015680 0.652041
v -0.744680 -0.532745 0.504602
vt 0.862194 0.959600
v -0.321407 -0.837371 0.510201
vt 0.295521 0.980021
v -0.319294 -0.831846 0.486838
vt 0.295062 0.984568
v -0.319192 -0.838731 0.522408
vt 0.295062 0.977693
v -0.321995 -0.832695 0.487840
vt 0.295591 0.984340
v -0.677543 -0.607319 1.186950
vt 0.968164 0.496923
v -0.705508 -0.584325 1.200892
vt 0.960857 0.496923
v -0.698118 -0.582495 1.194565
vt 0.961970 0.495490
v -0.810951 -0.505205 0.424196
vt 0.371563 0.179400
v -0.824283 -0.476025 0.418590
vt 0.370159 0.185256
v -0.184781 -0.827934 0.585885
vt 0.540900 0.884486
v -0.803018 -0.417574 0.499422
vt 0.332909 0.229324
v -0.806618 -0.408565 0.500067
vt 0.333275 0.227469
v -0.808165 -0.407586 0.495133
vt 0.334203 0.227361
v -0.888500 -0.367219 0.548797
vt 0.453165 0.039664
v -0.881340 -0.380929 0.543952
vt 0.456087 0.038384
v -0.845357 -0.501278 0.611261
vt 0.060703 0.485441
v -0.840195 -0.502044 0.617503
vt 0.060473 0.483865
v -0.852913 -0.483066 0.612335
vt 0.064490 0.486040
v -0.367871 -0.825492 0.484388
vt 0.765340 0.932171
v -0.672979 -0.270833 1.297506
vt 0.343527 0.961047
v -0.680197 -0.263077 1.292395
vt 0.345409 0.959600
v -0.689162 -0.310983 1.294567
vt 0.345409 0.968790
v -0.708998 -0.266682 0.921719
vt 0.929808 0.716490
v -0.705159 -0.238438 0.926210
vt 0.924554 0.715043
v -0.706720 -0.267890 0.910879
vt 0.930686 0.714519
v -0.700314 -0.205816 0.932397
vt 0.967734 0.593948
v -0.451892 0.005982 1.088112
vt 0.570597 0.967772
v -0.451892 0.005982 1.088112
vt 0.006254 0.317688
v -0.468261 0.029260 1.134643
vt 0.961379 0.780440
v -0.447534 0.025434 1.129091
vt 0.965649 0.780347
v -0.439912 0.021975 1.130409
vt 0.967116 0.781092
v -0.453517 -0.006180 1.145700
vt 0.991998 0.492576
v -0.447562 -0.008316 1.137036
vt 0.993517 0.493871
v -0.457371 -0.009558 1.140471
vt 0.991481 0.493871
v -0.502285 -0.774007 0.441870
vt 0.250599 0.012496
v -0.290590 -0.457864 1.484756
vt 0.599147 0.832671
v -0.257863 -0.458956 1.504815
vt 0.592646 0.829367
v -0.277836 -0.418797 1.511838
vt 0.598719 0.823112
v -0.139383 -0.834943 0.563246
vt 0.777882 0.889588
v -0.166717 -0.837902 0.580338
vt 0.783458 0.886846
v -0.176675 -0.840280 0.557163
vt 0.784938 0.891621
v -0.321995 -0.832695 0.487840
vt 0.943255 0.024155
v -0.330484 -0.824635 0.493293
vt 0.941831 0.022090
v -0.323710 -0.825005 0.463590
vt 0.947673 0.022332
v -0.112781 0.350211 1.564980
vt 0.762342 0.170569
v -0.060587 0.383440 1.547742
vt 0.772949 0.164279
v -0.742401 -0.532260 1.106043
vt 0.197134 0.870827
v -0.741375 -0.534236 1.071370
vt 0.203469 0.873282
v -0.727372 -0.548749 1.090023
vt 0.198874 0.875858
v -0.156811 0.647879 0.205581
vt 0.166812 0.802277
v -0.162223 0.653705 0.197278
vt 0.167727 0.800267
v -0.170025 0.634064 0.202994
vt 0.170003 0.803167
v 0.714492 0.229526 0.874690
vt 0.462463 0.243836
v 0.693893 0.337811 0.871774
vt 0.444580 0.232597
v 0.599270 0.288974 1.027030
vt 0.469004 0.205490
v -0.938455 0.099386 0.584117
vt 0.178754 0.494614
v -0.931283 0.173140 0.587381
vt 0.192675 0.492393
v -0.943827 0.073635 0.575813
vt 0.173875 0.496818
v -0.524277 0.825133 0.468534
vt 0.549493 0.965671
v -0.541183 0.800367 0.483248
vt 0.551577 0.959600
v -0.514135 0.834387 0.477587
vt 0.551577 0.967934
v 0.627949 -0.623122 0.523527
vt 0.767937 0.753700
v 0.615938 -0.641222 0.533122
vt 0.772144 0.751813
v 0.616204 -0.640144 0.508277
vt 0.771970 0.756641
v -0.700314 -0.205816 0.932397
vt 0.303082 0.800864
v -0.705295 -0.216694 0.937506
vt 0.301776 0.803034
v -0.701346 -0.201394 0.940905
vt 0.301557 0.799983
v -0.449830 0.015638 1.137205
vt 0.674375 0.982401
v -0.431192 0.012676 1.130243
vt 0.670658 0.981497
v -0.441675 0.003667 1.135652
vt 0.672982 0.979920
v -0.430160 -0.004606 1.130090
vt 0.670774 0.978112
v -0.447562 -0.008316 1.137036
vt 0.674375 0.977693
v -0.447562 -0.008316 1.137036
vt 0.993525 0.484576
v -0.453517 -0.006180 1.145700
vt 0.991481 0.484576
v -0.446649 -0.001027 1.143472
vt 0.992326 0.483133
v -0.566994 -0.025313 1.158648
vt 0.884558 0.034366
v -0.567745 -0.024146 1.164571
vt 0.884225 0.033255
v -0.521928 -0.012865 1.154861
vt 0.893550 0.033021
v -0.321407 -0.837371 0.510201
vt 0.939095 0.025418
v -0.560012 0.029096 1.157093
vt 0.743165 0.932171
v -0.518345 0.023765 1.148282
vt 0.743165 0.940223
v -0.544930 0.024936 1.155517
vt 0.742642 0.935112
v -0.123487 0.692025 1.094749
vt 0.383558 0.819163
v -0.287278 0.709921 0.948249
vt 0.404862 0.784873
v -0.295740 0.684308 1.067264
vt 0.413532 0.806263
v -0.319294 -0.831846 0.486838
vt 0.978551 0.767389
v -0.321995 -0.832695 0.487840
vt 0.978227 0.766912
v -0.318502 -0.824864 0.469392
vt 0.982051 0.766912
v -0.321995 -0.832695 0.487840
vt 0.956360 0.791891
v -0.323710 -0.825005 0.463590
vt 0.961123 0.791069
v -0.318502 -0.824864 0.469392
vt 0.960208 0.792267
v -0.334707 -0.802380 0.443771
vt 0.696427 0.945933
v -0.341972 -0.798088 0.437015
vt 0.697758 0.947561
v -0.332663 -0.799479 0.435807
vt 0.696016 0.947513
v -0.601236 -0.055179 1.224202
vt 0.824273 0.810914
v -0.601076 -0.051118 1.218222
vt 0.825689 0.811029
v -0.555593 -0.032559 1.119144
vt 0.875750 0.554367
v -0.566085 -0.041569 1.151414
vt 0.872933 0.548365
v -0.544630 -0.035288 1.147349
vt 0.877269 0.548886
v -0.500836 0.816629 0.459039
vt 0.982097 0.077724
v -0.490433 0.831166 0.467354
vt 0.978227 0.077360
v -0.501856 0.811175 0.455455
vt 0.983337 0.077360
v -0.814550 -0.389818 0.500331
vt 0.460598 0.024857
v -0.821870 -0.371141 0.500899
vt 0.456687 0.025329
v -0.818630 -0.379337 0.494659
vt 0.458361 0.024076
v -0.821853 -0.368143 0.496126
vt 0.456080 0.024450
v -0.830533 -0.347388 0.499936
vt 0.451732 0.025577
v -0.892087 -0.339878 0.542981
vt 0.447725 0.038550
v -0.891070 -0.385659 0.589421
vt 0.084166 0.493211
v -0.881884 -0.422186 0.590298
vt 0.076844 0.492320
v -0.705857 -0.142577 0.979287
vt 0.218231 0.878099
v -0.727922 -0.184819 0.965740
vt 0.216519 0.887491
v -0.717370 -0.151877 0.983471
vt 0.215971 0.879969
v -0.479939 -0.013544 1.081923
vt 0.934588 0.676086
v -0.461875 -0.011912 1.086820
vt 0.938085 0.676300
v -0.469454 0.004872 1.081005
vt 0.936660 0.679645
v -0.469454 0.004872 1.081005
vt 0.008897 0.315079
v -0.491108 0.025071 1.084040
vt 0.008073 0.309312
v -0.384837 -0.638632 1.202912
vt 0.544065 0.291562
v -0.429045 -0.650024 1.174645
vt 0.534157 0.293092
v -0.382159 -0.662693 1.140632
vt 0.536124 0.281636
v -0.540466 0.031470 1.076933
vt 0.061124 0.960320
v -0.491108 0.025071 1.084040
vt 0.060384 0.969482
v -0.544195 0.034352 1.079619
vt 0.060384 0.959600
v -0.370235 -0.828828 0.496684
vt 0.981117 0.004000
v -0.367871 -0.825492 0.484388
vt 0.983482 0.004584
v -0.366392 -0.833828 0.510283
vt 0.978227 0.004584
v -0.449830 0.015638 1.137205
vt 0.981725 0.875456
v -0.441675 0.003667 1.135652
vt 0.979465 0.877019
v -0.446403 0.009041 1.140609
vt 0.980249 0.875522
v -0.446649 -0.001027 1.143472
vt 0.994456 0.149874
v -0.441305 -0.001274 1.158910
vt 0.991481 0.149668
v -0.443455 0.003709 1.152707
vt 0.992680 0.148809
v -0.426115 0.171437 1.351725
vt 0.319310 0.806445
v -0.429734 0.136053 1.325214
vt 0.321519 0.814674
v -0.417631 0.130436 1.328207
vt 0.319109 0.815703
v -0.388925 -0.844244 0.546128
vt 0.857258 0.979210
v -0.384899 -0.846444 0.526338
vt 0.857041 0.983123
v -0.388989 -0.843917 0.554034
vt 0.857041 0.977693
v -0.350160 0.788594 0.415751
vt 0.150253 0.947119
v -0.345648 0.802168 0.434729
vt 0.150634 0.942538
v -0.344726 0.781850 0.410060
vt 0.151449 0.948452
v -0.561001 -0.802219 0.576105
vt 0.329777 0.568420
v -0.590142 -0.796739 0.577517
vt 0.324434 0.567552
v -0.114162 -0.839468 0.509494
vt 0.884555 0.857246
v -0.115730 -0.838197 0.597945
vt 0.867906 0.853031
v -0.129225 -0.842486 0.537631
vt 0.879941 0.853111
v -0.332663 -0.799479 0.435807
vt 0.654618 0.662727
v -0.341972 -0.798088 0.437015
vt 0.653552 0.661343
v -0.336380 -0.783003 0.412713
vt 0.658722 0.659025
v -0.405755 -0.729633 0.390462
vt 0.892294 0.161834
v -0.405656 -0.708646 0.377233
vt 0.896914 0.162283
v -0.396788 -0.741298 0.394764
vt 0.889727 0.163359
v 0.501248 0.753273 0.000178
vt 0.941415 0.013869
v 0.529380 0.738781 0.000322
vt 0.935626 0.014090
v 0.510764 0.746497 -0.001995
vt 0.939341 0.013414
v -0.559263 -0.674183 0.415472
vt 0.260696 0.032190
v -0.559377 -0.724805 0.430053
vt 0.261187 0.022291
v -0.617374 -0.583818 0.408671
vt 0.271494 0.049932
v 0.648983 -0.574011 0.677481
vt 0.757498 0.723913
v 0.567038 -0.669467 0.687404
vt 0.781659 0.721936
v 0.608509 -0.646283 0.569898
vt 0.773700 0.744681
v -0.826647 -0.354812 0.496072
vt 0.453305 0.024668
v -0.830158 -0.343072 0.495333
vt 0.450890 0.024674
v -0.350873 -0.821886 0.612976
vt 0.918368 0.022090
v -0.345493 -0.826878 0.590296
vt 0.922970 0.022812
v -0.687107 -0.147289 1.056456
vt 0.871059 0.967247
v -0.674521 -0.133677 1.060265
vt 0.870655 0.963874
v -0.681120 -0.138073 1.056980
vt 0.871338 0.965340
v -0.661227 -0.112853 1.061249
vt 0.871338 0.959600
v -0.570739 -0.036386 1.077203
vt 0.022038 0.034770
v -0.548649 -0.029336 1.078026
vt 0.022574 0.030186
v -0.569488 -0.034084 1.073911
vt 0.022832 0.034507
v -0.207083 0.562648 0.187887
vt 0.803186 0.977693
v -0.201530 0.565640 0.193162
vt 0.804274 0.978831
v -0.195981 0.568453 0.187140
vt 0.803186 0.980076
v -0.446403 0.009041 1.140609
vt 0.992117 0.520433
v -0.446649 -0.001027 1.143472
vt 0.993481 0.521788
v -0.446671 0.009044 1.148035
vt 0.991481 0.521788
v -0.446671 0.009044 1.148035
vt 0.993792 0.147811
v -0.440899 0.008416 1.158597
vt 0.991481 0.147821
v -0.440899 0.008416 1.158597
vt 0.993417 0.539859
v -0.441305 -0.001274 1.158910
vt 0.991481 0.539859
v -0.434205 0.003511 1.161812
vt 0.992452 0.538489
v 0.798743 -0.196303 0.349489
vt 0.048489 0.668517
v -0.619006 0.649307 1.163779
vt 0.802372 0.453034
v -0.618360 0.638109 1.193699
vt 0.807436 0.449562
v -0.640362 -0.586494 0.883829
vt 0.878355 0.602300
v -0.660828 -0.572405 0.894733
vt 0.883121 0.600369
v -0.651362 -0.565655 0.866372
vt 0.882515 0.606142
v -0.608664 0.047307 1.059869
vt 0.623887 0.871686
v -0.636396 0.063461 1.054618
vt 0.623558 0.878031
v -0.590374 0.025652 1.045087
vt 0.620291 0.866721
v -0.204299 -0.828911 0.524472
vt 0.542530 0.896965
v -0.222412 -0.822112 0.468879
vt 0.544934 0.908276
v -0.532776 -0.740750 0.508727
vt 0.431177 0.965495
v -0.541434 -0.738916 0.502977
vt 0.432365 0.963875
v -0.520655 -0.749777 0.502751
vt 0.432365 0.968485
v -0.366150 -0.739724 0.382415
vt 0.940720 0.634748
v -0.356221 -0.774405 0.408988
vt 0.932449 0.634861
v 0.225334 -0.532512 1.275575
vt 0.379604 0.455764
v 0.282584 -0.464590 1.277514
vt 0.375766 0.439447
v 0.010413 -0.458216 1.488254
vt 0.439510 0.455194
v -0.781014 0.322822 1.232219
vt 0.260067 0.802392
v -0.764004 0.240493 1.225872
vt 0.259146 0.818741
v -0.752050 0.525486 1.216761
vt 0.940146 0.725914
v -0.770387 0.468678 1.221322
vt 0.929453 0.725670
v -0.767078 0.490030 1.224884
vt 0.933226 0.724521
v -0.698610 0.486916 0.878735
vt 0.967640 0.576128
v -0.742464 0.448269 0.905414
vt 0.956360 0.576128
v -0.724198 0.494646 0.899638
vt 0.963746 0.570713
v -0.341972 -0.798088 0.437015
vt 0.593361 0.967734
v -0.690461 -0.159257 0.953266
vt 0.300373 0.791500
v -0.697968 -0.187808 0.942441
vt 0.301647 0.797325
v -0.694762 -0.171332 0.952259
vt 0.300218 0.793972
v -0.320012 -0.201500 1.500507
vt 0.802644 0.539380
v -0.310733 -0.251506 1.513345
vt 0.800537 0.549138
v -0.208484 0.467630 1.520787
vt 0.775348 0.197811
v -0.188555 0.422050 1.545971
vt 0.768701 0.190252
v -0.175772 0.474843 1.523185
vt 0.779420 0.192643
v -0.518988 0.018628 1.154218
vt 0.741641 0.940011
v -0.453982 0.013902 1.142874
vt 0.981854 0.811324
v -0.446403 0.009041 1.140609
vt 0.981818 0.813096
v -0.446671 0.009044 1.148035
vt 0.980465 0.812687
v -0.411812 -0.001337 1.172802
vt 0.842468 0.775871
v -0.426953 -0.001270 1.168189
vt 0.842904 0.778934
v -0.425841 -0.005928 1.175349
vt 0.841259 0.778544
v -0.444957 -0.005168 1.164996
vt 0.842617 0.782597
v 0.505658 0.729960 0.440394
vt 0.747708 0.525545
v 0.525736 0.696191 0.386054
vt 0.741970 0.536667
v 0.507590 0.699479 0.365042
vt 0.736519 0.536091
v -0.447286 -0.180365 0.129549
vt 0.546657 0.413131
v -0.446077 -0.190618 0.132944
vt 0.547187 0.411065
v -0.459174 -0.169321 0.135041
vt 0.548650 0.415648
v -0.365521 -0.487046 0.004346
vt 0.478992 0.966537
v -0.384572 -0.455274 0.003114
vt 0.479389 0.959600
v -0.359938 -0.494440 0.002280
vt 0.479389 0.968289
v -0.334707 -0.802380 0.443771
vt 0.479557 0.982529
v -0.332663 -0.799479 0.435807
vt 0.479029 0.984115
v -0.330433 -0.814546 0.466100
vt 0.479029 0.977693
v -0.833982 -0.327866 0.496059
vt 0.447808 0.024911
v -0.733605 -0.299261 1.195614
vt 0.666736 0.868810
v -0.755560 -0.302194 1.166577
vt 0.673931 0.869168
v -0.736560 -0.331737 1.197119
vt 0.667167 0.874956
v -0.890012 -0.334022 0.608660
vt 0.094353 0.489644
v -0.699087 -0.178596 0.935410
vt 0.303248 0.796046
v 0.667153 0.580746 0.551091
vt 0.634569 0.506330
v 0.689757 0.551369 0.509344
vt 0.642610 0.500347
v 0.666651 0.580613 0.493886
vt 0.645673 0.506726
v -0.712046 -0.143044 1.044132
vt 0.016801 0.067638
v -0.688614 -0.118223 1.051446
vt 0.018114 0.061812
v -0.693068 -0.113038 1.044528
vt 0.019841 0.062602
v -0.596676 -0.048404 1.070774
vt 0.021935 0.040463
v -0.384440 0.045776 1.252494
vt 0.645738 0.902782
v -0.398544 0.065139 1.272416
vt 0.651518 0.901368
v -0.401433 0.047700 1.240348
vt 0.647147 0.906374
v -0.565821 0.796544 0.541538
vt 0.367660 0.071426
v -0.553487 0.795769 0.525787
vt 0.366503 0.067738
v -0.584598 0.782199 0.538213
vt 0.372342 0.071767
v -0.751923 -0.399278 0.912724
vt 0.057697 0.800038
v -0.745865 -0.440738 0.911805
vt 0.057138 0.808161
v -0.449489 0.011793 1.156985
vt 0.981847 0.848172
v -0.440899 0.008416 1.158597
vt 0.980059 0.848747
v -0.433235 0.008882 1.165099
vt 0.978227 0.848172
v -0.440899 0.008416 1.158597
vt 0.981573 0.951084
v -0.434205 0.003511 1.161812
vt 0.980168 0.952069
v -0.433235 0.008882 1.165099
vt 0.979617 0.950941
v -0.426953 -0.001270 1.168189
vt 0.978227 0.952933
v -0.433235 0.008882 1.165099
vt 0.956360 0.312494
v -0.426953 -0.001270 1.168189
vt 0.957739 0.310588
v -0.417522 0.003429 1.169387
vt 0.959491 0.311633
v -0.360707 -0.001173 1.188415
vt 0.795855 0.946056
v -0.355732 0.005091 1.191920
vt 0.797219 0.945057
v -0.362034 0.004649 1.182006
vt 0.796985 0.947135
v -0.757930 -0.398645 1.166609
vt 0.675050 0.887734
v -0.753468 -0.431797 1.176682
vt 0.673251 0.894106
v -0.362034 0.004649 1.182006
vt 0.842677 0.765878
v -0.360707 -0.001173 1.188415
vt 0.841031 0.765520
v -0.407446 -0.045511 1.247679
vt 0.825601 0.773016
v -0.469296 -0.035839 1.225162
vt 0.829005 0.785395
v -0.489397 -0.055722 1.248407
vt 0.822644 0.788748
v -0.251137 -0.730122 0.345025
vt 0.680758 0.660488
v -0.313967 -0.757088 0.376847
vt 0.667978 0.657022
v -0.374600 -0.713076 0.367693
vt 0.665507 0.642595
v -0.322484 -0.836413 0.555042
vt 0.923164 0.316234
v -0.315209 -0.827741 0.563030
vt 0.921892 0.318561
v -0.319032 -0.826788 0.581457
vt 0.918368 0.318752
v -0.561061 0.726701 0.509401
vt 0.377108 0.060828
v -0.589123 0.715974 0.514216
vt 0.382390 0.063617
v -0.544378 0.736654 0.509530
vt 0.373404 0.059889
v 0.181686 -0.237169 1.444791
vt 0.421154 0.403581
v 0.227097 -0.264664 1.418032
vt 0.410845 0.405681
v 0.373321 -0.098562 1.328546
vt 0.386356 0.366201
v -0.278570 -0.822189 0.463740
vt 0.040841 0.649685
v -0.291810 -0.821667 0.466238
vt 0.038334 0.649863
v -0.298305 -0.809016 0.433703
vt 0.037285 0.643186
v -0.156463 -0.616944 0.221316
vt 0.052384 0.963718
v -0.152468 -0.615906 0.218184
vt 0.051393 0.963701
v -0.146742 -0.624662 0.218560
vt 0.050832 0.961822
v -0.495119 -0.613691 0.374537
vt 0.229460 0.968936
v -0.517428 -0.610729 0.377263
vt 0.225507 0.968936
v -0.512803 -0.568724 0.361893
vt 0.225507 0.959600
v -0.383926 0.849732 0.514363
vt 0.918943 0.979548
v -0.378729 0.839693 0.526003
vt 0.921457 0.977693
v -0.376662 0.834475 0.499530
vt 0.921457 0.982941
v -0.461383 -0.793761 0.435212
vt 0.863920 0.519965
v -0.901505 -0.298665 0.542290
vt 0.439397 0.038641
v -0.915274 -0.249667 0.546043
vt 0.429408 0.039780
v -0.914607 -0.237199 0.539241
vt 0.427006 0.038340
v -0.705035 -0.228871 0.918442
vt 0.923641 0.712882
v -0.700314 -0.205816 0.932397
vt 0.918368 0.713541
v 0.743737 0.406056 0.294716
vt 0.486067 0.706374
v 0.858622 0.343265 0.150027
vt 0.471082 0.671778
v 0.818531 0.423206 0.136972
vt 0.488388 0.672643
v -0.699087 -0.178596 0.935410
vt 0.120022 0.384910
v -0.690461 -0.159257 0.953266
vt 0.124502 0.381886
v -0.695337 -0.160204 0.943437
vt 0.123867 0.383879
v -0.691437 -0.156681 0.960401
vt 0.299063 0.790964
v -0.075800 0.570071 1.428075
vt 0.627463 0.521270
v 0.066330 0.658411 1.217363
vt 0.630211 0.571436
v -0.005623 0.664603 1.212319
vt 0.617592 0.566844
v -0.499510 -0.666245 1.070550
vt 0.243038 0.977693
v -0.529058 -0.663408 1.062513
vt 0.243407 0.983254
v -0.535848 -0.664049 1.058721
vt 0.243038 0.984639
v -0.600586 -0.014924 1.028928
vt 0.154856 0.364042
v -0.449489 0.011793 1.156985
vt 0.983035 0.212673
v -0.433235 0.008882 1.165099
vt 0.979754 0.213853
v -0.429840 0.013032 1.174307
vt 0.978227 0.212673
v -0.429840 0.013032 1.174307
vt 0.992830 0.167801
v -0.433235 0.008882 1.165099
vt 0.991481 0.166252
v -0.418793 0.009513 1.172244
vt 0.994414 0.166252
v -0.411812 -0.001337 1.172802
vt 0.960671 0.310755
v -0.396468 0.003271 1.172514
vt 0.963573 0.311897
v -0.369096 0.004316 1.175737
vt 0.885862 0.933826
v -0.362034 0.004649 1.182006
vt 0.886361 0.932171
v -0.374153 0.013840 1.183098
vt 0.888235 0.934460
v -0.294902 -0.828203 0.533859
vt 0.890314 0.126725
v -0.311356 -0.828593 0.533287
vt 0.889641 0.123736
v -0.302609 -0.822352 0.487258
vt 0.898986 0.123333
v -0.101560 0.248236 1.563482
vt 0.745353 0.159766
v -0.140095 0.227907 1.563107
vt 0.738437 0.164822
v -0.090388 0.195336 1.549765
vt 0.737175 0.153264
v -0.210534 -0.436813 1.533919
vt 0.584787 0.820795
v -0.192201 -0.452297 1.531061
vt 0.580518 0.822759
v -0.188865 -0.407130 1.550481
vt 0.582383 0.813422
v -0.473174 -0.849725 0.496314
vt 0.941268 0.966972
v -0.333307 0.801515 0.431692
vt 0.203199 0.946167
v -0.326320 0.799606 0.411901
vt 0.205044 0.949504
v -0.334915 0.788060 0.411889
vt 0.202520 0.950666
v -0.917872 -0.177401 0.398503
vt 0.759734 0.642455
v -0.911461 -0.222093 0.403262
vt 0.760701 0.633450
v -0.924714 -0.144387 0.400744
vt 0.760230 0.649166
v -0.878169 -0.365449 0.421857
vt 0.763217 0.603936
v -0.876481 -0.364410 0.412677
vt 0.761424 0.604123
v -0.762049 -0.323909 0.931800
vt 0.215736 0.914350
v -0.745321 -0.290629 0.930255
vt 0.218397 0.908223
v -0.748810 -0.344929 0.916644
vt 0.219688 0.917978
v -0.212510 -0.830472 0.464973
vt 0.542328 0.908764
v -0.760137 0.309605 1.035015
vt 0.829191 0.041497
v -0.761725 0.317981 1.033367
vt 0.829049 0.043200
v -0.757621 0.295328 1.035273
vt 0.829009 0.038656
v -0.383476 -0.417726 1.399855
vt 0.829672 0.578917
v -0.384005 -0.373186 1.412602
vt 0.826992 0.570287
v -0.398963 -0.376869 1.401149
vt 0.830633 0.570482
v -0.397342 -0.836083 0.605356
vt 0.878955 0.754445
v -0.401217 -0.826470 0.623558
vt 0.875066 0.753601
v -0.430067 0.749691 0.401046
vt 0.129869 0.526603
v -0.441355 0.754305 0.407157
vt 0.129109 0.524180
v -0.426011 0.789333 0.423919
vt 0.136449 0.520799
v -0.702246 -0.446359 0.392036
vt 0.641995 0.563990
v -0.739094 -0.400129 0.389058
vt 0.641081 0.552734
v -0.694010 -0.434665 0.382377
vt 0.644952 0.563117
v -0.710231 -0.706845 0.582812
vt 0.294830 0.563376
v -0.774278 0.393055 0.942407
vt 0.864423 0.112131
v -0.781088 0.394158 0.976465
vt 0.863920 0.105558
v -0.768794 0.427591 0.936330
vt 0.870888 0.113342
v -0.835424 -0.334057 0.488825
vt 0.338626 0.212577
v -0.833982 -0.327866 0.496059
vt 0.337370 0.211245
v -0.843706 -0.284681 0.488763
vt 0.339685 0.202842
v -0.908886 -0.272790 0.598319
vt 0.106603 0.492898
v -0.914544 -0.269990 0.585249
vt 0.107123 0.495527
v -0.901522 -0.296606 0.601569
vt 0.101824 0.491744
v -0.587583 -0.042879 1.120311
vt 0.869286 0.554539
v -0.609084 -0.053648 1.100607
vt 0.864962 0.558621
v -0.610224 -0.055936 1.121350
vt 0.864379 0.554677
v -0.734452 0.346980 1.289337
vt 0.245671 0.797983
v -0.738737 0.403853 1.286768
vt 0.246373 0.787085
v -0.743611 0.350033 1.284404
vt 0.247549 0.797222
v 0.583122 0.705086 -0.001579
vt 0.923902 0.013425
v -0.584598 -0.018704 1.051534
vt 0.448579 0.966160
v -0.609129 -0.042515 1.060852
vt 0.449311 0.959600
v -0.575020 -0.009978 1.053223
vt 0.449311 0.968463
v -0.609129 -0.042515 1.060852
vt 0.024268 0.042831
v -0.563686 -0.015615 1.064420
vt 0.026362 0.032781
v -0.575020 -0.009978 1.053223
vt 0.028881 0.034979
v -0.665894 0.608930 1.067335
vt 0.751681 0.907849
v -0.649695 0.607392 1.031588
vt 0.759124 0.906915
v -0.662812 0.597802 1.030163
vt 0.758631 0.909856
v -0.595466 0.042851 1.166769
vt 0.260142 0.899444
v -0.578570 0.036035 1.160690
vt 0.260505 0.903067
v -0.566908 0.031009 1.168129
vt 0.258545 0.905125
v -0.690921 0.163988 0.953082
vt 0.966283 0.038371
v -0.684961 0.148193 0.957278
vt 0.962936 0.038625
v -0.686423 0.151080 0.962528
vt 0.963301 0.037526
v -0.740965 -0.488593 1.176123
vt 0.672204 0.905543
v -0.736153 -0.469460 1.195844
vt 0.668474 0.901627
v -0.754756 -0.455784 1.168786
vt 0.674801 0.898853
v -0.534364 0.798515 0.514572
vt 0.363758 0.064301
v -0.515203 0.810013 0.506997
vt 0.359752 0.062069
v -0.432949 0.834893 0.468321
vt 0.924183 0.511093
v -0.426410 0.823793 0.468338
vt 0.925369 0.508865
v -0.435909 0.813292 0.452071
vt 0.929380 0.510090
v -0.478664 0.785308 0.438084
vt 0.129045 0.513454
v -0.465243 0.800724 0.449168
vt 0.133348 0.512119
v -0.229560 -0.814237 0.430276
vt 0.546086 0.915982
v -0.703458 -0.171815 1.261202
vt 0.803388 0.832200
v -0.694142 -0.168941 1.267534
vt 0.802871 0.830062
v -0.686125 -0.141805 1.256821
vt 0.807740 0.828176
v -0.631220 -0.620153 1.037534
vt 0.378299 0.979665
v -0.618222 -0.616544 1.041908
vt 0.380008 0.977693
v -0.628744 -0.612554 1.039201
vt 0.379818 0.979891
v -0.899947 -0.218871 0.450898
vt 0.352515 0.189484
v -0.675127 -0.118322 0.975052
vt 0.297361 0.782567
v -0.669665 -0.106803 0.980142
vt 0.296720 0.779976
v -0.669785 -0.103894 0.975934
vt 0.297610 0.779603
v -0.652852 -0.579307 1.166398
vt 0.179701 0.885858
v -0.661354 -0.595186 1.131558
vt 0.186313 0.888397
v -0.634339 -0.592346 1.164882
vt 0.178622 0.890167
v -0.557032 -0.002592 1.062763
vt 0.027995 0.030946
v -0.575020 -0.009978 1.053223
vt 0.156818 0.357417
v -0.560625 0.018425 1.063380
vt 0.018040 0.299167
v -0.576730 0.022682 1.057314
vt 0.019722 0.296173
v -0.571505 0.010844 1.054993
vt 0.021004 0.298367
v -0.628742 0.089597 1.166022
vt 0.447397 0.365507
v -0.612372 0.072989 1.162165
vt 0.443752 0.362594
v -0.627016 0.066470 1.170369
vt 0.446674 0.360941
v -0.355024 0.410948 0.152197
vt 0.323344 0.941828
v -0.346960 0.422619 0.153287
vt 0.323461 0.939099
v -0.353979 0.411083 0.148310
vt 0.324096 0.941804
v -0.438849 -0.838477 0.522174
vt 0.921166 0.650777
v -0.453160 -0.855402 0.520941
vt 0.921396 0.646518
v -0.461135 -0.846662 0.500338
vt 0.925855 0.646756
v -0.328515 0.004060 1.257993
vt 0.488165 0.982842
v -0.333366 0.008489 1.255582
vt 0.489250 0.983689
v -0.333452 -0.000295 1.254950
vt 0.487557 0.984051
v -0.333366 0.008489 1.255582
vt 0.797219 0.932171
v -0.334952 0.005095 1.248729
vt 0.796776 0.933632
v -0.333452 -0.000295 1.254950
vt 0.795742 0.932571
v -0.337106 0.000338 1.247538
vt 0.795824 0.934067
v 0.623343 -0.640518 0.156964
vt 0.163524 0.733548
v 0.645148 -0.552024 0.257757
vt 0.174597 0.757491
v 0.543422 -0.685123 0.185144
vt 0.146600 0.737302
v -0.396695 -0.841359 0.590912
vt 0.881891 0.754485
v -0.474819 -0.053532 0.126125
vt 0.547931 0.438581
v -0.470305 -0.055036 0.120697
vt 0.546582 0.438194
v -0.467267 -0.093144 0.124325
vt 0.547134 0.430723
v -0.705437 0.557319 1.025966
vt 0.775572 0.981014
v -0.691953 0.569188 1.026585
vt 0.775676 0.977693
v -0.715178 0.548933 1.024626
vt 0.775676 0.983395
v -0.804349 -0.517046 0.457959
vt 0.339240 0.249464
v -0.812343 -0.491601 0.466269
vt 0.339037 0.244122
v -0.828720 -0.472641 0.456612
vt 0.342571 0.240237
v -0.884687 0.383817 0.546207
vt 0.467110 0.073597
v -0.479234 0.653547 1.074981
vt 0.900231 0.959600
v -0.517531 0.651934 1.062818
vt 0.900231 0.967192
v -0.511429 0.651208 1.068920
vt 0.899445 0.965792
v -0.573388 0.665491 1.144469
vt 0.961222 0.291834
v -0.538332 0.674754 1.126589
vt 0.968944 0.292216
v -0.570326 0.666828 1.138017
vt 0.962296 0.292710
v -0.724306 0.570562 1.206449
vt 0.937573 0.912952
v -0.911735 0.252476 0.537562
vt 0.333476 0.030130
v -0.923189 0.140493 0.527086
vt 0.354280 0.031098
v -0.923292 0.186408 0.537285
vt 0.345569 0.032165
v -0.320116 0.831552 0.469879
vt 0.599418 0.937546
v -0.321558 0.823600 0.448800
vt 0.599757 0.941892
v -0.323374 0.829756 0.463946
vt 0.598944 0.938791
v -0.163144 -0.820652 0.424683
vt 0.960709 0.275196
v -0.153420 -0.830279 0.444309
vt 0.956360 0.274641
v -0.168334 -0.827390 0.453176
vt 0.956736 0.271189
v -0.669742 0.105667 0.976524
vt 0.175489 0.384399
v -0.664154 0.067014 0.986510
vt 0.168657 0.381018
v -0.663053 0.078462 0.990002
vt 0.170983 0.380750
v -0.316848 -0.774417 0.393956
vt 0.934977 0.794864
v -0.326978 -0.771651 0.391151
vt 0.935710 0.792945
v -0.313967 -0.757088 0.376847
vt 0.939599 0.795505
v -0.115869 0.843546 0.559184
vt 0.548678 0.768766
v -0.147408 0.839057 0.506465
vt 0.557256 0.760529
v -0.135650 0.837713 0.581728
vt 0.551392 0.774048
v 0.854964 0.039112 0.327289
vt 0.411833 0.704985
v 0.880183 0.019567 0.288735
vt 0.407666 0.696326
v 0.846855 0.125021 0.317616
vt 0.428146 0.703214
v 0.939656 0.143947 0.002025
vt 0.769882 0.882794
v 0.936024 0.151152 -0.000285
vt 0.769211 0.881347
v 0.932660 0.183348 0.001857
vt 0.769669 0.875196
v -0.754965 -0.472277 0.935768
vt 0.051267 0.813463
v -0.150509 0.711847 -0.000445
vt 0.925208 0.569096
v -0.122038 0.729525 -0.000358
vt 0.931702 0.569038
v -0.107325 0.735877 -0.002143
vt 0.934772 0.569573
v -0.227233 0.121557 1.512897
vt 0.042588 0.893734
v -0.268936 0.149008 1.513294
vt 0.051596 0.897360
v -0.261364 0.126332 1.505211
vt 0.046983 0.899010
v -0.475520 0.827329 0.591467
vt 0.100459 0.940277
v -0.466409 0.836560 0.567130
vt 0.102442 0.945098
v -0.474302 0.840698 0.567724
vt 0.100762 0.945451
v -0.665968 -0.090053 0.982381
vt 0.296762 0.776732
v -0.669785 -0.103894 0.975934
vt 0.135929 0.377754
v -0.665968 -0.090053 0.982381
vt 0.138835 0.376791
v -0.670038 -0.076879 0.978927
vt 0.141177 0.378236
v -0.665711 -0.080512 0.996961
vt 0.294212 0.774703
v -0.664435 -0.072427 0.987212
vt 0.296318 0.773469
v -0.157509 0.588457 0.201049
vt 0.139800 0.596441
v -0.161794 0.604337 0.210897
vt 0.141631 0.593393
v -0.157603 0.609008 0.209599
vt 0.142782 0.593691
v -0.584598 -0.018704 1.051534
vt 0.979921 0.382645
v -0.575020 -0.009978 1.053223
vt 0.978227 0.380987
v -0.592146 -0.014875 1.037327
vt 0.982741 0.380987
v -0.590227 0.729996 0.687453
vt 0.467883 0.596583
v -0.619364 0.739752 0.632844
vt 0.457608 0.602637
v -0.644132 0.724238 0.632286
vt 0.453503 0.598917
v -0.231397 0.811899 0.424626
vt 0.166756 0.539548
v -0.215118 0.827241 0.444535
vt 0.171772 0.537214
v -0.218995 0.814305 0.420053
vt 0.168645 0.541356
v -0.577023 -0.630634 1.052053
vt 0.195405 0.909781
v -0.594996 -0.625532 1.047020
vt 0.197494 0.906812
v -0.559248 -0.636164 1.054845
vt 0.193735 0.912902
v -0.322079 0.004093 1.268865
vt 0.090229 0.966146
v -0.328515 0.004060 1.257993
vt 0.090267 0.968455
v -0.325322 -0.000924 1.268736
vt 0.089092 0.966509
v -0.757596 0.257563 0.840378
vt 0.197967 0.419983
v -0.780669 0.048883 0.831675
vt 0.158336 0.417545
v -0.746350 0.132353 0.884965
vt 0.176500 0.408218
v -0.776972 0.631779 0.576558
vt 0.540744 0.040690
v -0.775851 0.626946 0.565648
vt 0.542806 0.041543
v -0.796895 0.589158 0.560107
vt 0.543413 0.050060
v 0.297105 0.838633 0.731081
vt 0.768928 0.455360
v 0.310876 0.844234 0.660416
vt 0.758962 0.464937
v -0.694489 0.600803 1.190490
vt 0.646051 0.963845
v -0.710174 0.587228 1.200957
vt 0.646687 0.959600
v -0.679797 0.615241 1.186827
vt 0.646687 0.967712
v 0.293206 0.812360 0.108257
vt 0.023920 0.337805
v 0.257785 0.802643 0.155586
vt 0.017934 0.328984
v 0.319495 0.800748 0.132469
vt 0.029481 0.333098
v -0.741668 -0.615278 0.444933
vt 0.375032 0.154649
v -0.724479 -0.634700 0.438801
vt 0.373615 0.149906
v -0.433591 -0.219109 0.130836
vt 0.545818 0.405132
v -0.435584 -0.213850 0.133786
vt 0.546485 0.406172
v -0.439863 -0.199984 0.128385
vt 0.545873 0.409090
v -0.448893 -0.350236 1.397687
vt 0.392844 0.904352
v -0.407600 -0.280884 1.400200
vt 0.378349 0.910710
v -0.488201 -0.308098 1.388780
vt 0.385472 0.895642
v -0.449050 0.808146 0.439875
vt 0.932377 0.512179
v -0.460368 0.800032 0.431765
vt 0.935211 0.513381
v -0.452189 0.819534 0.445675
vt 0.930257 0.513561
v -0.511019 -0.834024 0.484273
vt 0.896823 0.501380
v 0.141038 0.794970 0.309856
vt 0.685068 0.481597
v 0.152080 0.831447 0.371004
vt 0.695266 0.474201
v 0.182974 0.819500 0.354729
vt 0.696330 0.481362
v -0.706321 0.269337 0.909724
vt 0.613919 0.036321
v -0.709063 0.298756 0.906629
vt 0.615374 0.041933
v -0.708443 0.295685 0.895081
vt 0.613312 0.042192
v -0.401780 0.712377 0.861755
vt 0.516615 0.586695
v -0.503200 0.668404 0.892872
vt 0.502918 0.569143
v -0.437528 0.686032 0.911195
vt 0.515606 0.574095
v -0.734998 0.295939 1.195736
vt 0.871807 0.645559
v -0.736370 0.344628 1.195212
vt 0.881075 0.646215
v -0.733606 0.294792 1.193207
vt 0.871548 0.646103
v -0.849784 -0.241085 0.488362
vt 0.430415 0.023650
v -0.927866 -0.204768 0.583963
vt 0.120089 0.496686
v -0.664435 -0.072427 0.987212
vt 0.142390 0.376476
v -0.611005 -0.026483 1.023451
vt 0.152478 0.365814
v -0.592146 -0.014875 1.037327
vt 0.155224 0.361751
v -0.654674 -0.609564 1.076181
vt 0.195890 0.894301
v -0.640968 -0.614455 1.100125
vt 0.190542 0.895466
v -0.671329 -0.598913 1.091872
vt 0.194177 0.889681
v -0.609848 0.613081 0.853451
vt 0.463424 0.750876
v -0.611117 0.612623 0.879335
vt 0.464927 0.755660
v -0.579583 0.632257 0.876945
vt 0.458080 0.757012
v -0.411114 -0.850785 0.532575
vt 0.413703 0.982184
v -0.403367 -0.848150 0.536689
vt 0.412673 0.980726
v -0.399363 -0.851122 0.552816
vt 0.413703 0.977693
v -0.513261 0.335745 1.380913
vt 0.443514 0.876738
v -0.623555 0.374934 1.340965
vt 0.421256 0.882724
v -0.628031 0.312520 1.334525
vt 0.421637 0.870574
v -0.582024 -0.620559 1.142001
vt 0.735960 0.028511
v -0.473325 0.852182 0.490601
vt 0.978227 0.710916
v -0.472369 0.848982 0.485721
vt 0.979213 0.710288
v -0.481876 0.841082 0.475400
vt 0.982152 0.710916
v 0.387076 -0.706926 0.943814
vt 0.619093 0.150619
v 0.404996 -0.674974 0.970238
vt 0.627340 0.153585
v 0.304146 -0.694513 1.051616
vt 0.619025 0.176505
v -0.709361 0.604249 1.011775
vt 0.876455 0.342339
v -0.684948 0.620560 1.009489
vt 0.871079 0.340336
v -0.715960 0.596787 1.005811
vt 0.878605 0.341723
v -0.432921 -0.795235 0.652247
vt 0.614129 0.937305
v -0.427924 -0.801186 0.635368
vt 0.612613 0.940520
v -0.436092 -0.782217 0.676763
vt 0.615283 0.932171
v -0.706811 0.069195 0.953010
vt 0.167704 0.391419
v -0.719690 0.080681 0.935689
vt 0.169098 0.395919
v -0.708361 0.035246 0.952500
vt 0.161286 0.390605
v -0.236263 -0.813509 0.440065
vt 0.547462 0.914261
v -0.438926 0.000876 1.098385
vt 0.779199 0.966037
v -0.343570 -0.770487 0.402529
vt 0.660236 0.655945
v -0.705542 0.571002 1.089839
vt 0.926050 0.813828
v -0.735299 0.543304 1.115106
vt 0.920678 0.820746
v -0.698962 0.567651 1.129294
vt 0.918368 0.812248
v 0.581355 -0.569058 0.288319
vt 0.162347 0.763662
v 0.576104 -0.567334 0.293415
vt 0.161572 0.764897
v 0.560213 -0.583775 0.288064
vt 0.157563 0.763136
v -0.894296 -0.283664 0.403994
vt 0.760237 0.620690
v -0.896389 -0.287342 0.408094
vt 0.761212 0.620047
v -0.898987 -0.271957 0.404303
vt 0.760536 0.623180
v -0.152454 0.617832 0.215893
vt 0.982723 0.400603
v -0.152526 0.626038 0.219829
vt 0.981658 0.401886
v -0.147141 0.625588 0.214694
vt 0.981017 0.400603
v -0.853669 -0.214323 0.491268
vt 0.425136 0.024090
v -0.858460 -0.181544 0.490749
vt 0.418638 0.023923
v -0.700810 0.172589 1.050390
vt 0.980123 0.103478
v -0.692821 0.158112 1.053517
vt 0.983282 0.103728
v -0.707328 0.180189 1.048934
vt 0.978227 0.103728
v -0.908889 -0.234310 0.603162
vt 0.114059 0.491749
v 0.384753 0.773529 0.382698
vt 0.724113 0.511223
v 0.347743 0.782202 0.379801
vt 0.719371 0.505483
v 0.377643 0.793810 0.419207
vt 0.728728 0.504852
v -0.660909 -0.072046 0.996866
vt 0.294484 0.772828
v -0.651388 -0.052509 0.998333
vt 0.294779 0.768598
v -0.646190 -0.053826 1.005080
vt 0.293468 0.768169
v -0.619164 -0.036549 1.024102
vt 0.290401 0.762262
v -0.621544 -0.034201 1.018104
vt 0.291610 0.762238
v -0.621544 -0.034201 1.018104
vt 0.385810 0.941838
v -0.619164 -0.036549 1.024102
vt 0.384714 0.940981
v -0.611005 -0.026483 1.023451
vt 0.386420 0.939341
v -0.648199 0.075065 1.180155
vt 0.260189 0.887164
v -0.597463 0.056752 1.218457
vt 0.250575 0.895485
v -0.743123 -0.232607 1.072069
vt 0.850094 0.399565
v -0.724431 -0.207063 1.045149
vt 0.855920 0.394058
v 0.522915 -0.672967 0.349876
vt 0.931051 0.055646
v 0.515666 -0.691860 0.371819
vt 0.926646 0.052624
v 0.513436 -0.666832 0.328122
vt 0.935588 0.054726
v 0.617100 -0.485089 0.897607
vt 0.278502 0.423490
v 0.657662 -0.405779 0.893638
vt 0.276096 0.406310
v 0.573915 -0.448131 0.986084
vt 0.298321 0.418958
v -0.619887 -0.602877 0.890523
vt 0.286708 0.626208
v -0.603696 -0.614587 0.900420
vt 0.290278 0.628844
v -0.293783 -0.680323 0.336632
vt 0.680291 0.647741
v -0.220455 -0.721694 0.327845
vt 0.687016 0.662743
v -0.236593 -0.724237 0.336477
vt 0.683885 0.661287
v 0.042868 0.793086 0.305710
vt 0.198481 0.587343
v -0.027236 0.766082 0.289348
vt 0.184512 0.584328
v -0.062918 0.785401 0.322156
vt 0.183220 0.574333
v -0.854507 -0.214827 0.484073
vt 0.956360 0.180672
v -0.858460 -0.181544 0.490749
vt 0.962956 0.179550
v -0.859290 -0.170048 0.484807
vt 0.965294 0.180672
v -0.739044 -0.187579 0.978787
vt 0.213262 0.887466
v -0.512223 -0.786260 0.621350
vt 0.334201 0.578998
v -0.498428 -0.806303 0.600788
vt 0.339404 0.575647
v -0.495078 -0.778006 0.652480
vt 0.334919 0.585674
v -0.646190 -0.053826 1.005080
vt 0.384281 0.947740
v -0.651388 -0.052509 0.998333
vt 0.385227 0.949199
v 0.116776 -0.814372 0.004884
vt 0.962754 0.619941
v 0.090788 -0.809439 0.003906
vt 0.967710 0.620197
v 0.150496 -0.818600 0.003983
vt 0.956360 0.620197
v -0.609293 0.031648 1.024444
vt 0.163481 0.367317
v -0.608505 0.024748 1.023224
vt 0.162113 0.367162
v -0.645906 0.067250 1.043414
vt 0.621578 0.880230
v -0.664408 0.082857 1.030672
vt 0.619689 0.885194
v -0.142452 -0.836323 0.538724
vt 0.778003 0.894471
v -0.159865 -0.835967 0.517547
vt 0.780690 0.899005
v -0.162168 -0.833806 0.486411
vt 0.780271 0.905153
v -0.363543 0.823339 0.626729
vt 0.961592 0.066412
v -0.366608 0.810448 0.651155
vt 0.956360 0.065917
v -0.354066 0.819651 0.624946
vt 0.961929 0.064461
v 0.421266 0.784581 0.453239
vt 0.739214 0.508151
v 0.415269 0.768373 0.406905
vt 0.731483 0.513406
v -0.481207 0.802500 0.443994
vt 0.675463 0.965495
v -0.488212 0.794801 0.440307
vt 0.675198 0.967623
v -0.424857 -0.262679 0.142581
vt 0.547275 0.396245
v -0.415981 -0.270316 0.136994
vt 0.545526 0.394507
v -0.474108 0.811443 0.469047
vt 0.932854 0.475848
v -0.482059 0.803623 0.461616
vt 0.935426 0.475822
v -0.480070 0.835622 0.472020
vt 0.930553 0.480120
v -0.163926 0.578443 0.196937
vt 0.137441 0.597094
v -0.179429 0.571723 0.191794
vt 0.134199 0.596706
v -0.204581 0.570621 0.198528
vt 0.130768 0.593143
v -0.734313 0.577709 1.008260
vt 0.883527 0.342891
v -0.746200 0.560742 1.001197
vt 0.887710 0.342087
v -0.480760 0.018410 1.143625
vt 0.742611 0.947279
v -0.033484 -0.214274 1.545180
vt 0.697643 0.219994
v -0.029259 -0.178746 1.533277
vt 0.692571 0.225072
v -0.922085 -0.160808 0.420374
vt 0.763717 0.645716
v -0.906114 -0.246499 0.434467
vt 0.766109 0.628239
v -0.861689 -0.148766 0.487780
vt 0.969518 0.180195
v -0.456841 -0.830251 0.576996
vt 0.883655 0.915958
v -0.460506 -0.829606 0.574611
vt 0.883990 0.915185
v -0.460156 -0.842888 0.546515
vt 0.889962 0.915407
v -0.415799 -0.668788 1.090200
vt 0.131806 0.959600
v -0.455096 0.148787 0.122998
vt 0.878300 0.905598
v -0.709054 -0.536646 1.257836
vt 0.206191 0.841148
v -0.685650 -0.549973 1.263021
vt 0.203204 0.836854
v -0.679897 0.602173 0.974306
vt 0.874399 0.333444
v -0.708531 0.572589 0.968267
vt 0.882485 0.333842
v -0.367997 0.814462 0.433826
vt 0.896711 0.577277
v -0.365706 0.837906 0.510555
vt 0.881480 0.575417
v -0.358863 0.849693 0.531123
vt 0.877138 0.573436
v -0.415227 0.307689 0.124556
vt 0.495896 0.319722
v -0.443048 0.246668 0.106905
vt 0.503411 0.330489
v -0.447289 0.211885 0.114740
vt 0.503505 0.336964
v -0.739225 -0.208366 0.961031
vt 0.215392 0.892365
v -0.363315 0.819361 0.436282
vt 0.963189 0.432981
v -0.367997 0.814462 0.433826
vt 0.964451 0.433620
v -0.359608 0.837637 0.469656
vt 0.956360 0.435319
v -0.776291 0.457676 1.227583
vt 0.927108 0.724490
v -0.142383 -0.633299 0.225114
vt 0.051329 0.959600
v -0.779199 -0.405362 1.239865
vt 0.829904 0.653826
v -0.784923 -0.384793 1.232432
vt 0.831790 0.649943
v -0.778508 -0.433443 1.234364
vt 0.830539 0.659371
v -0.451374 0.860806 0.539340
vt 0.886414 0.294213
v -0.461898 0.861720 0.515329
vt 0.891177 0.294857
v -0.459912 0.849014 0.538017
vt 0.886780 0.297001
v -0.866499 -0.149492 0.478367
vt 0.344107 0.176446
v -0.859290 -0.170048 0.484807
vt 0.342234 0.180447
v -0.861689 -0.148766 0.487780
vt 0.342096 0.176209
v -0.540466 0.031470 1.076933
vt 0.012890 0.300780
v -0.516495 0.020555 1.075066
vt 0.012138 0.305857
v -0.738964 0.183934 0.992298
vt 0.615556 0.909040
v -0.721247 0.152181 1.027374
vt 0.621374 0.901952
v -0.728129 0.164587 1.035587
vt 0.623349 0.904221
v -0.728371 0.151308 1.200805
vt 0.260505 0.865483
v -0.704403 0.121563 1.195743
vt 0.260123 0.872684
v -0.732885 0.157374 1.205546
vt 0.259863 0.863920
v -0.389721 -0.809174 0.635646
vt 0.958304 0.751891
v -0.381804 -0.816342 0.615192
vt 0.962573 0.752795
v -0.390343 -0.804715 0.644884
vt 0.956360 0.752095
v -0.847533 -0.276511 0.483808
vt 0.340907 0.201284
v -0.478607 0.759138 0.416899
vt 0.487389 0.968130
v -0.497784 0.719722 0.403217
vt 0.487389 0.959600
v -0.499551 0.733654 0.409693
vt 0.488975 0.961900
v -0.869424 -0.082225 0.483689
vt 0.925429 0.622963
v -0.872580 -0.070274 0.488804
vt 0.927719 0.621723
v -0.873077 -0.047344 0.484032
vt 0.932277 0.622403
v -0.203277 -0.564014 0.191492
vt 0.604662 0.965612
v -0.204571 -0.572526 0.184496
vt 0.602584 0.966011
v -0.191183 -0.567559 0.191029
vt 0.603964 0.963320
v -0.908016 -0.222670 0.400087
vt 0.759832 0.633197
v -0.865933 -0.122612 0.482142
vt 0.343465 0.171200
v -0.865705 -0.117498 0.488653
vt 0.342473 0.170058
v -0.708630 -0.032129 0.952569
vt 0.148582 0.388466
v -0.729983 -0.045563 0.909959
vt 0.144070 0.396834
v -0.721993 -0.075325 0.932933
vt 0.139548 0.391598
v -0.514120 -0.770859 0.499474
vt 0.869192 0.733974
v -0.541434 -0.738916 0.502977
vt 0.877197 0.733320
v -0.520244 -0.792714 0.499390
vt 0.867099 0.737782
v -0.697818 -0.032884 0.965101
vt 0.148988 0.385256
v -0.702694 0.009816 0.959776
vt 0.156812 0.388019
v -0.658913 0.074561 0.996493
vt 0.170542 0.379167
v -0.667497 0.090259 0.994204
vt 0.173452 0.381126
v -0.704403 0.121563 1.195743
vt 0.870931 0.486940
v -0.698588 0.171821 1.181267
vt 0.991481 0.401425
v -0.697215 0.171468 1.178692
vt 0.991764 0.400959
v -0.690645 0.163266 1.179133
vt 0.993732 0.401425
v -0.076531 0.471013 1.519579
vt 0.408334 0.517315
v -0.039300 0.498764 1.490937
vt 0.398095 0.517771
v -0.424007 -0.801407 0.635190
vt 0.871353 0.747877
v -0.406192 -0.805268 0.654659
vt 0.868292 0.751923
v -0.426286 -0.785226 0.671125
vt 0.863920 0.747353
v -0.587281 0.504660 1.318549
vt 0.425769 0.909005
v -0.611683 0.460586 1.330879
vt 0.421873 0.899772
v -0.491965 0.443675 1.370175
vt 0.445526 0.898318
v -0.481584 0.801983 0.616913
vt 0.478760 0.623203
v -0.496631 0.801390 0.609711
vt 0.475536 0.622861
v -0.487849 0.780330 0.653530
vt 0.481422 0.615307
v -0.410184 0.070355 1.269451
vt 0.321188 0.831214
v -0.420749 0.091911 1.288067
vt 0.322040 0.825649
v -0.421304 0.072582 1.267644
vt 0.323342 0.830690
v 0.247918 0.859187 0.504661
vt 0.726656 0.471944
v 0.287372 0.854585 0.553370
vt 0.738935 0.472701
v -0.459992 0.128698 0.122476
vt 0.882219 0.905889
v -0.465135 0.095231 0.116088
vt 0.888567 0.905296
v -0.467606 0.083754 0.122099
vt 0.890667 0.906693
v -0.461909 0.818534 0.592271
vt 0.103385 0.939193
v -0.460530 0.827234 0.579715
vt 0.103592 0.942138
v -0.511019 -0.834024 0.484273
vt 0.373005 0.092427
v -0.469114 0.677829 1.110225
vt 0.810690 0.482343
v -0.500303 0.677341 1.114065
vt 0.807594 0.477385
v -0.538332 0.674754 1.126589
vt 0.805076 0.470499
v -0.776641 0.448838 0.689277
vt 0.613682 0.772708
v -0.711956 0.595325 0.681183
vt 0.614922 0.804591
v -0.794476 0.457794 0.660631
vt 0.607816 0.773165
v -0.930322 0.120841 0.591073
vt 0.182683 0.492306
v -0.920315 0.189148 0.597708
vt 0.195514 0.489285
v -0.412119 -0.820325 0.473905
vt 0.981573 0.942500
v -0.404283 -0.828559 0.488099
vt 0.978227 0.942941
v -0.414764 -0.827013 0.492183
vt 0.978227 0.940743
v -0.747571 0.243132 1.109324
vt 0.025706 0.733022
v -0.767538 0.275591 1.084067
vt 0.031461 0.727034
v -0.746754 0.242511 1.079555
vt 0.031431 0.734163
v -0.663053 0.078462 0.990002
vt 0.624501 0.977693
v -0.667497 0.090259 0.994204
vt 0.626256 0.979613
v -0.669742 0.105667 0.976524
vt 0.624501 0.983682
v -0.509971 0.828052 0.505545
vt 0.940022 0.202972
v -0.518748 0.823802 0.516972
vt 0.938053 0.204774
v -0.697215 0.171468 1.178692
vt 0.993415 0.556356
v -0.698588 0.171821 1.181267
vt 0.993086 0.556810
v -0.701718 0.179984 1.181895
vt 0.991481 0.556356
v -0.298034 0.010211 1.326794
vt 0.637090 0.881305
v -0.323166 0.010016 1.274925
vt 0.635714 0.892291
v -0.307210 0.004016 1.291606
vt 0.634450 0.887842
v -0.762098 0.374106 1.144562
vt 0.100356 0.884313
v -0.758615 0.314381 1.160406
vt 0.097914 0.895600
v -0.751758 0.368611 1.172024
vt 0.094975 0.885133
v -0.255399 0.007245 1.362840
vt 0.634264 0.871418
v -0.253867 0.004451 1.353784
vt 0.632926 0.872722
v -0.241156 0.004305 1.361600
vt 0.631887 0.870306
v -0.672979 -0.270833 1.297506
vt 0.968285 0.443319
v -0.689162 -0.310983 1.294567
vt 0.960025 0.445146
v -0.683055 -0.330677 1.298264
vt 0.956360 0.443319
v -0.771775 -0.511442 1.005482
vt 0.036596 0.819514
v -0.753795 -0.542499 1.002212
vt 0.037784 0.826329
v 0.615779 -0.635790 0.477838
vt 0.771335 0.762571
v -0.073307 -0.419505 1.540392
vt 0.724405 0.189043
v -0.071248 -0.388830 1.549193
vt 0.720005 0.192984
v -0.111565 -0.413153 1.550232
vt 0.718866 0.183802
v -0.438566 -0.756007 0.415574
vt 0.649264 0.641805
v -0.401433 0.047700 1.240348
vt 0.321298 0.837816
v -0.738964 0.183934 0.992298
vt 0.833690 0.236901
v -0.729718 0.176148 0.977373
vt 0.830081 0.235891
v -0.719425 0.150919 0.996171
vt 0.831502 0.230024
v -0.842007 0.517904 0.598339
vt 0.535061 0.066077
v -0.854848 0.497474 0.584196
vt 0.537570 0.070941
v -0.724479 -0.634700 0.438801
vt 0.220823 0.611062
v -0.702153 -0.664395 0.453027
vt 0.222833 0.603941
v -0.741668 -0.615278 0.444933
vt 0.222539 0.615883
v -0.830607 0.351104 0.496996
vt 0.005669 0.043926
v -0.833853 0.334651 0.492426
vt 0.006450 0.047125
v -0.837080 0.331110 0.498010
vt 0.005334 0.048016
v -0.174661 -0.587016 0.187856
vt 0.443819 0.980702
v -0.192683 -0.602964 0.190801
vt 0.440513 0.984045
v -0.162785 -0.603435 0.201064
vt 0.440513 0.977693
v -0.620037 -0.750031 0.626853
vt 0.013599 0.909916
v -0.558587 -0.172112 1.323293
vt 0.359788 0.878596
v -0.605435 -0.171510 1.304371
vt 0.360559 0.869444
v -0.752922 0.598964 0.431783
vt 0.005216 0.490266
v -0.728371 0.151308 1.200805
vt 0.932142 0.551902
v -0.727295 0.156086 1.197608
vt 0.931602 0.550898
v -0.691323 0.111721 1.188668
vt 0.942446 0.550904
v -0.877202 -0.003155 0.488239
vt 0.940837 0.621088
v -0.650280 0.633845 1.177699
vt 0.076438 0.938873
v -0.619006 0.649307 1.163779
vt 0.076438 0.946057
v -0.641373 0.637990 1.167756
vt 0.075356 0.941333
v -0.808165 -0.407586 0.495133
vt 0.464257 0.023650
v -0.384947 -0.427186 0.072119
vt 0.674759 0.701344
v -0.384572 -0.455274 0.003114
vt 0.672084 0.715183
v -0.322626 -0.522404 0.090824
vt 0.654197 0.699071
v -0.505655 0.664021 0.908361
vt 0.444601 0.766819
v -0.507440 0.661422 0.932141
vt 0.446212 0.771141
v -0.426275 0.681292 0.951604
vt 0.431511 0.778779
v -0.779087 0.278067 1.024666
vt 0.236310 0.760103
v -0.796116 0.349097 1.013721
vt 0.250956 0.761080
v -0.788665 0.299599 1.018350
vt 0.241010 0.761401
v -0.709212 0.199150 1.184098
vt 0.738804 0.963546
v -0.701718 0.179984 1.181895
vt 0.738964 0.967497
v -0.710838 0.200945 1.185813
vt 0.738461 0.963095
v -0.457203 -0.814044 0.469140
vt 0.993914 0.328766
v -0.448808 -0.819350 0.473336
vt 0.992714 0.330291
v -0.455845 -0.825814 0.474772
vt 0.991481 0.328766
v -0.036866 -0.833116 0.405822
vt 0.086491 0.644613
v -0.063687 -0.812753 0.372139
vt 0.081777 0.636658
v -0.016760 -0.814258 0.358251
vt 0.090643 0.635183
v -0.491665 0.488315 0.290577
vt 0.083059 0.555237
v -0.498119 0.465731 0.279282
vt 0.078791 0.557851
v 0.639491 -0.663829 0.002529
vt 0.932725 0.754387
v 0.656252 -0.651981 0.004522
vt 0.928869 0.753841
v 0.610197 -0.687468 0.003086
vt 0.939777 0.754475
v 0.252432 -0.829789 0.410570
vt 0.142079 0.648637
v 0.174520 -0.813468 0.352502
vt 0.127301 0.636571
v 0.181974 -0.785087 0.307519
vt 0.129336 0.626359
v -0.146742 -0.624662 0.218560
vt 0.993581 0.456029
v -0.141135 -0.634481 0.219489
vt 0.991482 0.456708
v -0.142383 -0.633299 0.225114
vt 0.991482 0.455581
v -0.690693 0.418635 0.850549
vt 0.646718 0.772357
v -0.686258 0.439413 0.848866
vt 0.646710 0.776452
v -0.693636 0.426123 0.839589
vt 0.644586 0.773604
v -0.662536 0.569503 1.173852
vt 0.878358 0.393839
v -0.659222 0.575413 1.172071
vt 0.879568 0.394091
v -0.665011 0.573481 1.167512
vt 0.878835 0.395300
v -0.632371 -0.053058 1.052683
vt 0.024605 0.047983
v -0.654259 -0.078741 1.058215
vt 0.021031 0.053227
v 0.319850 0.624973 1.117750
vt 0.295673 0.532878
v 0.257284 0.645614 1.154970
vt 0.306604 0.523652
v 0.293788 0.614369 1.163706
vt 0.305861 0.533065
v -0.715715 0.558417 0.955836
vt 0.898232 0.109368
v -0.733102 0.532983 0.960253
vt 0.892254 0.108602
v -0.708531 0.572589 0.968267
vt 0.901303 0.106916
v -0.927134 -0.115337 0.396074
vt 0.759163 0.654947
v -0.927225 -0.116332 0.420237
vt 0.763453 0.654585
v -0.931541 -0.075228 0.394675
vt 0.758678 0.662944
v -0.080743 -0.712062 0.219362
vt 0.593687 0.676480
v -0.118007 -0.691348 0.205508
vt 0.602040 0.678945
v -0.097392 -0.711459 0.196965
vt 0.596580 0.680865
v 0.168197 -0.754688 0.264000
vt 0.074682 0.760747
v 0.120063 -0.752902 0.265289
vt 0.065954 0.763451
v 0.168608 -0.706731 1.092970
vt 0.602955 0.199267
v 0.157785 -0.702988 1.104428
vt 0.602923 0.202431
v 0.129721 -0.714447 1.079836
vt 0.595574 0.202282
v -0.433122 0.792298 0.435577
vt 0.136263 0.518114
v -0.417759 0.805557 0.434055
vt 0.140097 0.519003
v -0.670032 0.111749 0.978052
vt 0.176715 0.384418
v -0.677728 0.125833 0.964589
vt 0.178754 0.387776
v -0.670032 0.111749 0.978052
vt 0.978227 0.684018
v -0.673605 0.119462 0.975980
vt 0.979590 0.683273
v -0.677728 0.125833 0.964589
vt 0.982206 0.684018
v -0.673605 0.119462 0.975980
vt 0.178092 0.385428
v -0.678301 0.134164 0.965505
vt 0.180375 0.387990
v -0.851594 0.496729 0.565132
vt 0.541276 0.070983
v -0.815919 0.563343 0.570212
vt 0.541125 0.056152
v -0.713849 0.219227 1.186003
vt 0.738964 0.959600
v -0.502421 -0.812646 0.471215
vt 0.808083 0.942941
v -0.095133 -0.842179 0.484975
vt 0.315118 0.725124
v -0.094507 -0.845355 0.527387
vt 0.315454 0.716825
v -0.109344 -0.842441 0.478523
vt 0.317688 0.726474
v 0.336953 0.810395 -0.001107
vt 0.032266 0.358821
v 0.350898 0.808982 0.048160
vt 0.034867 0.349164
v 0.409593 0.791394 -0.000993
vt 0.046887 0.358608
v -0.702218 0.604031 0.504111
vt 0.922725 0.579762
v -0.690954 0.618818 0.503358
vt 0.918937 0.579525
v -0.714143 0.586912 0.501754
vt 0.927022 0.579375
v -0.622417 0.071889 1.093820
vt 0.023423 0.772468
v -0.645966 0.096351 1.119227
vt 0.019461 0.765198
v -0.648611 0.099765 1.087263
vt 0.025753 0.765410
v 0.443438 0.763477 0.439994
vt 0.740016 0.514234
v -0.876913 0.036095 0.476373
vt 0.925503 0.500158
v -0.877419 -0.003976 0.477312
vt 0.918368 0.500004
v -0.875338 0.047118 0.487970
vt 0.927536 0.497818
v -0.937032 0.085990 0.535283
vt 0.364116 0.034635
v -0.513373 0.760441 0.497582
vt 0.198404 0.965164
v -0.517124 0.755774 0.502533
vt 0.197405 0.966265
v -0.510812 0.765353 0.504605
vt 0.197088 0.964031
v -0.755353 0.213703 1.028623
vt 0.222599 0.759104
v -0.742087 0.189504 1.033098
vt 0.217187 0.757737
v -0.746903 0.204895 1.034207
vt 0.220409 0.757556
v -0.314079 -0.810443 0.446354
vt 0.004361 0.969693
v -0.311771 -0.815354 0.461203
vt 0.004000 0.966777
v -0.312348 -0.825648 0.497825
vt 0.004361 0.959600
v -0.001060 -0.120929 1.494162
vt 0.808453 0.367287
v -0.064404 -0.157613 1.534331
vt 0.819718 0.356386
v -0.029259 -0.178746 1.533277
vt 0.821789 0.364040
v 0.557958 -0.588182 0.285301
vt 0.156834 0.762357
v 0.547153 -0.596039 0.284780
vt 0.154362 0.761993
v -0.418604 0.610459 1.254423
vt 0.552710 0.520822
v -0.340475 0.597958 1.268128
vt 0.567253 0.524049
v -0.395184 0.634704 1.220590
vt 0.553181 0.530056
v 0.359588 -0.711404 0.275860
vt 0.541091 0.959600
v 0.346476 -0.715808 0.276300
vt 0.541493 0.962213
v 0.343736 -0.716116 0.272585
vt 0.540846 0.962805
v -0.753609 -0.285147 1.256106
vt 0.824563 0.631082
v -0.783222 -0.330569 1.233995
vt 0.831497 0.639575
v -0.760331 -0.344349 1.261262
vt 0.824509 0.642076
v -0.793040 0.529134 0.420002
vt 0.007764 0.505365
v -0.824422 0.487806 0.420622
vt 0.007357 0.515096
v -0.436436 -0.808886 0.453841
vt 0.246174 0.939491
v -0.440944 -0.829756 0.463467
vt 0.249090 0.936000
v -0.451083 -0.806569 0.443982
vt 0.248289 0.942139
v -0.158112 -0.595333 0.209159
vt 0.993955 0.284146
v -0.169580 -0.591437 0.212044
vt 0.991482 0.284146
v -0.158909 -0.585461 0.204994
vt 0.993275 0.282258
v -0.399453 0.850631 0.562030
vt 0.959862 0.321460
v -0.393023 0.850182 0.565925
vt 0.958812 0.320557
v -0.400408 0.853575 0.544746
vt 0.963067 0.320495
v -0.678301 0.134164 0.965505
vt 0.959733 0.038226
v -0.765149 0.233183 1.025209
vt 0.226904 0.760067
v -0.758032 0.222948 1.029979
vt 0.224519 0.758864
v -0.733300 0.234386 1.043504
vt 0.616501 0.979760
v -0.735513 0.235388 1.039834
vt 0.615785 0.980188
v -0.728719 0.224479 1.042246
vt 0.616189 0.977693
v -0.545335 0.769587 0.514018
vt 0.886189 0.831610
v -0.515203 0.810013 0.506997
vt 0.895466 0.828129
v -0.514736 0.769251 0.510503
vt 0.891228 0.834866
v -0.725309 0.256290 1.189981
vt 0.978227 0.231228
v -0.721383 0.241767 1.186611
vt 0.981163 0.231228
v -0.723086 0.242619 1.189669
vt 0.980800 0.231813
v -0.717154 0.232756 1.186655
vt 0.983031 0.231448
v -0.357533 0.829561 0.453355
vt 0.959366 0.433505
v -0.395268 0.847157 0.580071
vt 0.489354 0.640409
v -0.401330 0.835551 0.608733
vt 0.491206 0.634733
v -0.395108 0.837031 0.606523
vt 0.492025 0.635713
v -0.705508 -0.584325 1.200892
vt 0.863920 0.885944
v 0.590180 -0.560097 0.295103
vt 0.164628 0.765226
v 0.428760 -0.685878 0.280951
vt 0.958515 0.915785
v 0.405266 -0.695505 0.276595
vt 0.963468 0.916145
v 0.422873 -0.688224 0.275131
vt 0.959839 0.916783
v -0.745932 0.522844 1.131519
vt 0.874830 0.776438
v -0.761950 0.496061 1.122698
vt 0.880185 0.779881
v -0.751507 0.498773 1.148152
vt 0.875438 0.782152
v -0.461389 0.847903 0.493716
vt 0.924596 0.479120
v -0.472369 0.848982 0.485721
vt 0.926619 0.480816
v -0.838754 0.457746 0.451118
vt 0.356822 0.011945
v -0.823133 0.494106 0.443432
vt 0.349184 0.009914
v -0.839069 0.464697 0.438618
vt 0.355805 0.009390
v -0.705508 -0.584325 1.200892
vt 0.707513 0.871448
v -0.680138 -0.607040 1.191147
vt 0.707161 0.878401
v -0.713136 -0.570464 1.216150
vt 0.705507 0.867779
v -0.158496 -0.582674 0.197033
vt 0.981528 0.419787
v -0.158909 -0.585461 0.204994
vt 0.980360 0.418708
v -0.163588 -0.575871 0.197514
vt 0.982728 0.418708
v -0.352118 0.060151 1.362103
vt 0.652941 0.881901
v -0.360620 0.049551 1.325868
vt 0.649658 0.888377
v -0.331295 0.039016 1.356465
vt 0.647380 0.880231
v -0.567955 -0.789655 0.609227
vt 0.326073 0.574542
v -0.582478 -0.774169 0.623537
vt 0.321488 0.576676
v -0.573493 -0.790155 0.599546
vt 0.325583 0.572442
v -0.690921 0.163988 0.953082
vt 0.185472 0.392358
v -0.693964 0.168519 0.943915
vt 0.185889 0.394192
v -0.692634 0.153075 0.946736
vt 0.183108 0.393124
v -0.873117 0.054492 0.484079
vt 0.005938 0.099770
v 0.714280 -0.222588 0.876298
vt 0.273558 0.369266
v 0.705231 -0.318163 0.859551
vt 0.268585 0.387410
v 0.730741 -0.302259 0.815474
vt 0.259493 0.383156
v -0.684961 0.148193 0.957278
vt 0.182659 0.390475
v -0.693048 0.164186 0.958339
vt 0.966154 0.037269
v -0.696369 0.181785 0.948708
vt 0.970005 0.038149
v -0.739944 0.253538 1.040117
vt 0.616501 0.983746
v -0.769835 0.245121 1.219173
vt 0.260853 0.817827
v -0.774051 0.269832 1.225363
vt 0.260389 0.812851
v -0.775602 0.273848 1.221995
vt 0.261064 0.812114
v -0.199481 -0.838199 0.495764
vt 0.540075 0.902417
v -0.196169 -0.839094 0.510638
vt 0.539780 0.899433
v -0.507250 -0.832066 0.479206
vt 0.371726 0.092318
v -0.566606 0.644943 0.859862
vt 0.454233 0.754649
v -0.596538 0.626927 0.848493
vt 0.460039 0.750823
v 0.692168 -0.476851 0.286645
vt 0.817666 0.967388
v 0.689404 -0.448053 0.315234
vt 0.817666 0.959600
v 0.683031 -0.456439 0.311435
vt 0.819113 0.961106
v -0.558077 0.654683 1.201121
vt 0.881199 0.016740
v 0.643092 -0.516123 0.299216
vt 0.716334 0.903460
v 0.638194 -0.525195 0.304750
vt 0.717541 0.905295
v 0.627900 -0.532221 0.297607
vt 0.716235 0.907772
v -0.389013 -0.024748 1.217129
vt 0.833207 0.770285
v -0.386863 -0.038989 1.252036
vt 0.826041 0.768729
v -0.388153 -0.432051 1.389809
vt 0.832023 0.581554
v -0.104168 -0.675814 0.233671
vt 0.939326 0.776111
v -0.131448 -0.669984 0.236713
vt 0.935233 0.779777
v -0.116113 -0.663751 0.230706
vt 0.936068 0.776520
v -0.154955 -0.608093 0.210194
vt 0.980294 0.251716
v -0.152468 -0.615906 0.218184
vt 0.978227 0.251352
v -0.158154 -0.601859 0.212051
vt 0.981226 0.250646
v -0.158112 -0.595333 0.209159
vt 0.978227 0.418841
v -0.173525 -0.571521 0.194581
vt 0.964846 0.850875
v -0.184761 -0.569888 0.198657
vt 0.962810 0.851544
v -0.191183 -0.567559 0.191029
vt 0.961546 0.849978
v -0.202844 -0.565647 0.199212
vt 0.959387 0.851453
v -0.203277 -0.564014 0.191492
vt 0.959177 0.849941
v -0.537834 -0.020545 1.187157
vt 0.888823 0.027719
v -0.502153 -0.009329 1.172493
vt 0.896534 0.028829
v -0.464049 0.615118 0.351968
vt 0.105734 0.539953
v -0.469428 0.645006 0.370322
vt 0.109551 0.534526
v -0.454046 0.655166 0.361483
vt 0.112715 0.536722
v -0.383363 -0.837848 0.502303
vt 0.940826 0.419459
v -0.384899 -0.846444 0.526338
vt 0.936260 0.417637
v -0.389127 -0.842727 0.497570
vt 0.941829 0.418122
v 0.615426 -0.615278 0.426012
vt 0.768062 0.772717
v 0.628699 -0.592354 0.395937
vt 0.762956 0.778595
v 0.632973 -0.607543 0.443408
vt 0.764954 0.769300
v -0.862495 0.155142 0.482342
vt 0.007077 0.081204
v -0.861942 0.154598 0.487804
vt 0.005989 0.081220
v -0.416676 0.853420 0.518425
vt 0.484767 0.938211
v -0.403980 0.852473 0.531887
vt 0.485893 0.934758
v -0.859488 0.185532 0.491706
vt 0.005467 0.075567
v -0.294135 -0.493269 0.173861
vt 0.933958 0.346310
v -0.293489 -0.492341 0.168463
vt 0.934137 0.347326
v -0.285613 -0.502512 0.176844
vt 0.931514 0.346200
v -0.696369 0.181785 0.948708
vt 0.188650 0.394262
v -0.739944 0.253538 1.040117
vt 0.812293 0.977693
v -0.744177 0.263327 1.039301
vt 0.812567 0.979731
v -0.750565 0.272048 1.036645
vt 0.812274 0.981842
v -0.749139 0.271726 1.038686
vt 0.812680 0.981586
v 0.628015 0.627605 0.506730
vt 0.876597 0.720497
v 0.615344 0.638969 0.472328
vt 0.883443 0.723909
v 0.617058 0.643314 0.505163
vt 0.876680 0.724009
v -0.691330 -0.157294 1.180894
vt 0.830851 0.379693
v -0.694424 -0.160384 1.181730
vt 0.830612 0.380486
v -0.566751 -0.799135 0.556780
vt 0.329189 0.564400
v -0.553198 -0.804007 0.550521
vt 0.332135 0.563725
v -0.158496 -0.582674 0.197033
vt 0.860364 0.943691
v -0.163772 -0.585807 0.192210
vt 0.858851 0.943921
v -0.158056 -0.596582 0.202375
vt 0.859770 0.941030
v -0.865257 0.372310 0.460282
vt 0.346383 0.076665
v -0.865012 0.390013 0.453818
vt 0.347297 0.073435
v -0.881612 0.338386 0.450044
vt 0.350024 0.082958
v -0.738130 -0.397326 1.198759
vt 0.671769 0.947683
v -0.509731 -0.800948 0.502536
vt 0.061872 0.984290
v 0.660201 -0.491761 0.303701
vt 0.717106 0.977693
v 0.657761 -0.496038 0.304561
vt 0.717472 0.978590
v 0.652089 -0.505478 0.298746
vt 0.716825 0.980918
v 0.202681 -0.752791 0.269623
vt 0.960811 0.725426
v 0.168197 -0.754688 0.264000
vt 0.967274 0.726149
v 0.226827 -0.751383 0.267251
vt 0.956360 0.726149
v -0.878573 0.322469 0.457759
vt 0.348500 0.085910
v -0.890967 0.304581 0.446569
vt 0.351761 0.089264
v -0.093898 -0.682250 0.234815
vt 0.716559 0.670455
v -0.091962 -0.690176 0.239986
vt 0.715536 0.671998
v -0.104168 -0.675814 0.233671
vt 0.716025 0.668165
v -0.101880 -0.676863 0.229529
vt 0.958399 0.462762
v -0.104168 -0.675814 0.233671
vt 0.958715 0.461886
v -0.116113 -0.663751 0.230706
vt 0.961997 0.461763
v -0.115946 -0.663845 0.223524
vt 0.962234 0.463136
v -0.120226 -0.656297 0.228390
vt 0.963523 0.461856
v -0.120226 -0.656297 0.228390
vt 0.798820 0.961246
v -0.116113 -0.663751 0.230706
vt 0.799139 0.959600
v -0.135356 -0.645464 0.228873
vt 0.799893 0.964693
v -0.769072 -0.234519 1.221092
vt 0.013243 0.977693
v -0.758137 -0.197126 1.215398
vt 0.013243 0.985143
v -0.761788 -0.208599 1.215715
vt 0.012965 0.982874
v -0.152468 -0.615906 0.218184
vt 0.860620 0.936412
v -0.154955 -0.608093 0.210194
vt 0.860027 0.938387
v -0.153064 -0.618712 0.213021
vt 0.859547 0.936278
v -0.158154 -0.601859 0.212051
vt 0.978227 0.314129
v -0.162785 -0.603435 0.201064
vt 0.858436 0.940395
v -0.401772 0.834504 0.494220
vt 0.055982 0.942458
v -0.396045 0.842267 0.480209
vt 0.058762 0.944212
v -0.412423 0.826857 0.476610
vt 0.055262 0.946553
v -0.163588 -0.575871 0.197514
vt 0.860620 0.945280
v -0.171456 -0.574751 0.189288
vt 0.858798 0.946649
v -0.163588 -0.575871 0.197514
vt 0.966935 0.851544
v -0.171456 -0.574751 0.189288
vt 0.965574 0.849829
v -0.203277 -0.564014 0.191492
vt 0.315378 0.959600
v -0.215120 -0.556227 0.194441
vt 0.316467 0.962154
v -0.213319 -0.555996 0.191110
vt 0.315761 0.962041
v -0.330884 -0.828739 0.511108
vt 0.938513 0.022996
v -0.426561 0.253052 0.139091
vt 0.055957 0.601391
v -0.430575 0.230386 0.134903
vt 0.052281 0.603217
v -0.442095 0.211809 0.136080
vt 0.048280 0.603165
v -0.688514 -0.580377 1.055304
vt 0.928605 0.261874
v -0.676294 -0.581448 1.032139
vt 0.927242 0.266585
v -0.646318 0.574638 0.857914
vt 0.650810 0.803754
v -0.642710 0.578321 0.832753
vt 0.645921 0.805199
v -0.693964 0.168519 0.943915
vt 0.612359 0.015377
v -0.696369 0.181785 0.948708
vt 0.614112 0.017477
v -0.698560 0.193821 0.935424
vt 0.612916 0.020641
v -0.700954 0.197585 0.943986
vt 0.614725 0.020739
v -0.704465 0.216132 0.937630
vt 0.615127 0.024608
v -0.700700 0.211141 0.933159
vt 0.613756 0.023982
v -0.612938 -0.402208 1.345588
vt 0.406278 0.873625
v -0.492688 -0.331906 1.388739
vt 0.390222 0.895351
v -0.628497 -0.327978 1.339422
vt 0.392105 0.868762
v -0.761834 0.288816 1.143505
vt 0.100995 0.900780
v -0.775144 0.312507 1.123432
vt 0.105550 0.896195
v -0.730190 0.269319 1.190359
vt 0.866602 0.646540
v -0.730947 0.268904 1.192823
vt 0.866538 0.646042
v -0.783649 0.330292 1.226312
vt 0.261239 0.801022
v 0.663744 -0.475617 0.819597
vt 0.261563 0.419251
v 0.595462 -0.547006 0.868096
vt 0.274247 0.436504
v 0.627293 -0.545885 0.802593
vt 0.260620 0.434694
v -0.837810 -0.312372 0.496792
vt 0.444671 0.025144
v -0.513561 -0.801005 0.590324
vt 0.041958 0.944314
v -0.512223 -0.786260 0.621350
vt 0.037764 0.939286
v -0.543229 -0.805101 0.583272
vt 0.047262 0.941941
v -0.004408 -0.730648 0.257692
vt 0.579118 0.669114
v -0.023752 -0.725135 0.257988
vt 0.582831 0.669026
v -0.020913 -0.725337 0.252527
vt 0.582389 0.670080
v -0.036028 -0.718196 0.252242
vt 0.585604 0.670065
v -0.080284 -0.696125 0.241255
vt 0.716219 0.674417
v -0.093898 -0.682250 0.234815
vt 0.956360 0.462125
v -0.136599 -0.638017 0.223620
vt 0.798820 0.966084
v -0.146742 -0.624662 0.218560
vt 0.860352 0.934390
v -0.160306 -0.612499 0.206438
vt 0.858530 0.938353
v -0.163772 -0.585807 0.192210
vt 0.111349 0.969116
v -0.171456 -0.574751 0.189288
vt 0.109053 0.967786
v -0.174661 -0.587016 0.187856
vt 0.111370 0.966995
v -0.181756 -0.577161 0.185477
vt 0.109324 0.965761
v -0.755978 -0.222614 0.982062
vt 0.292778 0.807501
v -0.752241 -0.233617 0.960521
vt 0.296650 0.809597
v -0.213319 -0.555996 0.191110
vt 0.606030 0.967663
v -0.222173 -0.547755 0.186662
vt 0.315378 0.964477
v -0.258596 -0.522078 0.178397
vt 0.925066 0.347055
v -0.256341 -0.524754 0.184071
vt 0.924228 0.346099
v -0.271301 -0.512765 0.178835
vt 0.928070 0.346426
v -0.275446 -0.510200 0.171136
vt 0.929267 0.347736
v -0.276840 -0.507470 0.175449
vt 0.929633 0.346797
v -0.276840 -0.507470 0.175449
vt 0.716253 0.619944
v -0.271301 -0.512765 0.178835
vt 0.716011 0.621543
v -0.285613 -0.502512 0.176844
vt 0.715394 0.618163
v -0.641373 0.637990 1.167756
vt 0.969362 0.226265
v -0.694489 0.600803 1.190490
vt 0.956360 0.226265
v -0.679797 0.615241 1.186827
vt 0.960186 0.225363
v -0.856889 0.209042 0.480454
vt 0.007877 0.071274
v -0.857208 0.189864 0.486942
vt 0.006433 0.074622
v -0.853261 0.217952 0.490016
vt 0.006042 0.069332
v -0.375362 -0.803459 0.444173
vt 0.763909 0.941029
v -0.698560 0.193821 0.935424
vt 0.190271 0.396803
v -0.705484 0.191270 0.922131
vt 0.189174 0.399500
v -0.703718 0.232068 0.928837
vt 0.614564 0.028135
v -0.438853 -0.841834 0.488882
vt 0.794539 0.977693
v -0.763529 0.430711 1.154753
vt 0.098682 0.873139
v -0.342737 0.285455 1.481046
vt 0.810029 0.146437
v -0.593592 0.625137 0.896278
vt 0.461916 0.759868
v -0.552961 0.646077 0.926249
vt 0.454930 0.767711
v -0.830158 -0.343072 0.495333
vt 0.336989 0.214300
v -0.054357 -0.710674 0.249777
vt 0.589392 0.670477
v -0.056791 -0.709667 0.245004
vt 0.589925 0.671394
v -0.067666 -0.703856 0.243233
vt 0.592322 0.671677
v -0.080284 -0.696125 0.241255
vt 0.595211 0.671973
v -0.081676 -0.696312 0.235491
vt 0.595452 0.673099
v -0.093898 -0.682250 0.234815
vt 0.598961 0.673039
v -0.136599 -0.638017 0.223620
vt 0.991481 0.657480
v -0.142383 -0.633299 0.225114
vt 0.992467 0.656418
v -0.141135 -0.634481 0.219489
vt 0.992826 0.657480
v -0.141135 -0.634481 0.219489
vt 0.860044 0.932171
v -0.192683 -0.602964 0.190801
vt 0.114249 0.963252
v -0.213394 -0.578367 0.181514
vt 0.109053 0.959600
v -0.213394 -0.578367 0.181514
vt 0.601361 0.967663
v -0.213394 -0.578367 0.181514
vt 0.581392 0.983829
v -0.213319 -0.555996 0.191110
vt 0.579738 0.979484
v -0.222173 -0.547755 0.186662
vt 0.581392 0.977693
v -0.241536 -0.534404 0.186955
vt 0.920739 0.346145
v -0.245441 -0.530299 0.183780
vt 0.921907 0.346546
v -0.239431 -0.537588 0.179454
vt 0.920321 0.347722
v -0.268612 -0.516805 0.172978
vt 0.927411 0.347727
v -0.411529 -0.466729 0.216925
vt 0.698106 0.598195
v -0.315898 -0.468757 0.168165
vt 0.715409 0.609207
v -0.294135 -0.493269 0.173861
vt 0.715471 0.615654
v -0.908155 -0.179731 0.446550
vt 0.354201 0.181829
v -0.771508 -0.569471 0.433251
vt 0.758678 0.559219
v -0.379488 -0.835378 0.540490
vt 0.929064 0.734994
v -0.853261 0.217952 0.490016
vt 0.924461 0.177077
v -0.850910 0.244519 0.492639
vt 0.929442 0.176660
v -0.849594 0.243179 0.487416
vt 0.929281 0.177703
v -0.505971 -0.674834 0.393146
vt 0.470992 0.968148
v -0.512803 -0.568724 0.361893
vt 0.470992 0.959600
v -0.517428 -0.610729 0.377263
vt 0.467279 0.961758
v -0.478178 0.225747 0.000963
vt 0.653589 0.120579
v -0.466695 0.202254 0.072360
vt 0.639240 0.122040
v -0.456397 0.298370 0.001633
vt 0.655153 0.106144
v -0.563919 0.805563 0.563459
vt 0.888462 0.179211
v -0.523380 0.825573 0.539646
vt 0.898156 0.180702
v -0.517130 0.828648 0.525601
vt 0.900307 0.182835
v -0.710757 0.248897 0.929129
vt 0.616277 0.031249
v -0.705927 0.251913 0.923620
vt 0.615088 0.032147
v -0.777106 -0.292166 1.100165
vt 0.843240 0.412253
v -0.781454 -0.309191 1.091478
vt 0.844528 0.415739
v -0.778934 -0.305301 1.113910
vt 0.840281 0.414375
v -0.779038 0.327009 0.988497
vt 0.840950 0.264999
v -0.768697 0.267440 1.001077
vt 0.840382 0.252954
v -0.778563 0.310244 0.996756
vt 0.841815 0.261453
v -0.525050 -0.670646 1.124148
vt 0.876449 0.531312
v -0.505006 -0.659832 1.153549
vt 0.877514 0.538146
v -0.554867 -0.664946 1.136974
vt 0.869985 0.531650
v -0.666408 -0.692889 0.442002
vt 0.372216 0.134058
v -0.636979 -0.718509 0.443436
vt 0.371247 0.126535
v -0.396828 0.324693 0.138693
vt 0.963742 0.453173
v -0.392022 0.334744 0.142298
vt 0.961571 0.453763
v -0.392976 0.334361 0.139080
vt 0.961750 0.453146
v -0.395666 0.247072 1.402977
vt 0.826056 0.158220
v -0.406044 0.239336 1.391547
vt 0.828658 0.160342
v -0.162785 -0.603435 0.201064
vt 0.114904 0.969029
v -0.660475 0.704054 0.441627
vt 0.005891 0.463341
v -0.633143 0.718699 0.436467
vt 0.008455 0.457803
v -0.665984 0.689480 0.434062
vt 0.007473 0.466276
v -0.057522 0.007459 1.370432
vt 0.658952 0.244946
v -0.104380 0.004314 1.372284
vt 0.653760 0.237310
v -0.074835 0.002260 1.370088
vt 0.657647 0.241646
v 0.336953 0.810395 -0.001107
vt 0.968479 0.400785
v 0.268492 0.819151 -0.002045
vt 0.956360 0.400785
v 0.283536 0.819023 -0.000108
vt 0.958984 0.400273
v -0.770532 -0.278652 1.082769
vt 0.846925 0.409709
v -0.772389 -0.292926 1.068053
vt 0.849448 0.412624
v -0.307267 0.477589 0.164642
vt 0.102962 0.594035
v -0.316499 0.468856 0.163545
vt 0.100485 0.593853
v -0.296606 0.489541 0.168425
vt 0.106158 0.593738
v -0.942465 -0.057884 0.581260
vt 0.148723 0.497305
v -0.944649 -0.070141 0.576381
vt 0.146371 0.498444
v -0.925894 -0.150339 0.594787
vt 0.130631 0.494220
v 0.301283 -0.016526 1.353422
vt 0.706093 0.297629
v 0.319229 0.019445 1.347834
vt 0.702677 0.304814
v 0.288946 0.011848 1.354475
vt 0.700229 0.299148
v -0.231706 0.836233 0.529863
vt 0.937506 0.035041
v -0.277649 0.837126 0.522125
vt 0.940762 0.043138
v -0.275091 0.837611 0.547009
vt 0.935894 0.043581
v -0.911980 0.228438 0.600497
vt 0.202781 0.487371
v -0.906736 0.261906 0.601695
vt 0.209020 0.486152
v -0.919428 0.232192 0.593680
vt 0.203658 0.489289
v -0.498383 0.119603 0.001381
vt 0.875730 0.844394
v -0.497996 0.115643 0.000031
vt 0.875001 0.844724
v -0.504065 0.057316 0.000527
vt 0.863920 0.844930
v -0.752491 -0.329170 0.818115
vt 0.086134 0.403584
v -0.750463 -0.272991 0.848048
vt 0.098217 0.400920
v -0.762823 -0.293568 0.816723
vt 0.092856 0.406287
v -0.284896 -0.501685 0.169408
vt 0.931740 0.347610
v -0.302378 -0.481941 0.167862
vt 0.936682 0.346937
v -0.302378 -0.481941 0.167862
vt 0.716157 0.612772
v 0.631126 0.531250 0.295736
vt 0.801628 0.645634
v 0.644448 0.515808 0.296291
vt 0.802118 0.641622
v 0.618684 0.542910 0.294588
vt 0.801579 0.648996
v -0.666327 -0.627719 1.024942
vt 0.887279 0.264608
v -0.211574 0.834870 0.466843
vt 0.570961 0.756399
v -0.204283 0.831439 0.454862
vt 0.570474 0.753815
v -0.215118 0.827241 0.444535
vt 0.573178 0.752468
v -0.849594 0.243179 0.487416
vt 0.006750 0.064596
v -0.851695 0.243055 0.481974
vt 0.007836 0.064840
v -0.414173 -0.831882 0.563785
vt 0.755944 0.961436
v -0.421395 -0.832595 0.565444
vt 0.757325 0.961303
v -0.700700 0.211141 0.933159
vt 0.193440 0.397960
v -0.703718 0.232068 0.928837
vt 0.197193 0.399637
v -0.704305 0.213076 0.919663
vt 0.430185 0.977693
v -0.703718 0.232068 0.928837
vt 0.432513 0.980813
v -0.704907 0.248696 0.915229
vt 0.430185 0.984106
v -0.704907 0.248696 0.915229
vt 0.613476 0.032150
v -0.785118 0.369845 1.230389
vt 0.260676 0.793357
v -0.645975 0.098291 1.063929
vt 0.015963 0.276517
v -0.640961 0.077191 1.061831
vt 0.018462 0.279721
v -0.637027 0.089733 1.066115
vt 0.015969 0.278891
v -0.706007 -0.560860 1.116573
vt 0.192440 0.878810
v -0.729102 -0.535452 1.135896
vt 0.190751 0.871391
v -0.774287 0.510103 1.003235
vt 0.933641 0.249413
v -0.782262 0.485146 0.999176
vt 0.938674 0.248838
v -0.790969 0.452820 1.003168
vt 0.944985 0.249894
v -0.012597 0.017645 1.378096
vt 0.368472 0.761468
v -0.057522 0.007459 1.370432
vt 0.377284 0.763530
v 0.029830 0.009798 1.369415
vt 0.360508 0.764027
v -0.932060 -0.036126 0.420924
vt 0.361009 0.154172
v -0.927225 -0.116332 0.420237
vt 0.360521 0.169749
v -0.922846 -0.121650 0.433578
vt 0.357989 0.170560
v -0.699133 -0.147588 1.106075
vt 0.845528 0.380316
v -0.687107 -0.147289 1.056456
vt 0.855163 0.380203
v 0.665416 0.486458 0.301911
vt 0.802865 0.634354
v 0.658617 0.545173 0.362502
vt 0.788638 0.641371
v 0.717485 0.460112 0.374938
vt 0.791486 0.620712
v -0.192683 -0.602964 0.190801
vt 0.476974 0.505354
v -0.220178 -0.582154 0.178126
vt 0.481948 0.500232
v -0.201867 -0.602310 0.186087
vt 0.478842 0.504868
v -0.315898 -0.468757 0.168165
vt 0.940231 0.346195
v -0.310128 -0.473815 0.163633
vt 0.938926 0.347336
v -0.578458 0.715545 0.506455
vt 0.933267 0.166994
v -0.581719 0.714503 0.509279
vt 0.932589 0.166460
v -0.561061 0.726701 0.509401
vt 0.937138 0.166300
v -0.659695 -0.544506 0.815714
vt 0.044707 0.384757
v -0.665577 -0.517035 0.828735
vt 0.050585 0.384588
v -0.619193 -0.742565 0.469400
vt 0.223878 0.581612
v -0.636739 -0.726572 0.452848
vt 0.221086 0.586494
v -0.599595 -0.758244 0.456391
vt 0.220888 0.576925
v -0.688958 -0.417323 1.295059
vt 0.529576 0.902763
v -0.685714 -0.386157 1.297809
vt 0.527752 0.897014
v -0.689162 -0.310983 1.294567
vt 0.526216 0.882577
v -0.837080 0.331110 0.498010
vt 0.945541 0.176448
v -0.897474 0.322837 0.542614
vt 0.931360 0.532452
v -0.889178 0.341573 0.537018
vt 0.935017 0.533748
v -0.900213 0.298301 0.537236
vt 0.926935 0.533748
v -0.314393 0.004075 1.280205
vt 0.090267 0.963706
v -0.307210 0.004016 1.291606
vt 0.090250 0.961274
v -0.395953 -0.829000 0.619149
vt 0.006138 0.945825
v -0.401217 -0.826470 0.623558
vt 0.007013 0.944722
v -0.190945 -0.086128 1.500772
vt 0.284877 0.869540
v -0.204633 -0.053367 1.466586
vt 0.292118 0.875326
v -0.215132 -0.089930 1.501549
vt 0.282379 0.873537
v 0.009763 0.788266 -0.002153
vt 0.935720 0.489508
v -0.074623 0.755044 -0.001113
vt 0.918368 0.489818
v 0.001202 0.786603 -0.000782
vt 0.934083 0.489151
v -0.770152 0.382986 1.101044
vt 0.841492 0.054587
v -0.767150 0.382188 1.064799
vt 0.834946 0.055067
v 0.695258 -0.502228 0.255107
vt 0.112864 0.678269
v 0.704468 -0.596594 0.094396
vt 0.132558 0.706192
v 0.779489 -0.483734 0.138261
vt 0.106353 0.705611
v -0.659341 0.422633 1.317036
vt 0.481527 0.875363
v -0.652655 0.389659 1.324806
vt 0.479410 0.881635
v -0.631897 0.416258 1.334440
vt 0.475404 0.876832
v -0.739059 0.430843 1.197157
vt 0.897473 0.646860
v -0.343898 -0.427167 0.154339
vt 0.994371 0.203478
v -0.337066 -0.438615 0.155945
vt 0.991967 0.203972
v -0.335773 -0.439521 0.159005
vt 0.991482 0.203478
v -0.861089 -0.450669 0.615388
vt 0.071052 0.486265
v -0.840218 -0.483588 0.622595
vt 0.064098 0.482906
v -0.417701 0.233710 1.383662
vt 0.831035 0.161863
v -0.409642 0.260231 1.393608
vt 0.829765 0.156328
v 0.527623 -0.418102 1.057767
vt 0.315683 0.416051
v 0.501222 -0.385860 1.102261
vt 0.326683 0.411615
v 0.479995 -0.431628 1.102868
vt 0.327564 0.421393
v -0.839376 0.322256 0.485886
vt 0.007668 0.049837
v -0.266919 -0.782430 0.774098
vt 0.367721 0.618132
v -0.173890 -0.770217 0.834598
vt 0.379126 0.633397
v -0.275853 -0.713507 0.931287
vt 0.352950 0.648026
v -0.673755 0.093928 1.186724
vt 0.260232 0.880852
v -0.644243 0.092308 1.236168
vt 0.249587 0.883584
v -0.316484 -0.466661 0.161756
vt 0.940765 0.347343
v -0.346820 -0.426324 0.159028
vt 0.994769 0.004000
v -0.343898 -0.427167 0.154339
vt 0.994332 0.004945
v -0.335773 -0.439521 0.159005
vt 0.991481 0.004000
v -0.353720 -0.410100 0.152788
vt 0.495024 0.939709
v -0.363751 -0.398449 0.155994
vt 0.493897 0.936896
v -0.359474 -0.399318 0.151161
vt 0.495113 0.937317
v -0.442940 -0.191772 0.128123
vt 0.546068 0.410792
v -0.706321 0.269337 0.909724
vt 0.203285 0.403861
v 0.373110 0.205277 1.323428
vt 0.513976 0.147614
v 0.235343 0.310653 1.403257
vt 0.505206 0.112168
v -0.064404 -0.157613 1.534331
vt 0.685052 0.222193
v -0.080579 -0.205360 1.554669
vt 0.690632 0.213702
v -0.494272 -0.823023 0.467035
vt 0.935861 0.646411
v 0.110890 0.813014 -0.000001
vt 0.816041 0.024715
v 0.077821 0.806363 -0.001794
vt 0.816363 0.031212
v 0.130776 0.816909 0.064130
vt 0.803639 0.020812
v -0.751582 0.211328 1.018012
vt 0.839969 0.241190
v -0.742087 0.189504 1.033098
vt 0.840945 0.236153
v -0.755353 0.213703 1.028623
vt 0.842172 0.241243
v 0.830815 0.007450 0.361639
vt 0.008829 0.665341
v 0.829270 0.010956 0.365136
vt 0.008217 0.664536
v 0.828017 -0.063683 0.359886
vt 0.022107 0.667072
v -0.925734 -0.186861 0.592730
vt 0.123593 0.494912
v -0.715118 -0.141379 1.039657
vt 0.017741 0.068264
v -0.755216 -0.511964 1.221553
vt 0.264146 0.959600
v -0.325725 -0.454047 0.160195
vt 0.978227 0.758912
v -0.329828 -0.451407 0.164359
vt 0.978875 0.757913
v -0.337066 -0.438615 0.155945
vt 0.982028 0.758912
v -0.329828 -0.451407 0.164359
vt 0.978227 0.978872
v -0.335773 -0.439521 0.159005
vt 0.981038 0.978492
v -0.337066 -0.438615 0.155945
vt 0.981556 0.978872
v -0.343898 -0.427167 0.154339
vt 0.495128 0.943537
v -0.346820 -0.426324 0.159028
vt 0.494058 0.943194
v -0.348841 -0.418341 0.154315
vt 0.494948 0.941561
v -0.364009 -0.391275 0.150262
vt 0.495103 0.935519
v -0.468868 0.648935 1.187961
vt 0.537531 0.529948
v -0.497201 0.639739 1.202632
vt 0.534265 0.524584
v -0.833853 0.334651 0.492426
vt 0.946266 0.177703
v -0.826496 0.363090 0.498193
vt 0.005512 0.041444
v -0.829516 0.350799 0.491884
vt 0.006671 0.043903
v -0.891975 0.354335 0.545574
vt 0.937169 0.531663
v -0.772695 0.469035 1.101753
vt 0.887003 0.781446
v -0.775984 0.426178 1.095800
vt 0.892884 0.786584
v -0.773403 0.418611 1.122141
vt 0.889676 0.790840
v -0.707568 0.246243 0.906849
vt 0.655508 0.739442
v -0.706321 0.269337 0.909724
vt 0.656381 0.743566
v -0.710222 0.274126 0.894337
vt 0.653322 0.744332
v -0.714219 0.300954 0.913148
vt 0.617051 0.041916
v -0.748921 0.304608 0.926597
vt 0.827064 0.262877
v -0.763889 0.319098 0.934822
vt 0.830304 0.265599
v -0.763078 0.362890 0.923626
vt 0.829571 0.274335
v -0.795059 0.412435 1.008366
vt 0.263088 0.759275
v -0.796984 0.393716 1.006272
vt 0.259608 0.760569
v -0.774307 0.390564 1.021162
vt 0.980318 0.469021
v -0.757205 0.382204 1.028710
vt 0.978227 0.465820
v -0.759331 0.403735 1.027408
vt 0.982547 0.465820
v -0.446403 0.009041 1.140609
vt 0.993032 0.628189
v -0.453982 0.013902 1.142874
vt 0.991866 0.629516
v -0.449830 0.015638 1.137205
vt 0.991482 0.628189
v 0.283370 0.732010 1.020391
vt 0.278612 0.509428
v 0.244496 0.773172 0.974297
vt 0.273675 0.496314
v 0.231935 0.744743 1.031307
vt 0.285129 0.501172
v -0.369804 -0.382128 0.147383
vt 0.994546 0.128636
v -0.373696 -0.376725 0.151831
vt 0.993259 0.129475
v -0.372654 -0.375227 0.148134
vt 0.993112 0.128704
v -0.376556 -0.367481 0.147785
vt 0.991482 0.128636
v -0.823766 0.369722 0.490526
vt 0.007069 0.040069
v -0.822507 0.372098 0.497363
vt 0.005731 0.039503
v -0.809243 0.405570 0.493303
vt 0.006746 0.032442
v -0.811915 0.400623 0.498706
vt 0.005651 0.033528
v -0.805237 0.418925 0.499145
vt 0.005683 0.029708
v 0.696528 -0.613765 0.002464
vt 0.918368 0.754475
v -0.491903 0.780087 0.432827
vt 0.179164 0.979944
v -0.481207 0.802500 0.443994
vt 0.178231 0.984714
v -0.490382 0.768140 0.426924
vt 0.178231 0.977693
v -0.738025 0.456920 1.196144
vt 0.983248 0.112280
v -0.739059 0.430843 1.197157
vt 0.978227 0.112280
v -0.738610 0.456671 1.199033
vt 0.983131 0.111728
v -0.392217 0.804602 0.435284
vt 0.143604 0.521577
v -0.384469 0.786664 0.421127
vt 0.141834 0.525774
v -0.410384 0.784823 0.422210
vt 0.137993 0.523020
v -0.580696 -0.775019 0.465878
vt 0.222274 0.571855
v 0.811939 -0.194456 0.338198
vt 0.047534 0.671760
v -0.746161 -0.232297 1.104722
vt 0.843776 0.399107
v -0.764618 -0.264139 1.099146
vt 0.844097 0.406348
v -0.771846 -0.284463 1.117102
vt 0.840149 0.410103
v -0.178697 0.835119 0.598998
vt 0.863920 0.869212
v -0.175865 0.842884 0.558685
vt 0.871207 0.865853
v -0.187200 0.831257 0.559495
vt 0.871789 0.868838
v -0.576730 0.022682 1.057314
vt 0.622447 0.863920
v -0.369804 -0.382128 0.147383
vt 0.501372 0.455165
v -0.372654 -0.375227 0.148134
vt 0.501474 0.453695
v -0.376556 -0.367481 0.147785
vt 0.501858 0.452025
v -0.376556 -0.367481 0.147785
vt 0.363235 0.959600
v -0.385432 -0.351610 0.147738
vt 0.363682 0.963079
v -0.384524 -0.352499 0.143716
vt 0.362916 0.962872
v -0.389366 -0.340419 0.144535
vt 0.363233 0.965423
v -0.385432 -0.351610 0.147738
vt 0.961625 0.208568
v -0.402666 -0.335767 0.152377
vt 0.965704 0.206354
v -0.393476 -0.332427 0.144563
vt 0.965535 0.208776
v -0.396669 -0.324838 0.140891
vt 0.504551 0.442941
v -0.393476 -0.332427 0.144563
vt 0.503750 0.444517
v -0.400523 -0.313070 0.141700
vt 0.504668 0.440483
v -0.696208 0.421371 0.873811
vt 0.615831 0.066515
v -0.912232 0.224617 0.419595
vt 0.404343 0.009175
v -0.565449 0.042160 1.120023
vt 0.016215 0.783995
v -0.796342 0.434928 0.497672
vt 0.006062 0.026093
v -0.798439 0.434524 0.492711
vt 0.007051 0.026383
v -0.901714 0.317868 0.595518
vt 0.219448 0.485805
v -0.909442 0.288470 0.592068
vt 0.214043 0.487629
v -0.900809 0.304676 0.600364
vt 0.216972 0.485117
v -0.895832 0.296430 0.605137
vt 0.215290 0.483867
v -0.333452 -0.000295 1.254950
vt 0.089257 0.969406
v -0.453343 0.755506 0.417272
vt 0.127951 0.521336
v -0.447783 0.768026 0.423368
vt 0.130589 0.520120
v -0.708443 0.295685 0.895081
vt 0.653762 0.748274
v -0.709063 0.298756 0.906629
vt 0.656081 0.748544
v -0.705122 0.338359 0.888457
vt 0.653023 0.756208
v -0.729961 -0.576879 1.011784
vt 0.324772 0.968880
v 0.673173 0.461995 0.818263
vt 0.418665 0.226578
v 0.596936 0.555493 0.857135
vt 0.407547 0.204660
v 0.665148 0.442266 0.855125
vt 0.425815 0.222521
v -0.772586 0.457705 1.070090
vt 0.892926 0.778840
v -0.761902 0.504844 1.069691
vt 0.887011 0.771836
v 0.294892 -0.828351 0.764587
vt 0.244641 0.668034
v 0.370232 -0.784066 0.799709
vt 0.227954 0.660768
v 0.304649 -0.790923 0.875210
vt 0.240774 0.646416
v -0.401301 0.349559 1.402223
vt 0.831388 0.139161
v -0.408105 0.300950 1.399841
vt 0.830488 0.148369
v -0.383177 0.385641 1.410583
vt 0.829423 0.131929
v 0.285526 0.650037 1.115480
vt 0.297512 0.524880
v -0.202172 0.569229 1.418301
vt 0.605294 0.512013
v -0.239515 0.574324 1.393198
vt 0.596544 0.512878
v -0.231598 0.549075 1.439319
vt 0.602539 0.504471
v -0.764198 0.529624 0.998245
vt 0.929406 0.248296
v 0.842222 -0.222535 0.278636
vt 0.051894 0.685137
v 0.871455 -0.300076 0.162928
vt 0.066432 0.708178
v 0.894173 -0.214802 0.180465
vt 0.049029 0.706063
v 0.790764 -0.212341 0.346133
vt 0.683763 0.789122
v 0.798743 -0.196303 0.349489
vt 0.680296 0.788502
v 0.798513 -0.195956 0.353527
vt 0.680258 0.787720
v 0.012082 -0.498503 1.461324
vt 0.433748 0.462644
v -0.033524 -0.476982 1.499606
vt 0.445623 0.461539
v -0.493457 0.825380 0.479016
vt 0.898607 0.303719
v -0.490433 0.831166 0.467354
vt 0.900826 0.302378
v -0.425568 -0.848895 0.511917
vt 0.896310 0.747353
v -0.462452 -0.115660 0.123260
vt 0.546625 0.426236
v -0.466311 -0.116837 0.128443
vt 0.547887 0.426087
v -0.393476 -0.332427 0.144563
vt 0.363435 0.967157
v -0.396669 -0.324838 0.140891
vt 0.362916 0.968776
v -0.419624 -0.258162 0.136039
vt 0.545633 0.396998
v 0.198857 -0.863224 0.586731
vt 0.263669 0.703341
v 0.192038 -0.858308 0.494420
vt 0.264072 0.721433
v 0.246332 -0.860127 0.567617
vt 0.254709 0.706781
v -0.427218 -0.239765 0.137003
vt 0.546405 0.400816
v -0.908842 0.233828 0.401428
vt 0.518532 0.932171
v -0.903530 0.261460 0.404675
vt 0.519035 0.937284
v -0.895123 0.284156 0.401821
vt 0.518083 0.941561
v -0.890967 0.304581 0.446569
vt 0.388203 0.013285
v -0.881612 0.338386 0.450044
vt 0.381446 0.013470
v -0.790995 0.447039 0.497175
vt 0.006234 0.023482
v -0.789680 0.454397 0.501233
vt 0.005487 0.022054
v -0.787560 0.455371 0.496155
vt 0.006488 0.021712
v -0.783838 0.463034 0.496665
vt 0.006432 0.020025
v -0.778397 0.479836 0.503011
vt 0.005291 0.016552
v -0.383411 0.032960 1.221727
vt 0.641424 0.907427
v -0.725349 0.496517 1.194052
vt 0.993835 0.356226
v -0.729043 0.484668 1.196923
vt 0.991481 0.356226
v -0.727047 0.495247 1.196678
vt 0.993395 0.355736
v -0.692497 -0.272249 0.322543
vt 0.776696 0.238238
v -0.688386 -0.231762 0.313730
vt 0.775641 0.246197
v -0.665385 -0.296816 0.304539
vt 0.770470 0.233492
v -0.272734 0.004334 1.337823
vt 0.310654 0.899542
v -0.279187 0.004330 1.330442
vt 0.311137 0.901342
v -0.286553 0.000817 1.332690
vt 0.309836 0.902353
v -0.553141 -0.797099 0.466672
vt 0.371887 0.103742
v -0.565569 -0.783158 0.457774
vt 0.370781 0.107599
v 0.809998 -0.169181 0.353788
vt 0.674666 0.787729
v 0.301709 -0.643818 1.108318
vt 0.629240 0.187261
v 0.251164 -0.663035 1.117402
vt 0.621135 0.194047
v 0.236665 -0.676133 1.107989
vt 0.616902 0.193971
v 0.415967 0.750852 0.370563
vt 0.726126 0.518631
v -0.796680 -0.392218 1.008763
vt 0.225437 0.977693
v -0.793533 -0.432002 1.005599
vt 0.225437 0.984695
v -0.795372 -0.406415 1.010544
vt 0.224835 0.980134
v -0.633592 0.600708 1.160146
vt 0.886819 0.394551
v -0.623254 0.607703 1.156779
vt 0.889326 0.394330
v -0.639970 0.598545 1.158471
vt 0.885759 0.395379
v -0.309947 0.628369 1.216161
vt 0.931181 0.355736
v -0.297734 0.655758 1.158019
vt 0.943701 0.355736
v -0.389494 0.649329 1.192172
vt 0.933239 0.371555
v -0.602535 0.721582 0.519056
vt 0.871756 0.833542
v -0.589123 0.715974 0.514216
vt 0.873475 0.835892
v -0.629683 0.687458 0.513222
vt 0.863920 0.836384
v -0.408825 -0.289757 0.139668
vt 0.545429 0.390448
v -0.668107 0.126931 1.252592
vt 0.369650 0.816079
v -0.676737 0.131890 1.250542
vt 0.371364 0.815175
v -0.654538 0.106919 1.244200
vt 0.367635 0.820585
v -0.778490 0.475594 0.500201
vt 0.005811 0.017316
v -0.780722 0.474700 0.494145
vt 0.007013 0.017710
v -0.690676 0.673482 0.436480
vt 0.005685 0.471719
v -0.713011 0.651138 0.436337
vt 0.004974 0.477748
v -0.679129 0.689966 0.446435
vt 0.004244 0.467606
v -0.566786 -0.719657 0.507431
vt 0.420927 0.932171
v -0.713139 0.521264 1.191964
vt 0.863920 0.782386
v -0.714713 0.515301 1.190273
vt 0.864940 0.783060
v -0.717711 0.508513 1.193252
vt 0.865458 0.784541
v -0.725349 0.496517 1.194052
vt 0.867188 0.786729
v -0.727047 0.495247 1.196678
vt 0.867056 0.787347
v -0.720786 0.504172 1.193753
vt 0.866074 0.785380
v -0.290590 -0.457864 1.484756
vt 0.806221 0.589536
v -0.277836 -0.418797 1.511838
vt 0.799856 0.582349
v -0.315722 -0.412357 1.485166
vt 0.808431 0.579819
v 0.404996 -0.674974 0.970238
vt 0.307141 0.471999
v 0.447723 -0.721862 0.821768
vt 0.277854 0.478911
v 0.553190 -0.620318 0.832898
vt 0.271086 0.453067
v -0.713849 0.219227 1.186003
vt 0.088918 0.914899
v -0.717154 0.232756 1.186655
vt 0.089165 0.912166
v -0.709212 0.199150 1.184098
vt 0.088725 0.918965
v -0.643584 0.107530 1.169519
vt 0.450762 0.368715
v -0.669713 0.142038 1.174091
vt 0.456710 0.374956
v -0.651130 0.119651 1.170888
vt 0.452526 0.370942
v -0.008909 0.133807 1.500006
vt 0.365685 0.728970
v -0.065059 0.144540 1.522745
vt 0.376416 0.723757
v -0.030425 0.114849 1.494126
vt 0.370384 0.731904
v -0.326320 0.799606 0.411901
vt 0.151354 0.532327
v -0.321161 0.796864 0.407761
vt 0.151570 0.533679
v -0.502760 -0.817484 0.476115
vt 0.332506 0.943787
v -0.407092 0.737958 0.391872
vt 0.131229 0.531220
v -0.399909 0.735325 0.386679
vt 0.131705 0.532933
v -0.413061 0.698148 0.369995
vt 0.124395 0.536687
v -0.776673 -0.346654 1.105815
vt 0.840923 0.421396
v -0.341586 0.835544 0.530751
vt 0.289127 0.933970
v -0.332098 0.835836 0.539893
vt 0.290952 0.932171
v -0.335931 0.832322 0.513408
vt 0.290271 0.937459
v 0.423262 0.791284 0.480391
vt 0.743641 0.505015
v -0.421284 -0.106031 1.312452
vt 0.808204 0.774578
v -0.408260 -0.119909 1.339133
vt 0.802638 0.771341
v -0.411963 -0.092540 1.306519
vt 0.810835 0.772664
v -0.215898 -0.486049 1.504544
vt 0.583266 0.831889
v -0.221093 -0.519961 1.472525
vt 0.582777 0.840802
v -0.189192 -0.513730 1.488134
vt 0.577011 0.836821
v -0.433287 -0.598782 0.338067
vt 0.576365 0.869693
v -0.451347 -0.572380 0.334106
vt 0.578686 0.863920
v -0.378424 -0.629242 0.337573
vt 0.577535 0.881870
v -0.294431 -0.184640 1.516221
vt 0.661105 0.183585
v -0.263199 -0.189559 1.534488
vt 0.665824 0.187623
v -0.280756 -0.130339 1.504186
vt 0.654286 0.192397
v -0.633592 0.600708 1.160146
vt 0.980084 0.477335
v -0.632818 0.603001 1.160534
vt 0.980408 0.477021
v -0.623254 0.607703 1.156779
vt 0.982610 0.477335
v -0.356890 -0.838879 0.487294
vt 0.942189 0.099880
v -0.349636 -0.843309 0.522002
vt 0.935484 0.100444
v 0.607652 0.570947 0.322805
vt 0.795616 0.653365
v 0.601587 0.554309 0.294411
vt 0.801874 0.652868
v -0.380797 0.359427 0.143322
vt 0.076428 0.597940
v -0.375778 0.376589 0.149622
vt 0.079604 0.596303
v -0.376716 0.368944 0.145662
vt 0.078329 0.597339
v -0.272734 0.004334 1.337823
vt 0.634029 0.877040
v -0.607293 0.751804 0.475651
vt 0.956360 0.123799
v -0.557368 0.796731 0.461255
vt 0.969718 0.123799
v -0.604825 0.756462 0.467672
vt 0.957746 0.125103
v -0.423409 -0.676090 0.367451
vt 0.888577 0.656183
v -0.420121 -0.669813 0.363574
vt 0.887577 0.655142
v -0.405656 -0.708646 0.377233
vt 0.895636 0.654860
v -0.483415 -0.827826 0.563539
vt 0.345559 0.569090
v -0.463307 -0.110989 0.116520
vt 0.545514 0.427275
v 0.165116 0.710699 1.093407
vt 0.634374 0.602242
v 0.151622 0.719581 1.079179
vt 0.630661 0.604042
v 0.122577 0.723964 1.068861
vt 0.624748 0.603518
v -0.396640 0.837049 0.468275
vt 0.981926 0.793886
v -0.396045 0.842267 0.480209
vt 0.979564 0.794571
v -0.390415 0.844304 0.485865
vt 0.978227 0.793886
v -0.881653 0.337375 0.405281
vt 0.237074 0.940520
v -0.888656 0.323583 0.407159
vt 0.236146 0.943180
v -0.881208 0.352319 0.409708
vt 0.236146 0.937823
v -0.253867 0.004451 1.353784
vt 0.310021 0.894818
v -0.302497 -0.010326 1.348494
vt 0.305131 0.903471
v -0.282387 -0.026860 1.401068
vt 0.297728 0.894926
v -0.756371 0.516579 0.500892
vt 0.432856 0.063682
v -0.242518 0.605843 0.126109
vt 0.638476 0.031307
v -0.266437 0.566831 0.141250
vt 0.634601 0.039856
v 0.585814 0.665998 0.435572
vt 0.757241 0.541988
v 0.573722 0.682987 0.455562
vt 0.758729 0.536913
v 0.580145 0.681004 0.478946
vt 0.763239 0.535392
v 0.741836 0.460205 0.467979
vt 0.650720 0.481648
v 0.693455 0.533847 0.438274
vt 0.656503 0.497376
v -0.684260 0.148936 1.056072
vt 0.033290 0.755257
v -0.715533 0.176916 1.084005
vt 0.029128 0.746290
v -0.692821 0.158112 1.053517
vt 0.034132 0.752957
v -0.738610 0.456671 1.199033
vt 0.991481 0.012945
v -0.733533 0.472938 1.197538
vt 0.994753 0.012945
v -0.738025 0.456920 1.196144
vt 0.991631 0.013491
v -0.367786 -0.807256 0.652335
vt 0.342519 0.911625
v -0.390343 -0.804715 0.644884
vt 0.344038 0.915596
v -0.366978 -0.817285 0.632442
vt 0.338669 0.913787
v -0.705016 0.340502 0.874668
vt 0.650315 0.756849
v -0.697631 0.378423 0.865608
vt 0.649101 0.764367
v -0.711890 0.315491 0.874260
vt 0.649816 0.751823
v -0.726153 0.139728 0.919263
vt 0.179461 0.400975
v -0.388212 0.338865 1.412587
vt 0.827768 0.140536
v -0.397467 0.287483 1.404805
vt 0.827812 0.150580
v -0.470763 -0.029588 0.115243
vt 0.545543 0.443167
v -0.466582 -0.084026 0.116430
vt 0.545656 0.432567
v -0.444090 0.687390 0.369818
vt 0.118625 0.534222
v -0.730183 0.560946 0.500992
vt 0.933324 0.579379
v -0.723520 0.575126 0.505835
vt 0.930060 0.580280
v -0.183621 0.621012 0.195972
vt 0.960551 0.050183
v -0.190942 0.605380 0.186612
vt 0.964298 0.049599
v -0.164774 0.594681 0.190102
vt 0.964578 0.055106
v -0.697470 0.393877 0.853798
vt 0.646949 0.767317
v -0.695094 0.393820 0.868373
vt 0.649880 0.767258
v -0.718029 0.648944 0.445516
vt 0.312660 0.008156
v -0.793898 0.542775 0.433011
vt 0.338194 0.007185
v -0.789296 0.548146 0.451638
vt 0.336605 0.010761
v -0.477986 0.820282 0.600146
vt 0.100095 0.938099
v -0.469501 0.805665 0.617108
vt 0.101856 0.933861
v -0.657109 0.598631 1.141468
vt 0.884409 0.399830
v -0.679253 0.558427 1.174883
vt 0.874654 0.394873
v -0.680236 0.558234 1.180237
vt 0.467629 0.456770
v -0.682655 0.550937 1.181523
vt 0.467980 0.455271
v -0.690897 0.544304 1.183800
vt 0.469509 0.453777
v -0.682655 0.550937 1.181523
vt 0.872917 0.393808
v -0.691361 0.546438 1.178859
vt 0.871348 0.394903
v -0.690897 0.544304 1.183800
vt 0.870846 0.393983
v -0.403200 -0.180871 1.379791
vt 0.830573 0.533273
v -0.359704 -0.213583 1.457694
vt 0.814196 0.540472
v -0.310987 0.432375 1.482566
vt 0.812048 0.118932
v -0.324694 0.467127 1.450110
vt 0.819831 0.114370
v -0.337987 0.423665 1.457078
vt 0.818733 0.122074
v -0.233343 -0.159972 1.536247
vt 0.664906 0.195798
v -0.135356 -0.645464 0.228873
vt 0.930974 0.777378
v -0.691953 0.569188 1.026585
vt 0.014283 0.601090
v -0.684485 0.581527 1.027231
vt 0.012692 0.603413
v -0.715178 0.548933 1.024626
vt 0.015999 0.595324
v 0.747586 0.452100 0.565499
vt 0.631795 0.479234
v 0.771598 0.382444 0.610649
vt 0.623333 0.464833
v 0.777044 0.385505 0.539108
vt 0.637102 0.465783
v -0.498357 0.672792 1.067220
vt 0.934489 0.542745
v -0.505111 0.674338 1.061513
vt 0.936004 0.541940
v -0.539231 0.669714 1.054451
vt 0.942684 0.542558
v -0.679898 0.671386 0.484343
vt 0.390043 0.122152
v -0.672133 0.690913 0.476512
vt 0.387696 0.125437
v -0.599282 -0.557978 1.271133
vt 0.198315 0.820996
v -0.813809 0.493836 0.463411
vt 0.348119 0.013849
v -0.784473 0.535222 0.469373
vt 0.338174 0.014440
v -0.775276 0.559817 0.463280
vt 0.333145 0.012890
v -0.328685 -0.435443 1.461456
vt 0.814015 0.583922
v -0.204726 0.837906 0.567428
vt 0.873495 0.636401
v -0.185827 0.832321 0.587660
vt 0.868714 0.633859
v -0.187200 0.831257 0.559495
vt 0.873957 0.632524
v -0.921172 -0.194191 0.537364
vt 0.418459 0.037937
v -0.926048 -0.186096 0.544876
vt 0.416737 0.039562
v -0.927170 -0.139459 0.532806
vt 0.407677 0.036833
v -0.651407 0.581459 1.169076
vt 0.881571 0.394036
v -0.669921 0.563807 1.176515
vt 0.876480 0.393917
v -0.669921 0.563807 1.176515
vt 0.993805 0.364226
v -0.679253 0.558427 1.174883
vt 0.991975 0.365150
v -0.680236 0.558234 1.180237
vt 0.991481 0.364226
v -0.679253 0.558427 1.174883
vt 0.993534 0.502596
v -0.682655 0.550937 1.181523
vt 0.991481 0.502596
v -0.680236 0.558234 1.180237
vt 0.992789 0.501871
v -0.736076 -0.524792 0.966370
vt 0.046038 0.824157
v 0.794332 -0.498821 0.002411
vt 0.267821 0.932171
v 0.770666 -0.531637 0.004369
vt 0.268343 0.939864
v 0.777336 -0.520625 0.002185
vt 0.267824 0.937438
v -0.446649 -0.001027 1.143472
vt 0.978227 0.875456
v -0.376466 -0.832798 0.518091
vt 0.937678 0.420820
v -0.381629 -0.829582 0.487072
vt 0.943693 0.421153
v -0.365992 0.016421 1.196913
vt 0.635025 0.909515
v -0.468944 0.577702 0.339510
vt 0.918368 0.405841
v -0.464049 0.615118 0.351968
vt 0.925491 0.404300
v -0.445005 0.605520 0.345017
vt 0.924883 0.408555
v -0.681492 0.466774 0.832010
vt 0.643777 0.782014
v -0.690954 0.618818 0.503358
vt 0.410059 0.065080
v -0.702218 0.604031 0.504111
vt 0.413579 0.065229
v -0.697307 0.613680 0.506471
vt 0.411539 0.065810
v -0.676823 0.517777 0.862040
vt 0.617468 0.084752
v -0.695689 0.512410 0.882123
vt 0.622249 0.082517
v 0.585558 -0.705261 0.003944
vt 0.962077 0.523424
v 0.557832 -0.722063 0.003166
vt 0.968134 0.523715
v 0.610197 -0.687468 0.003086
vt 0.956360 0.523715
v -0.746200 0.560742 1.001197
vt 0.922409 0.248640
v -0.753363 0.551374 1.005493
vt 0.924640 0.249534
v -0.734313 0.577709 1.008260
vt 0.918368 0.249894
v 0.838673 -0.431434 0.003777
vt 0.933760 0.613088
v 0.826596 -0.449263 0.001753
vt 0.929654 0.612660
v 0.856237 -0.397401 0.002022
vt 0.941055 0.612507
v -0.623237 0.613103 0.820803
vt 0.644293 0.813333
v -0.351243 0.847539 0.550525
vt 0.960349 0.077709
v -0.341586 0.835544 0.530751
vt 0.964253 0.075038
v -0.353219 0.850063 0.528294
vt 0.964889 0.078301
v -0.647293 0.587467 1.165921
vt 0.992770 0.611453
v -0.651407 0.581459 1.169076
vt 0.991482 0.610821
v -0.648993 0.590119 1.167881
vt 0.993160 0.610821
v -0.648993 0.590119 1.167881
vt 0.461889 0.463797
v -0.651407 0.581459 1.169076
vt 0.462208 0.462030
v -0.659222 0.575413 1.172071
vt 0.463682 0.460653
v -0.732885 0.157374 1.205546
vt 0.930484 0.552447
v -0.749695 0.186599 1.210224
vt 0.923944 0.551793
v -0.700677 0.546363 1.260237
vt 0.812431 0.422849
v -0.714401 0.513256 1.272441
vt 0.814392 0.416532
v -0.707504 0.505971 1.278957
vt 0.816556 0.416288
v -0.539914 -0.640650 1.060246
vt 0.191513 0.915988
v -0.522491 -0.644665 1.065510
vt 0.189437 0.918742
v -0.625758 -0.621376 1.075511
vt 0.194079 0.899998
v -0.664074 0.634022 1.022406
vt 0.480152 0.780578
v -0.657332 0.637502 1.019514
vt 0.478612 0.780406
v -0.679272 0.626011 1.017856
vt 0.483096 0.778889
v -0.486043 0.796406 0.450483
vt 0.966823 0.906922
v -0.474108 0.811443 0.469047
vt 0.961808 0.907597
v -0.462291 0.821904 0.477017
vt 0.958465 0.906922
v -0.740789 -0.183327 0.996655
vt 0.291108 0.799051
v 0.907829 -0.275696 0.002042
vt 0.532847 0.968030
v 0.900535 -0.298156 0.003427
vt 0.532553 0.963491
v 0.892936 -0.317033 0.002086
vt 0.532847 0.959600
v 0.875721 -0.359951 0.004045
vt 0.476128 0.940203
v 0.856237 -0.397401 0.002022
vt 0.476740 0.932171
v 0.879946 -0.345966 0.001403
vt 0.476740 0.942970
v -0.459865 0.827015 0.471064
vt 0.991877 0.347736
v -0.455269 0.825209 0.468897
vt 0.991482 0.346745
v -0.465389 0.822932 0.460682
vt 0.993929 0.346745
v -0.736551 0.301505 1.281785
vt 0.247221 0.806739
v -0.594996 -0.625532 1.047020
vt 0.978227 0.150146
v -0.684012 0.630174 0.505950
vt 0.654975 0.963588
v -0.669447 0.645811 0.502487
vt 0.655822 0.959600
v -0.683726 0.629684 0.500702
vt 0.655990 0.963702
v -0.669447 0.645811 0.502487
vt 0.924544 0.186461
v -0.666039 0.653020 0.499200
vt 0.925876 0.187349
v -0.683726 0.629684 0.500702
vt 0.920733 0.186500
v -0.730709 -0.266506 1.279817
vt 0.818188 0.627483
v -0.734719 -0.260572 1.273914
vt 0.819586 0.626403
v -0.743124 -0.318858 1.282882
vt 0.819194 0.637068
v -0.873117 0.054492 0.484079
vt 0.929068 0.498567
v -0.686820 0.441243 0.858346
vt 0.648605 0.776547
v -0.682591 0.457662 0.848336
vt 0.646888 0.780010
v -0.713130 0.550208 1.026553
vt 0.775322 0.982952
v -0.640913 0.595611 1.164289
vt 0.978227 0.477087
v -0.640913 0.595611 1.164289
vt 0.884899 0.394435
v -0.451605 0.673533 1.079460
vt 0.925313 0.542898
v -0.464077 0.676942 1.071509
vt 0.927949 0.541748
v -0.382929 0.487199 1.363497
vt 0.570182 0.495214
v -0.380355 0.434454 1.396451
vt 0.574192 0.485057
v -0.374874 0.481959 1.372948
vt 0.572491 0.494018
v -0.061863 0.429743 1.534166
vt 0.781183 0.168561
v -0.865967 0.464977 0.570286
vt 0.539862 0.077726
v -0.867149 0.449191 0.556516
vt 0.542336 0.080713
v -0.884685 0.408425 0.570192
vt 0.539139 0.089207
v -0.384720 -0.757890 0.394731
vt 0.886915 0.166023
v -0.395581 -0.709834 0.367362
vt 0.897601 0.164951
v -0.384605 -0.745458 0.384821
vt 0.889922 0.166503
v 0.502378 -0.753301 0.004845
vt 0.931552 0.452460
v 0.471958 -0.767812 0.004877
vt 0.925129 0.452429
v 0.478750 -0.762126 0.002660
vt 0.926745 0.451836
v 0.438846 -0.779902 0.003380
vt 0.918368 0.451775
v -0.786069 -0.285033 1.021491
vt 0.166035 0.869584
v -0.782430 -0.284375 1.025315
vt 0.164996 0.869513
v -0.774663 -0.253924 1.026618
vt 0.163546 0.863920
v -0.396996 -0.426355 1.388143
vt 0.220005 0.774192
v -0.388153 -0.432051 1.389809
vt 0.218742 0.772602
v -0.317661 -0.552891 0.002071
vt 0.928720 0.560917
v -0.323137 -0.547978 0.004027
vt 0.930088 0.560448
v -0.359938 -0.494440 0.002280
vt 0.942283 0.561038
v -0.672698 -0.596460 1.063042
vt 0.199663 0.890940
v -0.646115 -0.611351 1.060988
vt 0.198176 0.896702
v -0.469123 0.062114 0.116668
vt 0.894628 0.906055
v -0.458310 0.137701 0.116683
vt 0.880615 0.904583
v -0.694100 -0.663439 0.480851
vt 0.504176 0.872558
v -0.566751 -0.799135 0.556780
vt 0.737866 0.560865
v -0.574865 -0.780536 0.537041
vt 0.734056 0.564949
v -0.690954 0.618818 0.503358
vt 0.655346 0.966206
v -0.868104 0.447368 0.606303
vt 0.532587 0.080559
v -0.601192 -0.717556 0.521909
vt 0.838728 0.474855
v -0.679797 0.615241 1.186827
vt 0.075607 0.932171
v -0.492536 -0.824208 0.483486
vt 0.332194 0.941148
v -0.176930 -0.834208 0.589278
vt 0.539019 0.883610
v -0.176675 -0.840280 0.557163
vt 0.537576 0.889850
v -0.170911 -0.834908 0.599945
vt 0.538218 0.881371
v -0.018764 -0.779232 0.004229
vt 0.961860 0.950372
v -0.044951 -0.768295 0.003284
vt 0.956360 0.950141
v 0.004705 -0.787048 0.003665
vt 0.966615 0.950141
v -0.692808 -0.402719 0.869244
vt 0.070212 0.804091
v -0.694115 -0.399636 0.856398
vt 0.072412 0.803519
v -0.669401 -0.089156 0.992894
vt 0.294743 0.776617
v 0.818938 -0.463551 0.003253
vt 0.926563 0.612981
v 0.794332 -0.498821 0.002411
vt 0.918368 0.612507
v -0.645995 -0.093409 1.243434
vt 0.810280 0.311124
v -0.670736 -0.120607 1.252475
vt 0.806413 0.304986
v -0.604589 -0.122176 1.268474
vt 0.819163 0.306618
v -0.465389 0.822932 0.460682
vt 0.731154 0.934306
v -0.455269 0.825209 0.468897
vt 0.732570 0.932171
v -0.457268 0.813740 0.460183
vt 0.733426 0.934845
v -0.796791 -0.359089 1.014016
vt 0.169157 0.883558
v -0.775715 -0.370994 1.024682
vt 0.164983 0.886382
v -0.447327 -0.322130 0.001775
vt 0.967243 0.772305
v -0.663133 0.086186 1.047745
vt 0.192851 0.749830
v -0.681650 0.108896 1.048041
vt 0.198251 0.751174
v -0.634898 0.623450 1.065624
vt 0.753712 0.901631
v -0.492789 -0.009242 1.077681
vt 0.932111 0.677001
v -0.439989 0.197171 0.126596
vt 0.868514 0.905352
v -0.432596 0.219481 0.130653
vt 0.863920 0.905705
v -0.450642 -0.009041 1.092028
vt 0.776308 0.967277
v -0.779684 0.318802 1.080745
vt 0.838927 0.043084
v -0.778761 0.341251 1.086107
vt 0.839751 0.047239
v -0.771776 0.340789 1.056035
vt 0.833897 0.047498
v -0.669447 0.645811 0.502487
vt 0.403479 0.064786
v -0.671825 0.645982 0.508359
vt 0.654687 0.959726
v -0.715960 0.596787 1.005811
vt 0.278544 0.979695
v -0.734313 0.577709 1.008260
vt 0.277582 0.984567
v -0.709361 0.604249 1.011775
vt 0.277582 0.977693
v -0.684485 0.581527 1.027231
vt 0.991482 0.230162
v -0.683480 0.580652 1.030349
vt 0.991482 0.229502
v -0.672526 0.590679 1.029836
vt 0.994247 0.229652
v -0.683480 0.580652 1.030349
vt 0.623849 0.967602
v -0.675221 0.589979 1.033282
vt 0.626150 0.966522
v -0.672526 0.590679 1.029836
vt 0.626736 0.967116
v -0.605807 0.616397 1.149189
vt 0.893400 0.394060
v -0.612712 0.616776 1.141450
vt 0.892955 0.396007
v -0.614475 0.612462 1.153397
vt 0.891380 0.394151
v -0.830112 -0.452346 0.466667
vt 0.341260 0.236037
v -0.858589 -0.410921 0.451251
vt 0.347199 0.227620
v 0.634176 0.581538 0.384076
vt 0.904261 0.249870
v 0.637604 0.608721 0.454390
vt 0.889677 0.251219
v 0.643903 0.587244 0.422218
vt 0.896422 0.248507
v -0.416817 0.267108 0.134029
vt 0.058976 0.602156
v -0.410336 0.286377 0.136447
vt 0.062490 0.601096
v -0.563686 -0.015615 1.064420
vt 0.918368 0.676086
v -0.557032 -0.002592 1.062763
vt 0.919688 0.678618
v -0.607293 0.751804 0.475651
vt 0.387293 0.142055
v -0.796895 0.589158 0.560107
vt 0.427316 0.082220
v -0.840443 0.513734 0.559661
vt 0.443409 0.080911
v -0.822001 0.551511 0.593760
vt 0.536375 0.058490
v -0.802622 0.583137 0.601480
vt 0.535261 0.051164
v -0.664074 0.634022 1.022406
vt 0.004919 0.611325
v -0.662812 0.597802 1.030163
vt 0.011572 0.608575
v -0.641013 0.612227 1.033616
vt 0.759234 0.905000
v -0.662639 0.609597 1.103878
vt 0.745075 0.905361
v -0.638903 0.619378 1.108451
vt 0.745526 0.900374
v -0.598170 0.619777 1.145645
vt 0.895158 0.393950
v -0.935541 0.022938 0.401742
vt 0.441619 0.008692
v -0.932964 0.055951 0.393548
vt 0.435771 0.006591
v -0.935308 0.015528 0.392612
vt 0.442994 0.007016
v -0.736251 -0.156256 1.206378
vt 0.382058 0.968755
v 0.943254 0.117599 0.001432
vt 0.769778 0.887838
v 0.948115 0.082578 0.001717
vt 0.769791 0.894512
v 0.948437 0.058071 -0.000022
vt 0.769109 0.899073
v -0.648448 -0.601760 1.036723
vt 0.887100 0.270987
v -0.664489 -0.590357 1.033650
vt 0.883315 0.270580
v -0.631220 -0.620153 1.037534
vt 0.891876 0.270363
v -0.432596 0.219481 0.130653
vt 0.122969 0.959600
v -0.430575 0.230386 0.134903
vt 0.123806 0.961677
v -0.428027 0.231714 0.130222
vt 0.122904 0.962157
v -0.470999 0.771095 0.419554
vt 0.941488 0.512325
v -0.447783 0.768026 0.423368
vt 0.940010 0.508424
v -0.453343 0.755506 0.417272
vt 0.942881 0.508158
v -0.366978 -0.817285 0.632442
vt 0.866592 0.319763
v -0.390343 -0.804715 0.644884
vt 0.863920 0.314767
v -0.349182 -0.352394 1.465943
vt 0.814319 0.567218
v -0.330278 -0.332599 1.491627
vt 0.807762 0.563970
v -0.475520 0.827329 0.591467
vt 0.958531 0.841087
v -0.477879 0.838279 0.568482
vt 0.963422 0.841829
v -0.477986 0.820282 0.600146
vt 0.956360 0.841552
v -0.830540 0.520404 0.616986
vt 0.966826 0.886679
v -0.801190 0.566939 0.619148
vt 0.957205 0.888176
v -0.802944 0.573621 0.613312
vt 0.956360 0.886679
v -0.410703 0.838627 0.540698
vt 0.964752 0.896412
v -0.414046 0.834228 0.567682
vt 0.959490 0.897184
v -0.409271 0.835727 0.575371
vt 0.958009 0.896176
v -0.684948 0.620560 1.009489
vt 0.198617 0.979347
v -0.709361 0.604249 1.011775
vt 0.197238 0.984689
v -0.679272 0.626011 1.017856
vt 0.197238 0.977693
v -0.563294 -0.783614 0.531514
vt 0.832681 0.488512
v -0.585453 0.662021 1.144927
vt 0.930789 0.004103
v -0.603659 0.652358 1.150463
vt 0.926782 0.004929
v -0.597298 0.658241 1.150736
vt 0.928157 0.004000
v -0.633472 0.647042 1.029584
vt 0.474298 0.783544
v -0.404967 0.301939 0.138118
vt 0.968342 0.453302
v -0.400705 0.316022 0.141307
vt 0.965540 0.453763
v -0.369489 0.382897 0.145932
vt 0.081176 0.597058
v -0.730235 0.424801 0.389419
vt 0.044865 0.520079
v -0.661821 0.487699 0.392929
vt 0.062814 0.522240
v -0.697367 0.438042 0.382333
vt 0.050952 0.523634
v -0.607293 0.751804 0.475651
vt 0.918368 0.860411
v -0.524277 0.825133 0.468534
vt 0.938801 0.860411
v -0.557368 0.796731 0.461255
vt 0.930903 0.862393
v -0.615673 0.692582 0.501644
vt 0.938042 0.186439
v -0.615673 0.692582 0.501644
vt 0.925033 0.168182
v -0.631279 0.680874 0.501847
vt 0.921449 0.168264
v -0.617532 0.690834 0.508305
vt 0.924558 0.166903
v -0.630944 0.680871 0.507634
vt 0.921487 0.167138
v 0.785056 -0.250796 0.344453
vt 0.059446 0.669029
v 0.780704 -0.265834 0.342772
vt 0.062511 0.669146
v 0.644553 0.659948 -0.001719
vt 0.930904 0.803691
v 0.636218 0.668655 0.000430
vt 0.933115 0.804174
v 0.663178 0.646550 0.000872
vt 0.926554 0.804248
v -0.470999 0.771095 0.419554
vt 0.902467 0.380432
v -0.467688 0.730087 0.406717
vt 0.894715 0.382588
v -0.497784 0.719722 0.403217
vt 0.891863 0.377157
v -0.441305 -0.001274 1.158910
vt 0.844105 0.782064
v -0.323374 0.829756 0.463946
vt 0.945052 0.238942
v -0.319401 0.839116 0.496168
vt 0.938935 0.236857
v -0.320116 0.831552 0.469879
vt 0.943991 0.238089
v 0.137735 -0.771241 0.227427
vt 0.067454 0.754734
v 0.245570 -0.798896 0.170268
vt 0.084657 0.737669
v -0.729961 -0.576879 1.011784
vt 0.888312 0.614745
v -0.729860 -0.574078 1.004796
vt 0.888886 0.616034
v -0.707582 -0.599277 1.012385
vt 0.882268 0.615365
v 0.901470 0.296397 0.001026
vt 0.962894 0.217060
v 0.911830 0.263635 0.000495
vt 0.969429 0.217363
v 0.888726 0.328239 -0.000344
vt 0.956360 0.217363
v -0.502274 -0.083207 0.001641
vt 0.280755 0.163896
v -0.505489 -0.021775 0.001835
vt 0.279828 0.175605
v -0.504065 0.057316 0.000527
vt 0.277553 0.190544
v 0.815092 0.468751 0.000275
vt 0.422924 0.963749
v 0.826134 0.449915 -0.000691
vt 0.423177 0.959600
v 0.800428 0.489457 -0.000472
vt 0.423177 0.968568
v -0.376716 0.368944 0.145662
vt 0.981319 0.060137
v -0.369489 0.382897 0.145932
vt 0.978227 0.059885
v -0.380797 0.359427 0.143322
vt 0.983391 0.059885
v -0.364172 0.392934 0.146160
vt 0.083241 0.596862
v -0.375778 0.376589 0.149622
vt 0.322887 0.949576
v -0.357721 0.404041 0.150188
vt 0.323543 0.943288
v -0.364172 0.392934 0.146160
vt 0.324009 0.945846
v -0.724565 0.635194 0.433076
vt 0.315799 0.005916
v -0.713011 0.651138 0.436337
vt 0.311932 0.006333
v -0.601754 0.701489 0.508368
vt 0.928111 0.166777
v -0.617532 0.690834 0.508305
vt 0.389950 0.063741
v -0.630944 0.680871 0.507634
vt 0.393200 0.064262
v -0.629683 0.687458 0.513222
vt 0.391978 0.065470
v 0.245259 0.768966 0.297604
vt 0.695181 0.500130
v 0.213128 0.753067 0.265175
vt 0.686798 0.499915
v -0.475623 -0.844640 0.558131
vt 0.892510 0.684864
v -0.472730 -0.845630 0.555739
vt 0.892964 0.685459
v -0.662639 0.609597 1.103878
vt 0.887416 0.406738
v -0.679163 0.591863 1.121128
vt 0.881893 0.404920
v -0.437623 0.845545 0.480928
vt 0.484740 0.946550
v -0.439025 0.840219 0.467785
vt 0.485897 0.948965
v -0.650242 0.567771 0.821262
vt 0.643389 0.802860
v -0.653155 0.555761 0.835717
vt 0.646063 0.800212
v -0.585453 0.662021 1.144927
vt 0.958985 0.292710
v -0.258793 -0.484494 1.488096
vt 0.591557 0.835192
v -0.415413 -0.066557 1.272010
vt 0.819192 0.774071
v 0.603473 0.653317 0.573638
vt 0.781662 0.530042
v 0.617058 0.643314 0.505163
vt 0.772388 0.540306
v 0.604539 0.653153 0.509502
vt 0.771479 0.537348
v -0.341121 0.432536 0.151706
vt 0.324037 0.936933
v -0.925071 0.205515 0.549747
vt 0.341921 0.034198
v -0.332663 -0.799479 0.435807
vt 0.467247 0.943695
v -0.336380 -0.783003 0.412713
vt 0.468128 0.948907
v -0.325855 -0.809298 0.432807
vt 0.464870 0.943381
v -0.470999 0.771095 0.419554
vt 0.127590 0.518022
v -0.580651 0.796284 0.587678
vt 0.459317 0.618294
v -0.596783 0.796665 0.572731
vt 0.455151 0.619018
v -0.604538 0.790394 0.588583
vt 0.455435 0.615529
v 0.826681 0.101664 0.361625
vt 0.673433 0.411001
v 0.827047 0.099043 0.355390
vt 0.674661 0.410531
v 0.819097 0.142161 0.352544
vt 0.674930 0.419077
v -0.525575 -0.746571 0.510078
vt 0.867135 0.977693
v -0.101578 -0.838250 0.615772
vt 0.406141 0.593842
v -0.114162 -0.839468 0.509494
vt 0.408014 0.572589
v -0.082382 -0.844819 0.583713
vt 0.411094 0.588347
v -0.328240 0.452127 0.155732
vt 0.323812 0.932359
v -0.329537 0.453224 0.160678
vt 0.322887 0.932171
v -0.341208 0.432129 0.154378
vt 0.323515 0.936945
v -0.685714 -0.386157 1.297809
vt 0.081092 0.969411
v -0.688958 -0.417323 1.295059
vt 0.079787 0.963437
v -0.680176 -0.435851 1.297112
vt 0.081092 0.959600
v -0.403128 -0.848640 0.555061
vt 0.291341 0.959600
v -0.592146 -0.014875 1.037327
vt 0.151818 0.980179
v -0.611005 -0.026483 1.023451
vt 0.150201 0.984765
v -0.584598 -0.018704 1.051534
vt 0.150201 0.977693
v -0.506139 0.800074 0.449597
vt 0.981414 0.370295
v -0.507695 0.814151 0.465400
vt 0.978227 0.372987
v -0.501856 0.811175 0.455455
vt 0.978869 0.370761
v -0.507695 0.814151 0.465400
vt 0.992032 0.320766
v -0.502356 0.815874 0.467784
vt 0.991481 0.319700
v -0.501856 0.811175 0.455455
vt 0.993946 0.319700
v -0.507695 0.814151 0.465400
vt 0.982463 0.554266
v -0.499219 0.820607 0.474474
vt 0.979890 0.554266
v -0.502356 0.815874 0.467784
vt 0.981489 0.553796
v -0.493457 0.825380 0.479016
vt 0.978227 0.554068
v -0.514608 -0.815206 0.512068
vt 0.833870 0.500162
v -0.541056 0.737929 0.498782
vt 0.941555 0.168240
v -0.549181 0.732318 0.501891
vt 0.939705 0.167695
v -0.544378 0.736654 0.509530
vt 0.940818 0.166165
v -0.559214 0.727099 0.501230
vt 0.937539 0.167883
v -0.580400 0.715120 0.501423
vt 0.932903 0.167980
v -0.646782 0.588741 0.805785
vt 0.640631 0.807152
v -0.369068 0.836157 0.557238
vt 0.956360 0.681363
v -0.365706 0.837906 0.510555
vt 0.965065 0.679476
v -0.371522 0.835901 0.517932
vt 0.963831 0.680823
v -0.764175 0.464122 0.962524
vt 0.838956 0.291625
v -0.790969 0.452820 1.003168
vt 0.848044 0.288299
v -0.763711 0.502168 0.979432
vt 0.842778 0.297997
v 0.010366 -0.735946 0.260147
vt 0.097673 0.611262
v 0.024993 -0.762728 0.281245
vt 0.099777 0.617745
v -0.023752 -0.725135 0.257988
vt 0.091453 0.609311
v -0.484379 0.193329 -0.000273
vt 0.889569 0.844930
v -0.490222 0.169701 0.001658
vt 0.885128 0.844384
v -0.485236 0.196188 0.001213
vt 0.890096 0.844547
v 0.892936 -0.317033 0.002086
vt 0.476634 0.949000
v -0.083184 -0.846105 0.504512
vt 0.313327 0.721223
v -0.075561 -0.843242 0.484443
vt 0.311630 0.725102
v -0.066332 -0.845949 0.527043
vt 0.310369 0.716713
v -0.314876 0.469402 0.159376
vt 0.877703 0.942270
v -0.328240 0.452127 0.155732
vt 0.877545 0.946531
v -0.316499 0.468856 0.163545
vt 0.876867 0.942338
v -0.328240 0.452127 0.155732
vt 0.096366 0.594975
v -0.329537 0.453224 0.160678
vt 0.096508 0.594028
v -0.461898 0.861720 0.515329
vt 0.680886 0.945207
v -0.448531 0.858602 0.523276
vt 0.682889 0.942826
v -0.462348 0.858218 0.503662
vt 0.681798 0.947368
v -0.501015 0.775879 0.439311
vt 0.943097 0.474522
v -0.506139 0.800074 0.449597
vt 0.939764 0.478463
v -0.495998 0.787968 0.447901
vt 0.940226 0.475501
v -0.635072 0.490578 1.307887
vt 0.522400 0.482189
v -0.667247 0.485450 1.289036
vt 0.515199 0.481491
v -0.650951 0.458276 1.313375
vt 0.520495 0.476505
v -0.488322 0.830799 0.483895
vt 0.979968 0.885057
v -0.493457 0.825380 0.479016
vt 0.981685 0.885158
v -0.487615 0.837598 0.491091
vt 0.978227 0.885938
v -0.508288 0.835768 0.474784
vt 0.007465 0.423763
v -0.524277 0.825133 0.468534
vt 0.007477 0.427605
v -0.505690 0.788759 0.499081
vt 0.904982 0.063873
v -0.512912 0.773116 0.495220
vt 0.901928 0.062583
v -0.505813 0.777749 0.498604
vt 0.903529 0.062296
v -0.512912 0.773116 0.495220
vt 0.979468 0.903500
v -0.513373 0.760441 0.497582
vt 0.981655 0.904606
v -0.505813 0.777749 0.498604
vt 0.978227 0.904606
v -0.273176 0.532350 1.437401
vt 0.595487 0.499404
v -0.248989 0.511647 1.473375
vt 0.603195 0.494228
v -0.221049 0.527768 1.470180
vt 0.607463 0.498786
v -0.505813 0.777749 0.498604
vt 0.198373 0.961501
v -0.505221 0.783507 0.505557
vt 0.197087 0.960404
v -0.776673 -0.346654 1.105815
vt 0.601778 0.901196
v -0.781454 -0.309191 1.091478
vt 0.599170 0.908711
v -0.778229 -0.331915 1.078484
vt 0.596943 0.904316
v -0.692596 0.619597 0.688724
vt 0.617031 0.810508
v -0.685033 0.584585 0.739339
vt 0.626770 0.804115
v -0.577023 -0.630634 1.052053
vt 0.964187 0.828538
v -0.539914 -0.640650 1.060246
vt 0.966830 0.833087
v -0.625758 -0.621376 1.075511
vt 0.956360 0.833087
v -0.683262 -0.138953 0.966935
vt 0.298325 0.787031
v -0.682467 -0.137444 0.960154
vt 0.299678 0.786881
v -0.478178 0.225747 0.000963
vt 0.895584 0.844833
v -0.760201 0.426091 1.026428
vt 0.827629 0.064003
v -0.759331 0.403735 1.027408
vt 0.827733 0.059664
v -0.477610 -0.853491 0.535310
vt 0.897079 0.684984
v -0.296606 0.489541 0.168425
vt 0.877004 0.936862
v -0.300939 0.485496 0.162869
vt 0.877849 0.938162
v -0.307267 0.477589 0.164642
vt 0.877119 0.939990
v -0.730319 -0.273254 1.194476
vt 0.666262 0.863920
v -0.483110 0.804651 0.446079
vt 0.652908 0.941705
v -0.488212 0.794801 0.440307
vt 0.652593 0.944093
v -0.483262 0.836164 0.489207
vt 0.978227 0.885019
v -0.487615 0.837598 0.491091
vt 0.227175 0.937967
v -0.500493 0.839119 0.481626
vt 0.225278 0.940426
v -0.491392 0.850016 0.497037
vt 0.224958 0.936405
v -0.509312 0.826972 0.493122
vt 0.909519 0.069943
v -0.524943 0.806298 0.489760
vt 0.904580 0.069023
v -0.517809 0.798922 0.494164
vt 0.904604 0.066979
v -0.505690 0.788759 0.499081
vt 0.198404 0.959600
v -0.505221 0.783507 0.505557
vt 0.361802 0.058822
v -0.510812 0.765353 0.504605
vt 0.364998 0.057879
v -0.514736 0.769251 0.510503
vt 0.364862 0.059462
v -0.517124 0.755774 0.502533
vt 0.367221 0.057490
v -0.528302 0.751457 0.511000
vt 0.369114 0.059581
v -0.577760 -0.627037 0.906239
vt 0.295639 0.631056
v -0.752971 -0.277140 1.037421
vt 0.980511 0.185838
v -0.749309 -0.265654 1.039523
vt 0.978227 0.185647
v -0.757398 -0.290636 1.037106
vt 0.983171 0.185647
v -0.764873 -0.357147 0.384895
vt 0.298755 0.094485
v -0.820006 -0.260033 0.382493
vt 0.309066 0.113498
v -0.787926 -0.280835 0.375269
vt 0.302775 0.109407
v -0.531524 0.649231 1.058195
vt 0.982581 0.496007
v -0.511429 0.651208 1.068920
vt 0.978227 0.496007
v -0.517531 0.651934 1.062818
vt 0.979777 0.495457
v -0.511429 0.651208 1.068920
vt 0.759648 0.878076
v -0.489881 0.650914 1.107336
vt 0.430583 0.479523
v -0.482497 0.653261 1.106765
vt 0.429172 0.480139
v -0.458740 0.650457 1.103425
vt 0.424381 0.480092
v -0.429139 -0.834401 0.575392
vt 0.759086 0.959600
v 0.273421 0.050740 1.363006
vt 0.692423 0.301371
v 0.235852 0.035436 1.364392
vt 0.690230 0.293702
v -0.176072 0.584565 0.182996
vt 0.967379 0.053511
v -0.161446 0.582401 0.189330
vt 0.966481 0.056461
v -0.346979 -0.548488 1.327591
vt 0.847201 0.887550
v -0.333650 -0.572643 1.300705
vt 0.841162 0.891795
v -0.272579 -0.552887 1.398020
vt 0.838188 0.870458
v 0.801779 0.190572 0.350906
vt 0.979077 0.635726
v 0.810750 0.205278 0.334602
vt 0.982134 0.639166
v 0.794054 0.207291 0.345714
vt 0.978227 0.639166
v 0.794054 0.207291 0.345714
vt 0.445656 0.712137
v 0.810750 0.205278 0.334602
vt 0.444524 0.708678
v -0.470942 0.252922 0.000855
vt 0.556649 0.932171
v -0.456397 0.298370 0.001633
vt 0.557180 0.940686
v -0.454819 0.299029 -0.000678
vt 0.556649 0.940922
v -0.287679 0.497265 0.169406
vt 0.877233 0.934716
v -0.495998 0.787968 0.447901
vt 0.844271 0.964324
v -0.492904 0.787052 0.446133
vt 0.844958 0.964418
v -0.501015 0.775879 0.439311
vt 0.844429 0.967354
v -0.543720 -0.604592 0.391490
vt 0.256969 0.045773
v -0.624264 -0.510506 0.393026
vt 0.272270 0.064258
v -0.285019 0.594691 -0.000225
vt 0.874815 0.896559
v -0.262006 0.620064 0.000803
vt 0.868185 0.896497
v -0.245809 0.635370 -0.001283
vt 0.863920 0.895828
v -0.469693 0.815243 0.453361
vt 0.731269 0.936526
v -0.466724 0.804489 0.452089
vt 0.733047 0.937781
v -0.465081 0.823347 0.478808
vt 0.958331 0.907590
v 0.643092 -0.516123 0.299216
vt 0.717472 0.983517
v -0.597298 0.658241 1.150736
vt 0.075781 0.951192
v -0.488322 0.830799 0.483895
vt 0.897598 0.302356
v -0.483262 0.836164 0.489207
vt 0.896507 0.301010
v -0.483262 0.836164 0.489207
vt 0.992916 0.593103
v -0.487615 0.837598 0.491091
vt 0.993286 0.594009
v -0.480225 0.839446 0.497268
vt 0.991482 0.594009
v -0.480225 0.839446 0.497268
vt 0.227855 0.936199
v -0.491392 0.850016 0.497037
vt 0.980656 0.304831
v -0.500756 0.846360 0.490071
vt 0.982927 0.305657
v -0.489127 0.854995 0.509356
vt 0.978227 0.305657
v -0.509312 0.826972 0.493122
vt 0.889900 0.959600
v -0.517809 0.798922 0.494164
vt 0.891445 0.964670
v -0.510093 0.811844 0.499431
vt 0.889372 0.962451
v -0.505221 0.783507 0.505557
vt 0.894376 0.833540
v -0.727368 0.690439 0.601811
vt 0.536510 0.025724
v -0.758670 0.634441 0.620009
vt 0.433704 0.580996
v -0.737577 0.656369 0.622961
vt 0.437380 0.584808
v -0.731253 0.677749 0.615618
vt 0.437577 0.588724
v -0.856685 -0.217166 0.495080
vt 0.067356 0.932171
v -0.865705 -0.117498 0.488653
vt 0.067356 0.951245
v -0.861689 -0.148766 0.487780
vt 0.066762 0.945284
v 0.181639 0.439723 1.386336
vt 0.482368 0.097118
v 0.231105 0.520109 1.282786
vt 0.458310 0.109536
v 0.161077 0.474509 1.379473
vt 0.475949 0.092651
v -0.725937 0.540021 1.140882
vt 0.870203 0.774088
v -0.464480 0.800195 0.624268
vt 0.482360 0.623428
v -0.453842 0.800646 0.628568
vt 0.484562 0.623780
v -0.457145 0.805787 0.613988
vt 0.482553 0.626052
v -0.665447 -0.702222 0.459262
vt 0.223027 0.593723
v -0.269987 0.512070 0.172543
vt 0.991482 0.427894
v -0.279258 0.506206 0.168993
vt 0.993666 0.427894
v -0.278411 0.506340 0.173816
vt 0.993205 0.428727
v -0.279258 0.506206 0.168993
vt 0.877771 0.932468
v -0.278411 0.506340 0.173816
vt 0.876867 0.932171
v -0.504371 0.763070 0.431604
vt 0.122295 0.513305
v -0.501015 0.775879 0.439311
vt 0.124720 0.511598
v -0.491903 0.780087 0.432827
vt 0.126312 0.513213
v -0.565704 -0.723401 0.514267
vt 0.725638 0.571505
v -0.481207 0.802500 0.443994
vt 0.731034 0.940225
v -0.478664 0.785308 0.438084
vt 0.733394 0.942893
v -0.466724 0.804489 0.452089
vt 0.133738 0.511260
v -0.457268 0.813740 0.460183
vt 0.136569 0.510394
v -0.451654 0.819328 0.465072
vt 0.733642 0.933080
v -0.462291 0.821904 0.477017
vt 0.650716 0.934295
v -0.456270 0.827390 0.485167
vt 0.650258 0.932171
v -0.459865 0.827015 0.471064
vt 0.652282 0.934060
v -0.465081 0.823347 0.478808
vt 0.929448 0.476296
v -0.476823 0.842440 0.498930
vt 0.894544 0.299412
v -0.480225 0.839446 0.497268
vt 0.894907 0.300224
v -0.474628 0.844490 0.506082
vt 0.893132 0.298907
v -0.474628 0.844490 0.506082
vt 0.227902 0.933972
v -0.509312 0.826972 0.493122
vt 0.942436 0.202790
v -0.510093 0.811844 0.499431
vt 0.941500 0.205617
v -0.506181 0.830827 0.496960
vt 0.333134 0.968790
v -0.510093 0.811844 0.499431
vt 0.333780 0.965281
v -0.515203 0.810013 0.506997
vt 0.335527 0.964904
v 0.010366 -0.735946 0.260147
vt 0.396092 0.980615
v -0.004408 -0.730648 0.257692
vt 0.396459 0.977693
v 0.029701 -0.740788 0.259468
vt 0.396459 0.984321
v -0.462760 0.650996 1.088874
vt 0.257631 0.940096
v -0.439834 0.649282 1.094134
vt 0.257090 0.935622
v -0.460713 0.653738 1.082284
vt 0.259032 0.939930
v -0.430347 0.659710 1.094039
vt 0.991482 0.255266
v -0.439834 0.649282 1.094134
vt 0.994122 0.255061
v -0.439901 0.649834 1.100392
vt 0.994122 0.256274
v -0.440151 0.339475 -0.000453
vt 0.556862 0.948495
v -0.238552 0.536599 0.184230
vt 0.597662 0.979448
v -0.242217 0.533477 0.177698
vt 0.598672 0.980616
v -0.246721 0.530399 0.181039
vt 0.597789 0.981428
v -0.256225 0.525562 0.173523
vt 0.598672 0.983787
v -0.255544 0.525058 0.179747
vt 0.597535 0.983377
v -0.262103 0.518746 0.176005
vt 0.115094 0.594149
v -0.269987 0.512070 0.172543
vt 0.112988 0.594311
v -0.268851 0.516647 0.178465
vt 0.113961 0.593226
v -0.278411 0.506340 0.173816
vt 0.111103 0.593649
v -0.505474 0.744042 0.422691
vt 0.119330 0.515874
v -0.490382 0.768140 0.426924
vt 0.124751 0.515105
v -0.538332 0.674754 1.126589
vt 0.940814 0.004194
v -0.500303 0.677341 1.114065
vt 0.948360 0.005023
v -0.532084 0.673306 1.121498
vt 0.942167 0.004993
v -0.450214 0.827432 0.453933
vt 0.897163 0.197802
v -0.457268 0.813740 0.460183
vt 0.896629 0.200997
v -0.451654 0.819328 0.465072
vt 0.895359 0.199770
v -0.451654 0.819328 0.465072
vt 0.993913 0.292146
v -0.455269 0.825209 0.468897
vt 0.993542 0.293573
v -0.448653 0.826162 0.469985
vt 0.992397 0.293125
v -0.459865 0.827015 0.471064
vt 0.993913 0.294528
v -0.448198 0.831299 0.475008
vt 0.991482 0.294253
v -0.448198 0.831299 0.475008
vt 0.927371 0.944113
v -0.459865 0.827015 0.471064
vt 0.925754 0.946021
v -0.456270 0.827390 0.485167
vt 0.924899 0.943372
v -0.456270 0.827390 0.485167
vt 0.956360 0.907082
v -0.474628 0.844490 0.506082
vt 0.852958 0.967300
v -0.471748 0.848520 0.514572
vt 0.853229 0.965491
v -0.468110 0.850013 0.514236
vt 0.853974 0.965339
v -0.471748 0.848520 0.514572
vt 0.227801 0.932171
v -0.515203 0.810013 0.506997
vt 0.940165 0.206578
v -0.937979 -0.004861 0.584868
vt 0.158777 0.495606
v -0.208681 0.220550 1.556283
vt 0.731293 0.176336
v -0.180026 0.269009 1.567906
vt 0.742164 0.175421
v -0.217128 0.277805 1.561261
vt 0.740591 0.182766
v -0.422900 0.664703 1.089797
vt 0.259821 0.932171
v -0.439834 0.649282 1.094134
vt 0.515672 0.977693
v -0.430347 0.659710 1.094039
vt 0.516095 0.980353
v -0.422900 0.664703 1.089797
vt 0.515468 0.982105
v -0.430347 0.659710 1.094039
vt 0.418793 0.482570
v -0.439901 0.649834 1.100392
vt 0.420605 0.480373
v -0.440821 0.674498 1.102601
vt 0.421353 0.485199
v -0.440821 0.674498 1.102601
vt 0.412246 0.943304
v -0.469114 0.677829 1.110225
vt 0.412672 0.937884
v -0.438156 0.676444 1.104636
vt 0.412880 0.943648
v 0.608117 0.476692 0.920654
vt 0.427178 0.204401
v 0.794054 0.207291 0.345714
vt 0.676016 0.432361
v 0.790630 0.215985 0.345336
vt 0.676059 0.434132
v 0.805230 0.208900 0.377783
vt 0.669619 0.432135
v -0.439025 0.840219 0.467785
vt 0.142866 0.509286
v -0.452189 0.819534 0.445675
vt 0.137510 0.512658
v -0.450214 0.827432 0.453933
vt 0.139120 0.511077
v -0.439912 0.021975 1.130409
vt 0.009736 0.805844
v -0.447534 0.025434 1.129091
vt 0.010275 0.804291
v 0.754196 0.548863 -0.001467
vt 0.878280 0.877483
v 0.694329 0.616265 -0.000887
vt 0.895327 0.877212
v 0.748863 0.557657 0.000361
vt 0.880202 0.877944
v -0.223513 0.549699 0.189393
vt 0.125044 0.594006
v -0.222894 0.547701 0.184277
vt 0.124683 0.594971
v -0.230178 0.541777 0.183459
vt 0.122857 0.594751
v -0.230178 0.541777 0.183459
vt 0.598278 0.977693
v -0.238552 0.536599 0.184230
vt 0.121033 0.594128
v -0.246721 0.530399 0.181039
vt 0.118959 0.594186
v -0.255544 0.525058 0.179747
vt 0.116976 0.593832
v -0.256225 0.525562 0.173523
vt 0.978668 0.729971
v -0.262103 0.518746 0.176005
vt 0.980076 0.731054
v -0.255544 0.525058 0.179747
vt 0.978227 0.731111
v -0.709829 0.351122 0.896068
vt 0.616749 0.052243
v -0.705122 0.338359 0.888457
vt 0.614346 0.050415
v -0.373485 0.677326 0.348498
vt 0.126450 0.545526
v -0.364403 0.705113 0.358301
vt 0.131711 0.543036
v -0.319165 0.732364 0.357313
vt 0.141587 0.545984
v -0.471093 0.780700 0.424509
vt 0.904895 0.206272
v -0.475212 0.782887 0.436518
vt 0.902653 0.206772
v -0.461316 0.805133 0.437174
vt 0.901400 0.201828
v -0.465243 0.800724 0.449168
vt 0.899377 0.203425
v -0.683480 0.580652 1.030349
vt 0.937454 0.876697
v -0.684485 0.581527 1.027231
vt 0.938071 0.876612
v -0.691953 0.569188 1.026585
vt 0.938321 0.879418
v -0.446808 0.834049 0.463766
vt 0.894980 0.196804
v -0.448653 0.826162 0.469985
vt 0.894114 0.198562
v -0.448198 0.831299 0.475008
vt 0.892974 0.197868
v -0.462348 0.858218 0.503662
vt 0.840105 0.979828
v -0.473325 0.852182 0.490601
vt 0.839254 0.983207
v -0.461898 0.861720 0.515329
vt 0.839254 0.977693
v -0.415232 0.678576 1.083863
vt 0.991482 0.074768
v -0.420067 0.669470 1.086506
vt 0.993489 0.075157
v -0.416989 0.674153 1.090144
vt 0.992461 0.075922
v -0.422900 0.664703 1.089797
vt 0.994588 0.075722
v -0.416989 0.674153 1.090144
vt 0.516095 0.984080
v -0.416989 0.674153 1.090144
vt 0.411489 0.948473
v -0.438156 0.676444 1.104636
vt 0.813603 0.487224
v -0.429275 0.668923 1.122094
vt 0.817616 0.486352
v -0.407963 0.678751 1.099946
vt 0.816357 0.492285
v 0.607508 0.688612 -0.001462
vt 0.918368 0.013083
v 0.584756 0.705184 0.000042
vt 0.923594 0.013765
v -0.210583 0.570039 0.181517
vt 0.663769 0.939596
v -0.218043 0.556905 0.182628
vt 0.662517 0.941798
v -0.207083 0.562648 0.187887
vt 0.661857 0.939370
v -0.207083 0.562648 0.187887
vt 0.910943 0.978978
v -0.222894 0.547701 0.184277
vt 0.910577 0.983096
v -0.215266 0.554658 0.188892
vt 0.910196 0.980998
v -0.215266 0.554658 0.188892
vt 0.126831 0.594591
v 0.292361 0.568938 1.208044
vt 0.315460 0.540757
v 0.253887 0.621126 1.189038
vt 0.313508 0.528020
v 0.211786 0.557108 1.268144
vt 0.333955 0.534056
v -0.301728 -0.352478 1.513447
vt 0.801333 0.568715
v -0.426496 0.805313 0.446343
vt 0.930599 0.508217
v -0.596978 0.794341 0.559904
vt 0.371833 0.077212
v -0.446808 0.834049 0.463766
vt 0.140821 0.509505
v -0.445367 0.833119 0.488742
vt 0.926499 0.941545
v -0.447785 0.832908 0.496099
vt 0.925363 0.940587
v -0.456270 0.827390 0.485167
vt 0.927322 0.475684
v -0.454543 0.836905 0.495127
vt 0.924870 0.476608
v -0.447785 0.832908 0.496099
vt 0.924482 0.475185
v -0.471748 0.848520 0.514572
vt 0.962455 0.761056
v -0.474874 0.855935 0.525666
vt 0.960737 0.762888
v -0.464542 0.848269 0.532155
vt 0.958714 0.761100
v -0.828207 -0.476895 0.421964
vt 0.371115 0.185584
v -0.413172 0.677959 1.090853
vt 0.991482 0.076129
v -0.559544 -0.779317 0.450508
vt 0.368829 0.107490
v -0.622480 -0.689707 0.517006
vt 0.728704 0.584190
v -0.609520 -0.693735 0.512342
vt 0.727091 0.581866
v -0.341366 -0.813652 0.464328
vt 0.697864 0.941453
v -0.611461 0.632489 1.218523
vt 0.812191 0.447984
v -0.619796 0.622032 1.229169
vt 0.813332 0.444842
v -0.586497 0.643143 1.212907
vt 0.813739 0.453182
v -0.201867 -0.602310 0.186087
vt 0.969611 0.115799
v -0.176326 -0.629681 0.203256
vt 0.961932 0.115799
v -0.192683 -0.602964 0.190801
vt 0.968243 0.114557
v -0.397117 0.429800 -0.000930
vt 0.248113 0.258314
v -0.387031 0.450259 0.000097
vt 0.245731 0.261925
v -0.348073 0.510258 -0.001120
vt 0.236882 0.272288
v -0.473174 -0.849725 0.496314
vt 0.189087 0.965402
v -0.480109 -0.839793 0.481432
vt 0.188909 0.969102
v -0.461135 -0.846662 0.500338
vt 0.186980 0.964140
v -0.215142 0.590844 0.177846
vt 0.042781 0.977693
v -0.243787 0.575429 0.159380
vt 0.042781 0.984896
v -0.233773 0.566410 0.171498
vt 0.039930 0.982593
v -0.734766 -0.519912 0.938313
vt 0.051145 0.823478
v -0.442141 0.793667 0.437592
vt 0.135249 0.516768
v -0.435909 0.813292 0.452071
vt 0.139215 0.513873
v -0.426496 0.805313 0.446343
vt 0.139286 0.516283
v -0.418549 0.820062 0.462604
vt 0.831254 0.983198
v -0.426410 0.823793 0.468338
vt 0.829715 0.981868
v -0.418504 0.824377 0.473328
vt 0.831254 0.981025
v -0.422942 0.827821 0.478400
vt 0.830347 0.979888
v -0.422559 0.848379 0.495918
vt 0.918368 0.509315
v -0.439025 0.840219 0.467785
vt 0.923862 0.512613
v -0.439025 0.840219 0.467785
vt 0.980695 0.572219
v -0.446808 0.834049 0.463766
vt 0.982405 0.573244
v -0.437623 0.845545 0.480928
vt 0.978227 0.573244
v -0.440519 0.834779 0.500204
vt 0.926166 0.939159
v -0.726699 0.692980 0.576447
vt 0.403164 0.085329
v -0.694031 0.724021 0.570974
vt 0.394601 0.083506
v -0.744264 0.669688 0.567679
vt 0.409013 0.084052
v -0.474302 0.840698 0.567724
vt 0.963820 0.841087
v -0.476517 0.847703 0.552725
vt 0.966992 0.841703
v -0.713601 -0.225370 0.902999
vt 0.109682 0.389872
v -0.700314 -0.205816 0.932397
vt 0.114746 0.384620
v -0.729574 -0.555266 1.211841
vt 0.707720 0.863920
v -0.720670 -0.566358 1.206289
vt 0.707913 0.866841
v -0.415232 0.678576 1.083863
vt 0.436067 0.803988
v -0.413172 0.677959 1.090853
vt 0.436069 0.805375
v -0.407963 0.678751 1.099946
vt 0.435531 0.807325
v -0.884687 0.383817 0.546207
vt 0.942645 0.531506
v 0.570079 0.715130 0.000639
vt 0.926890 0.014057
v -0.213873 0.583308 0.178757
vt 0.969562 0.046625
v -0.341972 -0.798088 0.437015
vt 0.924961 0.636249
v -0.363777 -0.818395 0.444517
vt 0.922332 0.631148
v -0.179429 0.571723 0.191794
vt 0.804244 0.983257
v -0.201530 0.565640 0.193162
vt 0.910196 0.977693
v -0.436273 0.540494 0.302649
vt 0.098092 0.555531
v -0.483637 0.548509 0.330665
vt 0.093508 0.545828
v -0.406180 0.582257 0.316970
vt 0.108294 0.553579
v -0.445391 0.775680 0.428009
vt 0.978227 0.839841
v -0.442141 0.793667 0.437592
vt 0.981878 0.839841
v -0.441936 0.785693 0.433424
vt 0.980297 0.840172
v -0.412423 0.826857 0.476610
vt 0.730461 0.962301
v -0.418549 0.820062 0.462604
vt 0.728586 0.964850
v -0.418504 0.824377 0.473328
vt 0.729113 0.962779
v -0.418857 0.831006 0.489735
vt 0.831174 0.977693
v -0.409692 0.833017 0.501911
vt 0.961866 0.868311
v -0.418857 0.831006 0.489735
vt 0.964444 0.869588
v -0.415355 0.836316 0.505866
vt 0.961223 0.869630
v -0.447785 0.832908 0.496099
vt 0.982149 0.168377
v -0.454543 0.836905 0.495127
vt 0.983146 0.169570
v -0.439511 0.838865 0.514974
vt 0.978227 0.169570
v -0.451374 0.860806 0.539340
vt 0.681204 0.940067
v -0.637337 0.602020 1.241096
vt 0.814091 0.439289
v -0.680204 0.576739 1.246997
vt 0.811263 0.429974
v -0.596978 0.794341 0.559904
vt 0.882283 0.182080
v -0.596783 0.796665 0.572731
vt 0.881629 0.179657
v -0.870555 0.083640 0.480866
vt 0.868867 0.937700
v -0.866502 0.130611 0.479059
vt 0.868620 0.946580
v -0.873117 0.054492 0.484079
vt 0.868620 0.932171
v -0.054357 -0.710674 0.249777
vt 0.422185 0.984202
v -0.036028 -0.718196 0.252242
vt 0.421703 0.980485
v -0.023752 -0.725135 0.257988
vt 0.422185 0.977693
v -0.781377 0.312992 1.099685
vt 0.577058 0.938161
v -0.778761 0.341251 1.086107
vt 0.581527 0.941909
v -0.779684 0.318802 1.080745
vt 0.577436 0.942044
v -0.162486 0.583546 0.201951
vt 0.138493 0.596137
v -0.157509 0.588457 0.201049
vt 0.964109 0.661408
v -0.157765 0.585958 0.194139
vt 0.965170 0.660454
v -0.163926 0.578443 0.196937
vt 0.966544 0.661838
v -0.161446 0.582401 0.189330
vt 0.966476 0.660087
v -0.165749 0.576847 0.191307
vt 0.967479 0.661085
v -0.161446 0.582401 0.189330
vt 0.991481 0.273435
v -0.173099 0.575420 0.186208
vt 0.994084 0.273435
v -0.165749 0.576847 0.191307
vt 0.992554 0.274258
v -0.201530 0.565640 0.193162
vt 0.130350 0.594616
v -0.445391 0.775680 0.428009
vt 0.132094 0.519136
v -0.441936 0.785693 0.433424
vt 0.134084 0.517979
v -0.408008 0.823865 0.450617
vt 0.730461 0.967441
v -0.418857 0.831006 0.489735
vt 0.729842 0.959600
v -0.412423 0.826857 0.476610
vt 0.966830 0.867883
v -0.410604 0.838120 0.522063
vt 0.414924 0.959600
v -0.415355 0.836316 0.505866
vt 0.414538 0.962809
v -0.414465 0.852505 0.517880
vt 0.411937 0.959888
v -0.428812 0.841210 0.514192
vt 0.926865 0.935537
v -0.439511 0.838865 0.514974
vt 0.925008 0.936514
v -0.439511 0.838865 0.514974
vt 0.748857 0.983359
v -0.448531 0.858602 0.523276
vt 0.746940 0.979388
v -0.444708 0.858050 0.535856
vt 0.748857 0.977693
v -0.456677 0.840671 0.560854
vt 0.477216 0.637183
v -0.459912 0.849014 0.538017
vt 0.474392 0.640936
v -0.460835 0.839048 0.559697
vt 0.476417 0.636812
v -0.363115 0.532858 1.338537
vt 0.570759 0.505354
v -0.305961 0.511255 1.432433
vt 0.589646 0.494988
v -0.300804 0.537317 1.405599
vt 0.587718 0.501965
v -0.569021 0.800374 0.587580
vt 0.885762 0.175216
v -0.569021 0.800374 0.587580
vt 0.461232 0.619731
v -0.555645 -0.781144 0.493314
vt 0.501870 0.907272
v -0.652517 -0.701918 0.487164
vt 0.503596 0.883318
v -0.849784 -0.241085 0.488362
vt 0.340511 0.194292
v -0.854507 -0.214827 0.484073
vt 0.341743 0.189215
v -0.854227 -0.233356 0.481729
vt 0.342061 0.192844
v -0.156329 -0.326318 1.570893
vt 0.700225 0.187189
v -0.186163 -0.305914 1.569435
vt 0.693441 0.185068
v -0.199101 -0.354362 1.561361
vt 0.699266 0.177287
v -0.708998 -0.266682 0.921719
vt 0.956360 0.593827
v -0.672705 -0.125642 1.085057
vt 0.850149 0.374591
v -0.674521 -0.133677 1.060265
vt 0.854761 0.376648
v -0.199836 0.610695 0.183993
vt 0.964081 0.047585
v -0.165749 0.576847 0.191307
vt 0.978957 0.931829
v -0.179429 0.571723 0.191794
vt 0.981612 0.932743
v -0.163926 0.578443 0.196937
vt 0.978227 0.932743
v -0.721032 -0.237198 1.190700
vt 0.739646 0.109417
v -0.707528 -0.183733 1.185804
vt 0.733719 0.118659
v -0.709860 -0.196321 1.187160
vt 0.734961 0.116431
v -0.392217 0.804602 0.435284
vt 0.215027 0.965301
v -0.388216 0.815495 0.445899
vt 0.214886 0.962154
v -0.382370 0.798012 0.432878
vt 0.217112 0.965820
v -0.373457 0.808904 0.441974
vt 0.916780 0.940264
v -0.378500 0.805610 0.441091
vt 0.915760 0.940845
v -0.373745 0.816591 0.456863
vt 0.916281 0.937160
v -0.747555 -0.177546 1.208363
vt 0.544536 0.983994
v -0.761788 -0.208599 1.215715
vt 0.544536 0.977693
v -0.758137 -0.197126 1.215398
vt 0.545067 0.979784
v -0.402224 0.838680 0.528821
vt 0.958407 0.302279
v -0.439511 0.838865 0.514974
vt 0.946824 0.982913
v -0.444708 0.858050 0.535856
vt 0.946824 0.977693
v -0.433733 0.842562 0.526615
vt 0.948673 0.981085
v -0.444708 0.858050 0.535856
vt 0.682767 0.940245
v -0.441305 0.851826 0.566463
vt 0.681769 0.934333
v -0.450784 0.168435 0.127775
vt 0.961417 0.924783
v -0.460479 0.140244 0.127743
vt 0.966807 0.924874
v -0.441110 0.194659 0.128424
vt 0.956360 0.924874
v -0.579277 0.789217 0.603443
vt 0.461131 0.615486
v -0.725946 0.671013 0.551381
vt 0.406738 0.079828
v -0.364521 -0.826096 0.614010
vt 0.334956 0.915466
v -0.882858 0.056819 0.633434
vt 0.150652 0.459112
v -0.865664 0.144916 0.647957
vt 0.167871 0.457635
v 0.675668 0.470678 0.304716
vt 0.991481 0.157873
v 0.668061 0.484067 0.299937
vt 0.994524 0.157873
v 0.672795 0.475398 0.305061
vt 0.992422 0.158252
v -0.922143 -0.110759 0.436662
vt 0.357438 0.168409
v -0.159350 0.615758 0.204745
vt 0.391939 0.965638
v -0.158014 0.599899 0.198963
vt 0.390418 0.968622
v -0.157320 0.610961 0.206530
vt 0.390930 0.966041
v -0.146411 0.267395 1.569472
vt 0.744768 0.169332
v -0.767150 0.382188 1.064799
vt 0.588652 0.947742
v -0.771776 0.340789 1.056035
vt 0.580884 0.947742
v -0.467688 0.730087 0.406717
vt 0.122232 0.523214
v -0.458374 0.716757 0.396767
vt 0.121437 0.526623
v -0.384469 0.786664 0.421127
vt 0.217507 0.969034
v -0.382370 0.798012 0.432878
vt 0.915134 0.943021
v -0.379032 0.796660 0.428817
vt 0.915883 0.943760
v -0.373457 0.808904 0.441974
vt 0.895400 0.578947
v -0.369062 0.822826 0.466203
vt 0.890363 0.576931
v -0.369062 0.822826 0.466203
vt 0.916898 0.935010
v -0.393607 0.846444 0.536804
vt 0.991482 0.220747
v -0.402224 0.838680 0.528821
vt 0.994187 0.220747
v -0.397727 0.845127 0.538218
vt 0.991984 0.221502
v -0.405342 0.839659 0.529809
vt 0.994278 0.221362
v -0.397727 0.845127 0.538218
vt 0.978227 0.240359
v -0.405342 0.839659 0.529809
vt 0.980642 0.239813
v -0.403980 0.852473 0.531887
vt 0.979597 0.242064
v -0.410604 0.838120 0.522063
vt 0.982470 0.239813
v -0.414465 0.852505 0.517880
vt 0.982907 0.242646
v -0.738737 0.403853 1.286768
vt 0.826200 0.708015
v -0.734452 0.346980 1.289337
vt 0.829684 0.697417
v -0.728961 0.426351 1.288832
vt 0.827001 0.712704
v -0.439511 0.838865 0.514974
vt 0.686284 0.943631
v -0.433733 0.842562 0.526615
vt 0.686285 0.941119
v -0.460835 0.839048 0.559697
vt 0.103575 0.946555
v -0.566523 0.787590 0.606093
vt 0.462119 0.977693
v -0.558694 0.804633 0.578640
vt 0.462119 0.984086
v -0.569021 0.800374 0.587580
vt 0.460651 0.981757
v -0.588691 0.780314 0.604245
vt 0.459691 0.613597
v 0.668061 0.484067 0.299937
vt 0.708825 0.979679
v 0.655753 0.500428 0.298483
vt 0.708232 0.983526
v 0.665416 0.486458 0.301911
vt 0.708288 0.980264
v -0.394018 0.769501 0.410502
vt 0.137864 0.527574
v -0.384469 0.786664 0.421127
vt 0.914810 0.946193
v -0.368611 0.807310 0.424177
vt 0.966679 0.432901
v -0.438853 -0.841834 0.488882
vt 0.926286 0.592934
v -0.429094 -0.847894 0.498408
vt 0.923368 0.593014
v -0.425568 -0.848895 0.511917
vt 0.921107 0.591471
v -0.388284 0.827072 0.464060
vt 0.313137 0.936867
v -0.396640 0.837049 0.468275
vt 0.310763 0.935933
v -0.377975 0.828883 0.480904
vt 0.314887 0.933456
v -0.390415 0.844304 0.485865
vt 0.311211 0.932171
v -0.416676 0.853420 0.518425
vt 0.883121 0.193219
v -0.417236 0.842871 0.527741
vt 0.881721 0.195445
v -0.404773 0.852402 0.541855
vt 0.878380 0.193345
v -0.424618 0.840721 0.529916
vt 0.925899 0.932599
v -0.417236 0.842871 0.527741
vt 0.927371 0.932171
v -0.442832 0.838616 0.598078
vt 0.276967 0.937731
v -0.460530 0.827234 0.579715
vt 0.478499 0.632808
v -0.461909 0.818534 0.592271
vt 0.479550 0.630021
v -0.456225 0.825414 0.587091
vt 0.479952 0.631964
v -0.482345 0.811600 0.598032
vt 0.476727 0.626769
v -0.484840 0.811589 0.593602
vt 0.475877 0.627159
v -0.544004 0.802726 0.589773
vt 0.465630 0.621774
v -0.555872 0.799132 0.589210
vt 0.463608 0.620462
v -0.566523 0.787590 0.606093
vt 0.463543 0.616003
v -0.329149 0.582715 1.295898
vt 0.571964 0.519527
v -0.322135 0.595724 1.276768
vt 0.571190 0.524152
v -0.704143 -0.343220 0.875347
vt 0.085995 0.388719
v -0.713678 -0.314147 0.871443
vt 0.091354 0.391459
v -0.701778 -0.378265 0.855664
vt 0.078380 0.390044
v -0.492003 -0.465815 0.280006
vt 0.812361 0.910399
v -0.628104 -0.402123 0.313853
vt 0.799926 0.882296
v -0.606058 -0.340525 0.278407
vt 0.812242 0.876396
v 0.694329 0.616265 -0.000887
vt 0.918368 0.803505
v -0.638218 0.047696 1.005602
vt 0.165778 0.374294
v -0.648642 0.063478 1.005324
vt 0.168818 0.376216
v 0.389142 -0.701203 0.274607
vt 0.966785 0.916209
v -0.257330 0.604560 0.089554
vt 0.645500 0.033656
v -0.185876 0.648473 0.160177
vt 0.632967 0.018102
v -0.139640 0.685102 0.180416
vt 0.629980 0.007169
v -0.673638 0.696516 0.460309
vt 0.300143 0.010410
v -0.708661 0.655486 0.465860
vt 0.310407 0.012059
v -0.672133 0.690913 0.476512
vt 0.300770 0.013672
v -0.148665 0.628337 0.211594
vt 0.391501 0.962321
v -0.157320 0.610961 0.206530
vt 0.960194 0.660344
v -0.157603 0.609008 0.209599
vt 0.960215 0.661055
v -0.152454 0.617832 0.215893
vt 0.957853 0.661153
v -0.161794 0.604337 0.210897
vt 0.961142 0.661853
v -0.352704 0.558798 1.317440
vt 0.570273 0.511979
v -0.337518 0.561226 1.325720
vt 0.573612 0.512392
v -0.386998 0.774075 0.409276
vt 0.139402 0.528165
v -0.384469 0.786664 0.421127
vt 0.983328 0.068137
v -0.379032 0.796660 0.428817
vt 0.980913 0.069360
v -0.368611 0.807310 0.424177
vt 0.978227 0.068137
v -0.354794 -0.847673 0.538703
vt 0.885366 0.323978
v -0.357575 -0.842384 0.574980
vt 0.878225 0.323364
v -0.377975 0.828883 0.480904
vt 0.305415 0.965647
v -0.390415 0.844304 0.485865
vt 0.302112 0.964352
v -0.376662 0.834475 0.499530
vt 0.305445 0.961840
v -0.376662 0.834475 0.499530
vt 0.902196 0.980124
v -0.390415 0.844304 0.485865
vt 0.898875 0.982996
v -0.383926 0.849732 0.514363
vt 0.898875 0.977693
v -0.719425 0.150919 0.996171
vt 0.615276 0.902224
v -0.673350 0.096640 0.997091
vt 0.613619 0.888887
v -0.688992 0.111225 1.009642
vt 0.616578 0.892709
v -0.388273 0.852136 0.520127
vt 0.057885 0.936116
v -0.393607 0.846444 0.536804
vt 0.055262 0.933736
v -0.391103 0.849323 0.543927
vt 0.055373 0.932171
v -0.393607 0.846444 0.536804
vt 0.992819 0.584382
v -0.397727 0.845127 0.538218
vt 0.993317 0.585103
v -0.391103 0.849323 0.543927
vt 0.991481 0.585103
v -0.391103 0.849323 0.543927
vt 0.993312 0.564810
v -0.397727 0.845127 0.538218
vt 0.992563 0.566621
v -0.400408 0.853575 0.544746
vt 0.991481 0.564810
v -0.397727 0.845127 0.538218
vt 0.991481 0.436727
v -0.403980 0.852473 0.531887
vt 0.993585 0.436727
v -0.400408 0.853575 0.544746
vt 0.992013 0.438816
v -0.400408 0.853575 0.544746
vt 0.485398 0.932171
v -0.417236 0.842871 0.527741
vt 0.980822 0.912606
v -0.424618 0.840721 0.529916
vt 0.981635 0.913884
v -0.410703 0.838627 0.540698
vt 0.978227 0.913884
v -0.613364 0.757567 0.619070
vt 0.457150 0.606995
v -0.599674 0.785103 0.599282
vt 0.457330 0.613894
v -0.649451 0.744498 0.620355
vt 0.451306 0.602361
v -0.460864 0.809906 0.605548
vt 0.103592 0.936172
v -0.464480 0.800195 0.624268
vt 0.102825 0.932171
v -0.735250 -0.300613 1.198339
vt 0.666552 0.868960
v -0.738130 -0.397326 1.198759
vt 0.667681 0.887551
v -0.410184 0.070355 1.269451
vt 0.653380 0.903074
v -0.405088 0.081984 1.290712
vt 0.655847 0.899489
v -0.170025 0.634064 0.202994
vt 0.956360 0.632089
v -0.148665 0.628337 0.211594
vt 0.958486 0.628197
v -0.130216 0.647071 0.218195
vt 0.963662 0.628197
v -0.147141 0.625588 0.214694
vt 0.390672 0.962294
v -0.147141 0.625588 0.214694
vt 0.956360 0.660054
v -0.188184 0.619905 0.222905
vt 0.140395 0.587723
v -0.152454 0.617832 0.215893
vt 0.144887 0.592668
v -0.381342 0.818354 0.615160
vt 0.495309 0.633592
v -0.366608 0.810448 0.651155
vt 0.501342 0.629065
v -0.363543 0.823339 0.626729
vt 0.499389 0.634066
v -0.345648 0.802168 0.434729
vt 0.149807 0.526733
v -0.350160 0.788594 0.415751
vt 0.146708 0.530040
v -0.344872 0.815740 0.456263
vt 0.152474 0.522654
v -0.369410 0.828128 0.479935
vt 0.307076 0.965867
v -0.390415 0.844304 0.485865
vt 0.967733 0.611941
v -0.388273 0.852136 0.520127
vt 0.960937 0.611776
v -0.383926 0.849732 0.514363
vt 0.962109 0.610866
v -0.391103 0.849323 0.543927
vt 0.956360 0.611941
v -0.393023 0.850182 0.565925
vt 0.978227 0.563035
v -0.391103 0.849323 0.543927
vt 0.982367 0.562266
v -0.400408 0.853575 0.544746
vt 0.982367 0.564219
v -0.404773 0.852402 0.541855
vt 0.963861 0.321174
v -0.414046 0.834228 0.567682
vt 0.687565 0.932171
v -0.475582 0.796243 0.623607
vt 0.615430 0.966354
v -0.481584 0.801983 0.616913
vt 0.614030 0.967801
v -0.475200 0.789593 0.634217
vt 0.615849 0.964013
v -0.730971 -0.170091 1.039554
vt 0.956360 0.283834
v -0.744738 -0.190769 1.033499
vt 0.961084 0.283334
v -0.764895 -0.229000 1.028399
vt 0.969006 0.283834
v -0.398102 -0.848140 0.568760
vt 0.790226 0.964304
v -0.688126 0.356612 1.294622
vt 0.838026 0.701338
v -0.686704 0.409749 1.294613
vt 0.835803 0.711462
v 0.020611 0.792861 0.000257
vt 0.937917 0.489050
v 0.048847 0.799003 -0.002030
vt 0.943320 0.489818
v -0.130216 0.647071 0.218195
vt 0.978227 0.022447
v -0.148665 0.628337 0.211594
vt 0.983460 0.022447
v -0.137805 0.636386 0.219145
vt 0.980690 0.023306
v -0.137805 0.636386 0.219145
vt 0.390418 0.959600
v 0.832224 -0.108180 0.550137
vt 0.638727 0.369078
v 0.820532 0.012092 0.588496
vt 0.630344 0.392297
v 0.818196 -0.027292 0.601397
vt 0.628239 0.384681
v -0.714713 0.515301 1.190273
vt 0.994192 0.238162
v -0.713139 0.521264 1.191964
vt 0.993231 0.238857
v -0.704937 0.525427 1.189119
vt 0.991481 0.238162
v -0.670032 0.111749 0.978052
vt 0.983257 0.094530
v -0.669742 0.105667 0.976524
vt 0.982665 0.095478
v -0.667497 0.090259 0.994204
vt 0.978227 0.094530
v 0.460949 0.768615 0.084912
vt 0.057707 0.341903
v 0.439546 0.768199 0.118324
vt 0.053737 0.335552
v 0.508300 0.736116 0.120405
vt 0.068469 0.335184
v 0.556768 0.670462 0.398154
vt 0.747927 0.541537
v 0.548854 0.699448 0.456197
vt 0.755711 0.532115
v -0.354701 0.840242 0.478937
vt 0.286004 0.944095
v -0.357533 0.829561 0.453355
vt 0.285974 0.949337
v -0.359608 0.837637 0.469656
vt 0.285184 0.945969
v -0.376662 0.834475 0.499530
vt 0.967435 0.681363
v -0.383926 0.849732 0.514363
vt 0.042521 0.969563
v -0.391103 0.849323 0.543927
vt 0.042132 0.963787
v -0.393023 0.850182 0.565925
vt 0.042521 0.959600
v -0.421125 0.836496 0.559740
vt 0.787109 0.944912
v -0.426883 0.830992 0.582699
vt 0.785527 0.940754
v -0.421731 0.827917 0.583655
vt 0.786607 0.940263
v -0.904836 -0.251684 0.403934
vt 0.760684 0.627392
v 0.602964 0.554355 0.291386
vt 0.246281 0.963289
v 0.576801 0.568104 0.289386
vt 0.246281 0.969058
v 0.601587 0.554309 0.294411
vt 0.245682 0.963511
v -0.202770 -0.818295 0.655943
vt 0.546437 0.871349
v -0.194159 -0.828526 0.614983
vt 0.542992 0.879080
v -0.192569 -0.820083 0.664818
vt 0.544804 0.869344
v -0.074623 0.755044 -0.001113
vt 0.942106 0.569484
v -0.130216 0.647071 0.218195
vt 0.151912 0.592567
v -0.137805 0.636386 0.219145
vt 0.149486 0.592395
v -0.133383 0.645675 0.221923
vt 0.151421 0.591782
v -0.137805 0.636386 0.219145
vt 0.978227 0.401343
v -0.344121 0.773697 0.400996
vt 0.151870 0.950710
v -0.360731 0.786257 0.408384
vt 0.148469 0.949030
v -0.344726 0.781850 0.410060
vt 0.146383 0.531938
v -0.333307 0.801515 0.431692
vt 0.151344 0.528527
v -0.306646 -0.568675 0.003360
vt 0.925080 0.560633
v -0.283449 -0.595152 0.002590
vt 0.918368 0.561038
v -0.334882 0.812805 0.453459
vt 0.291290 0.949651
v -0.344872 0.815740 0.456263
vt 0.289249 0.949032
v -0.338665 0.823349 0.477119
vt 0.290075 0.944783
v -0.341849 0.827523 0.487032
vt 0.289282 0.942746
v -0.376662 0.834475 0.499530
vt 0.967458 0.670489
v -0.378729 0.839693 0.526003
vt 0.962400 0.671476
v -0.371522 0.835901 0.517932
vt 0.963866 0.669853
v -0.369068 0.836157 0.557238
vt 0.961507 0.961051
v -0.378729 0.839693 0.526003
vt 0.959476 0.966981
v -0.380204 0.835226 0.563795
vt 0.959476 0.959600
v -0.395268 0.847157 0.580071
vt 0.956360 0.321921
v -0.421731 0.827917 0.583655
vt 0.956360 0.898922
v -0.409271 0.835727 0.575371
vt 0.968491 0.381171
v -0.421731 0.827917 0.583655
vt 0.965891 0.383069
v -0.417153 -0.835839 0.538496
vt 0.982942 0.296268
v -0.412024 -0.835782 0.543902
vt 0.981621 0.296831
v -0.409272 -0.835405 0.561069
vt 0.978227 0.296268
v -0.423080 0.819237 0.601827
vt 0.962127 0.382382
v -0.569172 0.662876 1.135144
vt 0.934310 0.005083
v -0.570326 0.666828 1.138017
vt 0.934113 0.004169
v 0.511976 -0.745815 0.002695
vt 0.933782 0.451835
v 0.527169 -0.740475 0.004835
vt 0.936837 0.452387
v -0.444816 0.851178 0.571318
vt 0.680886 0.933668
v -0.422559 0.848379 0.495918
vt 0.411682 0.964319
v -0.418857 0.831006 0.489735
vt 0.414853 0.966126
v -0.422942 0.827821 0.478400
vt 0.414924 0.968452
v 0.576801 0.568104 0.289386
vt 0.835895 0.959600
v 0.569154 0.576221 0.285398
vt 0.836271 0.961688
v 0.562661 0.582267 0.285435
vt 0.835932 0.963294
v 0.871488 0.353056 0.100079
vt 0.473281 0.662108
v 0.853605 0.401582 0.060384
vt 0.484164 0.656721
v 0.815096 0.457496 0.084901
vt 0.496095 0.663943
v -0.118777 0.662775 0.219973
vt 0.105338 0.981158
v -0.130216 0.647071 0.218195
vt 0.104855 0.984872
v -0.118122 0.662644 0.224180
vt 0.104548 0.980937
v -0.432921 -0.795235 0.652247
vt 0.923644 0.523278
v -0.732526 -0.680436 0.575364
vt 0.747180 0.600256
v -0.387817 0.732060 0.371307
vt 0.132416 0.536713
v -0.385687 0.749900 0.383275
vt 0.135481 0.533886
v -0.379064 0.760020 0.388081
vt 0.137908 0.533145
v -0.334882 0.812805 0.453459
vt 0.153392 0.524331
v -0.330572 0.810409 0.442582
vt 0.153287 0.526565
v -0.353219 0.850063 0.528294
vt 0.962656 0.877630
v -0.357626 0.847524 0.506449
vt 0.966859 0.878679
v -0.358863 0.849693 0.531123
vt 0.962079 0.878679
v -0.429130 0.804662 0.630450
vt 0.568047 0.939114
v -0.433500 0.795447 0.650284
vt 0.566784 0.935014
v -0.426914 0.797665 0.643988
vt 0.568182 0.936207
v -0.440257 0.800765 0.650574
vt 0.565276 0.935680
v -0.440122 0.789753 0.664727
vt 0.565180 0.932171
v -0.888902 -0.315065 0.408122
vt 0.760973 0.614315
v -0.423173 -0.826160 0.485693
vt 0.908231 0.967065
v -0.111180 0.670001 0.225267
vt 0.104748 0.979043
v -0.106071 0.675353 0.223269
vt 0.105419 0.977782
v -0.113456 0.667125 0.222271
vt 0.105160 0.979857
v -0.118122 0.662644 0.224180
vt 0.155863 0.591835
v -0.334915 0.788060 0.411889
vt 0.148639 0.532254
v -0.344121 0.773697 0.400996
vt 0.145073 0.533928
v -0.326593 0.776292 0.387833
vt 0.147393 0.537533
v -0.519585 -0.655767 1.193097
vt 0.695517 0.907826
v -0.566485 -0.643176 1.211483
vt 0.695357 0.898164
v -0.601646 -0.638692 1.192057
vt 0.701279 0.893645
v -0.357626 0.847524 0.506449
vt 0.285184 0.938527
v -0.353219 0.850063 0.528294
vt 0.286003 0.934174
v -0.353291 0.847558 0.507228
vt 0.286001 0.938378
v -0.356352 0.848679 0.560861
vt 0.956360 0.878155
v -0.222780 -0.775591 0.377092
vt 0.052456 0.631413
v -0.201601 -0.799739 0.403237
vt 0.055927 0.638501
v -0.251133 -0.792524 0.400604
vt 0.046639 0.636673
v -0.369068 0.836157 0.557238
vt 0.268388 0.984575
v -0.378863 0.827225 0.591225
vt 0.268388 0.977693
v -0.368997 0.833098 0.578286
vt 0.269582 0.980735
v -0.669212 0.511472 0.836851
vt 0.645485 0.790920
v -0.681725 0.491210 0.857708
vt 0.649172 0.785817
v -0.426126 0.808525 0.621343
vt 0.568829 0.940945
v -0.423963 0.804781 0.629144
vt 0.569058 0.939305
v -0.430415 0.785085 0.675640
vt 0.493186 0.617619
v -0.433500 0.795447 0.650284
vt 0.490128 0.621951
v -0.440122 0.789753 0.664727
vt 0.490461 0.618811
v -0.705035 -0.228871 0.918442
vt 0.109732 0.386461
v 0.188872 0.818401 0.099450
vt 0.796912 0.009991
v 0.137994 0.811710 0.108316
vt 0.795132 0.019781
v -0.608399 0.063023 1.069976
vt 0.027498 0.776436
v -0.583456 0.047693 1.073329
vt 0.025900 0.781998
v -0.097457 0.680349 0.228881
vt 0.991482 0.409425
v -0.106071 0.675353 0.223269
vt 0.993690 0.409425
v -0.105978 0.674664 0.227741
vt 0.993270 0.410189
v -0.348281 0.748757 0.378123
vt 0.140398 0.538665
v -0.325332 0.821383 0.445624
vt 0.981991 0.785886
v -0.323374 0.829756 0.463946
vt 0.978227 0.785886
v -0.321558 0.823600 0.448800
vt 0.981181 0.785213
v -0.331096 0.830124 0.499022
vt 0.291217 0.940344
v -0.341736 0.832263 0.503794
vt 0.289118 0.939351
v -0.351243 0.847539 0.550525
vt 0.963463 0.601948
v -0.353219 0.850063 0.528294
vt 0.967747 0.602693
v -0.356352 0.848679 0.560861
vt 0.961403 0.602866
v -0.277128 0.496686 1.470426
vt 0.598287 0.490613
v -0.324694 0.467127 1.450110
vt 0.588530 0.486093
v -0.285390 0.471784 1.482635
vt 0.598263 0.485483
v -0.403367 -0.848150 0.536689
vt 0.979829 0.221853
v -0.401170 -0.840153 0.536267
vt 0.979065 0.223228
v -0.397650 -0.841541 0.540017
vt 0.978227 0.222641
v -0.420644 0.255511 0.134670
vt 0.056948 0.602491
v -0.232802 0.717095 0.324754
vt 0.150535 0.560982
v -0.300433 0.670635 0.328574
vt 0.135110 0.556639
v -0.254392 0.724454 0.338349
vt 0.148960 0.556172
v -0.842467 0.436606 0.459719
vt 0.360714 0.013944
v -0.311418 0.818617 0.458358
vt 0.601965 0.939957
v -0.355291 0.841377 0.587427
vt 0.956360 0.601948
v -0.358255 0.843412 0.580684
vt 0.957626 0.602693
v -0.368997 0.833098 0.578286
vt 0.493691 0.641252
v -0.378863 0.827225 0.591225
vt 0.493334 0.638027
v -0.372552 0.824639 0.604891
vt 0.495742 0.636414
v -0.423963 0.804781 0.629144
vt 0.489607 0.626645
v -0.262006 0.620064 0.000803
vt 0.663050 0.033302
v -0.218876 0.660996 -0.000124
vt 0.664257 0.022364
v -0.716631 -0.089846 0.939905
vt 0.137119 0.389445
v 0.428846 0.685038 0.274246
vt 0.561956 0.077889
v 0.441451 0.676077 0.273529
vt 0.562172 0.074946
v 0.438407 0.697791 0.247434
vt 0.567934 0.078161
v 0.451739 0.691857 0.303894
vt 0.798569 0.691940
v 0.491668 0.680945 0.317933
vt 0.794239 0.684654
v 0.451165 0.668973 0.274660
vt 0.805154 0.689853
v 0.254157 -0.850400 0.479044
vt 0.252124 0.724059
v 0.311358 -0.838915 0.518869
vt 0.241105 0.715933
v -0.765674 -0.501347 0.498598
vt 0.328237 0.246561
v -0.316680 0.756285 0.370978
vt 0.145558 0.542506
v -0.314926 0.783703 0.396464
vt 0.150315 0.536951
v -0.314926 0.783703 0.396464
vt 0.711008 0.967503
v -0.321161 0.796864 0.407761
vt 0.709737 0.964377
v -0.313284 0.801442 0.418970
vt 0.711478 0.962056
v -0.311280 0.823850 0.474614
vt 0.982026 0.741007
v -0.310188 0.827841 0.493794
vt 0.978227 0.741007
v -0.300456 0.826536 0.486431
vt 0.979484 0.739111
v -0.317897 0.841142 0.526058
vt 0.933199 0.235719
v -0.323308 0.841646 0.539307
vt 0.930499 0.236357
v -0.405435 0.811728 0.645720
vt 0.069124 0.966279
v -0.409097 0.792137 0.674665
vt 0.069124 0.959600
v -0.392948 0.804646 0.646496
vt 0.071787 0.965642
v -0.834510 -0.185016 0.693617
vt 0.107692 0.436515
v -0.829174 -0.258600 0.674533
vt 0.092815 0.436126
v -0.252053 0.290421 1.548358
vt 0.739964 0.190080
v -0.241832 0.248899 1.550910
vt 0.733493 0.184670
v -0.178697 0.835119 0.598998
vt 0.558333 0.779493
v -0.186637 0.832295 0.614030
vt 0.559144 0.782739
v -0.175895 0.830671 0.640466
vt 0.555973 0.787163
v -0.193512 -0.118145 1.523363
vt 0.663180 0.207148
v -0.216413 -0.138484 1.531562
vt 0.663607 0.201063
v -0.179408 -0.141170 1.537267
vt 0.668569 0.206393
v -0.251016 0.742589 0.349295
vt 0.152202 0.553605
v -0.317897 0.841142 0.526058
vt 0.021571 0.968502
v -0.318827 0.830798 0.575540
vt 0.024044 0.959600
v -0.310343 0.830518 0.523013
vt 0.024044 0.969483
v -0.332098 0.835836 0.539893
vt 0.930154 0.238305
v -0.323915 0.835519 0.572397
vt 0.924082 0.236010
v -0.401064 0.821525 0.633248
vt 0.069537 0.969385
v 0.237278 -0.852474 0.714319
vt 0.256582 0.678181
v 0.257878 -0.836035 0.777193
vt 0.251991 0.665791
v 0.206265 -0.850390 0.747406
vt 0.262250 0.671915
v -0.358565 -0.828539 0.461406
vt 0.918368 0.631517
v -0.615767 0.739799 0.442930
vt 0.007806 0.452401
v -0.702373 -0.661125 0.443275
vt 0.221000 0.604497
v -0.404121 0.275489 1.399075
vt 0.828953 0.153158
v -0.317897 0.841142 0.526058
vt 0.707009 0.946710
v -0.323308 0.841646 0.539307
vt 0.705864 0.944193
v -0.323915 0.835519 0.572397
vt 0.705864 0.937830
v -0.355291 0.841377 0.587427
vt 0.969880 0.066412
v 0.319631 0.831760 0.480642
vt 0.731331 0.487017
v -0.669921 0.563807 1.176515
vt 0.465638 0.458110
v -0.714837 0.378150 0.894240
vt 0.618498 0.057350
v -0.285390 0.420903 1.506826
vt 0.600975 0.476505
v -0.310987 0.432375 1.482566
vt 0.594235 0.478946
v -0.741375 -0.534236 1.071370
vt 0.941765 0.257894
v -0.746660 -0.521163 1.055451
vt 0.944570 0.260900
v -0.359441 0.755864 0.385936
vt 0.140043 0.535825
v 0.341224 0.636263 1.086598
vt 0.288054 0.532810
v 0.363495 0.581547 1.120280
vt 0.294100 0.544370
v 0.394880 0.573909 1.096139
vt 0.287657 0.548359
v -0.703517 -0.245402 0.326967
vt 0.779087 0.243500
v -0.748921 -0.139017 0.335183
vt 0.787153 0.264775
v -0.275091 0.837611 0.547009
vt 0.578025 0.774621
v -0.751884 0.382603 0.910761
vt 0.736433 0.832253
v -0.699556 0.444733 0.876671
vt 0.725597 0.844961
v 0.692168 -0.476851 0.286645
vt 0.107819 0.672463
v 0.627900 -0.532221 0.297607
vt 0.121792 0.664536
v -0.498890 -0.841277 0.490545
vt 0.536463 0.983984
v -0.744913 0.228192 0.955567
vt 0.829381 0.247066
v -0.318827 0.830798 0.575540
vt 0.707081 0.937210
v -0.323836 0.827816 0.601929
vt 0.706122 0.932171
v -0.218328 0.838449 0.529483
vt 0.881219 0.636760
v -0.203010 0.832568 0.517642
vt 0.882523 0.633105
v -0.843706 -0.284681 0.488763
vt 0.439040 0.023849
v -0.842553 -0.287157 0.493605
vt 0.439603 0.024626
v -0.448808 -0.819350 0.473336
vt 0.991481 0.576314
v -0.450225 -0.829638 0.480784
vt 0.993281 0.574621
v -0.455845 -0.825814 0.474772
vt 0.993281 0.576382
v -0.724319 0.400769 0.378091
vt 0.042145 0.524103
v -0.755839 0.377460 0.384101
vt 0.034894 0.521573
v -0.877515 -0.365176 0.441680
vt 0.351038 0.218508
v -0.239503 0.802032 0.407346
vt 0.580894 0.746966
v -0.231397 0.811899 0.424626
vt 0.577991 0.749703
v -0.218995 0.814305 0.420053
vt 0.575874 0.748195
v 0.780878 0.270188 0.342629
vt 0.457952 0.712214
v -0.358469 0.685567 1.023478
vt 0.422592 0.795322
v -0.335264 0.691660 0.997283
vt 0.416834 0.791564
v 0.276739 0.760787 0.303301
vt 0.699753 0.504702
v 0.239474 0.749702 0.267986
vt 0.690230 0.503745
v 0.237661 0.751055 0.264045
vt 0.689366 0.503830
v 0.041485 0.744215 0.255860
vt 0.559577 0.959600
v 0.024505 0.740337 0.254652
vt 0.559695 0.963009
v -0.000077 0.733428 0.251955
vt 0.559577 0.968030
v -0.686239 0.592450 1.065407
vt 0.624005 0.960704
v -0.215120 -0.556227 0.194441
vt 0.956360 0.850439
v -0.209478 0.830484 0.493746
vt 0.969680 0.153897
v -0.203010 0.832568 0.517642
vt 0.964889 0.154187
v -0.199956 0.834931 0.511829
vt 0.965708 0.153157
v -0.192556 0.834980 0.532057
vt 0.961583 0.153157
v -0.197485 0.832640 0.532592
vt 0.961836 0.154176
v -0.755315 0.506321 1.046657
vt 0.830607 0.078766
v -0.753495 0.475357 1.023448
vt 0.826447 0.073241
v -0.198041 0.841332 0.500739
vt 0.882878 0.865456
v -0.192556 0.834980 0.532057
vt 0.877011 0.867450
v -0.185823 0.843185 0.526836
vt 0.877518 0.865246
v -0.082794 -0.499465 1.499994
vt 0.627827 0.298344
v -0.046551 -0.515030 1.476063
vt 0.628970 0.289452
v -0.033524 -0.476982 1.499606
vt 0.636906 0.293059
v 0.426266 -0.788031 0.500917
vt 0.216468 0.718801
v 0.421455 -0.794875 0.530836
vt 0.217990 0.712973
v 0.396245 -0.803413 0.497648
vt 0.223012 0.719604
v -0.122153 -0.833505 0.446032
vt 0.070371 0.650036
v -0.099409 -0.832835 0.438796
vt 0.074708 0.649088
v -0.109344 -0.842441 0.478523
vt 0.072745 0.656381
v -0.698962 0.567651 1.129294
vt 0.875918 0.404445
v -0.735299 0.543304 1.115106
vt 0.869062 0.409146
v -0.725937 0.540021 1.140882
vt 0.868262 0.404045
v -0.509731 -0.800948 0.502536
vt 0.864529 0.737529
v -0.505286 -0.785139 0.504012
vt 0.866031 0.734789
v -0.147408 0.839057 0.506465
vt 0.888291 0.434505
v -0.159609 0.836200 0.476680
vt 0.894505 0.434510
v -0.162906 0.839578 0.508301
vt 0.888978 0.437310
v -0.175865 0.842884 0.558685
vt 0.559436 0.771724
v -0.721545 -0.497001 1.197694
vt 0.666548 0.907434
v -0.717104 -0.504514 1.196207
vt 0.666262 0.909074
v -0.853669 -0.214323 0.491268
vt 0.340573 0.188958
v -0.175865 0.842884 0.558685
vt 0.880664 0.442959
v -0.135650 0.837713 0.581728
vt 0.873790 0.437208
v 0.953839 -0.012886 0.001298
vt 0.768595 0.912325
v -0.704376 0.199257 1.269939
vt 0.245249 0.827486
v -0.366839 0.628775 0.327875
vt 0.120292 0.552763
v -0.198833 0.687375 0.271073
vt 0.149467 0.574631
v -0.273415 0.620903 0.258653
vt 0.129859 0.573397
v -0.558077 0.654683 1.201121
vt 0.814745 0.459483
v -0.567941 0.646261 1.211488
vt 0.815554 0.456342
v -0.090315 0.844698 0.537085
vt 0.545186 0.763318
v -0.060635 0.851605 0.541786
vt 0.539253 0.762629
v -0.069783 0.851195 0.525932
vt 0.541718 0.760126
v 0.201832 -0.671413 1.149133
vt 0.616436 0.204274
v 0.174265 -0.671030 1.164526
vt 0.614117 0.209987
v -0.762331 -0.491325 1.061859
vt 0.956360 0.478252
v -0.759720 -0.425423 1.027733
vt 0.967914 0.471136
v -0.756559 -0.451390 1.026460
vt 0.966061 0.475443
v -0.445511 0.469985 1.366074
vt 0.454070 0.904418
v -0.393865 0.426761 1.389683
vt 0.464983 0.896705
v -0.389912 0.453757 1.379599
vt 0.465227 0.902177
v -0.640918 -0.585813 1.167851
vt 0.980893 0.410399
v -0.652852 -0.579307 1.166398
vt 0.978227 0.409886
v -0.634339 -0.592346 1.164882
vt 0.982745 0.409886
v -0.397650 -0.841541 0.540017
vt 0.859135 0.980123
v 0.737908 0.446283 0.411731
vt 0.661816 0.479475
v 0.717485 0.460112 0.374938
vt 0.669122 0.482962
v -0.360731 0.786257 0.408384
vt 0.144650 0.530186
v -0.374912 0.787006 0.407608
vt 0.142727 0.528755
v 0.736030 -0.419626 0.292507
vt 0.094467 0.675353
v 0.750968 -0.341367 0.338865
vt 0.078312 0.668106
v 0.732946 -0.373494 0.335229
vt 0.085404 0.667323
v -0.633104 -0.591776 0.827240
vt 0.036171 0.378111
v -0.701164 -0.607884 0.686114
vt 0.026561 0.406385
v -0.609073 0.752663 0.456388
vt 0.005603 0.449310
v 0.575892 -0.679840 0.468643
vt 0.181343 0.724346
v 0.554665 -0.674863 0.414109
vt 0.184563 0.735146
v 0.587760 -0.649761 0.416024
vt 0.176758 0.734605
v -0.379032 0.796660 0.428817
vt 0.968266 0.435319
v 0.831726 -0.129696 0.395151
vt 0.668996 0.366051
v 0.828017 -0.063683 0.359886
vt 0.675279 0.379122
v -0.173099 0.575420 0.186208
vt 0.980612 0.931321
v -0.734967 -0.437839 1.285333
vt 0.817441 0.659980
v -0.760727 -0.402154 1.261513
vt 0.824358 0.653114
v -0.375163 0.550957 1.317317
vt 0.566544 0.509252
v 0.769702 -0.403889 0.537662
vt 0.717206 0.751256
v 0.813012 -0.222461 0.443976
vt 0.683006 0.769993
v 0.811522 -0.235151 0.501982
vt 0.685176 0.758684
v -0.125360 0.837966 0.462533
vt 0.937523 0.439540
v -0.159808 0.832155 0.441844
vt 0.943494 0.443775
v -0.141195 0.843425 0.477607
vt 0.935826 0.443553
v -0.533708 -0.806804 0.526065
vt 0.730479 0.555739
v -0.563294 -0.783614 0.531514
vt 0.732356 0.562974
v -0.528325 -0.801920 0.519056
vt 0.728529 0.555742
v -0.200333 -0.536154 1.460128
vt 0.604115 0.306637
v -0.241699 -0.549210 1.424750
vt 0.593761 0.306760
v -0.219613 -0.560992 1.413923
vt 0.594570 0.301695
v -0.628742 0.089597 1.166022
vt 0.009778 0.767204
v -0.624379 0.074259 1.123141
vt 0.017834 0.770964
v -0.771295 -0.487895 0.504623
vt 0.849053 0.932171
v -0.744680 -0.532745 0.504602
vt 0.849316 0.942236
v -0.427944 0.291780 0.150415
vt 0.672906 0.141512
v -0.411247 0.300794 0.144121
vt 0.669376 0.143091
v -0.426561 0.253052 0.139091
vt 0.672861 0.133933
v 0.504921 -0.637221 0.283158
vt 0.993451 0.302528
v 0.503335 -0.638440 0.277829
vt 0.993982 0.303472
v 0.511721 -0.628498 0.280065
vt 0.991481 0.303472
v -0.135645 0.500749 1.508513
vt 0.787657 0.187844
v -0.660909 -0.072046 0.996866
vt 0.982929 0.278709
v -0.646190 -0.053826 1.005080
vt 0.978227 0.278709
v -0.651388 -0.052509 0.998333
vt 0.979246 0.277287
v -0.319540 -0.125462 1.473161
vt 0.805186 0.525243
v -0.325845 -0.161195 1.483320
vt 0.805152 0.531659
v -0.304848 -0.152806 1.497966
vt 0.800190 0.530789
v -0.630578 -0.750581 0.549313
vt 0.738853 0.576760
v -0.128931 0.604420 1.360813
vt 0.611754 0.529803
v -0.119656 0.561759 1.443114
vt 0.621619 0.514668
v -0.563643 0.115021 1.276878
vt 0.348989 0.818832
v -0.484400 0.070786 1.257791
vt 0.335521 0.830155
v -0.778637 0.300910 1.089970
vt 0.840436 0.039422
v -0.767039 0.281721 1.067222
vt 0.835427 0.035758
v -0.767538 0.275591 1.084067
vt 0.838389 0.034253
v -0.325855 -0.809298 0.432807
vt 0.655281 0.664823
v -0.325441 -0.797908 0.415937
vt 0.658564 0.662626
v -0.229978 0.078047 1.477885
vt 0.034930 0.901277
v -0.276494 0.092065 1.472515
vt 0.042257 0.907323
v -0.934019 0.151462 0.556105
vt 0.538439 0.138237
v -0.947164 0.055178 0.563349
vt 0.535718 0.155978
v -0.932458 0.177662 0.579016
vt 0.534324 0.133318
v -0.705198 -0.564984 1.075282
vt 0.199968 0.881863
v -0.691754 -0.581673 1.093954
vt 0.195354 0.884591
v -0.408008 0.823865 0.450617
vt 0.312460 0.984530
v -0.396045 0.842267 0.480209
vt 0.312460 0.977693
v -0.396640 0.837049 0.468275
vt 0.313256 0.979967
v -0.702442 -0.154132 1.139081
vt 0.838987 0.381045
v -0.716129 -0.169766 1.117585
vt 0.842763 0.385416
v -0.725813 -0.190064 1.130597
vt 0.839766 0.389495
v -0.538157 -0.566164 1.283511
vt 0.194942 0.809359
v -0.569496 -0.530396 1.305833
vt 0.204258 0.812734
v -0.568318 -0.557994 1.283061
vt 0.197747 0.814629
v 0.538929 0.645674 0.819344
vt 0.388737 0.195133
v 0.607899 0.612239 0.726265
vt 0.384269 0.218149
v 0.587853 0.649486 0.689368
vt 0.374212 0.217443
v -0.813491 0.101469 0.768366
vt 0.165325 0.432453
v -0.795313 0.301391 0.720748
vt 0.200516 0.443161
v -0.800989 0.402423 0.674517
vt 0.217299 0.453645
v 0.505881 -0.291751 1.152318
vt 0.337196 0.393738
v 0.573810 -0.154542 1.098495
vt 0.326121 0.364598
v 0.437870 -0.146722 1.274562
vt 0.368939 0.370979
v -0.759079 0.361372 1.031241
vt 0.828402 0.051455
v -0.757205 0.382204 1.028710
vt 0.827773 0.055426
v -0.244630 -0.219384 1.548365
vt 0.672804 0.186735
v -0.907523 -0.301036 0.578921
vt 0.439835 0.045603
v -0.927866 -0.204768 0.583963
vt 0.420507 0.046825
v -0.891956 -0.375552 0.565865
vt 0.454721 0.043080
v 0.583276 -0.585405 0.835061
vt 0.765975 0.693530
v 0.627293 -0.545885 0.802593
vt 0.754963 0.699815
v 0.595462 -0.547006 0.868096
vt 0.758360 0.687218
v -0.510414 0.803574 0.590470
vt 0.471334 0.624562
v -0.290354 0.123512 1.487813
vt 0.049225 0.905131
v -0.647293 0.587467 1.165921
vt 0.883015 0.394412
v -0.181162 0.516111 1.492365
vt 0.616403 0.497790
v -0.175772 0.474843 1.523185
vt 0.620597 0.489443
v -0.135645 0.500749 1.508513
vt 0.625726 0.497661
v -0.444340 -0.850569 0.570299
vt 0.956360 0.408785
v 0.316359 -0.815614 0.442007
vt 0.238125 0.730963
v 0.265724 -0.836722 0.437978
vt 0.248825 0.732034
v -0.345253 -0.684738 0.998739
vt 0.144800 0.905915
v -0.319706 -0.679897 1.055287
vt 0.132344 0.906796
v -0.372705 -0.678745 1.027320
vt 0.141095 0.899543
v -0.455469 -0.671496 1.114021
vt 0.281621 0.959600
v -0.398989 -0.674703 1.087133
vt 0.131466 0.891068
v -0.355210 -0.675039 1.097093
vt 0.126702 0.898016
v -0.368611 0.807310 0.424177
vt 0.146868 0.525508
v -0.653302 -0.737169 0.626287
vt 0.016194 0.903506
v -0.657063 -0.746656 0.615304
vt 0.018848 0.904462
v -0.325332 0.821383 0.445624
vt 0.205878 0.941998
v -0.558077 0.654683 1.201121
vt 0.468645 0.819163
v -0.578665 0.651528 1.181867
vt 0.471580 0.814583
v -0.618360 0.638109 1.193699
vt 0.480003 0.814770
v -0.364291 -0.627048 0.331063
vt 0.676724 0.630907
v -0.288028 -0.666498 0.323846
vt 0.683598 0.646114
v -0.282054 -0.607011 0.257598
vt 0.697687 0.636099
v -0.253601 -0.610139 0.242800
vt 0.702752 0.639700
v -0.234268 -0.663891 0.276377
vt 0.696678 0.650934
v 0.751250 0.347968 0.735859
vt 0.428409 0.256125
v 0.729552 0.452742 0.666965
vt 0.403970 0.253646
v 0.714222 0.427396 0.754037
vt 0.417431 0.242677
v -0.140459 -0.472645 1.524074
vt 0.569964 0.824467
v -0.142649 -0.423043 1.548715
vt 0.572995 0.814128
v -0.236986 -0.578098 1.371398
vt 0.828531 0.873607
v -0.241699 -0.549210 1.424750
vt 0.834950 0.863920
v -0.558675 -0.658089 0.833630
vt 0.304773 0.617808
v -0.593714 -0.651854 0.801891
vt 0.299570 0.610227
v -0.600912 -0.746666 0.641887
vt 0.314777 0.579363
v -0.691750 -0.582160 1.075916
vt 0.198692 0.885729
v -0.688514 -0.580377 1.055304
vt 0.202371 0.887263
v -0.181583 0.124106 1.521452
vt 0.399384 0.725476
v -0.129482 0.082911 1.486805
vt 0.390334 0.736004
v -0.108170 0.113630 1.510670
vt 0.385565 0.728880
v -0.124168 0.821491 0.403120
vt 0.182284 0.553321
v -0.150409 0.788061 0.362172
vt 0.172739 0.559018
v -0.450642 -0.009041 1.092028
vt 0.567695 0.967649
v -0.707204 -0.174074 1.050628
vt 0.855642 0.386736
v -0.668644 -0.123361 1.134301
vt 0.840681 0.372800
v -0.399939 0.663468 1.155120
vt 0.545810 0.541733
v -0.389494 0.649329 1.192172
vt 0.551269 0.536008
v -0.258811 -0.833502 0.517485
vt 0.895018 0.131944
v -0.280600 -0.832536 0.522614
vt 0.893037 0.128393
v -0.282859 -0.828617 0.491501
vt 0.898962 0.126643
v -0.185823 0.843185 0.526836
vt 0.887126 0.442652
v -0.198041 0.841332 0.500739
vt 0.892675 0.442959
v -0.490433 0.831166 0.467354
vt 0.932659 0.480795
v -0.481876 0.841082 0.475400
vt 0.929729 0.481050
v -0.558038 0.638538 1.127549
vt 0.746280 0.884021
v -0.635417 0.631440 0.987135
vt 0.473454 0.775179
v -0.621170 0.612049 0.899365
vt 0.467727 0.758958
v -0.656029 0.613176 0.949803
vt 0.476349 0.766895
v -0.859488 0.185532 0.491706
vt 0.918368 0.176413
v -0.857208 0.189864 0.486942
vt 0.919257 0.177429
v -0.313936 -0.797503 0.421525
vt 0.928074 0.795383
v -0.325441 -0.797908 0.415937
vt 0.928896 0.793081
v -0.314302 -0.788742 0.409641
vt 0.930920 0.795302
v -0.590142 -0.796739 0.577517
vt 0.743136 0.564129
v -0.343613 0.346409 1.473786
vt 0.813807 0.135500
v -0.388925 -0.844244 0.546128
vt 0.190976 0.932171
v -0.606965 -0.648693 1.038984
vt 0.288711 0.656071
v -0.610279 -0.637986 1.003627
vt 0.288219 0.648951
v -0.542573 -0.644154 0.932017
vt 0.302307 0.637556
v 0.370232 -0.784066 0.799709
vt 0.595320 0.129446
v 0.328672 -0.759938 0.917516
vt 0.603099 0.151816
v 0.304649 -0.790923 0.875210
vt 0.592628 0.147649
v 0.820189 -0.161032 0.596076
vt 0.630479 0.358899
v 0.782938 -0.263861 0.663500
vt 0.618893 0.339630
v 0.770814 -0.346900 0.664530
vt 0.619637 0.323958
v -0.566786 -0.719657 0.507431
vt 0.931824 0.922947
v -0.541434 -0.738916 0.502977
vt 0.937880 0.921991
v -0.558016 -0.724914 0.507469
vt 0.933777 0.922972
v -0.492644 -0.663865 0.909084
vt 0.313352 0.635107
v -0.470746 -0.684072 0.870207
vt 0.320520 0.628483
v -0.408104 -0.687717 0.919901
vt 0.329225 0.640601
v -0.257003 -0.078214 1.479205
vt 0.283346 0.882836
v -0.248460 -0.115742 1.510885
vt 0.275493 0.878133
v -0.782636 0.417639 1.230759
vt 0.260121 0.784336
v -0.773310 0.455000 1.234785
vt 0.258197 0.777434
v -0.776291 0.457676 1.227583
vt 0.259622 0.776993
v -0.539914 -0.640650 1.060246
vt 0.992516 0.683813
v -0.577023 -0.630634 1.052053
vt 0.991482 0.684251
v -0.555807 -0.636506 1.057037
vt 0.992516 0.684251
v -0.227298 0.819198 0.444243
vt 0.575833 0.753105
v 0.491645 0.647232 0.275941
vt 0.803723 0.681430
v 0.478364 0.655079 0.275025
vt 0.804173 0.684321
v -0.649451 0.744498 0.620355
vt 0.317688 0.296870
v -0.661768 0.715537 0.629040
vt 0.311714 0.298989
v -0.631263 0.742098 0.625757
vt 0.317347 0.293254
v 0.759275 0.377358 0.679745
vt 0.417618 0.261867
v 0.764687 0.331628 0.702584
vt 0.427494 0.263416
v 0.780059 0.351218 0.614929
vt 0.414901 0.274956
v -0.903530 0.261460 0.404675
vt 0.397352 0.005708
v -0.915224 0.196946 0.398404
vt 0.409674 0.005437
v -0.734967 -0.437839 1.285333
vt 0.226351 0.842001
v -0.716318 -0.465057 1.287493
vt 0.220999 0.839030
v -0.494879 -0.839253 0.516096
vt 0.346687 0.559462
v -0.427895 -0.235626 0.133311
vt 0.545807 0.401696
v -0.592566 0.751327 0.439758
vt 0.009870 0.447774
v -0.381047 -0.831977 0.565540
vt 0.879839 0.318339
v -0.656489 0.619616 0.981439
vt 0.477605 0.772937
v -0.658849 0.131005 1.171610
vt 0.388092 0.984356
v -0.669713 0.142038 1.174091
vt 0.388008 0.981373
v -0.683757 0.155110 1.176624
vt 0.388092 0.977693
v -0.647492 -0.636073 1.028677
vt 0.868572 0.616086
v -0.610279 -0.637986 1.003627
vt 0.863920 0.623373
v -0.627845 -0.643017 1.033741
vt 0.864758 0.616667
v -0.618222 -0.616544 1.041908
vt 0.893491 0.272569
v -0.539914 -0.640650 1.060246
vt 0.880156 0.671578
v -0.559248 -0.636164 1.054845
vt 0.884051 0.671399
v -0.464707 -0.667012 1.080232
vt 0.864660 0.673970
v -0.522336 0.821745 0.463174
vt 0.225134 0.946814
v -0.507695 0.814151 0.465400
vt 0.227997 0.945695
v -0.522242 0.801096 0.452212
vt 0.228111 0.950208
v -0.704922 0.175039 1.255842
vt 0.247476 0.832396
v -0.221198 -0.307036 1.561562
vt 0.689286 0.179603
v -0.244229 -0.248240 1.552583
vt 0.677341 0.183259
v -0.264382 -0.290012 1.544471
vt 0.681259 0.175173
v -0.693014 -0.551879 1.160259
vt 0.183774 0.877169
v -0.677904 -0.551376 1.182629
vt 0.178756 0.878053
v -0.732258 -0.520681 1.154409
vt 0.187822 0.868192
v -0.333650 -0.572643 1.300705
vt 0.567086 0.301438
v -0.344833 -0.578712 1.286737
vt 0.563613 0.300745
v -0.316976 -0.594489 1.269156
vt 0.564172 0.293789
v -0.854411 -0.484898 0.564426
vt 0.477381 0.041127
v -0.850123 -0.502503 0.576213
vt 0.481035 0.043065
v -0.463268 0.845528 0.544431
vt 0.103295 0.949591
v -0.273718 0.725210 0.912443
vt 0.542964 0.591912
v -0.368913 0.703059 0.912680
vt 0.527155 0.581497
v -0.287278 0.709921 0.948249
vt 0.544277 0.584234
v -0.698588 0.171821 1.181267
vt 0.463158 0.380187
v -0.691323 0.111721 1.188668
vt 0.460647 0.368411
v -0.727295 0.156086 1.197608
vt 0.468831 0.376360
v -0.094201 0.733411 0.986092
vt 0.580221 0.597776
v 0.022598 0.799808 0.876129
vt 0.588671 0.629769
v -0.088637 0.772269 0.893101
vt 0.571835 0.615159
v -0.230511 -0.540526 0.185762
vt 0.315570 0.966596
v -0.499698 0.538366 0.333099
vt 0.090017 0.544507
v -0.520873 -0.641706 1.117899
vt 0.725223 0.020726
v -0.525050 -0.670646 1.124148
vt 0.727934 0.015534
v -0.533752 -0.639475 1.121732
vt 0.727590 0.021945
v -0.583915 -0.655932 1.148430
vt 0.707836 0.901073
v -0.567067 -0.648121 1.182000
vt 0.700744 0.900555
v -0.639940 -0.633086 1.174623
vt 0.707056 0.888399
v -0.300798 -0.778999 0.392912
vt 0.364271 0.944117
v -0.316848 -0.774417 0.393956
vt 0.367391 0.944522
v -0.313967 -0.757088 0.376847
vt 0.367172 0.949230
v -0.895123 0.284156 0.401821
vt 0.236954 0.950301
v 0.003918 0.356244 1.527048
vt 0.774013 0.150597
v -0.029368 0.399062 1.532318
vt 0.778611 0.160168
v -0.762925 -0.583909 0.455993
vt 0.225504 0.622591
v -0.699984 -0.665672 0.466339
vt 0.225396 0.603226
v -0.735338 -0.612955 0.472656
vt 0.227977 0.614645
v -0.704235 0.142913 0.292152
vt 0.008162 0.557449
v -0.695842 0.214026 0.313007
vt 0.019387 0.550139
v -0.598718 0.218720 0.215934
vt 0.030098 0.574379
v -0.753609 -0.285147 1.256106
vt 0.863920 0.817033
v -0.713453 -0.197702 1.267576
vt 0.882834 0.811415
v -0.727408 -0.188770 1.240630
vt 0.884074 0.816923
v -0.878844 0.389457 0.609660
vt 0.232562 0.479994
v -0.885058 0.383990 0.604380
vt 0.231653 0.481630
v -0.198971 0.309167 1.565305
vt 0.747639 0.182255
v 0.748638 -0.352711 0.737145
vt 0.243646 0.391797
v 0.703595 -0.400676 0.810666
vt 0.258323 0.402960
v 0.745329 -0.384972 0.714575
vt 0.239414 0.398092
v -0.705542 0.571002 1.089839
vt 0.926129 0.880855
v -0.698962 0.567651 1.129294
vt 0.918368 0.881153
v -0.686507 0.592710 1.093016
vt 0.925225 0.875397
v -0.637909 0.596534 0.890020
vt 0.471129 0.756145
v -0.627064 0.598482 0.869554
vt 0.468089 0.752830
v -0.612696 0.065112 1.067853
vt 0.016605 0.285539
v -0.608399 0.063023 1.069976
vt 0.016229 0.286441
v -0.638945 -0.621890 1.204003
vt 0.701820 0.885395
v -0.618237 -0.625675 1.219835
vt 0.697488 0.887892
v -0.434921 -0.437003 1.380663
vt 0.219444 0.781696
v -0.468244 -0.393164 1.388783
vt 0.229122 0.786261
v -0.497220 -0.443499 1.367826
vt 0.220344 0.793853
v -0.300754 0.574245 -0.001487
vt 0.879757 0.896270
v -0.725940 -0.128080 0.922270
vt 0.129092 0.391921
v -0.468353 0.487377 0.275017
vt 0.085642 0.560058
v -0.748852 0.532425 1.076624
vt 0.882042 0.768233
v -0.756967 0.518490 1.097168
vt 0.881111 0.773269
v -0.742703 0.540634 1.090485
vt 0.878674 0.768545
v -0.707328 0.180189 1.048934
vt 0.012870 0.257614
v -0.717588 0.197883 1.045750
vt 0.011899 0.254008
v -0.746903 0.204895 1.034207
vt 0.015109 0.248647
v 0.667630 -0.367124 0.898946
vt 0.277158 0.398549
v 0.648931 -0.160150 0.992004
vt 0.301009 0.361389
v -0.715019 -0.511621 1.189784
vt 0.747944 0.959600
v -0.694996 -0.531069 1.188821
vt 0.747460 0.965128
v -0.701392 -0.524477 1.189890
vt 0.747495 0.963285
v 0.090165 0.732268 1.043766
vt 0.918368 0.829871
v -0.014552 0.734408 1.006102
vt 0.939198 0.829871
v 0.041220 0.733994 1.029446
vt 0.927905 0.830487
v -0.943827 0.073635 0.575813
vt 0.533532 0.152347
v -0.945962 0.027371 0.576120
vt 0.532834 0.160522
v -0.030221 -0.542721 1.440713
vt 0.625047 0.281003
v 0.012082 -0.498503 1.461324
vt 0.637381 0.280688
v -0.796694 -0.593611 0.575269
vt 0.500955 0.039469
v -0.809065 -0.565235 0.562173
vt 0.494854 0.037870
v -0.788339 -0.602750 0.567029
vt 0.503034 0.037418
v -0.898237 -0.339574 0.563527
vt 0.447528 0.042682
v -0.462748 -0.642545 1.191005
vt 0.531819 0.300173
v -0.406418 -0.622457 1.232950
vt 0.545575 0.299330
v -0.490198 -0.630781 1.209661
vt 0.531000 0.306975
v -0.217178 0.711962 0.311125
vt 0.151562 0.565011
v -0.687669 -0.568250 1.030745
vt 0.930603 0.266733
v -0.732885 0.157374 1.205546
vt 0.258477 0.836008
v -0.719714 0.179140 1.235919
vt 0.252265 0.831597
v -0.749695 0.186599 1.210224
vt 0.259822 0.829806
v 0.279707 -0.688589 1.077431
vt 0.618684 0.183492
v 0.307798 -0.622834 1.127853
vt 0.634078 0.190252
v -0.560012 0.029096 1.157093
vt 0.260325 0.906859
v -0.533904 0.021257 1.169197
vt 0.256838 0.911278
v 0.819167 -0.139472 0.353308
vt 0.036705 0.668934
v -0.229978 0.078047 1.477885
vt 0.409533 0.737280
v -0.249994 0.062437 1.453795
vt 0.413494 0.742737
v -0.252770 0.033037 1.411628
vt 0.414348 0.752746
v -0.324884 0.545164 0.221564
vt 0.111388 0.578908
v -0.289617 0.561028 0.216482
vt 0.118227 0.582230
v -0.141135 -0.634481 0.219489
vt 0.965773 0.094584
v -0.714356 -0.331609 0.906237
vt 0.064089 0.789354
v -0.142383 -0.633299 0.225114
vt 0.799407 0.967421
v 0.338032 -0.010942 1.340827
vt 0.395465 0.352608
v 0.330060 -0.101199 1.355720
vt 0.395391 0.369424
v -0.407493 0.477722 0.218867
vt 0.090881 0.575460
v -0.555331 0.600085 1.244586
vt 0.528863 0.509645
v -0.582259 0.555818 1.284310
vt 0.528517 0.497077
v -0.521867 0.596096 1.260683
vt 0.536077 0.509799
v -0.204845 -0.616397 0.228629
vt 0.939488 0.768111
v -0.215120 -0.556227 0.194441
vt 0.927752 0.763733
v -0.202844 -0.565647 0.199212
vt 0.930548 0.762475
v -0.688958 -0.417323 1.295059
vt 0.812580 0.246970
v -0.716318 -0.465057 1.287493
vt 0.808884 0.237039
v -0.675310 -0.462565 1.293699
vt 0.816677 0.238765
v -0.748800 -0.505840 1.142417
vt 0.678399 0.909261
v -0.732258 -0.520681 1.154409
vt 0.674600 0.912483
v -0.758294 0.326798 1.258700
vt 0.253276 0.801758
v -0.741764 0.298408 1.275590
vt 0.248805 0.807302
v 0.378532 -0.811405 0.655773
vt 0.227639 0.688799
v 0.461863 -0.661666 0.278080
vt 0.134587 0.758336
v 0.438150 -0.677986 0.276961
vt 0.129217 0.757634
v 0.507082 -0.672125 0.236664
vt 0.141573 0.748535
v -0.768149 -0.374403 1.120121
vt 0.442475 0.937058
v -0.767479 -0.400758 1.143010
vt 0.437472 0.932925
v -0.762676 -0.370757 1.144246
vt 0.443111 0.932171
v 0.300017 -0.837487 0.710576
vt 0.244077 0.678541
v 0.261067 -0.026825 1.361905
vt 0.702871 0.290083
v 0.205144 -0.054098 1.379861
vt 0.700444 0.277958
v 0.238135 -0.073683 1.382098
vt 0.707493 0.280658
v -0.277897 -0.683202 1.048768
vt 0.130882 0.914337
v -0.259963 -0.693027 1.009233
vt 0.137366 0.919535
v -0.724489 -0.479122 1.280295
vt 0.816706 0.668306
v -0.765605 -0.483712 1.230053
vt 0.829359 0.669461
v -0.473325 0.852182 0.490601
vt 0.896106 0.297371
v -0.481876 0.841082 0.475400
vt 0.899160 0.299953
v -0.748089 -0.525424 1.217744
vt 0.692843 0.967598
v -0.679163 0.591863 1.121128
vt 0.919660 0.875101
v -0.460156 -0.842888 0.546515
vt 0.893949 0.688196
v -0.460506 -0.829606 0.574611
vt 0.888078 0.687583
v -0.355610 -0.584864 1.277613
vt 0.560639 0.300625
v -0.658913 0.074561 0.996493
vt 0.154824 0.968898
v -0.673350 0.096640 0.997091
vt 0.156166 0.964149
v -0.667497 0.090259 0.994204
vt 0.156294 0.965863
v -0.669234 -0.644420 0.505886
vt 0.496568 0.873529
v -0.662900 -0.649542 0.507518
vt 0.496321 0.875066
v -0.469501 0.805665 0.617108
vt 0.480782 0.624592
v -0.475582 0.796243 0.623607
vt 0.480459 0.622152
v -0.235700 -0.402239 1.538481
vt 0.591499 0.815909
v -0.199101 -0.354362 1.561361
vt 0.587415 0.804337
v -0.221198 -0.307036 1.561562
vt 0.594505 0.797729
v -0.440304 -0.670784 0.988224
vt 0.152759 0.890986
v -0.501803 -0.667856 1.068764
vt 0.141575 0.874827
v -0.535848 -0.664049 1.058721
vt 0.145635 0.869833
v -0.777031 0.617172 0.612600
vt 0.533501 0.042814
v -0.765217 0.643821 0.600977
vt 0.536114 0.037259
v -0.720121 -0.549233 0.966545
vt 0.891963 0.624501
v -0.753795 -0.542499 1.002212
vt 0.896396 0.616136
v 0.919889 -0.238970 0.003574
vt 0.925683 0.227719
v -0.215142 0.590844 0.177846
vt 0.628168 0.030272
v 0.265724 -0.836722 0.437978
vt 0.144577 0.653954
v 0.308601 -0.802130 0.404545
vt 0.153664 0.645362
v 0.316359 -0.815614 0.442007
vt 0.154959 0.652935
v -0.265556 -0.762740 0.371785
vt 0.044621 0.628627
v -0.197359 -0.754578 0.348804
vt 0.057808 0.624907
v 0.270041 0.833523 0.789413
vt 0.775437 0.445139
v 0.217800 0.808357 0.907997
vt 0.789316 0.425684
v 0.280366 0.811252 0.854506
vt 0.787547 0.440807
v -0.046582 0.254963 1.552093
vt 0.751450 0.150670
v 0.021942 0.223519 1.521548
vt 0.752245 0.135945
v -0.009581 0.279446 1.540841
vt 0.759120 0.146288
v -0.510096 -0.822448 0.555089
vt 0.046454 0.950942
v -0.305899 0.364672 1.507334
vt 0.805017 0.130096
v -0.040060 0.202771 1.540243
vt 0.742970 0.145044
v 0.438774 0.787509 0.543960
vt 0.755651 0.500491
v 0.397824 0.812362 0.569861
vt 0.754727 0.489964
v 0.485200 0.757007 0.515302
vt 0.756865 0.512491
v -0.499160 -0.820021 0.574159
vt 0.341777 0.570513
v -0.536001 -0.770643 0.644848
vt 0.004000 0.924171
v -0.582478 -0.774169 0.623537
vt 0.012167 0.918495
v -0.567955 -0.789655 0.609227
vt 0.013646 0.922924
v -0.187665 -0.828563 0.596737
vt 0.541536 0.882453
v -0.664405 -0.739146 0.563159
vt 0.743275 0.582904
v -0.677882 -0.718070 0.556588
vt 0.741927 0.587776
v -0.640362 -0.586494 0.883829
vt 0.281810 0.624003
v -0.628104 -0.402123 0.313853
vt 0.664115 0.564659
v -0.572236 -0.471375 0.322503
vt 0.664892 0.581792
v -0.659341 -0.389113 0.326457
vt 0.659618 0.559269
v 0.785259 -0.133713 0.735520
vt 0.247106 0.349486
v 0.763368 -0.098977 0.793808
vt 0.259784 0.344159
v -0.700953 0.155902 1.109399
vt 0.023596 0.750143
v -0.719658 0.181141 1.108289
vt 0.024599 0.744395
v -0.427384 -0.276669 0.121471
vt 0.510373 0.432441
v -0.403746 -0.358729 0.113707
vt 0.510293 0.449462
v -0.391575 -0.366191 0.130043
vt 0.506429 0.451285
v -0.489791 -0.172217 0.001286
vt 0.280625 0.146730
v -0.495663 -0.139611 0.002009
vt 0.280931 0.153050
v -0.565508 0.758193 0.518457
vt 0.881612 0.831361
v -0.492003 -0.465815 0.280006
vt 0.680030 0.589992
v -0.606058 -0.340525 0.278407
vt 0.675091 0.557861
v -0.589201 -0.330378 0.263061
vt 0.679742 0.558106
v -0.522912 0.124879 1.297850
vt 0.340261 0.816438
v -0.423170 0.105322 1.300522
vt 0.321755 0.822223
v -0.413949 0.190844 1.369288
vt 0.316047 0.801945
v -0.426858 0.200990 1.367643
vt 0.318530 0.800004
v -0.202770 -0.818295 0.655943
vt 0.871544 0.150172
v -0.265462 -0.820684 0.643162
vt 0.870986 0.138169
v -0.232379 -0.826968 0.612008
vt 0.878350 0.142015
v -0.475200 0.789593 0.634217
vt 0.481602 0.620005
v -0.239195 0.471942 1.507398
vt 0.773628 0.203663
v -0.220810 0.432382 1.533404
vt 0.767898 0.196894
v -0.287492 -0.827890 0.587313
vt 0.880458 0.130845
v -0.476582 0.049988 0.103005
vt 0.512462 0.367155
v -0.489504 0.074226 0.063576
vt 0.519563 0.362275
v -0.491658 -0.002079 0.067569
vt 0.520860 0.376925
v 0.713603 -0.056703 0.895985
vt 0.282645 0.338991
v 0.680890 0.002278 0.961028
vt 0.298477 0.329946
v -0.653964 0.033781 0.218427
vt 0.761632 0.299689
v -0.645488 -0.049349 0.213088
vt 0.758162 0.283799
v -0.665434 -0.045866 0.229601
vt 0.762993 0.284376
v 0.808304 -0.217797 0.403818
vt 0.682775 0.777828
v 0.520272 0.728600 0.518677
vt 0.761927 0.519101
v 0.539094 0.717593 0.578880
vt 0.773928 0.515890
v 0.545434 0.712714 0.520788
vt 0.765405 0.523602
v -0.463014 -0.661740 1.166791
vt 0.527531 0.295901
v -0.507270 -0.769150 0.504002
vt 0.982634 0.457820
v -0.520655 -0.749777 0.502751
vt 0.978227 0.457820
v -0.514120 -0.770859 0.499474
vt 0.982145 0.456283
v -0.293407 -0.539385 0.133402
vt 0.647356 0.690999
v -0.340418 -0.482505 0.114516
vt 0.661265 0.693883
v -0.546033 -0.636708 1.125882
vt 0.978227 0.177570
v -0.520873 -0.641706 1.117899
vt 0.983180 0.177570
v -0.533752 -0.639475 1.121732
vt 0.980669 0.177647
v -0.324546 -0.102606 1.452743
vt 0.278727 0.896666
v -0.300619 -0.082765 1.457616
vt 0.282238 0.892263
v -0.325827 -0.077407 1.428679
vt 0.284743 0.899337
v 0.757129 -0.544260 0.064848
vt 0.701926 0.373765
v 0.794332 -0.498821 0.002411
vt 0.713958 0.385041
v 0.818938 -0.463551 0.003253
vt 0.713782 0.393351
v 0.187887 -0.691636 1.113017
vt 0.609047 0.200212
v -0.774850 -0.443130 1.105796
vt 0.686700 0.896929
v -0.762581 -0.482142 1.132280
vt 0.681490 0.904389
v -0.698610 0.486916 0.878735
vt 0.892423 0.354818
v -0.724198 0.494646 0.899638
vt 0.893684 0.361364
v -0.695689 0.512410 0.882123
vt 0.888352 0.356507
v -0.737490 -0.453485 1.200264
vt 0.667850 0.898404
v -0.880374 -0.342789 0.408595
vt 0.760715 0.608530
v -0.346979 -0.548488 1.327591
vt 0.192158 0.771770
v -0.876913 0.036095 0.476373
vt 0.345666 0.140519
v -0.626096 -0.681628 0.505747
vt 0.496327 0.884479
v -0.571142 -0.754058 0.500418
vt 0.499574 0.901553
v -0.236865 0.331754 1.552642
vt 0.748509 0.190955
v -0.518930 0.805028 0.582463
vt 0.498782 0.979224
v -0.544004 0.802726 0.589773
vt 0.497250 0.984053
v -0.510414 0.803574 0.590470
vt 0.497250 0.977693
v -0.627321 0.537425 1.279953
vt 0.841069 0.738611
v -0.707504 0.505971 1.278957
vt 0.827329 0.728914
v -0.649302 0.514703 1.284904
vt 0.837968 0.733213
v -0.586192 -0.796143 0.587563
vt 0.324645 0.569662
v -0.607806 -0.776412 0.607965
vt 0.318229 0.572688
v -0.624341 -0.771886 0.605383
vt 0.315157 0.571523
v -0.762331 -0.491325 1.061859
vt 0.594918 0.873188
v -0.875338 0.047118 0.487970
vt 0.497746 0.959600
v -0.869409 0.092093 0.487338
vt 0.497746 0.968078
v -0.873117 0.054492 0.484079
vt 0.496975 0.961084
v -0.441305 -0.001274 1.158910
vt 0.981475 0.952933
v -0.382770 -0.826128 0.591834
vt 0.923481 0.420468
v -0.392510 -0.845075 0.575015
vt 0.926944 0.416555
v -0.388989 -0.843917 0.554034
vt 0.930946 0.417331
v -0.441912 -0.809199 0.639286
vt 0.871178 0.918922
v -0.447857 -0.780997 0.670269
vt 0.863920 0.916319
v -0.444023 -0.838475 0.595866
vt 0.880664 0.919771
v -0.421255 -0.817204 0.602726
vt 0.937514 0.218084
v -0.192355 0.547980 1.454394
vt 0.610604 0.505567
v -0.902743 -0.266749 0.426658
vt 0.764745 0.624208
v -0.407977 0.140705 1.347419
vt 0.830650 0.181324
v -0.839376 0.322256 0.485886
vt 0.339281 0.086401
v -0.851695 0.243055 0.481974
vt 0.341487 0.101355
v -0.845817 0.273863 0.485869
vt 0.340138 0.095510
v -0.764477 0.225643 1.215610
vt 0.260767 0.821785
v -0.595042 0.653826 0.799770
vt 0.478538 0.572464
v -0.554928 0.680865 0.800572
vt 0.485163 0.578718
v 0.520933 0.740064 0.077730
vt 0.070607 0.343342
v 0.581779 0.699473 0.095968
vt 0.084397 0.340015
v 0.582489 0.705596 0.062434
vt 0.084183 0.346440
v -0.697307 0.613680 0.506471
vt 0.654687 0.967639
v -0.822938 0.025354 0.366856
vt 0.308549 0.168902
v -0.790897 0.088814 0.356102
vt 0.301972 0.181159
v 0.634868 0.647931 0.124832
vt 0.540858 0.686102
v 0.699636 0.590703 0.118218
vt 0.526613 0.679300
v 0.652320 0.648657 0.085909
vt 0.540858 0.677916
v -0.136599 -0.638017 0.223620
vt 0.968232 0.461763
v -0.126872 -0.649331 0.222928
vt 0.965521 0.462504
v -0.735114 -0.213380 1.069813
vt 0.850981 0.395598
v -0.855162 0.206690 0.652372
vt 0.179667 0.457614
v -0.809464 0.364039 0.674938
vt 0.210142 0.453471
v -0.631753 0.170828 1.280816
vt 0.361337 0.807121
v -0.730709 -0.266506 1.279817
vt 0.799647 0.274713
v -0.731961 -0.301183 1.287357
vt 0.800536 0.267926
v -0.076531 0.471013 1.519579
vt 0.787384 0.174779
v -0.474396 -0.714846 0.406475
vt 0.879832 0.519682
v 0.932834 -0.181535 0.003185
vt 0.580240 0.326157
v 0.945498 -0.089796 0.000728
vt 0.579994 0.343535
v 0.952645 0.010646 0.061351
vt 0.567519 0.362512
v -0.666504 -0.706395 0.635270
vt 0.013365 0.897414
v -0.642990 -0.723051 0.636374
vt 0.012318 0.902908
v -0.753267 -0.363124 0.915978
vt 0.058102 0.793150
v -0.768599 -0.341602 0.935654
vt 0.054022 0.788171
v -0.762049 -0.323909 0.931800
vt 0.055784 0.785216
v -0.509731 -0.800948 0.502536
vt 0.980301 0.895500
v -0.520244 -0.792714 0.499390
vt 0.978227 0.893938
v -0.514171 -0.810215 0.499034
vt 0.981653 0.893938
v -0.828576 0.474699 0.415843
vt 0.008566 0.517551
v -0.843548 0.450902 0.416585
vt 0.008598 0.522707
v -0.392987 -0.843910 0.499567
vt 0.978227 0.259716
v -0.394840 -0.834801 0.475931
vt 0.983006 0.259716
v -0.389127 -0.842727 0.497570
vt 0.978591 0.260492
v 0.819167 -0.139472 0.353308
vt 0.677385 0.364811
v 0.828369 -0.146891 0.391395
vt 0.669932 0.362857
v 0.380374 -0.815690 0.599279
vt 0.227313 0.699821
v -0.697488 0.576985 0.940160
vt 0.876775 0.369076
v -0.715931 0.553445 0.935476
vt 0.882688 0.369157
v -0.433287 -0.598782 0.338067
vt 0.670051 0.618160
v -0.463813 -0.582724 0.347050
vt 0.666353 0.612301
v -0.451347 -0.572380 0.334106
vt 0.670189 0.612035
v -0.401859 -0.817647 0.638522
vt 0.006751 0.941390
v -0.290857 -0.058784 1.439760
vt 0.288167 0.892463
v -0.276396 -0.089943 1.480234
vt 0.280311 0.885951
v -0.465154 0.392607 1.389376
vt 0.451755 0.888646
v -0.401301 0.349559 1.402223
vt 0.465060 0.881357
v -0.399394 0.389659 1.398017
vt 0.464635 0.889259
v -0.732031 -0.390997 0.381592
vt 0.643442 0.552141
v -0.193069 0.150705 1.534810
vt 0.043849 0.884138
v 0.643784 0.604414 0.582589
vt 0.863920 0.798840
v 0.648902 0.601176 0.518754
vt 0.876573 0.799399
v 0.636340 0.620321 0.524161
vt 0.875221 0.803415
v -0.571142 -0.754058 0.500418
vt 0.879256 0.739353
v -0.514171 -0.810215 0.499034
vt 0.863920 0.739353
v -0.578019 -0.721714 0.503514
vt 0.930202 0.921313
v -0.584119 -0.709858 0.506868
vt 0.928022 0.922767
v -0.626096 -0.681628 0.505747
vt 0.918368 0.922972
v -0.870158 0.382210 0.409292
vt 0.373318 0.004840
v -0.861144 0.410786 0.413417
vt 0.367489 0.005231
v -0.658157 -0.655578 0.511456
vt 0.728555 0.594008
v -0.692064 -0.683492 0.544680
vt 0.738845 0.594622
v 0.110890 0.813014 -0.000001
vt 0.962582 0.197887
v 0.148090 0.817209 -0.001864
vt 0.969498 0.198354
v 0.077821 0.806363 -0.001794
vt 0.956360 0.198354
v 0.762460 0.417394 0.470105
vt 0.650404 0.472819
v 0.785728 0.344654 0.460881
vt 0.652528 0.458232
v 0.765932 0.386585 0.419651
vt 0.660425 0.467148
v -0.567955 -0.789655 0.609227
vt 0.047214 0.934389
v -0.536001 -0.770643 0.644848
vt 0.037764 0.932171
v -0.383728 -0.411198 0.104111
vt 0.510320 0.460607
v -0.457891 -0.294439 0.002384
vt 0.532677 0.435706
v -0.407084 -0.412339 0.002195
vt 0.528757 0.460797
v 0.637604 0.608721 0.454390
vt 0.889293 0.802568
v 0.649654 0.595809 0.474448
vt 0.885463 0.799256
v 0.643903 0.587244 0.422218
vt 0.896081 0.798840
v -0.404283 -0.828559 0.488099
vt 0.191769 0.944151
v -0.679973 -0.145388 1.177990
vt 0.726019 0.124180
v -0.650832 -0.110022 1.171494
vt 0.718239 0.129043
v -0.660724 -0.127245 1.172572
vt 0.721172 0.126407
v -0.534364 0.798515 0.514572
vt 0.890969 0.827981
v -0.541557 -0.640770 1.101843
vt 0.115366 0.932171
v -0.496951 -0.646548 1.073715
vt 0.119619 0.940784
v -0.456631 -0.646217 1.087387
vt 0.115719 0.947778
v -0.357575 -0.842384 0.574980
vt 0.980699 0.085724
v -0.352825 -0.844805 0.561529
vt 0.983267 0.086530
v -0.354286 -0.837855 0.587543
vt 0.978227 0.086530
v -0.579415 -0.754425 0.648100
vt 0.007042 0.915783
v -0.600912 -0.746666 0.641887
vt 0.009380 0.911853
v -0.865012 0.390013 0.453818
vt 0.370933 0.013455
v -0.855806 0.426207 0.441855
vt 0.363970 0.010578
v 0.849023 -0.401962 0.084166
vt 0.698171 0.406533
v 0.878666 -0.329460 0.110817
vt 0.693087 0.421459
v 0.847699 -0.387776 0.116254
vt 0.692012 0.408719
v -0.466177 -0.846579 0.533063
vt 0.994185 0.119984
v -0.463234 -0.847461 0.530809
vt 0.994576 0.120636
v -0.460156 -0.842888 0.546515
vt 0.991482 0.120636
v -0.657731 -0.415812 1.320301
vt 0.521909 0.904055
v -0.322945 0.067632 1.411181
vt 0.654250 0.871354
v -0.353854 0.083779 1.390695
vt 0.658262 0.878137
v -0.628031 0.312520 1.334525
vt 0.474534 0.896795
v -0.658760 0.339846 1.319012
vt 0.480877 0.891171
v -0.646037 0.301320 1.322676
vt 0.478561 0.898788
v 0.383832 0.730816 0.310870
vt 0.713458 0.521703
v 0.410278 0.727918 0.323237
vt 0.718426 0.524456
v 0.907829 -0.275696 0.002042
vt 0.918368 0.227017
v 0.915904 -0.241273 0.001026
vt 0.925062 0.226910
v -0.710174 0.587228 1.200957
vt 0.800414 0.430377
v -0.724306 0.570562 1.206449
vt 0.800452 0.426186
v -0.601066 -0.039435 1.169282
vt 0.877155 0.034009
v -0.574140 -0.038720 1.210014
vt 0.880251 0.025226
v -0.505474 0.744042 0.422691
vt 0.246958 0.306763
v -0.548091 0.739167 0.427745
vt 0.255290 0.305927
v -0.592566 0.751327 0.439758
vt 0.264100 0.308354
v -0.540258 0.555675 1.295238
vt 0.536635 0.499069
v -0.450225 -0.829638 0.480784
vt 0.929682 0.591978
v -0.304325 -0.634403 1.190936
vt 0.554473 0.279504
v -0.314743 -0.618812 1.222925
vt 0.557641 0.286002
v -0.630176 -0.772524 0.597313
vt 0.314578 0.569729
v -0.474421 0.033739 0.123881
vt 0.547030 0.455282
v -0.471038 0.028634 0.114807
vt 0.545175 0.454314
v -0.323510 0.688271 1.030219
vt 0.416503 0.798182
v -0.392978 0.680354 1.102384
vt 0.432874 0.808475
v -0.707189 -0.707464 0.606045
vt 0.294567 0.568039
v -0.772460 0.310515 1.059281
vt 0.834544 0.041656
v -0.349815 0.003451 1.206116
vt 0.796893 0.942235
v 0.236180 0.805895 0.353428
vt 0.702296 0.490293
v -0.720670 -0.566358 1.206289
vt 0.956360 0.495881
v -0.735299 0.543304 1.115106
vt 0.874256 0.770908
v -0.730917 0.552730 1.088025
vt 0.876902 0.765863
v -0.274412 0.832935 0.588929
vt 0.927857 0.044624
v -0.696195 0.625014 0.494323
vt 0.918368 0.577573
v -0.757346 0.528986 0.491471
vt 0.941851 0.577573
v -0.744043 -0.363898 1.286628
vt 0.818636 0.645552
v -0.733367 -0.407904 1.290589
vt 0.816551 0.654152
v -0.739421 -0.353250 1.290256
vt 0.817538 0.643541
v -0.759720 -0.425423 1.027733
vt 0.587774 0.885970
v -0.201180 0.739007 0.329087
vt 0.157996 0.562094
v -0.770555 -0.377604 1.094635
vt 0.599722 0.895077
v 0.026277 0.023610 1.379082
vt 0.360851 0.760903
v 0.116552 0.062059 1.394965
vt 0.342491 0.754645
v 0.053319 0.053274 1.402298
vt 0.355015 0.754040
v 0.069619 0.084935 1.425755
vt 0.351160 0.746840
v -0.778508 -0.433443 1.234364
vt 0.929406 0.379555
v -0.776467 -0.444702 1.228243
vt 0.927171 0.380576
v -0.774102 -0.457743 1.230192
vt 0.924556 0.380181
v -0.200343 0.070119 1.474855
vt 0.030133 0.897956
v -0.196633 0.090911 1.495773
vt 0.033691 0.893602
v -0.652454 -0.758309 0.590182
vt 0.309651 0.567386
v -0.669771 -0.742806 0.576869
vt 0.305592 0.564012
v -0.631074 -0.770354 0.567613
vt 0.315238 0.563870
v 0.008659 0.170229 1.511696
vt 0.466030 0.340909
v 0.152177 0.196299 1.450782
vt 0.441150 0.326802
v 0.021942 0.223519 1.521548
vt 0.467934 0.330218
v -0.415232 0.678576 1.083863
vt 0.918368 0.541748
v -0.240763 0.094716 1.490312
vt 0.039214 0.900199
v 0.487793 -0.650003 0.280809
vt 0.946245 0.052624
v 0.504921 -0.637221 0.283158
vt 0.945720 0.056696
v -0.362561 0.220634 1.452221
vt 0.813769 0.160231
v -0.724745 0.536340 1.023160
vt 0.017457 0.592612
v -0.734313 0.577709 1.008260
vt 0.009133 0.594347
v -0.737449 0.518068 1.023207
vt 0.019691 0.588870
v -0.544930 0.024936 1.155517
vt 0.259940 0.909723
v -0.518988 0.018628 1.154218
vt 0.259019 0.914498
v -0.758174 0.484833 1.020279
vt 0.274878 0.750060
v -0.745641 0.499727 1.023536
vt 0.277023 0.747431
v -0.737449 0.518068 1.023207
vt 0.280088 0.745750
v -0.618237 -0.625675 1.219835
vt 0.183750 0.829235
v -0.203285 0.590214 0.211019
vt 0.133964 0.590025
v -0.509464 -0.806144 0.465416
vt 0.808434 0.945084
v -0.084774 -0.466944 1.521928
vt 0.632974 0.303414
v -0.545019 -0.137333 1.306782
vt 0.803101 0.799151
v -0.572823 -0.109528 1.274885
vt 0.810721 0.804967
v -0.588998 -0.140413 1.292073
vt 0.804222 0.808212
v -0.810428 0.098367 0.365026
vt 0.305915 0.183019
v -0.772675 0.303366 0.371287
vt 0.298282 0.222576
v -0.760450 0.162208 0.344192
vt 0.295649 0.195355
v 0.384964 -0.764912 0.377688
vt 0.169290 0.637959
v 0.389142 -0.701203 0.274607
vt 0.171441 0.614542
v 0.428760 -0.685878 0.280951
vt 0.179546 0.614387
v 0.250614 -0.744809 0.272048
vt 0.143525 0.617145
v 0.224986 -0.780310 0.314581
vt 0.137771 0.627511
v -0.379488 -0.835378 0.540490
vt 0.933406 0.419847
v -0.381047 -0.831977 0.565540
vt 0.928570 0.419973
v -0.295959 0.813195 0.431689
vt 0.158115 0.531618
v -0.313284 0.801442 0.418970
vt 0.153683 0.532521
v -0.312678 0.810108 0.434941
vt 0.155482 0.529600
v 0.648398 -0.585773 0.443709
vt 0.759778 0.769266
v 0.650787 -0.564333 0.394109
vt 0.756066 0.778973
v 0.662700 -0.567569 0.432079
vt 0.755319 0.771539
v -0.619776 0.077249 1.233286
vt 0.361866 0.827527
v -0.622422 0.070542 1.222882
vt 0.362967 0.829495
v -0.597463 0.056752 1.218457
vt 0.358630 0.832901
v -0.746224 -0.636676 0.628418
vt 0.015727 0.877144
v -0.779410 -0.602547 0.622421
vt 0.016452 0.868121
v -0.683055 -0.330677 1.298264
vt 0.525553 0.886623
v -0.207425 0.007363 1.379285
vt 0.406056 0.761104
v -0.205361 0.053178 1.454002
vt 0.405321 0.744060
v -0.243365 0.401501 1.536050
vt 0.760465 0.198200
v -0.211365 0.390126 1.550229
vt 0.761041 0.191507
v -0.630036 -0.280942 1.331899
vt 0.382871 0.867309
v 0.342406 0.813551 0.446157
vt 0.728720 0.495376
v -0.680176 -0.435851 1.297112
vt 0.528793 0.906726
v -0.675310 -0.462565 1.293699
vt 0.529576 0.912045
v -0.478496 -0.804442 0.467232
vt 0.982395 0.543875
v -0.639546 -0.670351 0.507098
vt 0.496307 0.881081
v -0.440926 -0.836099 0.517851
vt 0.922186 0.650868
v -0.453492 -0.829656 0.498295
vt 0.926767 0.650252
v -0.697488 0.576985 0.940160
vt 0.903127 0.112306
v -0.715931 0.553445 0.935476
vt 0.897398 0.113325
v 0.759677 -0.349561 0.704735
vt 0.709105 0.719066
v 0.745329 -0.384972 0.714575
vt 0.716401 0.717072
v 0.776612 -0.360959 0.619294
vt 0.709332 0.735545
v 0.429891 0.771483 0.732953
vt 0.785407 0.479118
v 0.830815 0.007450 0.361639
vt 0.406756 0.713411
v 0.827047 0.099043 0.355390
vt 0.423744 0.711721
v 0.829270 0.010956 0.365136
vt 0.407402 0.714104
v -0.418793 0.009513 1.172244
vt 0.887265 0.943300
v -0.429840 0.013032 1.174307
vt 0.888235 0.945274
v 0.604077 -0.006321 1.067629
vt 0.521166 0.225890
v 0.629210 0.107732 1.019435
vt 0.497577 0.225396
v 0.609983 0.183590 1.035717
vt 0.487016 0.214576
v 0.193245 0.858571 0.725567
vt 0.756140 0.439230
v 0.266004 0.853060 0.698093
vt 0.759869 0.453498
v 0.252367 0.863032 0.615237
vt 0.744824 0.460068
v -0.414173 -0.831882 0.563785
vt 0.945536 0.218587
v -0.254042 -0.367826 1.539223
vt 0.597053 0.811143
v -0.771841 0.292314 1.119043
vt 0.105899 0.900291
v -0.141556 0.299768 1.570586
vt 0.750882 0.171271
v -0.095165 0.309913 1.565984
vt 0.756748 0.163963
v -0.277883 0.572463 1.368241
vt 0.587685 0.512857
v -0.308111 0.611548 1.250507
vt 0.570879 0.530639
v -0.729343 -0.477800 1.199841
vt 0.667069 0.903403
v -0.756204 -0.541382 1.008300
vt 0.036557 0.825954
v -0.106071 0.675353 0.223269
vt 0.155609 0.802760
v -0.090099 0.687096 0.231420
vt 0.151881 0.803023
v -0.081140 0.696049 0.235548
vt 0.149687 0.802855
v -0.668721 -0.558477 1.179636
vt 0.749298 0.045604
v -0.662521 -0.582333 1.177543
vt 0.749550 0.040721
v -0.677904 -0.551376 1.182629
vt 0.750654 0.047513
v -0.726413 -0.345349 0.845814
vt 0.084278 0.395735
v -0.741518 -0.259727 0.863947
vt 0.101450 0.397934
v -0.392885 -0.839459 0.593605
vt 0.923327 0.417234
v -0.384235 -0.819936 0.608324
vt 0.920277 0.421153
v -0.395953 -0.829000 0.619149
vt 0.918368 0.418353
v -0.570633 0.093187 1.249481
vt 0.351888 0.824726
v -0.520296 0.034462 1.200780
vt 0.345488 0.840291
v -0.514119 0.052498 1.219804
vt 0.343235 0.835741
v -0.520296 0.034462 1.200780
vt 0.877386 0.223922
v -0.465734 0.028185 1.201137
vt 0.887370 0.221771
v -0.514119 0.052498 1.219804
vt 0.879433 0.228740
v -0.001575 -0.741603 0.233606
vt 0.577624 0.673954
v -0.657063 -0.746656 0.615304
vt 0.306708 0.572038
v 0.620824 -0.135900 1.028339
vt 0.310670 0.358596
v -0.415668 0.664175 0.348555
vt 0.118810 0.542024
v -0.432731 0.652902 0.356773
vt 0.115242 0.539823
v -0.425043 0.672730 0.361371
vt 0.119078 0.538528
v 0.718093 0.379384 0.797685
vt 0.429918 0.241531
v 0.713185 0.327686 0.843286
vt 0.443191 0.239420
v 0.077452 -0.833443 0.813933
vt 0.427315 0.639340
v -0.045322 -0.834526 0.717708
vt 0.411143 0.615880
v 0.095965 -0.846021 0.775516
vt 0.433062 0.632621
v -0.751379 -0.521638 1.075860
vt 0.203493 0.870128
v -0.181465 0.817045 0.414804
vt 0.174083 0.545884
v -0.239503 0.802032 0.407346
vt 0.163699 0.541960
v -0.009521 0.822134 0.360991
vt 0.196933 0.571568
v -0.013487 0.808510 0.338700
vt 0.193784 0.575426
v -0.319192 -0.838731 0.522408
vt 0.929364 0.315437
v -0.312348 -0.825648 0.497825
vt 0.934403 0.317674
v -0.311356 -0.828593 0.533287
vt 0.927578 0.318125
v -0.777929 -0.403105 0.971854
vt 0.045120 0.799020
v -0.463931 -0.022117 1.202442
vt 0.834298 0.784991
v 0.145649 -0.135638 1.437146
vt 0.800114 0.396869
v 0.142573 -0.088763 1.412706
vt 0.790681 0.394503
v 0.090733 -0.122935 1.452733
vt 0.801483 0.385583
v 0.664703 0.092719 0.977451
vt 0.495562 0.236283
v -0.440243 -0.120999 1.318503
vt 0.805189 0.778350
v -0.425821 -0.162368 1.351886
vt 0.795565 0.775420
v -0.469533 0.293515 1.388507
vt 0.452881 0.869281
v -0.462306 0.333380 1.393742
vt 0.453489 0.877113
v -0.192569 -0.820083 0.664818
vt 0.788747 0.870763
v -0.142975 -0.830518 0.624820
vt 0.779570 0.877570
v -0.163900 -0.814419 0.696381
vt 0.783800 0.863920
v 0.574557 0.277608 1.056926
vt 0.474009 0.199679
v -0.468244 -0.393164 1.388783
vt 0.401563 0.901636
v -0.495746 -0.365637 1.387025
vt 0.396848 0.895586
v -0.496591 -0.394215 1.382776
vt 0.402380 0.896129
v -0.424293 -0.656643 1.094124
vt 0.960176 0.982809
v -0.218146 -0.677149 1.089909
vt 0.552476 0.252257
v 0.068143 -0.708868 1.105766
vt 0.590093 0.214220
v -0.002448 -0.660590 1.205802
vt 0.594718 0.239587
v -0.409709 0.111149 1.320235
vt 0.318107 0.819898
v 0.628699 -0.592354 0.395937
vt 0.924698 0.137195
v 0.600423 -0.591386 0.353921
vt 0.933271 0.133407
v 0.598045 -0.555503 0.295558
vt 0.946402 0.137061
v -0.341951 -0.134859 1.454348
vt 0.865890 0.084471
v -0.324546 -0.102606 1.452743
vt 0.869237 0.077943
v -0.349376 -0.072982 1.395476
vt 0.881134 0.080204
v -0.739708 0.307422 0.353437
vt 0.291510 0.223365
v -0.764323 0.342459 0.377760
vt 0.296729 0.230083
v -0.778634 0.266512 1.021645
vt 0.234078 0.760963
v -0.611474 -0.749454 0.631158
vt 0.012064 0.910962
v -0.393865 0.426761 1.389683
vt 0.835501 0.125498
v -0.380355 0.434454 1.396451
vt 0.833122 0.123656
v -0.389912 0.453757 1.379599
vt 0.837542 0.121054
v -0.680848 -0.727080 0.617038
vt 0.300620 0.571332
v 0.775506 -0.349346 0.300871
vt 0.078944 0.677010
v 0.770921 -0.392385 0.266483
vt 0.087765 0.682781
v -0.758670 0.634441 0.620009
vt 0.532251 0.038062
v -0.566994 -0.025313 1.158648
vt 0.079774 0.897052
v -0.801157 -0.105787 0.362242
vt 0.304578 0.143449
v -0.788716 -0.076131 0.354718
vt 0.301933 0.149201
v -0.479234 0.653547 1.074981
vt 0.259789 0.943735
v -0.782572 -0.369945 0.984365
vt 0.043550 0.792464
v -0.772569 -0.318529 0.952119
vt 0.051525 0.783523
v -0.361337 0.678577 1.108092
vt 0.929322 0.463279
v -0.295740 0.684308 1.067264
vt 0.943241 0.466522
v -0.392978 0.680354 1.102384
vt 0.923989 0.466522
v -0.297734 0.655758 1.158019
vt 0.563312 0.548954
v -0.130353 -0.010173 1.400091
vt 0.312086 0.869384
v -0.135455 0.004453 1.376694
vt 0.316511 0.872578
v 0.811909 -0.263297 0.306072
vt 0.060771 0.678383
v -0.343868 -0.598494 1.258809
vt 0.559087 0.295788
v -0.383349 0.521914 1.338873
vt 0.567471 0.502402
v -0.389912 0.453757 1.379599
vt 0.570811 0.488707
v -0.438606 -0.797170 0.445768
vt 0.245290 0.942144
v -0.298305 -0.809016 0.433703
vt 0.364065 0.934263
v -0.313936 -0.797503 0.421525
vt 0.366833 0.937521
v -0.297946 -0.798267 0.415222
vt 0.363692 0.938380
v -0.716207 0.410391 0.821404
vt 0.225538 0.422094
v -0.690693 0.418635 0.850549
vt 0.228366 0.414901
v -0.693636 0.426123 0.839589
vt 0.229251 0.417068
v -0.725212 -0.143030 0.316791
vt 0.781623 0.264064
v -0.634567 -0.175297 0.233545
vt 0.757936 0.258635
v -0.611855 -0.249586 0.241660
vt 0.755535 0.243483
v -0.646760 -0.245873 0.272182
vt 0.764215 0.243973
v -0.697470 0.393877 0.853798
vt 0.223909 0.414544
v -0.704650 0.381611 0.850348
vt 0.221475 0.415581
v -0.381629 -0.829582 0.487072
vt 0.299494 0.934550
v -0.394840 -0.834801 0.475931
vt 0.302408 0.936533
v -0.388659 -0.826029 0.471972
vt 0.300542 0.937603
v 0.600423 -0.591386 0.353921
vt 0.932013 0.077386
v 0.564649 -0.644623 0.374455
vt 0.926805 0.065726
v -0.323710 -0.825005 0.463590
vt 0.464910 0.937004
v -0.330433 -0.814546 0.466100
vt 0.467336 0.937471
v 0.206839 0.385291 1.391549
vt 0.491798 0.104013
v 0.169157 0.414803 1.407522
vt 0.488655 0.095023
v 0.016740 0.434672 1.496711
vt 0.494691 0.063922
v -0.480770 -0.778340 0.439293
vt 0.968534 0.352793
v -0.464360 -0.808762 0.463078
vt 0.960562 0.352222
v -0.478532 -0.808067 0.454381
vt 0.962764 0.349988
v -0.766639 -0.316155 1.148410
vt 0.678194 0.871831
v -0.762676 -0.370757 1.144246
vt 0.678769 0.882612
v -0.753070 -0.371980 1.170582
vt 0.673604 0.882673
v -0.580696 -0.775019 0.465878
vt 0.372996 0.110519
v -0.265556 -0.762740 0.371785
vt 0.673408 0.664066
v -0.197359 -0.754578 0.348804
vt 0.684379 0.671149
v -0.213394 -0.578367 0.181514
vt 0.480491 0.499764
v -0.744729 -0.529200 1.223339
vt 0.827514 0.678924
v -0.713136 -0.570464 1.216150
vt 0.824365 0.687887
v -0.187200 0.831257 0.559495
vt 0.956360 0.154175
v -0.743301 -0.240701 1.140809
vt 0.836611 0.399525
v -0.709860 -0.196321 1.187160
vt 0.828718 0.387919
v -0.140534 0.543385 1.467575
vt 0.620622 0.507570
v -0.164774 0.594681 0.190102
vt 0.979699 0.775389
v -0.157765 0.585958 0.194139
vt 0.981037 0.777213
v -0.158014 0.599899 0.198963
vt 0.978227 0.777213
v -0.271705 0.543230 0.155424
vt 0.929315 0.154616
v -0.279258 0.506206 0.168993
vt 0.923691 0.150415
v -0.233773 0.566410 0.171498
vt 0.937071 0.149914
v -0.518990 -0.681935 0.403619
vt 0.252687 0.030629
v -0.051230 0.847152 0.454153
vt 0.542315 0.745770
v 0.172804 0.851066 0.430301
vt 0.503376 0.729893
v -0.561918 -0.543672 0.380370
vt 0.260058 0.057705
v 0.080153 0.853060 0.462674
vt 0.518119 0.740644
v 0.212582 0.861103 0.493239
vt 0.492485 0.739576
v -0.466670 -0.463743 1.364735
vt 0.215196 0.788987
v -0.653964 0.033781 0.218427
vt 0.722019 0.093480
v -0.638206 0.076746 0.210512
vt 0.718197 0.101759
v -0.751884 0.382603 0.910761
vt 0.826874 0.278357
v -0.604589 -0.122176 1.268474
vt 0.809711 0.811651
v -0.406056 -0.830251 0.499979
vt 0.192521 0.941997
v -0.405516 -0.835905 0.533160
vt 0.193683 0.935663
v -0.293427 0.150662 1.500263
vt 0.054162 0.902021
v 0.785208 0.344374 0.289596
vt 0.472430 0.702149
v 0.754473 0.336910 0.337591
vt 0.471813 0.713219
v 0.798011 0.283770 0.315495
vt 0.460012 0.705876
v -0.241536 -0.534404 0.186955
vt 0.978227 0.969995
v -0.256341 -0.524754 0.184071
vt 0.981620 0.969995
v -0.245441 -0.530299 0.183780
vt 0.979353 0.970492
v -0.826858 -0.524647 0.555186
vt 0.741429 0.634785
v -0.784592 -0.596945 0.557950
vt 0.743142 0.619148
v -0.809065 -0.565235 0.562173
vt 0.743798 0.626752
v -0.209654 -0.810299 0.695101
vt 0.549314 0.863920
v -0.652484 -0.099910 1.138068
vt 0.840517 0.367239
v -0.647089 -0.102353 1.169912
vt 0.834313 0.366496
v -0.215635 -0.827423 0.601844
vt 0.546257 0.882222
v -0.206264 -0.833394 0.569521
vt 0.543361 0.888254
v -0.694115 -0.399636 0.856398
vt 0.074329 0.388243
v -0.528302 0.751457 0.511000
vt 0.887156 0.836384
v -0.627845 0.492257 0.381928
vt 0.067780 0.527114
v -0.664313 0.459353 0.376754
vt 0.058173 0.526406
v 0.856210 -0.019678 0.328748
vt 0.401065 0.705760
v -0.755560 -0.302194 1.166577
vt 0.830215 0.410604
v -0.730319 -0.273254 1.194476
vt 0.825525 0.402770
v -0.725111 -0.252999 1.191762
vt 0.826518 0.398893
v -0.437528 0.686032 0.911195
vt 0.431317 0.770812
v -0.285019 0.594691 -0.000225
vt 0.662621 0.039775
v -0.315838 0.536413 0.076571
vt 0.646338 0.050952
v -0.501625 -0.643220 1.113638
vt 0.111868 0.938950
v 0.396442 -0.795509 0.004007
vt 0.748006 0.361126
v 0.471958 -0.767812 0.004877
vt 0.747830 0.376759
v 0.428620 -0.784704 0.059611
vt 0.737192 0.367717
v -0.331108 0.823370 0.477453
vt 0.291494 0.944725
v -0.596815 0.567878 1.266264
vt 0.824414 0.439796
v -0.312678 0.810108 0.434941
vt 0.602385 0.944777
v 0.148090 0.817209 -0.001864
vt 0.816453 0.017597
v 0.213982 0.822888 0.074048
vt 0.801854 0.005091
v -0.562156 -0.768072 0.444406
vt 0.367422 0.109521
v 0.649654 0.595809 0.474448
vt 0.885741 0.248133
v 0.661431 0.576204 0.437080
vt 0.893455 0.244483
v -0.614409 -0.619893 0.821910
vt 0.291933 0.613123
v 0.771598 0.382444 0.610649
vt 0.409367 0.271869
v 0.701565 0.502525 0.669903
vt 0.396165 0.245760
v 0.776583 0.523399 0.000320
vt 0.871821 0.877822
v -0.758996 -0.499379 1.119644
vt 0.683063 0.908097
v -0.746948 -0.521157 1.121030
vt 0.681488 0.912708
v -0.176326 -0.629681 0.203256
vt 0.473576 0.511131
v -0.162075 -0.650314 0.203668
vt 0.472141 0.515755
v -0.165732 -0.638687 0.207604
vt 0.471762 0.513302
v -0.371831 -0.832418 0.518742
vt 0.888936 0.319341
v -0.370235 -0.828828 0.496684
vt 0.893149 0.318957
v -0.366392 -0.833828 0.510283
vt 0.890608 0.320276
v -0.563265 0.039632 1.202330
vt 0.251998 0.903339
v 0.580135 0.677940 0.602180
vt 0.783108 0.521866
v 0.547440 0.705303 0.628611
vt 0.783121 0.512358
v 0.536267 0.706407 0.666089
vt 0.787886 0.506451
v -0.656946 0.089573 1.177027
vt 0.453177 0.364837
v -0.683757 0.155110 1.176624
vt 0.459795 0.377230
v -0.658849 0.131005 1.171610
vt 0.454293 0.373020
v -0.630578 -0.750581 0.549313
vt 0.829555 0.473816
v -0.735590 -0.631618 0.542887
vt 0.835891 0.443330
v -0.654690 -0.704118 0.539465
vt 0.834169 0.464652
v -0.767167 0.496422 0.500692
vt 0.005830 0.012622
v -0.756371 0.516579 0.500892
vt 0.005904 0.008096
v -0.417701 0.233710 1.383662
vt 0.315930 0.793276
v -0.406044 0.239336 1.391547
vt 0.313323 0.791950
v -0.183621 0.621012 0.195972
vt 0.767086 0.963246
v -0.170025 0.634064 0.202994
vt 0.767086 0.959600
v -0.184782 0.627327 0.193926
vt 0.768308 0.962835
v -0.574140 -0.038720 1.210014
vt 0.828940 0.805936
v -0.505940 -0.605102 1.247139
vt 0.534993 0.315503
v 0.520065 0.694897 0.192041
vt 0.582229 0.065599
v 0.440341 0.744537 0.168692
vt 0.584375 0.084210
v -0.009312 -0.154390 1.516487
vt 0.816033 0.366900
v -0.907523 -0.301036 0.578921
vt 0.100806 0.495920
v -0.642832 -0.244269 1.314678
vt 0.515343 0.872273
v -0.654289 -0.203236 1.288065
vt 0.519405 0.863920
v -0.672979 -0.270833 1.297506
vt 0.522483 0.875784
v 0.397740 0.700154 0.271523
vt 0.561428 0.084589
v 0.413555 0.693741 0.272778
vt 0.561837 0.081308
v -0.582478 -0.774169 0.623537
vt 0.951302 0.967081
v -0.611474 -0.749454 0.631158
vt 0.951302 0.959600
v -0.596734 -0.760818 0.627576
vt 0.951476 0.963251
v -0.280782 0.832114 0.488414
vt 0.582355 0.763980
v -0.238262 0.832445 0.487171
vt 0.574820 0.761585
v -0.640544 -0.615574 0.950164
vt 0.282722 0.637184
v -0.665808 -0.606057 0.979736
vt 0.276550 0.641940
v -0.676639 -0.593107 0.947230
vt 0.274498 0.635077
v -0.067296 0.722416 0.213538
vt 0.146302 0.796613
v -0.070322 0.702844 0.239125
vt 0.147258 0.802830
v -0.054581 0.711148 0.243097
vt 0.143825 0.802751
v 0.424789 0.794916 0.506942
vt 0.747992 0.502066
v 0.386901 0.814989 0.522503
vt 0.745854 0.493440
v -0.631489 -0.162003 1.281331
vt 0.802711 0.817401
v -0.654289 -0.203236 1.288065
vt 0.796637 0.822706
v -0.721609 -0.550619 1.062732
vt 0.203566 0.878573
v -0.113951 0.840035 0.470802
vt 0.553058 0.752139
v -0.628918 0.778760 0.583383
vt 0.450916 0.612904
v -0.768423 -0.479692 1.099503
vt 0.687122 0.904351
v 0.468369 0.767766 -0.001574
vt 0.947952 0.013083
v -0.757346 0.528986 0.491471
vt 0.007877 0.006066
v -0.447720 0.175793 0.123569
vt 0.502992 0.343852
v -0.439989 0.197171 0.126596
vt 0.501094 0.340022
v -0.458310 0.137701 0.116683
vt 0.506195 0.350832
v -0.909256 -0.184093 0.524140
vt 0.416990 0.034394
v 0.648902 0.601176 0.518754
vt 0.876759 0.248765
v 0.667153 0.580746 0.551091
vt 0.870418 0.244040
v 0.666651 0.580613 0.493886
vt 0.881923 0.243952
v 0.432167 0.020720 1.280335
vt 0.376536 0.340895
v 0.468491 -0.052404 1.243689
vt 0.364112 0.352003
v -0.562156 -0.768072 0.444406
vt 0.262166 0.013827
v -0.519008 -0.788891 0.448833
vt 0.254018 0.009623
v -0.345493 -0.826878 0.590296
vt 0.922659 0.104597
v -0.350873 -0.821886 0.612976
vt 0.918368 0.105208
v -0.354286 -0.837855 0.587543
vt 0.922979 0.101871
v 0.856210 -0.019678 0.328748
vt 0.012833 0.674055
v 0.826480 -0.090542 0.355909
vt 0.027211 0.668173
v -0.712834 -0.661125 0.631613
vt 0.014165 0.885010
v -0.676737 0.131890 1.250542
vt 0.248671 0.873595
v -0.691121 0.127584 1.222832
vt 0.254489 0.872972
v -0.716597 -0.404686 0.825264
vt 0.071982 0.395418
v -0.684068 -0.516081 0.794476
vt 0.049184 0.391868
v -0.583456 0.047693 1.073329
vt 0.015411 0.292121
v -0.608664 0.047307 1.059869
vt 0.019388 0.288271
v 0.573626 0.508903 0.940728
vt 0.424049 0.195019
v -0.596815 0.567878 1.266264
vt 0.524232 0.499660
v -0.564839 0.606097 1.239339
vt 0.526713 0.510239
v -0.873775 0.443206 0.596234
vt 0.534510 0.081911
v -0.046691 0.525137 1.472333
vt 0.394465 0.512541
v 0.012069 0.521905 1.445396
vt 0.384188 0.519803
v -0.046644 0.542366 1.456107
vt 0.390964 0.509588
v 0.086893 0.749646 1.006120
vt 0.612470 0.611915
v 0.191724 0.779228 0.978576
vt 0.627188 0.627651
v 0.088927 0.834757 0.825621
vt 0.594651 0.646016
v -0.431286 -0.009993 1.124149
vt 0.074821 0.923615
v -0.430160 -0.004606 1.130090
vt 0.076370 0.923918
v -0.796680 -0.392218 1.008763
vt 0.037449 0.795754
v -0.796791 -0.359089 1.014016
vt 0.037524 0.789489
v -0.398963 -0.376869 1.401149
vt 0.396859 0.914761
v -0.404349 -0.352912 1.402681
vt 0.392343 0.913117
v -0.184781 -0.827934 0.585885
vt 0.885555 0.149076
v -0.217038 -0.833843 0.533973
vt 0.893824 0.140223
v -0.204299 -0.828911 0.524472
vt 0.896348 0.142340
v 0.336473 -0.780939 0.170834
vt 0.102481 0.735216
v 0.294328 -0.799551 0.151833
vt 0.093277 0.732336
v 0.375467 -0.786325 0.134400
vt 0.108713 0.727020
v -0.681650 0.108896 1.048041
vt 0.623887 0.890406
v -0.705118 0.133780 1.041153
vt 0.623418 0.897045
v -0.424190 0.243820 0.130960
vt 0.497428 0.331638
v -0.501015 0.775879 0.439311
vt 0.650258 0.947802
v -0.350873 -0.821886 0.612976
vt 0.333670 0.912912
v -0.440812 -0.832059 0.606888
vt 0.956360 0.705101
v -0.426321 -0.820635 0.599895
vt 0.956428 0.708791
v -0.261824 0.771428 0.374446
vt 0.155367 0.546676
v -0.300920 0.773597 0.380503
vt 0.150380 0.541512
v -0.308760 -0.671090 1.100196
vt 0.541586 0.266058
v -0.307552 -0.655566 1.141836
vt 0.547250 0.272260
v -0.409928 0.407527 -0.000454
vt 0.658137 0.083253
v -0.414555 0.375098 0.050577
vt 0.647497 0.088149
v -0.387031 0.450259 0.000097
vt 0.659051 0.073831
v -0.362946 0.446592 0.107844
vt 0.638131 0.069979
v -0.400064 0.380966 0.095203
vt 0.639010 0.084876
v -0.745855 0.446327 1.271070
vt 0.249416 0.779134
v -0.725256 0.460107 1.285050
vt 0.244688 0.776852
v -0.725193 0.487266 1.277057
vt 0.245746 0.771869
v -0.214907 0.502468 1.495248
vt 0.611112 0.493070
v -0.442141 0.793667 0.437592
vt 0.934294 0.509661
v -0.762854 -0.283027 0.948361
vt 0.054077 0.777388
v -0.757346 0.528986 0.491471
vt 0.327756 0.048978
v -0.679898 0.671386 0.484343
vt 0.318726 0.024108
v -0.784473 0.535222 0.469373
vt 0.334521 0.047536
v -0.413514 0.594681 0.326830
vt 0.866177 0.456186
v -0.431575 0.588896 0.330573
vt 0.863920 0.453094
v -0.415668 0.664175 0.348555
vt 0.878814 0.450959
v 0.856001 0.173106 0.281345
vt 0.437181 0.695755
v 0.940422 -0.114522 0.081592
vt 0.564497 0.338602
v 0.915461 -0.161412 0.160331
vt 0.549841 0.329939
v 0.925039 -0.198560 0.097037
vt 0.562215 0.322738
v 0.755667 -0.428892 0.465889
vt 0.722857 0.765150
v 0.688546 -0.548879 0.507190
vt 0.749481 0.756924
v 0.695718 -0.530436 0.455253
vt 0.745769 0.767054
v -0.359077 -0.120452 1.422482
vt 0.872243 0.086351
v -0.411963 -0.092540 1.306519
vt 0.893765 0.096256
v -0.408260 -0.119909 1.339133
vt 0.885843 0.097558
v 0.836573 -0.115587 0.443217
vt 0.659471 0.368294
v 0.832841 0.000389 0.507682
vt 0.645949 0.390280
v -0.798799 -0.428683 0.501002
vt 0.332135 0.231545
v 0.496735 -0.744552 0.506765
vt 0.167654 0.943031
v 0.517984 -0.727715 0.550557
vt 0.159870 0.936860
v 0.482778 -0.756169 0.559966
vt 0.167006 0.932171
v -0.584598 -0.018704 1.051534
vt 0.384281 0.932171
v -0.415227 0.307689 0.124556
vt 0.631625 0.098184
v -0.393201 0.368802 0.124396
vt 0.633091 0.085713
v -0.422059 0.311246 0.110829
vt 0.634351 0.098491
v -0.289774 0.019172 1.362169
vt 0.640157 0.874928
v 0.251360 -0.700932 1.077949
vt 0.613550 0.186606
v 0.266388 -0.712368 1.057878
vt 0.612559 0.181297
v -0.566786 -0.719657 0.507431
vt 0.724353 0.572316
v -0.651362 -0.565655 0.866372
vt 0.069408 0.836946
v -0.660828 -0.572405 0.894733
vt 0.063488 0.837542
v -0.661385 -0.560231 0.880519
vt 0.066261 0.835308
v -0.631954 -0.587014 0.859537
vt 0.877059 0.606745
v -0.651182 -0.694502 0.437183
vt 0.278946 0.028419
v -0.666408 -0.692889 0.442002
vt 0.281985 0.028751
v -0.702792 -0.654560 0.437090
vt 0.288776 0.036328
v -0.268610 -0.611837 0.003719
vt 0.636302 0.717253
v -0.195412 -0.680044 0.004111
vt 0.617064 0.718060
v -0.163013 -0.657686 0.194911
vt 0.613033 0.680591
v 0.438757 0.000897 0.000202
vt 0.101791 0.155730
v -0.151113 -0.711721 0.003267
vt 0.230515 0.035936
v -0.418618 0.500929 1.350247
vt 0.458718 0.911192
v 0.363597 0.746110 0.909382
vt 0.252840 0.512806
v 0.408229 0.750547 0.832143
vt 0.236566 0.514167
v 0.395748 0.776835 0.787472
vt 0.229860 0.506673
v -0.003772 -0.842422 0.430730
vt 0.092697 0.650036
v -0.391744 -0.320821 1.411608
vt 0.827102 0.560015
v -0.341828 -0.288166 1.484086
vt 0.809474 0.555118
v -0.943463 0.062924 0.546237
vt 0.368306 0.037488
v -0.941887 -0.001012 0.533815
vt 0.380517 0.036181
v -0.948370 -0.011985 0.554382
vt 0.382462 0.040523
v -0.402638 -0.065688 1.283489
vt 0.900325 0.093086
v -0.357961 -0.051805 1.352672
vt 0.890271 0.081167
v -0.344898 -0.032106 1.339957
vt 0.894524 0.077943
v 0.197528 -0.124113 1.414498
vt 0.710627 0.267944
v 0.294949 -0.077594 1.366220
vt 0.714855 0.289123
v 0.145649 -0.135638 1.437146
vt 0.706306 0.258301
v 0.272375 -0.136945 1.389249
vt 0.721472 0.278211
v -0.436503 -0.476223 1.362002
vt 0.211412 0.784019
v -0.500319 -0.672362 0.870148
vt 0.314456 0.627265
v -0.044571 0.318517 1.552425
vt 0.762826 0.155813
v -0.555645 -0.781144 0.493314
vt 0.227371 0.566652
v -0.660557 -0.703386 0.474051
vt 0.225867 0.592554
v 0.293877 0.078857 1.364255
vt 0.690585 0.307922
v 0.320374 0.082157 1.354924
vt 0.693211 0.312510
v -0.760702 0.340791 1.032379
vt 0.828766 0.047551
v -0.649146 -0.091520 1.098668
vt 0.848336 0.366326
v 0.266028 -0.810817 0.859013
vt 0.249137 0.649792
v 0.514478 -0.703395 0.184956
vt 0.140166 0.736799
v 0.664936 -0.576756 0.481287
vt 0.756539 0.761938
v 0.665641 -0.579169 0.512156
vt 0.756825 0.755931
v -0.717588 0.197883 1.045750
vt 0.827121 0.018179
v -0.715533 0.176916 1.084005
vt 0.833554 0.013284
v -0.722916 0.208989 1.043831
vt 0.827283 0.020558
v -0.513916 -0.628598 1.213307
vt 0.528300 0.310748
v -0.519572 -0.615581 1.228236
vt 0.530265 0.314229
v -0.706605 0.568615 1.063784
vt 0.931185 0.814529
v -0.730917 0.552730 1.088025
vt 0.926068 0.819727
v -0.768787 0.391315 1.251765
vt 0.255380 0.789308
v -0.486804 -0.562789 0.344375
vt 0.665457 0.606433
v -0.496420 -0.542278 0.337529
vt 0.666606 0.602104
v 0.210478 0.691586 1.105524
vt 0.301763 0.508637
v 0.194830 0.680128 1.147958
vt 0.310326 0.510218
v -0.527202 -0.649895 0.913089
vt 0.306089 0.634479
v -0.296398 0.036730 1.391117
vt 0.645560 0.871264
v -0.019521 -0.769048 0.104713
vt 0.578363 0.699455
v 0.060306 -0.795330 0.108994
vt 0.562616 0.698807
v -0.541557 -0.640770 1.101843
vt 0.183882 0.913252
v -0.566613 -0.628113 1.134335
vt 0.179581 0.906134
v -0.582024 -0.620559 1.142001
vt 0.179217 0.902521
v -0.606954 -0.625526 1.097632
vt 0.188790 0.901962
v -0.634324 -0.608064 1.131820
vt 0.184413 0.893869
v 0.016610 -0.600153 1.328416
vt 0.615057 0.256661
v 0.098609 -0.560583 1.334386
vt 0.631009 0.248858
v 0.087075 -0.584009 1.314972
vt 0.625179 0.246464
v 0.072128 -0.612085 1.287784
vt 0.617671 0.243233
v 0.152750 -0.613552 1.242181
vt 0.624364 0.226429
v -0.414142 0.669439 1.141730
vt 0.439167 0.814686
v -0.474827 -0.240092 0.002149
vt 0.279530 0.133497
v -0.482463 -0.210159 0.002090
vt 0.280216 0.139358
v -0.466110 -0.269760 0.001650
vt 0.278622 0.127660
v -0.104380 0.004314 1.372284
vt 0.386376 0.763270
v -0.138528 0.051399 1.449793
vt 0.392555 0.745390
v -0.588559 0.184877 0.199128
vt 0.026493 0.580365
v -0.657507 0.118679 0.235036
vt 0.009476 0.572554
v 0.127333 -0.815966 0.881801
vt 0.566229 0.170682
v 0.092323 -0.729402 1.039964
vt 0.585150 0.201175
v -0.074365 -0.771203 0.892949
vt 0.544134 0.201733
v 0.918343 0.178936 0.141294
vt 0.437793 0.666310
v 0.872835 0.096692 0.283162
vt 0.422239 0.695260
v -0.491798 -0.787946 0.454184
vt 0.991482 0.373150
v -0.493441 -0.781728 0.443710
vt 0.993722 0.373150
v -0.487411 -0.793641 0.445724
vt 0.992163 0.375226
v -0.453982 0.013902 1.142874
vt 0.968699 0.171550
v -0.480760 0.018410 1.143625
vt 0.963725 0.170546
v -0.449830 0.015638 1.137205
vt 0.969580 0.170546
v -0.282859 -0.828617 0.491501
vt 0.039987 0.654783
v 0.305977 -0.726828 0.272517
vt 0.154695 0.615955
v 0.336382 -0.784732 0.385465
vt 0.159412 0.640756
v -0.433235 0.008882 1.165099
vt 0.886760 0.946369
v -0.417522 0.003429 1.169387
vt 0.885946 0.943156
v -0.844684 -0.355541 0.637132
vt 0.072769 0.440308
v -0.889187 -0.218768 0.611440
vt 0.097610 0.454181
v -0.107297 0.705326 0.193810
vt 0.155040 0.794807
v -0.090662 0.708943 0.211009
vt 0.151382 0.797404
v -0.786069 -0.285033 1.021491
vt 0.039376 0.776092
v -0.779943 -0.321003 0.993895
vt 0.043596 0.783346
v -0.204283 0.831439 0.454862
vt 0.901390 0.440462
v -0.211574 0.834870 0.466843
vt 0.899705 0.442697
v -0.505690 0.788759 0.499081
vt 0.333134 0.960786
v -0.505221 0.783507 0.505557
vt 0.334146 0.959600
v -0.289206 -0.518990 0.157623
vt 0.492488 0.485144
v -0.284896 -0.501685 0.169408
vt 0.489785 0.481866
v -0.310128 -0.473815 0.163633
vt 0.493275 0.475408
v 0.280366 0.811252 0.854506
vt 0.250049 0.489988
v 0.311968 0.787147 0.884373
vt 0.252334 0.499112
v 0.330567 0.808925 0.796499
vt 0.236319 0.494074
v -0.776641 0.448838 0.689277
vt 0.226614 0.449851
v -0.794476 0.457794 0.660631
vt 0.227000 0.456513
v 0.526713 0.261650 1.137422
vt 0.485160 0.184970
v 0.513587 0.308904 1.136294
vt 0.477362 0.179564
v -0.865014 -0.389420 0.411119
vt 0.760494 0.598739
v -0.717461 -0.225771 1.187547
vt 0.827964 0.393634
v -0.713667 -0.211452 1.187255
vt 0.828351 0.390848
v -0.721032 -0.237198 1.190700
vt 0.827088 0.395845
v -0.297153 0.060823 1.426521
vt 0.651425 0.866271
v 0.882241 0.343974 0.056491
vt 0.567582 0.428808
v 0.930562 0.196287 0.039591
vt 0.571000 0.399038
v 0.911830 0.263635 0.000495
vt 0.578488 0.412696
v -0.850400 -0.502298 0.597906
vt 0.481141 0.046864
v -0.865739 -0.470751 0.589680
vt 0.474329 0.046333
v -0.409700 -0.186272 1.375352
vt 0.832149 0.534074
v -0.422186 -0.192564 1.369458
vt 0.361067 0.905711
v -0.505971 -0.674834 0.393146
vt 0.888404 0.514631
v -0.323836 0.827816 0.601929
vt 0.584477 0.787476
v -0.274412 0.832935 0.588929
vt 0.576034 0.782485
v -0.342569 0.832538 0.569721
vt 0.830901 0.943318
v -0.355291 0.841377 0.587427
vt 0.827818 0.939832
v -0.346371 0.828311 0.593230
vt 0.830777 0.938737
v 0.137697 -0.037669 1.380999
vt 0.779660 0.391807
v 0.098427 -0.063738 1.407708
vt 0.787327 0.385175
v 0.205144 -0.054098 1.379861
vt 0.780767 0.405139
v 0.124833 -0.009413 1.367287
vt 0.774251 0.388325
v -0.410703 0.838627 0.540698
vt 0.879224 0.196141
v -0.399453 0.850631 0.562030
vt 0.874461 0.194036
v -0.236986 -0.578098 1.371398
vt 0.586434 0.297440
v 0.902444 -0.284868 0.079665
vt 0.699129 0.431213
v 0.898899 -0.261824 0.129327
vt 0.689608 0.434620
v 0.175411 0.604887 1.245630
vt 0.331581 0.521927
v -0.360154 -0.835749 0.479949
vt 0.929986 0.979276
v -0.358565 -0.828539 0.461406
vt 0.929457 0.983017
v -0.356890 -0.838879 0.487294
vt 0.929457 0.977693
v -0.543036 0.091287 1.261796
vt 0.346077 0.824736
v -0.637077 0.311385 0.283932
vt 0.039291 0.553630
v -0.599582 0.328095 0.265314
vt 0.046060 0.559128
v 0.354999 -0.786919 0.405872
vt 0.163036 0.644500
v 0.359900 -0.752730 0.340943
vt 0.164642 0.630425
v -0.746948 -0.521157 1.121030
vt 0.194860 0.868030
v -0.755039 -0.515433 1.097049
vt 0.199908 0.867625
v 0.632973 -0.607543 0.443408
vt 0.964663 0.373171
v 0.625842 -0.623002 0.487569
vt 0.956360 0.369847
v 0.615426 -0.615278 0.426012
vt 0.968428 0.369847
v -0.341161 -0.828391 0.510444
vt 0.937973 0.103554
v -0.720121 -0.549233 0.966545
vt 0.046653 0.829600
v -0.771524 -0.262538 1.230343
vt 0.830714 0.626987
v -0.739947 -0.224125 1.246362
vt 0.824398 0.620060
v -0.758137 -0.197126 1.215398
vt 0.831357 0.615264
v -0.709271 -0.252578 0.926632
vt 0.903053 0.051771
v -0.714356 -0.331609 0.906237
vt 0.887553 0.050547
v -0.729114 -0.382314 0.900083
vt 0.877682 0.047330
v 0.031437 -0.666991 1.191189
vt 0.597356 0.232774
v 0.062286 -0.653784 1.216150
vt 0.605304 0.232704
v -0.039383 -0.411845 1.532017
vt 0.453603 0.449814
v 0.154918 -0.364868 1.435179
vt 0.418147 0.428723
v -0.340754 -0.823456 0.489974
vt 0.353432 0.963650
v -0.341161 -0.828391 0.510444
vt 0.353409 0.959600
v -0.347456 -0.821826 0.472416
vt 0.354916 0.966961
v -0.703517 -0.245402 0.326967
vt 0.285311 0.116297
v -0.716129 -0.299088 0.339266
vt 0.288161 0.105859
v -0.561128 -0.077937 1.245340
vt 0.819206 0.803113
v -0.580072 -0.094734 1.255429
vt 0.815337 0.806755
v -0.734136 -0.227463 0.948069
vt 0.217792 0.896121
v -0.705295 -0.216694 0.937506
vt 0.223523 0.893320
v -0.402638 -0.065688 1.283489
vt 0.817695 0.771108
v -0.367699 -0.814035 0.442292
vt 0.872190 0.166448
v -0.724756 0.222904 0.943593
vt 0.891686 0.422905
v -0.729718 0.176148 0.977373
vt 0.882061 0.417991
v -0.744913 0.228192 0.955567
vt 0.892968 0.418419
v 0.583276 -0.585405 0.835061
vt 0.269216 0.444623
v 0.570065 -0.572954 0.877363
vt 0.277647 0.442891
v 0.538865 -0.602404 0.885088
vt 0.281353 0.450329
v -0.650832 -0.110022 1.171494
vt 0.833826 0.368115
v -0.459527 -0.634844 0.360943
vt 0.878898 0.660539
v -0.486804 -0.562789 0.344375
vt 0.863920 0.661358
v 0.253097 -0.760671 0.985351
vt 0.598949 0.170717
v -0.733606 0.294792 1.193207
vt 0.089935 0.899517
v -0.185827 0.832321 0.587660
vt 0.560346 0.777756
v -0.355732 0.005091 1.191920
vt 0.631986 0.909034
v -0.331269 0.027024 1.326417
vt 0.643356 0.884872
v -0.730190 0.269319 1.190359
vt 0.090072 0.904602
v -0.725309 0.256290 1.189981
vt 0.089578 0.907285
v -0.409271 0.835727 0.575371
vt 0.872695 0.197978
v 0.395748 0.776835 0.787472
vt 0.790282 0.467620
v -0.585113 -0.048444 1.154855
vt 0.869014 0.547948
v -0.769991 -0.295697 1.134298
vt 0.680562 0.868033
v -0.259500 0.792540 0.397063
vt 0.159275 0.542059
v -0.300499 0.792022 0.399521
vt 0.153539 0.537419
v -0.665894 0.608930 1.067335
vt 0.629105 0.959600
v -0.208570 -0.674811 0.270569
vt 0.699648 0.655594
v -0.652433 -0.554060 0.829467
vt 0.076040 0.834930
v -0.647829 -0.564910 0.851706
vt 0.072270 0.837082
v -0.707875 -0.268076 0.901696
vt 0.931572 0.712882
v -0.705093 -0.320440 0.896418
vt 0.940178 0.715816
v -0.376660 -0.002637 1.176129
vt 0.967506 0.311022
v -0.868165 -0.417159 0.616104
vt 0.077746 0.486686
v -0.650951 0.458276 1.313375
vt 0.414278 0.898783
v -0.630219 0.437768 1.330829
vt 0.418712 0.894963
v -0.625091 0.470269 1.322377
vt 0.419074 0.901507
v -0.367871 -0.825492 0.484388
vt 0.895474 0.318834
v -0.369004 -0.820405 0.471390
vt 0.897899 0.317949
v -0.367699 -0.814035 0.442292
vt 0.903425 0.317134
v -0.008769 -0.326468 1.538367
vt 0.717883 0.210296
v -0.068914 -0.319773 1.559820
vt 0.709737 0.201596
v -0.050049 -0.348999 1.550911
vt 0.716455 0.201063
v -0.643521 -0.465791 1.314543
vt 0.522654 0.914267
v -0.665553 -0.481332 1.291782
vt 0.529277 0.916106
v -0.735101 -0.468592 0.908390
vt 0.057823 0.813991
v -0.449285 -0.726768 0.402394
vt 0.033833 0.969502
v -0.484615 -0.662501 0.388820
vt 0.890412 0.519151
v -0.458822 -0.700659 0.393846
vt 0.882358 0.523312
v -0.495119 -0.613691 0.374537
vt 0.900289 0.518412
v -0.310188 0.827841 0.493794
vt 0.021243 0.983200
v -0.310343 0.830518 0.523013
vt 0.022645 0.977693
v -0.300456 0.826536 0.486431
vt 0.022645 0.985056
v -0.796552 0.336216 0.386192
vt 0.303144 0.228926
v -0.755839 0.377460 0.384101
vt 0.295157 0.236797
v -0.184464 0.004162 1.376867
vt 0.401749 0.762008
v -0.153869 0.004397 1.378416
vt 0.395929 0.761946
v -0.779857 -0.080903 0.835143
vt 0.134022 0.412782
v -0.749260 -0.117832 0.878668
vt 0.129011 0.401448
v -0.769077 -0.055581 0.852614
vt 0.139595 0.409720
v -0.742464 0.448269 0.905414
vt 0.826874 0.290725
v -0.768794 0.427591 0.936330
vt 0.834037 0.286069
v -0.760559 0.459663 0.934332
vt 0.833782 0.291991
v -0.489881 0.650914 1.107336
vt 0.753616 0.872319
v -0.439834 0.649282 1.094134
vt 0.758600 0.864261
v -0.358372 0.181919 1.448701
vt 0.812003 0.167653
v -0.932060 -0.036126 0.420924
vt 0.451276 0.013352
v -0.931541 -0.075228 0.394675
vt 0.458325 0.008802
v -0.465734 0.028185 1.201137
vt 0.335436 0.842793
v 0.918497 0.240942 0.000071
vt 0.768595 0.863920
v 0.109066 -0.636043 1.231237
vt 0.614994 0.229489
v -0.009165 -0.607858 1.326969
vt 0.610573 0.259452
v -0.788758 -0.581022 0.625509
vt 0.938868 0.852411
v -0.840218 -0.483588 0.622595
vt 0.918368 0.852411
v -0.840195 -0.502044 0.617503
vt 0.921417 0.850421
v -0.067058 -0.544961 1.451837
vt 0.620781 0.287239
v -0.080459 -0.577819 1.405104
vt 0.611165 0.280964
v -0.050557 -0.574090 1.403798
vt 0.615548 0.277025
v -0.516508 -0.822303 0.518700
vt 0.921016 0.963082
v -0.501783 -0.833855 0.505200
vt 0.919562 0.967112
v -0.523284 -0.822114 0.537972
vt 0.919562 0.959600
v -0.719889 0.273748 0.879812
vt 0.650277 0.743641
v -0.550784 -0.224916 0.187456
vt 0.704442 0.041345
v -0.435584 -0.213850 0.133786
vt 0.680500 0.042231
v -0.424857 -0.262679 0.142581
vt 0.679244 0.032435
v -0.721545 -0.497001 1.197694
vt 0.755853 0.060473
v -0.713393 -0.512276 1.195017
vt 0.755200 0.057087
v -0.759583 -0.491911 1.219984
vt 0.763207 0.063802
v -0.027033 0.845545 0.693101
vt 0.525884 0.789334
v 0.092993 0.865246 0.637485
vt 0.506185 0.772640
v -0.710757 0.248897 0.929129
vt 0.728236 0.805803
v -0.724756 0.222904 0.943593
vt 0.731223 0.800511
v -0.732031 -0.390997 0.381592
vt 0.292442 0.087839
v -0.747033 -0.353582 0.375258
vt 0.295088 0.095177
v 0.266050 -0.778721 0.209017
vt 0.090304 0.744877
v 0.216565 -0.774622 0.227817
vt 0.081764 0.750655
v 0.802328 -0.213960 0.378073
vt 0.682794 0.782867
v 0.010211 -0.188514 1.521933
vt 0.820863 0.372191
v 0.135308 -0.175269 1.457085
vt 0.808129 0.396514
v -0.723300 0.631969 0.470299
vt 0.387754 0.111693
v 0.614522 0.643854 0.568393
vt 0.782255 0.532858
v 0.266028 -0.810817 0.859013
vt 0.583735 0.149501
v 0.172467 -0.828978 0.846482
vt 0.567798 0.159269
v 0.206265 -0.850390 0.747406
vt 0.560981 0.140543
v 0.329555 0.187741 1.357847
vt 0.520420 0.139539
v 0.388453 0.157313 1.317804
vt 0.521166 0.154219
v -0.165732 -0.638687 0.207604
vt 0.959123 0.115455
v -0.153064 -0.618712 0.213021
vt 0.960382 0.110944
v -0.416676 0.853420 0.518425
vt 0.968825 0.321921
v -0.770555 -0.377604 1.094635
vt 0.442225 0.942153
v -0.773986 -0.417177 1.121117
vt 0.434470 0.937574
v -0.558694 0.804633 0.578640
vt 0.462067 0.622274
v -0.639940 -0.633086 1.174623
vt 0.880400 0.887828
v -0.330572 0.810409 0.442582
vt 0.203958 0.943511
v -0.665553 -0.481332 1.291782
vt 0.216124 0.829961
v -0.611146 -0.521641 1.297310
vt 0.207089 0.820610
v -0.616146 -0.491834 1.315009
vt 0.213765 0.819709
v -0.234578 -0.831739 0.518293
vt 0.896042 0.136427
v -0.262702 -0.834036 0.554157
vt 0.887818 0.133118
v 0.272208 -0.727227 1.032282
vt 0.609431 0.176291
v 0.240639 -0.731439 1.043612
vt 0.605704 0.181732
v 0.642910 -0.648829 0.109244
vt 0.727733 0.416145
v 0.566901 -0.701676 0.122286
vt 0.725114 0.398638
v 0.600114 -0.690998 0.079669
vt 0.733390 0.405407
v -0.009312 -0.154390 1.516487
vt 0.691087 0.231276
v -0.884581 -0.408499 0.569646
vt 0.461395 0.043584
v -0.587281 0.504660 1.318549
vt 0.531365 0.486294
v -0.623368 0.513813 1.300106
vt 0.523445 0.486819
v -0.500756 0.846360 0.490071
vt 0.005242 0.420783
v -0.514135 0.834387 0.477587
vt 0.006541 0.424659
v 0.235852 0.035436 1.364392
vt 0.865780 0.286213
v 0.181557 0.049132 1.375870
vt 0.874852 0.280569
v 0.029830 0.009798 1.369415
vt 0.903842 0.281497
v -0.158909 -0.585461 0.204994
vt 0.401156 0.959600
v -0.167648 -0.576570 0.202896
vt 0.401249 0.962080
v -0.163588 -0.575871 0.197514
vt 0.399939 0.961852
v -0.388925 -0.844244 0.546128
vt 0.255148 0.959600
v -0.384899 -0.846444 0.526338
vt 0.254281 0.963362
v -0.314393 0.004075 1.280205
vt 0.634386 0.890401
v -0.752241 -0.233617 0.960521
vt 0.213517 0.897207
v 0.602035 -0.599479 0.765242
vt 0.766435 0.706958
v 0.684670 -0.543065 0.623371
vt 0.748784 0.734401
v 0.685747 -0.468266 0.774319
vt 0.736188 0.705379
v 0.624735 0.630162 0.562880
vt 0.363776 0.239861
v 0.571694 0.679297 0.649745
vt 0.365073 0.218178
v 0.643784 0.604414 0.582589
vt 0.370116 0.241710
v -0.676639 -0.593107 0.947230
vt 0.883029 0.589117
v -0.706042 -0.564644 0.942032
vt 0.890885 0.590410
v -0.638903 0.619378 1.108451
vt 0.891652 0.404010
v -0.768744 0.302053 0.950124
vt 0.832858 0.261810
v -0.935545 0.040725 0.525566
vt 0.372772 0.033516
v -0.909304 0.217886 0.439073
vt 0.404993 0.013098
v -0.280756 -0.130339 1.504186
vt 0.272141 0.884158
v -0.319540 -0.125462 1.473161
vt 0.273774 0.893727
v -0.304848 -0.152806 1.497966
vt 0.268505 0.888702
v 0.623343 -0.640518 0.156964
vt 0.144538 0.688118
v 0.642910 -0.648829 0.109244
vt 0.145716 0.697918
v -0.152526 0.626038 0.219829
vt 0.963253 0.423416
v -0.188184 0.619905 0.222905
vt 0.956360 0.421509
v -0.137805 0.636386 0.219145
vt 0.966738 0.422807
v -0.463897 -0.021703 1.134013
vt 0.961995 0.742756
v -0.440063 -0.015534 1.118886
vt 0.967247 0.743891
v -0.493546 -0.025294 1.139136
vt 0.956360 0.743891
v 0.214395 0.221519 1.424805
vt 0.430933 0.318154
v 0.320374 0.082157 1.354924
vt 0.403019 0.336784
v 0.366538 0.083923 1.330790
vt 0.394083 0.333490
v -0.440063 -0.015534 1.118886
vt 0.016801 0.007684
v -0.450642 -0.009041 1.092028
vt 0.022047 0.010094
v -0.420431 -0.142546 1.342411
vt 0.799379 0.774207
v -0.405102 -0.146618 1.361388
vt 0.796181 0.770576
v 0.585431 -0.665173 0.627378
vt 0.779123 0.733536
v 0.555044 -0.701496 0.587859
vt 0.788288 0.741188
v 0.575892 -0.679840 0.468643
vt 0.782716 0.764341
v -0.451605 0.673533 1.079460
vt 0.563256 0.983935
v -0.422900 0.664703 1.089797
vt 0.562068 0.978058
v -0.420067 0.669470 1.086506
vt 0.563256 0.977693
v -0.493546 -0.025294 1.139136
vt 0.075891 0.910869
v -0.493546 -0.025294 1.139136
vt 0.273621 0.968939
v -0.515863 -0.028852 1.143393
vt 0.272421 0.964570
v -0.539309 -0.019831 1.152311
vt 0.273621 0.959600
v -0.596676 -0.048404 1.070774
vt 0.867884 0.564176
v -0.614608 -0.060772 1.068238
vt 0.863920 0.564950
v -0.345743 -0.236893 1.478161
vt 0.809859 0.545269
v 0.066330 0.658411 1.217363
vt 0.336305 0.498301
v 0.160453 0.659623 1.189519
vt 0.321544 0.510095
v -0.489504 0.074226 0.063576
vt 0.637993 0.146218
v -0.504065 0.057316 0.000527
vt 0.649802 0.151775
v -0.505489 -0.021775 0.001835
vt 0.647756 0.165408
v -0.588559 0.184877 0.199128
vt 0.706833 0.122414
v -0.606648 0.062185 0.188061
vt 0.711677 0.098580
v 0.110652 -0.707897 1.110411
vt 0.596482 0.209211
v -0.618511 -0.072424 1.164412
vt 0.836116 0.358888
v -0.610224 -0.055936 1.121350
vt 0.844838 0.356216
v -0.629987 -0.075401 1.139952
vt 0.840755 0.360958
v 0.552432 0.700172 0.145020
vt 0.592273 0.061838
v 0.599198 0.650951 0.171290
vt 0.587203 0.048692
v 0.634868 0.647931 0.124832
vt 0.596621 0.043571
v -0.377975 0.828883 0.480904
vt 0.914810 0.932171
v -0.514135 0.834387 0.477587
vt 0.387648 0.165408
v -0.156187 -0.376653 1.562422
vt 0.578143 0.805915
v -0.156329 -0.326318 1.570893
vt 0.581241 0.797025
v 0.554536 -0.696364 0.630669
vt 0.187264 0.692787
v 0.511124 -0.726485 0.643546
vt 0.197382 0.690494
v 0.555044 -0.701496 0.587859
vt 0.187312 0.701142
v 0.543714 -0.694238 0.679169
vt 0.189336 0.683381
v 0.444490 -0.771971 0.675321
vt 0.212924 0.684629
v 0.212582 0.861103 0.493239
vt 0.720884 0.467817
v -0.770387 0.468678 1.221322
vt 0.484369 0.436929
v -0.694489 0.600803 1.190490
vt 0.471550 0.464786
v -0.727047 0.495247 1.196678
vt 0.475863 0.443261
v -0.322079 0.004093 1.268865
vt 0.487896 0.980381
v -0.323166 0.010016 1.274925
vt 0.489116 0.979424
v -0.180628 0.171761 1.544979
vt 0.045956 0.879526
v -0.189511 0.203976 1.554961
vt 0.052224 0.877055
v -0.429689 -0.742387 0.401480
vt 0.931694 0.700443
v -0.405656 -0.708646 0.377233
vt 0.940102 0.704639
v -0.705684 0.170266 1.152686
vt 0.015469 0.746420
v -0.721059 0.192669 1.143575
vt 0.017887 0.741771
v 0.452922 -0.666730 0.278030
vt 0.184751 0.612136
v 0.487793 -0.650003 0.280809
vt 0.191968 0.611197
v 0.515666 -0.691860 0.371819
vt 0.196564 0.630700
v -0.428812 0.841210 0.514192
vt 0.884667 0.196163
v -0.495839 0.367675 1.385456
vt 0.446270 0.883237
v -0.613051 0.066810 1.130970
vt 0.015886 0.773344
v -0.416989 0.674153 1.090144
vt 0.416388 0.485722
v 0.153788 -0.404627 1.420695
vt 0.414627 0.436157
v 0.222487 -0.387222 1.376016
vt 0.400525 0.428650
v -0.835738 0.491898 0.543790
vt 0.446091 0.076394
v 0.557832 -0.722063 0.003166
vt 0.943547 0.451775
v -0.453517 -0.006180 1.145700
vt 0.906672 0.031865
v -0.444957 -0.005168 1.164996
vt 0.907418 0.027860
v 0.748042 -0.450729 0.529578
vt 0.727159 0.752727
v -0.439398 -0.618633 0.353332
vt 0.876944 0.655742
v -0.023961 0.725326 0.250201
vt 0.137253 0.802697
v -0.031657 0.735960 0.217861
vt 0.138878 0.796199
v -0.676737 0.131890 1.250542
vt 0.244826 0.841624
v -0.690599 0.164520 1.262688
vt 0.244688 0.834698
v -0.535767 0.040261 1.145378
vt 0.010271 0.788116
v -0.447562 -0.008316 1.137036
vt 0.077143 0.920265
v -0.239194 0.602583 0.226863
vt 0.131114 0.583015
v 0.079200 -0.721703 1.061014
vt 0.586107 0.206135
v -0.366881 0.105397 1.391157
vt 0.817672 0.185306
v -0.337656 0.102151 1.429789
vt 0.808367 0.183620
v -0.351397 0.133969 1.435373
vt 0.810811 0.177370
v -0.731961 -0.301183 1.287357
vt 0.817147 0.633869
v -0.101578 -0.838250 0.615772
vt 0.863920 0.854698
v -0.226502 -0.831399 0.561987
vt 0.546654 0.890271
v -0.217038 -0.833843 0.533973
vt 0.544234 0.895463
v -0.516507 -0.022873 1.080625
vt 0.883913 0.561300
v -0.440063 -0.015534 1.118886
vt 0.897881 0.553192
v -0.851751 -0.199882 0.658708
vt 0.103265 0.443213
v -0.300456 0.826536 0.486431
vt 0.586288 0.764657
v -0.234771 -0.603642 0.143693
vt 0.489479 0.504089
v -0.224164 -0.594546 0.167920
vt 0.484266 0.502557
v -0.321856 -0.483412 0.147969
vt 0.497344 0.476903
v -0.387495 0.816649 0.620315
vt 0.924066 0.275352
v 0.639415 0.359814 0.945243
vt 0.448816 0.214799
v 0.459097 0.467733 1.108118
vt 0.448493 0.163356
v -0.702017 -0.560681 1.046286
vt 0.205262 0.883618
v -0.314741 0.521165 0.114912
vt 0.638561 0.052652
v -0.029706 -0.094205 1.484836
vt 0.804066 0.360850
v 0.037388 -0.044581 1.407044
vt 0.785540 0.372927
v -0.066916 -0.071083 1.473270
vt 0.799891 0.353110
v 0.042682 -0.029730 1.390314
vt 0.781140 0.373615
v -0.015336 -0.013445 1.383362
vt 0.778738 0.362281
v -0.585214 0.752057 0.646310
vt 0.464567 0.605032
v -0.543982 0.643642 1.122165
vt 0.748042 0.881523
v -0.532187 0.646884 1.117510
vt 0.749536 0.879494
v -0.519659 0.649263 1.113790
vt 0.750887 0.877337
v -0.393193 0.714930 0.363871
vt 0.129153 0.538478
v -0.400637 0.686878 0.353333
vt 0.124060 0.541268
v -0.058385 0.850865 0.510666
vt 0.540486 0.756690
v 0.712063 0.595856 0.065035
vt 0.528079 0.669186
v -0.721383 0.241767 1.186611
vt 0.089661 0.910288
v -0.703693 -0.103077 0.949676
vt 0.135017 0.385942
v -0.679272 0.626011 1.017856
vt 0.375622 0.945874
v -0.702442 0.605610 1.015884
vt 0.376265 0.940083
v -0.664074 0.634022 1.022406
vt 0.376281 0.949280
v 0.213982 0.822888 0.074048
vt 0.008664 0.344828
v 0.270442 0.821584 0.045907
vt 0.019211 0.349946
v -0.753363 0.551374 1.005493
vt 0.287453 0.749106
v -0.774287 0.510103 1.003235
vt 0.280708 0.753655
v -0.425841 -0.005928 1.175349
vt 0.910368 0.025153
v -0.761788 -0.208599 1.215715
vt 0.967063 0.810811
v -0.775180 -0.264644 1.223365
vt 0.956360 0.810811
v -0.769072 -0.234519 1.221092
vt 0.962015 0.810402
v -0.412858 -0.676853 0.965422
vt 0.325627 0.649243
v -0.302208 -0.700347 0.957229
vt 0.346319 0.652004
v 0.794115 -0.281107 0.403187
vt 0.694654 0.777757
v 0.780704 -0.265834 0.342772
vt 0.693604 0.789603
v 0.785056 -0.250796 0.344453
vt 0.690679 0.789319
v 0.887781 -0.036795 0.270284
vt 0.015079 0.687142
v 0.844342 -0.133577 0.318746
vt 0.034684 0.677041
v -0.333366 0.008489 1.255582
vt 0.956360 0.329921
v -0.349815 0.003451 1.206116
vt 0.965985 0.330424
v -0.334952 0.005095 1.248729
vt 0.957676 0.330540
v -0.283457 -0.528221 1.426684
vt 0.594676 0.849526
v -0.285416 -0.500815 1.456802
vt 0.596087 0.842158
v -0.308430 -0.500088 1.436908
vt 0.600796 0.845080
v -0.695094 0.393820 0.868373
vt 0.613298 0.061868
v -0.326978 -0.771651 0.391151
vt 0.663656 0.657837
v -0.326791 -0.783276 0.401080
vt 0.661516 0.659846
v -0.624264 -0.510506 0.393026
vt 0.646487 0.583082
v -0.610552 -0.500985 0.381326
vt 0.650212 0.583147
v -0.561918 -0.543672 0.380370
vt 0.653125 0.595344
v -0.331096 0.830124 0.499022
vt 0.938074 0.239472
v -0.828207 -0.476895 0.421964
vt 0.760422 0.579949
v 0.449444 -0.515402 1.083595
vt 0.325107 0.438902
v 0.453212 -0.401428 1.164101
vt 0.341090 0.417202
v 0.423852 -0.464088 1.156958
vt 0.341112 0.430682
v -0.537834 -0.020545 1.187157
vt 0.835392 0.799566
v -0.502382 -0.037409 1.213970
vt 0.829951 0.792193
v 0.572878 -0.524740 0.925319
vt 0.286390 0.433501
v 0.502378 -0.753301 0.004845
vt 0.747846 0.383295
v 0.494507 -0.754955 0.071051
vt 0.734983 0.381753
v -0.755557 -0.256763 1.066284
vt 0.850642 0.404947
v -0.749309 -0.265654 1.039523
vt 0.855634 0.406453
v -0.142452 -0.836323 0.538724
vt 0.402088 0.577211
v -0.142083 -0.841299 0.493864
vt 0.404294 0.568489
v -0.115730 -0.838197 0.597945
vt 0.404494 0.589819
v -0.661227 -0.112853 1.061249
vt 0.855069 0.371856
v 0.897639 0.232130 0.160362
vt 0.448255 0.670914
v 0.896062 0.286799 0.111773
vt 0.459455 0.662383
v -0.861144 0.410786 0.413417
vt 0.010101 0.530489
v -0.847529 0.436712 0.412545
vt 0.009794 0.525251
v -0.870158 0.382210 0.409292
vt 0.011815 0.535607
v -0.905998 0.295633 0.548672
vt 0.541827 0.110868
v -0.916756 0.264837 0.569127
vt 0.537429 0.116943
v -0.899638 0.342089 0.573109
vt 0.537684 0.101995
v -0.925071 0.205515 0.549747
vt 0.540411 0.128159
v -0.893118 0.379579 0.583489
vt 0.536161 0.094811
v -0.888034 0.386387 0.557498
vt 0.541321 0.093459
v -0.891975 0.354335 0.545574
vt 0.543214 0.099484
v -0.104380 0.004314 1.372284
vt 0.775889 0.345297
v -0.130353 -0.010173 1.400091
vt 0.782130 0.340436
v -0.628031 0.312520 1.334525
vt 0.357617 0.778367
v -0.639717 0.229956 1.307515
vt 0.361275 0.794501
v -0.625770 0.229699 1.315311
vt 0.358245 0.794251
v -0.492789 -0.009242 1.077681
vt 0.024577 0.018551
v 0.235125 -0.841531 0.431672
vt 0.254703 0.733452
v 0.208019 -0.849406 0.446892
vt 0.260278 0.730636
v -0.770555 -0.377604 1.094635
vt 0.687258 0.884629
v -0.768149 -0.374403 1.120121
vt 0.683111 0.883596
v -0.776673 -0.346654 1.105815
vt 0.686113 0.878208
v -0.058883 0.838366 0.418915
vt 0.545993 0.739635
v -0.081792 0.841667 0.449019
vt 0.548345 0.746409
v -0.195412 -0.680044 0.004111
vt 0.960083 0.859544
v -0.222290 -0.656552 0.002578
vt 0.966914 0.859883
v -0.179593 -0.691396 0.002894
vt 0.956360 0.859883
v -0.045912 -0.850315 0.554445
vt 0.922200 0.090790
v -0.066332 -0.845949 0.527043
vt 0.928481 0.088256
v -0.094507 -0.845355 0.527387
vt 0.507932 0.959600
v -0.095133 -0.842179 0.484975
vt 0.507932 0.967994
v -0.083184 -0.846105 0.504512
vt 0.505746 0.963937
v -0.437179 -0.596265 1.265560
vt 0.547099 0.309258
v -0.206717 -0.828156 0.506857
vt 0.899617 0.141045
v 0.075265 -0.749397 0.264003
vt 0.109722 0.614158
v 0.120063 -0.752902 0.265289
vt 0.118209 0.615306
v -0.597397 0.062050 1.157600
vt 0.010167 0.775517
v -0.937875 -0.134051 0.572653
vt 0.406431 0.044659
v -0.941816 -0.091111 0.557374
vt 0.397923 0.041686
v -0.525486 -0.707004 0.416958
vt 0.254313 0.025710
v -0.739094 -0.400129 0.389058
vt 0.293999 0.086046
v -0.702246 -0.446359 0.392036
vt 0.287094 0.076949
v -0.782998 0.378487 0.719606
vt 0.618737 0.759189
v -0.750155 0.328976 0.823471
vt 0.639278 0.751599
v -0.800989 0.402423 0.674517
vt 0.609788 0.762569
v -0.876768 -0.405822 0.610783
vt 0.080144 0.488444
v 0.358967 0.800307 0.101970
vt 0.036838 0.338775
v 0.371669 0.801778 0.073492
vt 0.039128 0.344208
v 0.451165 0.668973 0.274660
vt 0.562067 0.072618
v 0.462108 0.662821 0.274053
vt 0.562408 0.070218
v -0.746008 0.256876 1.146116
vt 0.018612 0.730573
v -0.762305 0.269727 1.117230
vt 0.024834 0.727468
v -0.679973 -0.145388 1.177990
vt 0.831707 0.376682
v -0.570739 -0.036386 1.077203
vt 0.873248 0.562586
v -0.585113 -0.048444 1.154855
vt 0.076463 0.892379
v -0.493826 0.032850 1.139157
vt 0.419148 0.357259
v -0.480760 0.018410 1.143625
vt 0.416388 0.354632
v -0.518345 0.023765 1.148282
vt 0.423974 0.354894
v -0.139598 0.149670 1.535600
vt 0.037438 0.876393
v -0.181583 0.124106 1.521452
vt 0.037965 0.886067
v -0.512803 -0.568724 0.361893
vt 0.659749 0.604490
v -0.736719 0.542106 1.057861
vt 0.965536 0.029269
v -0.705437 0.557319 1.025966
vt 0.959906 0.022486
v -0.713130 0.550208 1.026553
vt 0.961945 0.022783
v -0.669665 -0.106803 0.980142
vt 0.223679 0.869843
v -0.682047 -0.102951 0.993658
vt 0.220136 0.868880
v -0.669401 -0.089156 0.992894
vt 0.222157 0.865908
v -0.622422 0.070542 1.222882
vt 0.250944 0.889911
v -0.415084 0.157001 1.350022
vt 0.317367 0.809357
v 0.401849 -0.494075 1.159695
vt 0.342978 0.437627
v 0.609662 -0.547426 0.296998
vt 0.715913 0.912287
v 0.627244 -0.560784 0.336428
vt 0.724470 0.911261
v -0.480760 0.018410 1.143625
vt 0.959301 0.783069
v -0.493826 0.032850 1.139157
vt 0.956360 0.780347
v -0.395782 -0.812859 0.454256
vt 0.768527 0.939845
v -0.643401 -0.091157 0.217973
vt 0.757915 0.275567
v -0.411470 -0.662528 0.351587
vt 0.906883 0.161946
v 0.405925 -0.763091 0.800463
vt 0.602481 0.126033
v 0.447723 -0.721862 0.821768
vt 0.614500 0.125697
v 0.197528 -0.124113 1.414498
vt 0.794717 0.406488
v 0.238135 -0.073683 1.382098
vt 0.783160 0.412207
v -0.418194 0.822170 0.599715
vt 0.868769 0.202081
v -0.423963 0.804781 0.629144
vt 0.863920 0.206772
v -0.401330 0.835551 0.608733
vt 0.866146 0.198730
v -0.787433 -0.461236 1.006619
vt 0.169945 0.903629
v -0.785450 -0.472727 1.005460
vt 0.169963 0.905927
v -0.543635 -0.674555 0.818707
vt 0.309573 0.615580
v -0.570485 -0.731304 0.702483
vt 0.315782 0.592253
v -0.633377 -0.524974 1.283475
vt 0.206519 0.825611
v -0.618811 -0.538806 1.279389
vt 0.203152 0.823552
v -0.490222 0.169701 0.001658
vt 0.652158 0.131256
v 0.137994 0.811710 0.108316
vt 0.105756 0.771529
v 0.188872 0.818401 0.099450
vt 0.096076 0.769742
v -0.273633 -0.332704 1.535357
vt 0.794187 0.565900
v -0.297282 -0.304897 1.522999
vt 0.798447 0.559751
v -0.432596 0.219481 0.130653
vt 0.050418 0.604416
v 0.634176 0.581538 0.384076
vt 0.783831 0.648963
v -0.190642 -0.828258 0.460669
vt 0.784502 0.910800
v -0.746754 0.242511 1.079555
vt 0.835677 0.027184
v -0.160306 -0.612499 0.206438
vt 0.962342 0.111131
v -0.744423 -0.399854 1.283339
vt 0.819064 0.652511
v -0.758857 -0.228013 1.014562
vt 0.286351 0.807828
v -0.758857 -0.228013 1.014562
vt 0.053872 0.977693
v -0.769775 -0.262356 1.005380
vt 0.053872 0.984848
v -0.771948 -0.243706 1.024701
vt 0.050781 0.980353
v -0.470927 -0.794310 0.451473
vt 0.992160 0.211972
v -0.471106 -0.785309 0.443946
vt 0.994292 0.212747
v -0.465915 -0.796291 0.451595
vt 0.991482 0.212747
v -0.740551 -0.199940 0.883030
vt 0.113677 0.397049
v -0.692907 -0.109842 1.005461
vt 0.217086 0.869576
v 0.305078 0.849845 0.595181
vt 0.747713 0.470985
v 0.357371 -0.798356 0.433480
vt 0.163302 0.650202
v -0.748707 -0.485380 1.026581
vt 0.321256 0.977693
v -0.762331 -0.491325 1.061859
vt 0.324102 0.984387
v -0.753634 -0.468409 1.026360
vt 0.324102 0.977693
v -0.124168 0.821491 0.403120
vt 0.559420 0.740143
v -0.702792 -0.654560 0.437090
vt 0.372515 0.144327
v -0.669234 -0.644420 0.505886
vt 0.314750 0.276752
v -0.683812 -0.625605 0.507885
vt 0.316333 0.272649
v -0.696893 -0.609129 0.507654
vt 0.318052 0.269098
v 0.819519 -0.115166 0.627546
vt 0.623961 0.367529
v 0.829928 -0.151335 0.538011
vt 0.641511 0.360913
v 0.638276 0.539074 0.792686
vt 0.403349 0.219275
v 0.694329 0.616265 -0.000887
vt 0.110591 0.359396
v 0.662092 0.647932 0.037456
vt 0.102577 0.351661
v 0.712063 0.595856 0.065035
vt 0.115076 0.346768
v 0.898572 0.034294 0.245818
vt 0.410243 0.687229
v 0.944306 -0.002451 0.119509
vt 0.403836 0.662167
v 0.934255 0.118453 0.112948
vt 0.426535 0.660714
v -0.917014 0.009194 0.509361
vt 0.379552 0.029503
v -0.922478 0.044325 0.514662
vt 0.372616 0.030373
v -0.665916 0.748929 0.571025
vt 0.543191 0.010323
v -0.694031 0.724021 0.570974
vt 0.542921 0.017207
v -0.673823 0.742919 0.593494
vt 0.538737 0.011837
v -0.440304 -0.670784 0.988224
vt 0.319733 0.652618
v -0.503389 -0.657732 0.955094
vt 0.309310 0.643653
v -0.877649 -0.436810 0.582501
vt 0.467227 0.045635
v -0.345253 -0.684738 0.998739
vt 0.336185 0.658377
v -0.372705 -0.678745 1.027320
vt 0.330095 0.662883
v -0.682346 0.297077 1.292310
vt 0.487692 0.899480
v -0.654582 0.211023 1.286728
vt 0.484619 0.916867
v -0.597266 0.772474 0.538343
vt 0.375428 0.072350
v -0.655750 0.747264 0.555570
vt 0.386569 0.079027
v -0.667247 0.485450 1.289036
vt 0.486865 0.863920
v -0.682816 0.444070 1.292163
vt 0.488280 0.871330
v -0.650951 0.458276 1.313375
vt 0.481099 0.868871
v -0.614362 0.183059 1.300228
vt 0.356993 0.803831
v -0.588693 0.204322 1.322519
vt 0.350969 0.798970
v -0.355827 -0.844365 0.508821
vt 0.013571 0.965392
v -0.356890 -0.838879 0.487294
vt 0.013409 0.969578
v -0.349636 -0.843309 0.522002
vt 0.012361 0.962848
v -0.003772 -0.842422 0.430730
vt 0.298227 0.735146
v -0.625091 0.470269 1.322377
vt 0.525629 0.478780
v 0.366538 0.083923 1.330790
vt 0.698329 0.320104
v 0.338032 -0.010942 1.340827
vt 0.709583 0.304111
v 0.373321 -0.098562 1.328546
vt 0.727270 0.299078
v -0.314079 -0.810443 0.446354
vt 0.034293 0.645173
v -0.736719 0.542106 1.057861
vt 0.931963 0.821871
v -0.447562 -0.008316 1.137036
vt 0.991565 0.512433
v -0.446649 -0.001027 1.143472
vt 0.991482 0.510596
v -0.441675 0.003667 1.135652
vt 0.993468 0.510596
v 0.396995 0.677533 0.978903
vt 0.263629 0.529699
v 0.305977 0.701614 1.044774
vt 0.281598 0.517661
v -0.909442 0.288470 0.592068
vt 0.533259 0.111936
v -0.514135 0.834387 0.477587
vt 0.945405 0.201563
v -0.524943 0.806298 0.489760
vt 0.943758 0.207664
v -0.767078 0.490030 1.224884
vt 0.114777 0.984808
v -0.776291 0.457676 1.227583
vt 0.113419 0.978312
v -0.773310 0.455000 1.234785
vt 0.114777 0.977693
v -0.664399 -0.082936 1.051488
vt 0.021754 0.055536
v -0.691437 -0.156681 0.960401
vt 0.222768 0.880974
v -0.675127 -0.118322 0.975052
vt 0.223461 0.872500
v -0.683262 -0.138953 0.966935
vt 0.223217 0.877032
v -0.459045 -0.809842 0.605606
vt 0.877260 0.914693
v -0.269987 0.512070 0.172543
vt 0.982078 0.731111
v -0.597397 0.062050 1.157600
vt 0.440483 0.360778
v -0.578570 0.036035 1.160690
vt 0.436320 0.355995
v -0.693068 -0.113038 1.044528
vt 0.284022 0.781482
v -0.692907 -0.109842 1.005461
vt 0.291643 0.781951
v -0.500111 -0.723550 0.409645
vt 0.527035 0.944010
v -0.506165 -0.741262 0.426407
vt 0.530723 0.941102
v -0.525486 -0.707004 0.416958
vt 0.530723 0.948712
v -0.358280 0.575249 1.295914
vt 0.567126 0.516270
v -0.493457 0.825380 0.479016
vt 0.228146 0.941332
v -0.714401 0.513256 1.272441
vt 0.825674 0.730059
v -0.725193 0.487266 1.277057
vt 0.824849 0.724571
v -0.718491 -0.546077 0.937506
vt 0.894972 0.591871
v -0.283457 -0.528221 1.426684
vt 0.843979 0.865763
v -0.329457 -0.528739 1.376643
vt 0.848892 0.877540
v -0.358170 -0.530643 1.340116
vt 0.851539 0.885891
v -0.775851 0.626946 0.565648
vt 0.419189 0.083753
v -0.052742 -0.727391 0.218327
vt 0.587512 0.676844
v -0.657475 -0.275608 1.312854
vt 0.518434 0.877472
v -0.426603 0.377563 0.178848
vt 0.073659 0.586563
v -0.346960 0.422619 0.153287
vt 0.089795 0.595487
v -0.355024 0.410948 0.152197
vt 0.087099 0.595638
v -0.460864 0.809906 0.605548
vt 0.481078 0.627346
v -0.256063 0.437615 1.516970
vt 0.606770 0.479443
v 0.919889 -0.238970 0.003574
vt 0.713895 0.440530
v 0.933291 -0.171833 0.076799
vt 0.699864 0.452903
v 0.905788 -0.284406 0.042405
vt 0.706320 0.431634
v -0.485016 -0.083208 0.074675
vt 0.520668 0.392869
v -0.505489 -0.021775 0.001835
vt 0.532999 0.380776
v -0.502274 -0.083207 0.001641
vt 0.533930 0.392823
v -0.680201 0.528964 0.873906
vt 0.884439 0.354475
v -0.115772 -0.267986 1.569960
vt 0.696151 0.200525
v -0.116274 -0.318847 1.569198
vt 0.703925 0.194297
v -0.448027 -0.677891 0.372377
vt 0.887588 0.660979
v -0.477731 -0.597580 0.353973
vt 0.870931 0.661764
v -0.600302 -0.650333 1.155474
vt 0.707695 0.897525
v -0.611728 -0.645486 1.160178
vt 0.707659 0.894962
v 0.487793 -0.650003 0.280809
vt 0.178949 0.963627
v 0.503335 -0.638440 0.277829
vt 0.177990 0.960075
v 0.504921 -0.637221 0.283158
vt 0.178980 0.959600
v 0.152154 0.005005 1.363029
vt 0.684740 0.277106
v 0.029830 0.009798 1.369415
vt 0.669196 0.258729
v 0.013109 0.002043 1.368337
vt 0.668351 0.255219
v -0.889805 0.383777 0.596334
vt 0.231649 0.483432
v 0.754473 0.336910 0.337591
vt 0.676968 0.458477
v 0.744913 0.398358 0.373984
vt 0.669480 0.470319
v 0.786430 0.281270 0.369902
vt 0.670751 0.446650
v -0.273633 -0.332704 1.535357
vt 0.602991 0.806789
v -0.657507 0.118679 0.235036
vt 0.766566 0.315322
v -0.738208 0.066713 0.316557
vt 0.787230 0.304463
v -0.721520 0.144464 0.312248
vt 0.786482 0.318989
v -0.488959 0.685031 0.858685
vt 0.438056 0.758687
v -0.503200 0.668404 0.892872
vt 0.443172 0.764117
v -0.423362 0.484597 0.234843
vt 0.090133 0.570934
v -0.135246 0.675317 0.202520
vt 0.161526 0.799118
v -0.560083 -0.636130 0.894124
vt 0.299930 0.629423
v -0.483182 -0.643907 1.111240
vt 0.718144 0.017978
v -0.452044 -0.643275 1.107526
vt 0.712189 0.016172
v -0.369068 0.836157 0.557238
vt 0.956360 0.669853
v -0.204845 -0.616397 0.228629
vt 0.709622 0.646476
v -0.290174 -0.554295 0.214942
vt 0.706279 0.626117
v -0.774960 0.427923 0.968440
vt 0.870315 0.107141
v -0.760559 0.459663 0.934332
vt 0.877170 0.113729
v -0.326791 -0.783276 0.401080
vt 0.932858 0.792893
v -0.751379 -0.521638 1.075860
vt 0.596800 0.866760
v -0.746660 -0.521163 1.055451
vt 0.592806 0.866801
v -0.741375 -0.534236 1.071370
vt 0.595289 0.863920
v -0.456066 -0.670348 0.938669
vt 0.318906 0.642326
v -0.612372 0.072989 1.162165
vt 0.009864 0.771776
v -0.806618 -0.408565 0.500067
vt 0.722731 0.648082
v -0.798335 -0.435778 0.503918
vt 0.724497 0.643258
v -0.735590 -0.631618 0.542887
vt 0.738786 0.607794
v -0.595466 0.042851 1.166769
vt 0.897374 0.486530
v -0.578570 0.036035 1.160690
vt 0.900986 0.485660
v 0.301670 0.815870 0.084035
vt 0.025292 0.342407
v 0.241240 0.816092 0.112046
vt 0.014081 0.337358
v -0.484618 0.013489 1.168455
vt 0.456870 0.942458
v -0.449489 0.011793 1.156985
vt 0.453854 0.936336
v -0.429840 0.013032 1.174307
vt 0.456870 0.932171
v 0.898505 -0.003044 0.249362
vt 0.403393 0.688240
v 0.887781 -0.036795 0.270284
vt 0.397431 0.693143
v 0.579767 0.601026 0.821789
vt 0.396324 0.203382
v 0.539644 0.607463 0.881611
vt 0.401641 0.190361
v 0.551575 0.568992 0.911474
vt 0.411117 0.191140
v 0.625842 -0.623002 0.487569
vt 0.768179 0.760691
v 0.697199 -0.435959 0.318498
vt 0.099411 0.667185
v 0.689404 -0.448053 0.315234
vt 0.102178 0.667058
v 0.652089 -0.505478 0.298746
vt 0.115352 0.666570
v 0.677969 -0.464765 0.309457
vt 0.106066 0.666996
v -0.296332 -0.563330 0.074744
vt 0.645597 0.702774
v -0.216535 -0.635117 0.120984
vt 0.624602 0.694727
v -0.234771 -0.603642 0.143693
vt 0.630827 0.689867
v -0.204845 -0.616397 0.228629
vt 0.918368 0.784893
v -0.156463 -0.616944 0.221316
vt 0.924097 0.777216
v -0.207795 0.004340 1.372291
vt 0.406112 0.762554
v -0.276652 0.187175 1.523339
vt 0.058615 0.894196
v 0.462726 0.387942 1.161977
vt 0.467223 0.163556
v 0.693147 -0.616862 0.054898
vt 0.703939 0.355285
v 0.735480 -0.572394 0.002647
vt 0.713975 0.366930
v 0.770666 -0.531637 0.004369
vt 0.713595 0.377229
v 0.444774 0.777995 0.495196
vt 0.748697 0.507399
v 0.638184 0.560694 0.253875
vt 0.569157 0.031557
v 0.602964 0.554355 0.291386
vt 0.560221 0.035921
v 0.618684 0.542910 0.294588
vt 0.559850 0.032126
v 0.653417 -0.537656 0.348570
vt 0.726427 0.904306
v -0.168334 -0.827390 0.453176
vt 0.399950 0.559435
v -0.147667 -0.836890 0.468565
vt 0.403794 0.563297
v -0.742464 0.448269 0.905414
vt 0.902199 0.361566
v -0.742992 0.505841 0.933092
vt 0.892941 0.369140
v -0.714790 0.523148 0.904521
vt 0.888268 0.362683
v -0.199481 -0.838199 0.495764
vt 0.787602 0.904153
v -0.212510 -0.830472 0.464973
vt 0.788747 0.910444
v -0.702166 -0.113199 1.197234
vt 0.820183 0.833025
v -0.388284 0.827072 0.464060
vt 0.929016 0.963483
v -0.373745 0.816591 0.456863
vt 0.932743 0.963217
v -0.388216 0.815495 0.445899
vt 0.931468 0.966470
v -0.369062 0.822826 0.466203
vt 0.307378 0.968698
v 0.810502 0.130078 0.661210
vt 0.615294 0.414785
v 0.825144 0.104045 0.598022
vt 0.627579 0.409817
v -0.277177 0.551771 1.406997
vt 0.591720 0.505358
v -0.727940 -0.630772 0.635199
vt 0.019889 0.416330
v 0.181686 -0.237169 1.444791
vt 0.726408 0.251493
v 0.005364 -0.267958 1.536402
vt 0.710561 0.219584
v 0.330060 -0.101199 1.355720
vt 0.722666 0.291796
v 0.781958 -0.357562 0.467984
vt 0.708406 0.764921
v 0.763006 -0.381145 0.409359
vt 0.714315 0.776287
v -0.247956 -0.514958 1.466256
vt 0.588133 0.841815
v -0.662639 0.609597 1.103878
vt 0.922782 0.870393
v -0.295959 0.813195 0.431689
vt 0.589062 0.754292
v -0.312678 0.810108 0.434941
vt 0.592055 0.755778
v -0.318502 -0.824864 0.469392
vt 0.939797 0.316511
v -0.341951 -0.134859 1.454348
vt 0.810962 0.526290
v -0.516706 -0.326372 0.206226
vt 0.696274 0.564851
v -0.422923 -0.487119 0.239864
vt 0.692290 0.600382
v 0.740791 -0.408676 0.377661
vt 0.726391 0.873463
v 0.683031 -0.456439 0.311435
vt 0.716093 0.889277
v 0.689404 -0.448053 0.315234
vt 0.716429 0.887142
v -0.484618 0.013489 1.168455
vt 0.883093 0.215491
v -0.374153 0.013840 1.183098
vt 0.903945 0.214772
v -0.498856 0.017977 1.178519
vt 0.880626 0.217982
v -0.563265 0.039632 1.202330
vt 0.869534 0.225933
v -0.534973 0.023782 1.179284
vt 0.874098 0.219745
v -0.814550 -0.389818 0.500331
vt 0.334254 0.223622
v -0.294431 -0.184640 1.516221
vt 0.796788 0.537081
v -0.280756 -0.130339 1.504186
vt 0.795822 0.527466
v -0.870158 0.382210 0.409292
vt 0.237050 0.932171
v -0.665577 -0.517035 0.828735
vt 0.076140 0.827275
v -0.629749 0.618684 1.035217
vt 0.759571 0.902558
v 0.186728 0.701243 1.101681
vt 0.303258 0.503861
v -0.187200 0.831257 0.559495
vt 0.562092 0.772557
v -0.611857 -0.737546 0.443356
vt 0.370041 0.120525
v -0.131042 -0.831956 0.455972
vt 0.406349 0.561427
v -0.139814 -0.822513 0.424362
vt 0.404992 0.554843
v -0.122153 -0.833505 0.446032
vt 0.408301 0.559831
v -0.364172 0.392934 0.146160
vt 0.484311 0.305248
v -0.336140 0.463276 0.142503
vt 0.479799 0.292892
v -0.749139 0.271726 1.038686
vt 0.828817 0.033726
v -0.752342 0.279653 1.036292
vt 0.828699 0.035422
v -0.314302 -0.788742 0.409641
vt 0.366834 0.940394
v -0.577929 0.153525 1.300431
vt 0.350250 0.809843
v -0.511104 0.177634 1.333323
vt 0.336033 0.804688
v -0.475208 0.175693 1.341135
vt 0.328969 0.805310
v -0.411247 0.300794 0.144121
vt 0.064525 0.598830
v -0.400705 0.316022 0.141307
vt 0.067891 0.599261
v -0.404967 0.301939 0.138118
vt 0.065337 0.600296
v -0.469000 0.015477 1.082978
vt 0.936762 0.681672
v -0.730319 -0.273254 1.194476
vt 0.967312 0.717426
v -0.747571 0.243132 1.109324
vt 0.840898 0.026717
v -0.734969 0.216974 1.074888
vt 0.833779 0.021920
v -0.719658 0.181141 1.108289
vt 0.838136 0.013753
v -0.519585 -0.655767 1.193097
vt 0.522816 0.307243
v -0.544136 -0.650022 1.203550
vt 0.521007 0.312228
v -0.647590 -0.058794 1.009722
vt 0.292430 0.769020
v -0.158056 -0.596582 0.202375
vt 0.982995 0.251716
v -0.069505 -0.845473 0.579948
vt 0.311191 0.706395
v -0.758654 0.445041 1.024817
vt 0.267241 0.750991
v -0.774307 0.390564 1.021162
vt 0.257669 0.755623
v -0.701346 -0.201394 0.940905
vt 0.223679 0.890384
v -0.395581 -0.709834 0.367362
vt 0.562150 0.887661
v -0.374929 -0.673065 0.351293
vt 0.570629 0.887107
v -0.374600 -0.713076 0.367693
vt 0.563936 0.891372
v -0.796116 0.349097 1.013721
vt 0.847439 0.268423
v -0.796984 0.393716 1.006272
vt 0.847517 0.277183
v -0.781088 0.394158 0.976465
vt 0.841004 0.278240
v -0.790316 -0.594478 0.615062
vt 0.040876 0.478911
v -0.788758 -0.581022 0.625509
vt 0.043577 0.477011
v -0.681493 -0.095522 1.021875
vt 0.288923 0.778042
v -0.742464 0.448269 0.905414
vt 0.734725 0.845314
v -0.750672 0.405475 0.908761
vt 0.736242 0.836797
v -0.771841 0.292314 1.119043
vt 0.024938 0.723379
v 0.571241 -0.687023 0.499768
vt 0.784340 0.758287
v 0.552721 -0.703786 0.534697
vt 0.788970 0.751512
v -0.716004 -0.521206 0.912363
vt 0.057210 0.824874
v -0.686679 0.722584 0.616410
vt 0.534009 0.016272
v -0.649220 0.761707 0.599028
vt 0.537859 0.006270
v -0.451605 0.673533 1.079460
vt 0.076140 0.977693
v -0.420067 0.669470 1.086506
vt 0.077819 0.983693
v -0.415232 0.678576 1.083863
vt 0.076140 0.984872
v -0.424618 0.840721 0.529916
vt 0.966763 0.898922
v -0.519008 -0.788891 0.448833
vt 0.365373 0.100591
v -0.763711 0.502168 0.979432
vt 0.898865 0.337058
v -0.782262 0.485146 0.999176
vt 0.902781 0.340904
v -0.764198 0.529624 0.998245
vt 0.894432 0.341644
v -0.733102 0.532983 0.960253
vt 0.891451 0.332844
v -0.752650 0.492891 0.959028
vt 0.899508 0.332241
v -0.065543 -0.726506 0.266486
vt 0.712188 0.681551
v -0.147530 -0.679914 0.246674
vt 0.709358 0.663446
v 0.656252 -0.651981 0.004522
vt 0.713752 0.345737
v 0.610197 -0.687468 0.003086
vt 0.714142 0.335182
v -0.238262 0.832445 0.487171
vt 0.945954 0.034481
v -0.280782 0.832114 0.488414
vt 0.947363 0.042195
v -0.748260 -0.553722 1.009547
vt 0.866178 0.264613
v -0.711164 -0.595569 1.015517
vt 0.876674 0.263416
v -0.777215 -0.470241 0.677350
vt 0.052649 0.422074
v -0.422059 0.311246 0.110829
vt 0.498769 0.318865
v -0.520916 0.702728 0.407721
vt 0.249683 0.298902
v -0.569860 0.685554 0.416709
vt 0.259356 0.295679
v -0.359441 0.755864 0.385936
vt 0.899016 0.454937
v -0.387817 0.732060 0.371307
vt 0.892988 0.451427
v -0.379064 0.760020 0.388081
vt 0.898555 0.450959
v -0.906114 -0.246499 0.434467
vt 0.355749 0.195031
v -0.080082 -0.092475 1.496278
vt 0.806129 0.351135
v -0.167428 -0.064100 1.479545
vt 0.801099 0.334058
v -0.190945 -0.086128 1.500772
vt 0.807267 0.330273
v -0.475620 0.853529 0.540690
vt 0.958037 0.763961
v -0.463268 0.845528 0.544431
vt 0.956360 0.761605
v -0.444090 0.687390 0.369818
vt 0.939939 0.403409
v -0.425043 0.672730 0.361371
vt 0.938402 0.407992
v -0.746850 -0.174378 1.211523
vt 0.810245 0.842742
v -0.727408 -0.188770 1.240630
vt 0.804366 0.838201
v -0.709625 -0.147896 1.229783
vt 0.810962 0.834042
v -0.645488 -0.049349 0.213088
vt 0.721303 0.077039
v -0.615586 -0.093686 0.198501
vt 0.715680 0.067985
v -0.643401 -0.091157 0.217973
vt 0.721551 0.068760
v -0.917014 0.009194 0.509361
vt 0.459652 0.537384
v -0.875338 0.047118 0.487970
vt 0.467694 0.545952
v -0.877202 -0.003155 0.488239
vt 0.457576 0.545926
v 0.215466 -0.813091 0.129076
vt 0.077559 0.731147
v 0.255325 -0.813211 0.123156
vt 0.084787 0.728279
v -0.728371 0.151308 1.200805
vt 0.863920 0.485548
v -0.195981 0.568453 0.187140
vt 0.662221 0.936920
v 0.025471 0.568809 1.381979
vt 0.370434 0.512541
v 0.215879 0.652873 1.174202
vt 0.313530 0.517971
v -0.212095 -0.213562 1.557675
vt 0.675944 0.192368
v -0.127779 -0.043329 1.450499
vt 0.793737 0.341126
v -0.204633 -0.053367 1.466586
vt 0.798254 0.327045
v -0.201796 -0.264371 1.566545
vt 0.685110 0.187714
v -0.398277 0.818168 0.448709
vt 0.929388 0.966961
v -0.514171 -0.810215 0.499034
vt 0.500227 0.916886
v -0.524831 -0.812259 0.490353
vt 0.502540 0.915694
v -0.691153 -0.336902 0.329659
vt 0.798943 0.863920
v -0.644871 -0.295054 0.287630
vt 0.812361 0.864292
v -0.436092 -0.782217 0.676763
vt 0.918368 0.522339
v -0.441069 -0.794479 0.659204
vt 0.922531 0.521561
v 0.188872 0.818401 0.099450
vt 0.004279 0.340123
v -0.727408 -0.188770 1.240630
vt 0.823717 0.613804
v 0.235125 -0.841531 0.431672
vt 0.138526 0.653083
v 0.529188 0.356539 1.083156
vt 0.463959 0.184251
v -0.927329 -0.027480 0.517175
vt 0.452158 0.535394
v -0.872580 -0.070274 0.488804
vt 0.444109 0.547306
v -0.702373 -0.661125 0.443275
vt 0.373859 0.143210
v -0.384605 -0.745458 0.384821
vt 0.557314 0.893121
v -0.767346 0.467014 1.051855
vt 0.894224 0.774903
v -0.176072 0.584565 0.182996
vt 0.938005 0.661204
v -0.173099 0.575420 0.186208
vt 0.937555 0.659304
v -0.161446 0.582401 0.189330
vt 0.940231 0.659275
v -0.325322 -0.000924 1.268736
vt 0.315219 0.915041
v -0.295023 0.004052 1.310863
vt 0.312491 0.905899
v -0.190817 0.814766 0.693988
vt 0.556824 0.798095
v -0.213228 0.827044 0.626228
vt 0.563566 0.786422
v -0.936928 -0.054545 0.530038
vt 0.390960 0.035910
v -0.911735 0.252476 0.537562
vt 0.918368 0.533748
v -0.905998 0.295633 0.548672
vt 0.926053 0.531278
v -0.032177 -0.769368 0.070376
vt 0.580592 0.706159
v -0.018764 -0.779232 0.004229
vt 0.577792 0.719107
v 0.027747 -0.793876 0.003247
vt 0.568713 0.719393
v -0.704143 -0.343220 0.875347
vt 0.069961 0.792266
v 0.869972 -0.368636 0.059714
vt 0.702898 0.414150
v 0.124833 -0.009413 1.367287
vt 0.683682 0.271097
v 0.071313 0.757637 0.235168
vt 0.118154 0.797587
v 0.041485 0.744215 0.255860
vt 0.123952 0.802172
v -0.516613 0.780781 0.633996
vt 0.474688 0.615610
v 0.478073 0.759784 0.495943
vt 0.752906 0.513410
v -0.537927 -0.654478 1.170493
vt 0.700896 0.906403
v -0.505006 -0.659832 1.153549
vt 0.701846 0.913070
v -0.548649 -0.029336 1.078026
vt 0.877688 0.562156
v -0.740617 -0.250764 1.040970
vt 0.855709 0.403086
v -0.109344 -0.842441 0.478523
vt 0.410217 0.566737
v -0.440899 0.008416 1.158597
vt 0.978227 0.813096
v -0.449489 0.011793 1.156985
vt 0.979002 0.811524
v -0.858460 -0.181544 0.490749
vt 0.341255 0.182529
v -0.707875 -0.268076 0.901696
vt 0.101518 0.387927
v -0.159609 0.836200 0.476680
vt 0.561119 0.755593
v -0.755938 -0.515286 0.504162
vt 0.326163 0.249388
v -0.397067 0.033834 1.218452
vt 0.900596 0.223223
v -0.383411 0.032960 1.221727
vt 0.903128 0.223269
v -0.401433 0.047700 1.240348
vt 0.900448 0.228343
v -0.500756 0.846360 0.490071
vt 0.876567 0.979668
v -0.500493 0.839119 0.481626
vt 0.877642 0.981311
v -0.508288 0.835768 0.474784
vt 0.876832 0.983163
v -0.358323 -0.004357 1.198748
vt 0.839059 0.764697
v 0.347231 -0.812655 0.463087
vt 0.161094 0.656381
v -0.934019 0.151462 0.556105
vt 0.351886 0.036964
v -0.465915 -0.796291 0.451595
vt 0.820909 0.982735
v -0.470927 -0.794310 0.451473
vt 0.821715 0.983247
v -0.229560 -0.814237 0.430276
vt 0.050282 0.644066
v 0.753281 0.528680 0.119049
vt 0.512010 0.674877
v 0.746598 0.512456 0.159376
vt 0.508495 0.682414
v -0.163144 -0.820652 0.424683
vt 0.062782 0.644699
v -0.175680 -0.806984 0.404075
vt 0.060677 0.639749
v -0.139814 -0.822513 0.424362
vt 0.067195 0.645143
v -0.423080 0.819237 0.601827
vt 0.786175 0.936452
v -0.884687 0.383817 0.546207
vt 0.543483 0.093720
v -0.464738 -0.543707 0.323493
vt 0.671966 0.605945
v -0.378424 -0.629242 0.337573
vt 0.674150 0.629582
v 0.386882 -0.785796 0.419354
vt 0.169263 0.646939
v -0.558587 -0.172112 1.323293
vt 0.796341 0.802060
v -0.368611 0.807310 0.424177
vt 0.145920 0.944514
v -0.363315 0.819361 0.436282
vt 0.146108 0.940929
v 0.607508 0.688612 -0.001462
vt 0.939635 0.803505
v 0.216368 0.769646 0.992946
vt 0.279761 0.493767
v 0.225194 0.788272 0.954108
vt 0.271979 0.490582
v -0.206264 -0.833394 0.569521
vt 0.887549 0.144021
v -0.187665 -0.828563 0.596737
vt 0.883333 0.149083
v -0.194159 -0.828526 0.614983
vt 0.879543 0.148876
v -0.506858 0.405150 1.377231
vt 0.443381 0.890426
v -0.398277 0.818168 0.448709
vt 0.312553 0.940888
v -0.417759 0.805557 0.434055
vt 0.311350 0.946160
v -0.408008 0.823865 0.450617
vt 0.310547 0.940893
v -0.778934 -0.305301 1.113910
vt 0.684844 0.869973
v -0.774254 -0.331194 1.126182
vt 0.682626 0.874905
v -0.417631 0.130436 1.328207
vt 0.834112 0.184375
v -0.409709 0.111149 1.320235
vt 0.833313 0.188433
v -0.594912 -0.704365 0.513542
vt 0.726749 0.578303
v -0.735183 -0.516406 1.026729
vt 0.944184 0.266838
v -0.730319 -0.273254 1.194476
vt 0.743688 0.103196
v -0.741813 -0.250485 1.200111
vt 0.744581 0.108204
v -0.222173 -0.547755 0.186662
vt 0.978227 0.600231
v -0.230511 -0.540526 0.185762
vt 0.980182 0.599579
v -0.239431 -0.537588 0.179454
vt 0.982320 0.600231
v -0.746224 -0.636676 0.628418
vt 0.043914 0.300135
v -0.840218 -0.483588 0.622595
vt 0.073138 0.320478
v -0.788758 -0.581022 0.625509
vt 0.054454 0.309183
v -0.349376 -0.072982 1.395476
vt 0.287860 0.906535
v -0.325007 -0.045832 1.392186
vt 0.293343 0.902882
v -0.409928 0.407527 -0.000454
vt 0.440365 0.968526
v -0.387031 0.450259 0.000097
vt 0.440365 0.959600
v -0.397117 0.429800 -0.000930
vt 0.440579 0.963795
v -0.302618 0.003588 1.299605
vt 0.634517 0.886068
v -0.299766 0.004081 1.303819
vt 0.634566 0.885127
v 0.684430 -0.438333 0.816242
vt 0.731350 0.697362
v 0.739288 -0.456107 0.605825
vt 0.728856 0.737934
v -0.061863 0.429743 1.534166
vt 0.411617 0.525088
v -0.025052 0.465291 1.504347
vt 0.400711 0.524508
v -0.676255 0.309624 0.311299
vt 0.034558 0.545586
v -0.741865 0.337216 0.363005
vt 0.030832 0.529054
v -0.948370 -0.011985 0.554382
vt 0.536540 0.167777
v -0.764323 0.342459 0.377760
vt 0.028901 0.524132
v -0.741903 0.373780 0.376817
vt 0.036105 0.524380
v 0.520168 0.678619 0.345115
vt 0.788257 0.679534
v 0.570079 0.715130 0.000639
vt 0.081366 0.358398
v 0.529380 0.738781 0.000322
vt 0.072348 0.358366
v -0.898987 -0.271957 0.404303
vt 0.324807 0.111310
v -0.904836 -0.251684 0.403934
vt 0.325873 0.115260
v -0.908016 -0.222670 0.400087
vt 0.326322 0.120916
v -0.482345 0.811600 0.598032
vt 0.921868 0.205611
v -0.481584 0.801983 0.616913
vt 0.918368 0.207664
v -0.477986 0.820282 0.600146
vt 0.921219 0.203780
v -0.442832 0.838616 0.598078
vt 0.751166 0.938511
v -0.426883 0.830992 0.582699
vt 0.755231 0.940713
v -0.441305 0.851826 0.566463
vt 0.751871 0.944993
v -0.725309 0.256290 1.189981
vt 0.863920 0.646860
v -0.400383 -0.251558 1.401033
vt 0.898386 0.946335
v -0.407600 -0.280884 1.400200
vt 0.896235 0.940676
v -0.391744 -0.320821 1.411608
vt 0.898386 0.932171
v -0.924013 0.130840 0.394521
vt 0.328384 0.189500
v -0.935308 0.015528 0.392612
vt 0.330803 0.167206
v -0.932964 0.055951 0.393548
vt 0.330272 0.175025
v -0.862400 -0.069091 0.668172
vt 0.128491 0.447492
v -0.787750 0.100154 0.819862
vt 0.167468 0.421785
v -0.855866 0.051398 0.683176
vt 0.151923 0.448394
v -0.705481 -0.406677 0.884702
vt 0.066328 0.804068
v -0.604494 0.254643 1.333380
vt 0.353286 0.789003
v -0.772691 0.344708 0.941476
vt 0.832985 0.270332
v -0.781186 0.377222 0.978212
vt 0.840837 0.274975
v -0.684043 0.323348 1.294479
vt 0.487685 0.894343
v -0.663041 0.306517 1.311175
vt 0.482464 0.897659
v -0.688126 0.356612 1.294622
vt 0.488307 0.887859
v -0.099738 -0.360811 1.561735
vt 0.712337 0.191847
v -0.788665 0.299599 1.018350
vt 0.846109 0.258709
v -0.156187 -0.376653 1.562422
vt 0.707927 0.181204
v -0.058630 -0.253812 1.557728
vt 0.700797 0.211193
v -0.153392 0.685047 0.247622
vt 0.154690 0.583048
v -0.090099 0.687096 0.231420
vt 0.163256 0.591956
v -0.129781 0.674850 0.233028
vt 0.156142 0.588423
v -0.631263 0.742098 0.625757
vt 0.454903 0.602871
v -0.320020 0.137261 1.473615
vt 0.054149 0.909603
v -0.381167 -0.789368 0.429281
vt 0.763578 0.945072
v -0.239195 0.471942 1.507398
vt 0.608430 0.485988
v -0.097457 0.680349 0.228881
vt 0.161249 0.592042
v -0.884571 -0.345119 0.432072
vt 0.765284 0.608109
v -0.239440 -0.027524 1.421928
vt 0.298294 0.885652
v -0.251042 -0.056759 1.459482
vt 0.288937 0.883843
v -0.742087 0.189504 1.033098
vt 0.623637 0.909229
v -0.763056 -0.498364 1.082193
vt 0.598630 0.871706
v -0.373485 0.677326 0.348498
vt 0.883895 0.458025
v -0.039383 -0.411845 1.532017
vt 0.645878 0.301962
v -0.073307 -0.419505 1.540392
vt 0.641195 0.307127
v 0.022985 0.059802 1.419515
vt 0.360874 0.750358
v -0.251133 -0.792524 0.400604
vt 0.663990 0.967553
v -0.229560 -0.814237 0.430276
vt 0.663990 0.959600
v -0.245968 -0.809365 0.432812
vt 0.666856 0.961229
v -0.725193 0.487266 1.277057
vt 0.919426 0.901700
v -0.714401 0.513256 1.272441
vt 0.925286 0.901402
v -0.380797 0.359427 0.143322
vt 0.956360 0.453708
v -0.385512 0.349161 0.141728
vt 0.958542 0.453507
v 0.773628 -0.053506 0.762156
vt 0.597946 0.379709
v 0.766547 0.035629 0.778724
vt 0.594011 0.396958
v 0.763368 -0.098977 0.793808
vt 0.592376 0.371005
v -0.099409 -0.832835 0.438796
vt 0.314985 0.734191
v 0.128660 0.823856 0.871335
vt 0.605849 0.641914
v 0.181624 0.804223 0.926306
vt 0.620230 0.636679
v 0.163774 0.833228 0.846137
vt 0.609228 0.649282
v 0.761932 0.320330 0.339451
vt 0.468298 0.712982
v 0.601769 -0.650242 0.481179
vt 0.775157 0.761921
v -0.478607 0.759138 0.416899
vt 0.124863 0.518473
v 0.822882 -0.418451 0.135510
vt 0.091706 0.709551
v -0.245968 -0.809365 0.432812
vt 0.549314 0.915938
v 0.616058 0.612130 0.409916
vt 0.898749 0.255416
v 0.925039 -0.198560 0.097037
vt 0.695912 0.447674
v 0.785067 -0.347206 0.572144
vt 0.706254 0.744722
v 0.820189 -0.161032 0.596076
vt 0.671977 0.740670
v 0.808260 -0.201694 0.608717
vt 0.679882 0.738102
v -0.409700 -0.186272 1.375352
vt 0.789490 0.772068
v -0.396468 0.003271 1.172514
vt 0.885849 0.939073
v -0.719425 0.150919 0.996171
vt 0.875700 0.417146
v -0.713496 0.152757 0.980359
vt 0.877036 0.420039
v -0.673350 0.096640 0.997091
vt 0.863920 0.423898
v -0.767327 0.457401 1.138294
vt 0.882561 0.787388
v -0.448027 -0.677891 0.372377
vt 0.659103 0.628228
v 0.237661 0.751055 0.264045
vt 0.555153 0.116337
v 0.258270 0.760167 0.242077
vt 0.560902 0.114302
v 0.241495 0.789095 0.192261
vt 0.569862 0.121068
v 0.689201 -0.521545 0.404925
vt 0.745043 0.776888
v 0.738086 -0.456252 0.443867
vt 0.729202 0.769389
v -0.279187 0.004330 1.330442
vt 0.634231 0.878847
v -0.141280 0.178131 1.548274
vt 0.042416 0.872945
v -0.512721 0.639978 0.380897
vt 0.103200 0.528768
v -0.539210 0.552413 0.367882
vt 0.087571 0.534196
v -0.518178 0.683475 0.399688
vt 0.108798 0.522290
v -0.755216 -0.511964 1.221553
vt 0.829180 0.675389
v -0.761096 -0.465059 1.023605
vt 0.164090 0.904967
v -0.756204 -0.541382 1.008300
vt 0.166398 0.920079
v -0.763587 0.303241 0.812120
vt 0.636492 0.746042
v -0.795313 0.301391 0.720748
vt 0.617820 0.744472
v -0.787602 0.209117 0.786717
vt 0.629909 0.727740
v -0.597463 0.056752 1.218457
vt 0.863920 0.231320
v 0.027109 -0.425384 1.493658
vt 0.439601 0.448025
v -0.752922 0.598964 0.431783
vt 0.324703 0.006163
v -0.775276 0.559817 0.463280
vt 0.388703 0.096752
v -0.726995 0.615210 0.477629
vt 0.390088 0.109381
v -0.469123 0.062114 0.116668
vt 0.545136 0.460602
v -0.900180 -0.111685 0.605840
vt 0.117610 0.459858
v -0.896885 -0.158174 0.607670
vt 0.108908 0.457673
v 0.623746 -0.624038 0.581354
vt 0.768452 0.742483
v -0.440063 -0.015534 1.118886
vt 0.233437 0.983121
v -0.443572 -0.017476 1.129034
vt 0.235038 0.981775
v -0.431286 -0.009993 1.124149
vt 0.235038 0.984620
v -0.141648 0.702982 0.097318
vt 0.797387 0.077796
v -0.069929 0.731671 0.168617
vt 0.783544 0.062868
v -0.074623 0.755044 -0.001113
vt 0.816247 0.062373
v 0.270450 0.708456 1.063829
vt 0.287856 0.512866
v -0.399363 -0.851122 0.552816
vt 0.790820 0.967357
v -0.659586 -0.447090 1.311007
vt 0.524548 0.909901
v -0.630670 -0.433939 1.332435
vt 0.517357 0.908869
v 0.658617 0.545173 0.362502
vt 0.024530 0.951220
v 0.676871 0.557851 0.453515
vt 0.024530 0.932171
v 0.693455 0.533847 0.438274
vt 0.029764 0.934870
v 0.871488 0.353056 0.100079
vt 0.559218 0.430694
v 0.853605 0.401582 0.060384
vt 0.566920 0.440697
v -0.230511 -0.540526 0.185762
vt 0.918368 0.346785
v 0.508300 0.736116 0.120405
vt 0.596025 0.073232
v 0.581779 0.699473 0.095968
vt 0.601817 0.058056
v 0.652320 0.648657 0.085909
vt 0.603870 0.041665
v -0.774102 -0.457743 1.230192
vt 0.830511 0.664256
v -0.927329 -0.027480 0.517175
vt 0.386140 0.032375
v -0.162906 0.839578 0.508301
vt 0.559894 0.761655
v -0.341682 -0.831986 0.534732
vt 0.933253 0.103295
v -0.352825 -0.844805 0.561529
vt 0.927864 0.100489
v -0.944649 -0.070141 0.576381
vt 0.393918 0.044925
v -0.596815 0.567878 1.266264
vt 0.845418 0.745992
v -0.680204 0.576739 1.246997
vt 0.829165 0.744025
v 0.684430 -0.438333 0.816242
vt 0.260018 0.411077
v -0.199309 0.766490 0.354559
vt 0.162777 0.556549
v -0.436163 -0.725045 0.391695
vt 0.897066 0.661764
v -0.442731 -0.697031 0.379042
vt 0.891461 0.661180
v -0.691121 0.127584 1.222832
vt 0.250735 0.842614
v -0.702910 0.126533 1.207255
vt 0.254524 0.842793
v -0.387495 0.816649 0.620315
vt 0.494789 0.632194
v -0.647013 0.288300 0.283799
vt 0.394420 0.948818
v -0.695842 0.214026 0.313007
vt 0.394420 0.932171
v -0.695081 0.233426 0.317102
vt 0.397165 0.934756
v -0.302609 -0.822352 0.487258
vt 0.938320 0.390592
v -0.311771 -0.815354 0.461203
vt 0.943800 0.389448
v -0.291810 -0.821667 0.466238
vt 0.941909 0.393086
v 0.815092 0.468751 0.000275
vt 0.578791 0.454937
v 0.760269 0.543344 0.045693
vt 0.570354 0.470666
v 0.845828 0.418044 0.000289
vt 0.578622 0.444308
v -0.781377 0.312992 1.099685
vt 0.109880 0.896399
v -0.341366 -0.813652 0.464328
vt 0.353409 0.968745
v -0.480073 -0.788150 0.632340
vt 0.868654 0.495247
v -0.752650 0.492891 0.959028
vt 0.883565 0.108922
v -0.764175 0.464122 0.962524
vt 0.877548 0.108278
v -0.086686 -0.520074 1.482778
vt 0.623547 0.295385
v -0.780149 -0.293872 1.226572
vt 0.832291 0.632849
v -0.775180 -0.264644 1.223365
vt 0.832201 0.627485
v -0.471475 -0.493010 0.286005
vt 0.679781 0.596643
v -0.464542 0.848269 0.532155
vt 0.853544 0.961878
v -0.724319 0.400769 0.378091
vt 0.288891 0.241248
v -0.741903 0.373780 0.376817
vt 0.292313 0.236084
v -0.372552 0.824639 0.604891
vt 0.982722 0.359736
v -0.381342 0.818354 0.615160
vt 0.981586 0.362295
v -0.363543 0.823339 0.626729
vt 0.978227 0.359736
v -0.372552 0.824639 0.604891
vt 0.098267 0.962983
v -0.393193 0.714930 0.363871
vt 0.889537 0.451653
v -0.364403 0.705113 0.358301
vt 0.889547 0.457773
v -0.742632 -0.052196 0.320097
vt 0.785786 0.281763
v -0.729441 -0.110308 0.313714
vt 0.782198 0.270552
v -0.686239 0.592450 1.065407
vt 0.930609 0.875194
v -0.706605 0.568615 1.063784
vt 0.931232 0.881153
v 0.794332 -0.498821 0.002411
vt 0.047516 0.052033
v 0.754196 0.548863 -0.001467
vt 0.028782 0.251378
v 0.936024 0.151152 -0.000285
vt 0.004583 0.171441
v -0.697215 0.171468 1.178692
vt 0.010153 0.746807
v -0.683757 0.155110 1.176624
vt 0.009996 0.750832
v -0.690645 0.163266 1.179133
vt 0.009795 0.748750
v 0.437528 0.719477 0.335727
vt 0.723629 0.527656
v 0.451739 0.691857 0.303894
vt 0.720718 0.535019
v -0.670032 0.111749 0.978052
vt 0.160846 0.963442
v -0.673605 0.119462 0.975980
vt 0.161752 0.962075
v -0.693762 0.023405 0.968719
vt 0.159758 0.386021
v -0.479939 -0.013544 1.081923
vt 0.023368 0.016177
v -0.399394 0.389659 1.398017
vt 0.833467 0.131930
v -0.349626 0.271605 1.473039
vt 0.811433 0.149495
v 0.539644 0.607463 0.881611
vt 0.238582 0.552672
v 0.474334 0.696406 0.833325
vt 0.232991 0.530064
v -0.644243 0.092308 1.236168
vt 0.366206 0.824049
v -0.518988 0.018628 1.154218
vt 0.454703 0.948821
v 0.429415 0.177578 1.279563
vt 0.513862 0.162257
v 0.582229 0.149908 1.088281
vt 0.498069 0.207358
v -0.540689 0.256439 1.356583
vt 0.340176 0.788415
v -0.469533 0.293515 1.388507
vt 0.325239 0.781238
v 0.405925 -0.763091 0.800463
vt 0.219965 0.660431
v 0.529927 -0.658241 0.803506
vt 0.189927 0.659230
v -0.602535 0.721582 0.519056
vt 0.383436 0.066144
v -0.565508 0.758193 0.518457
vt 0.373360 0.065027
v 0.554536 -0.696364 0.630669
vt 0.787444 0.732897
v 0.543714 -0.694238 0.679169
vt 0.788155 0.723530
v -0.492015 0.665317 1.176658
vt 0.894252 0.012796
v -0.696710 0.153451 1.132080
vt 0.019050 0.750371
v -0.379032 0.796660 0.428817
vt 0.898311 0.581117
v -0.155932 -0.542632 1.460262
vt 0.609570 0.300341
v -0.157817 -0.498948 1.505707
vt 0.618083 0.309135
v -0.189192 -0.513730 1.488134
vt 0.610588 0.310146
v -0.455469 -0.671496 1.114021
vt 0.969348 0.234919
v -0.525050 -0.670646 1.124148
vt 0.956360 0.234919
v -0.501438 -0.671651 1.117419
vt 0.960812 0.234265
v -0.766830 0.330907 1.144061
vt 0.101301 0.892488
v 0.051957 0.292813 1.510431
vt 0.767209 0.136675
v 0.214395 0.221519 1.424805
vt 0.769840 0.102100
v 0.300760 0.148111 1.374713
vt 0.410685 0.325976
v -0.184464 0.004162 1.376867
vt 0.312475 0.880854
v -0.222581 0.004240 1.369032
vt 0.310457 0.888058
v -0.333366 0.008489 1.255582
vt 0.635165 0.896397
v 0.238888 -0.788051 0.936180
vt 0.589563 0.164559
v 0.192134 -0.800631 0.925905
vt 0.580861 0.168707
v 0.414653 0.435569 1.187110
vt 0.462112 0.150619
v 0.433351 0.456776 1.154445
vt 0.455203 0.155250
v 0.473739 0.502955 1.067022
vt 0.438396 0.167419
v -0.236865 0.331754 1.552642
vt 0.788233 0.133518
v -0.252053 0.290421 1.548358
vt 0.789022 0.141488
v -0.197485 0.832640 0.532592
vt 0.879471 0.632953
v -0.877515 -0.365176 0.441680
vt 0.766652 0.603815
v -0.698290 0.688391 0.544292
vt 0.400726 0.077242
v 0.316581 0.725574 0.269902
vt 0.699589 0.516535
v 0.276137 0.738355 0.268745
vt 0.694653 0.509836
v -0.300798 -0.778999 0.392912
vt 0.037490 0.633344
v 0.697481 -0.589553 0.125032
vt 0.690434 0.360201
v 0.642910 -0.648829 0.109244
vt 0.693571 0.344874
v 0.704468 -0.596594 0.094396
vt 0.696306 0.359769
v -0.319401 0.839116 0.496168
vt 0.349549 0.983832
v -0.310343 0.830518 0.523013
vt 0.351881 0.978356
v -0.310188 0.827841 0.493794
vt 0.352069 0.984344
v 0.197500 -0.821837 0.080034
vt 0.733414 0.323251
v 0.220530 -0.822079 0.004272
vt 0.748107 0.327402
v 0.247346 -0.822926 0.065282
vt 0.736207 0.332195
v -0.133438 -0.118416 1.523403
vt 0.814002 0.341894
v -0.215132 -0.089930 1.501549
vt 0.808130 0.326013
v -0.047952 0.082550 1.470565
vt 0.374495 0.739185
v -0.466910 0.133458 0.131262
vt 0.682092 0.110993
v -0.555717 0.185502 0.179026
vt 0.699924 0.122194
v -0.474874 0.855935 0.525666
vt 0.980900 0.608231
v -0.483635 0.856408 0.520867
vt 0.982292 0.609451
v -0.475620 0.853529 0.540690
vt 0.978227 0.609451
v 0.869388 -0.129454 0.277702
vt 0.033116 0.686164
v 0.915461 -0.161412 0.160331
vt 0.038260 0.710313
v -0.465135 0.095231 0.116088
vt 0.508059 0.358766
v -0.636396 0.063461 1.054618
vt 0.020575 0.282070
v -0.651896 0.576080 0.875324
vt 0.654191 0.803172
v -0.104269 0.844966 0.560236
vt 0.546474 0.768362
v -0.340418 -0.482505 0.114516
vt 0.504755 0.476235
v -0.344065 -0.455410 0.139040
vt 0.500925 0.470583
v -0.772137 -0.415972 1.065386
vt 0.436002 0.948475
v -0.775982 -0.417844 1.098804
vt 0.434634 0.942002
v -0.660475 0.704054 0.441627
vt 0.297858 0.006657
v -0.609073 0.752663 0.456388
vt 0.284515 0.008901
v -0.382126 0.831885 0.580875
vt 0.360557 0.979475
v -0.369068 0.836157 0.557238
vt 0.361833 0.984344
v -0.380204 0.835226 0.563795
vt 0.360069 0.982759
v -0.200343 0.070119 1.474855
vt 0.404115 0.738864
v -0.196633 0.090911 1.495773
vt 0.403017 0.733211
v -0.190942 0.605380 0.186612
vt 0.937541 0.666242
v -0.199836 0.610695 0.183993
vt 0.936582 0.668086
v -0.213873 0.583308 0.178757
vt 0.931443 0.664891
v -0.498856 0.017977 1.178519
vt 0.253550 0.916699
v -0.534973 0.023782 1.179284
vt 0.254997 0.910421
v -0.444340 -0.850569 0.570299
vt 0.942777 0.521926
v 0.554665 -0.674863 0.414109
vt 0.934203 0.337115
v 0.515666 -0.691860 0.371819
vt 0.937688 0.326752
v 0.522915 -0.672967 0.349876
vt 0.943446 0.327756
v -0.441912 -0.809199 0.639286
vt 0.927314 0.521561
v -0.912505 -0.075236 0.597739
vt 0.124171 0.463793
v -0.499219 0.820607 0.474474
vt 0.228146 0.942993
v -0.758996 -0.499379 1.119644
vt 0.196296 0.863920
v -0.826496 0.363090 0.498193
vt 0.462997 0.058853
v -0.805237 0.418925 0.499145
vt 0.452646 0.061041
v -0.619164 -0.036549 1.024102
vt 0.717488 0.939693
v -0.632371 -0.053058 1.052683
vt 0.723034 0.936162
v -0.584598 -0.018704 1.051534
vt 0.723034 0.947240
v -0.837608 -0.061105 0.371905
vt 0.311707 0.152166
v -0.927134 -0.115337 0.396074
vt 0.329639 0.141801
v 0.519233 -0.713262 0.426523
vt 0.193819 0.732879
v 0.496735 -0.744552 0.506765
vt 0.200571 0.717286
v 0.445966 -0.776258 0.511072
vt 0.212096 0.716712
v 0.552721 -0.703786 0.534697
vt 0.187619 0.711542
v 0.537006 -0.709240 0.484780
vt 0.190604 0.721388
v -0.873077 -0.047344 0.484032
vt 0.344077 0.156473
v -0.877419 -0.003976 0.477312
vt 0.345611 0.148181
v 0.137141 -0.837382 0.818438
vt 0.274272 0.658492
v 0.095965 -0.846021 0.775516
vt 0.282154 0.667126
v 0.698303 -0.527621 0.597034
vt 0.744866 0.739522
v -0.295023 0.004052 1.310863
vt 0.634564 0.883521
v -0.498664 0.702867 0.807516
vt 0.495133 0.584917
v -0.437623 0.845545 0.480928
vt 0.891082 0.194788
v -0.445367 0.833119 0.488742
vt 0.890226 0.197896
v -0.448245 0.790296 0.655822
vt 0.488227 0.619401
v -0.583915 -0.655932 1.148430
vt 0.893263 0.886565
v -0.576339 -0.658824 1.145064
vt 0.894977 0.886397
v -0.283449 -0.595152 0.002590
vt 0.237460 0.969085
v -0.249034 -0.631501 0.003036
vt 0.237460 0.959600
v -0.268610 -0.611837 0.003719
vt 0.237682 0.964857
v 0.202681 -0.752791 0.269623
vt 0.134076 0.617025
v -0.131042 -0.831956 0.455972
vt 0.895302 0.857246
v -0.124578 -0.838035 0.495007
vt 0.887728 0.856178
v -0.796984 0.393716 1.006272
vt 0.956360 0.734756
v -0.795059 0.412435 1.008366
vt 0.959774 0.734149
v -0.790969 0.452820 1.003168
vt 0.967274 0.734756
v -0.405102 -0.146618 1.361388
vt 0.832885 0.526882
v -0.352522 -0.178850 1.459197
vt 0.812408 0.534155
v -0.359077 -0.120452 1.422482
vt 0.817558 0.523178
v -0.493441 -0.781728 0.443710
vt 0.992038 0.392959
v -0.500555 -0.783043 0.448867
vt 0.991482 0.391376
v -0.502285 -0.774007 0.441870
vt 0.993685 0.391376
v 0.800180 0.285361 0.539456
vt 0.637625 0.445852
v -0.773702 -0.325866 1.061559
vt 0.593493 0.905405
v -0.772389 -0.292926 1.068053
vt 0.594024 0.911599
v -0.922576 -0.049272 0.440769
vt 0.356861 0.156474
v -0.918498 0.153707 0.436833
vt 0.356825 0.117687
v -0.214175 0.637715 0.239338
vt 0.139670 0.581278
v -0.446860 -0.773556 0.688181
vt 0.863920 0.688009
v -0.447857 -0.780997 0.670269
vt 0.867558 0.688196
v -0.891070 -0.385659 0.589421
vt 0.456866 0.047259
v -0.900092 -0.338221 0.579483
vt 0.447299 0.045607
v 0.756440 -0.329658 0.339251
vt 0.706613 0.790132
v 0.763878 -0.312285 0.340185
vt 0.702986 0.789989
v 0.764113 -0.310881 0.341432
vt 0.702729 0.789752
v -0.945962 0.027371 0.576120
vt 0.165096 0.497561
v -0.245968 -0.809365 0.432812
vt 0.047302 0.643736
v -0.258243 -0.825158 0.477364
vt 0.044728 0.652448
v -0.663133 0.086186 1.047745
vt 0.623069 0.884964
v -0.347559 0.454665 0.131750
vt 0.633714 0.066683
v -0.336140 0.463276 0.142503
vt 0.631851 0.063936
v -0.319014 0.500170 0.135568
vt 0.634071 0.056201
v -0.467707 0.022083 1.088884
vt 0.018732 0.802735
v 0.878666 -0.329460 0.110817
vt 0.072332 0.717705
v -0.344872 0.815740 0.456263
vt 0.150652 0.937896
v -0.354701 0.840242 0.478937
vt 0.147895 0.932171
v -0.341849 0.827523 0.487032
vt 0.151870 0.932274
v -0.659466 -0.076514 1.183721
vt 0.827277 0.824429
v -0.739059 0.430843 1.197157
vt 0.089226 0.873032
v -0.432460 -0.789308 0.440622
vt 0.214204 0.946255
v -0.369266 -0.802802 0.427162
vt 0.875792 0.167216
v 0.639483 0.614203 0.489290
vt 0.882229 0.802856
v 0.368964 -0.707894 0.274726
vt 0.934241 0.690820
v 0.343736 -0.716116 0.272585
vt 0.926499 0.690947
v 0.317136 -0.723414 0.272697
vt 0.918368 0.690689
v -0.625794 0.721427 0.489632
vt 0.878822 0.069943
v -0.679898 0.671386 0.484343
vt 0.864471 0.069826
v -0.666039 0.653020 0.499200
vt 0.863920 0.065219
v -0.306356 0.185909 1.504107
vt 0.797700 0.163614
v -0.142565 0.831962 0.638178
vt 0.550074 0.785030
v -0.142919 0.824794 0.678926
vt 0.548472 0.792749
v 0.217943 -0.639101 1.185314
vt 0.625383 0.208777
v 0.182269 -0.582928 1.259657
vt 0.633235 0.226600
v -0.654690 -0.704118 0.539465
vt 0.736160 0.586556
v -0.755039 -0.515433 1.097049
vt 0.600735 0.867943
v -0.222894 0.547701 0.184277
vt 0.661480 0.943269
v -0.427432 -0.666975 1.126549
vt 0.893716 0.539077
v -0.455469 -0.671496 1.114021
vt 0.889764 0.534779
v -0.407206 -0.673258 1.103800
vt 0.899275 0.536597
v 0.339943 -0.164480 1.352534
vt 0.391477 0.380269
v -0.700954 0.197585 0.943986
vt 0.726451 0.795577
v -0.696369 0.181785 0.948708
vt 0.725597 0.792432
v -0.704465 0.216132 0.937630
vt 0.727067 0.799281
v -0.612938 -0.402208 1.345588
vt 0.231202 0.815313
v -0.496591 -0.394215 1.382776
vt 0.229843 0.791768
v -0.495746 -0.365637 1.387025
vt 0.234984 0.790781
v 0.003918 0.356244 1.527048
vt 0.510620 0.065148
v -0.480770 -0.778340 0.439293
vt 0.530570 0.932171
v -0.486761 -0.747518 0.417081
vt 0.527176 0.938649
v -0.474621 -0.769014 0.425645
vt 0.527561 0.933692
v -0.667825 0.126237 1.122624
vt 0.019727 0.758290
v -0.497209 0.640141 0.379233
vt 0.105339 0.530634
v -0.464077 0.676942 1.071509
vt 0.444315 0.799487
v -0.236263 -0.813509 0.440065
vt 0.049078 0.645473
v -0.222412 -0.822112 0.468879
vt 0.051640 0.651204
v -0.508190 -0.646494 1.069452
vt 0.187836 0.920865
v -0.520873 -0.641706 1.117899
vt 0.179682 0.915515
v -0.546033 -0.636708 1.125882
vt 0.179768 0.910688
v -0.125391 0.846355 0.516704
vt 0.552383 0.761264
v -0.649180 -0.578569 1.171823
vt 0.746682 0.040602
v -0.651628 -0.572913 1.172737
vt 0.746816 0.041820
v -0.610367 -0.619655 1.044115
vt 0.199054 0.904023
v -0.383363 -0.837848 0.502303
vt 0.936397 0.733914
v 0.595323 -0.571851 0.277968
vt 0.164573 0.761065
v 0.242492 -0.647110 1.158780
vt 0.625455 0.201558
v -0.630036 -0.280942 1.331899
vt 0.512383 0.879873
v 0.227840 0.843063 0.785609
vt 0.769956 0.438671
v 0.115263 -0.814435 0.062134
vt 0.737036 0.308892
v 0.150496 -0.818600 0.003983
vt 0.748274 0.314973
v -0.184761 -0.569888 0.198657
vt 0.401970 0.965496
v -0.202844 -0.565647 0.199212
vt 0.403682 0.968510
v -0.736251 -0.156256 1.206378
vt 0.813281 0.840403
v 0.718642 0.403939 0.328419
vt 0.804104 0.614187
v 0.675668 0.470678 0.304716
vt 0.803391 0.630585
v -0.357533 0.829561 0.453355
vt 0.146942 0.936997
v -0.765149 0.233183 1.025209
vt 0.843104 0.245310
v -0.778634 0.266512 1.021645
vt 0.844757 0.252082
v -0.676936 -0.123095 0.967606
vt 0.131942 0.379250
v 0.434271 -0.777404 0.096792
vt 0.729983 0.369258
v 0.045765 0.482837 1.454614
vt 0.384386 0.529748
v -0.169580 -0.591437 0.212044
vt 0.052384 0.969485
v -0.158154 -0.601859 0.212051
vt 0.051044 0.966798
v 0.584756 0.705184 0.000042
vt 0.084709 0.358570
v 0.623474 0.677819 0.050339
vt 0.093531 0.348950
v 0.663178 0.646550 0.000872
vt 0.102913 0.358793
v -0.358323 -0.004357 1.198748
vt 0.795109 0.944115
v -0.578796 0.662012 1.041675
vt 0.464259 0.788531
v -0.748800 -0.505840 1.142417
vt 0.191334 0.864796
v -0.353854 0.083779 1.390695
vt 0.815066 0.189354
v 0.543370 0.627411 0.254779
vt 0.568140 0.053739
v 0.493772 0.669319 0.248821
vt 0.569244 0.066168
v 0.491645 0.647232 0.275941
vt 0.562896 0.063754
v 0.546808 0.597850 0.281438
vt 0.561573 0.049692
v 0.597567 0.587454 0.256410
vt 0.568225 0.040833
v 0.530037 0.611734 0.278020
vt 0.562129 0.053901
v 0.546808 0.597850 0.281438
vt 0.835895 0.967403
v -0.664399 -0.082936 1.051488
vt 0.283639 0.773561
v -0.632371 -0.053058 1.052683
vt 0.284377 0.765524
v -0.649980 -0.064489 1.041907
vt 0.286058 0.769360
v 0.635991 -0.604480 0.620587
vt 0.763921 0.734893
v -0.441949 -0.834803 0.469669
vt 0.968176 0.977693
v 0.511721 -0.628498 0.280065
vt 0.145800 0.759637
v 0.503335 -0.638440 0.277829
vt 0.143618 0.758672
v -0.796694 -0.593611 0.575269
vt 0.268437 0.557790
v -0.445905 -0.642686 1.097115
vt 0.980199 0.504007
v -0.456631 -0.646217 1.087387
vt 0.982487 0.505628
v -0.434032 -0.648360 1.093423
vt 0.978227 0.505628
v 0.368135 0.817393 0.489236
vt 0.738387 0.494190
v 0.231037 -0.757911 1.002883
vt 0.597835 0.176116
v 0.600423 -0.591386 0.353921
vt 0.765773 0.786871
v 0.587760 -0.649761 0.416024
vt 0.776606 0.774631
v -0.753711 -0.594726 0.434486
vt 0.221013 0.620267
v -0.804992 -0.522033 0.440669
vt 0.224091 0.636467
v -0.793767 0.603921 0.577451
vt 0.540223 0.047032
v -0.346371 0.828311 0.593230
vt 0.919470 0.240055
v -0.342569 0.832538 0.569721
vt 0.924116 0.239688
v -0.737983 -0.529321 0.691396
vt 0.041918 0.413026
v 0.615344 0.638969 0.472328
vt 0.767024 0.543970
v 0.604888 0.630610 0.420092
vt 0.757673 0.548734
v 0.603895 0.647901 0.466225
vt 0.764576 0.542390
v -0.694489 0.600803 1.190490
vt 0.968173 0.515424
v -0.735250 0.554571 1.209022
vt 0.956360 0.515424
v -0.724306 0.570562 1.206449
vt 0.959867 0.514659
v -0.767078 0.490030 1.224884
vt 0.918368 0.913314
v 0.657761 -0.496038 0.304561
vt 0.716543 0.898510
v 0.715801 -0.461243 0.376930
vt 0.728982 0.884492
v -0.414764 -0.827013 0.492183
vt 0.193761 0.943992
v -0.414512 -0.833011 0.518066
vt 0.194520 0.939029
v -0.344898 -0.032106 1.339957
vt 0.300401 0.911340
v -0.313370 -0.031867 1.382158
vt 0.297229 0.901956
v -0.631897 0.416258 1.334440
vt 0.418810 0.890693
v 0.169916 0.121532 1.417365
vt 0.330519 0.744716
v 0.182430 0.078968 1.392336
vt 0.329248 0.753600
v 0.240253 0.064234 1.374233
vt 0.318428 0.758542
v 0.413268 -0.785794 0.704210
vt 0.219744 0.679157
v -0.477879 0.838279 0.568482
vt 0.927029 0.199892
v -0.029368 0.399062 1.532318
vt 0.409805 0.533231
v 0.016740 0.434672 1.496711
vt 0.397018 0.533643
v -0.492015 0.665317 1.176658
vt 0.455039 0.817713
v -0.429275 0.668923 1.122094
vt 0.440960 0.810330
v 0.626189 0.621596 0.461546
vt 0.888138 0.254265
v 0.639483 0.614203 0.489290
vt 0.882561 0.251328
v -0.256341 -0.524754 0.184071
vt 0.716094 0.625382
v -0.241536 -0.534404 0.186955
vt 0.316405 0.968880
v -0.241536 -0.534404 0.186955
vt 0.921441 0.766370
v -0.256341 -0.524754 0.184071
vt 0.918368 0.768111
v -0.732526 -0.680436 0.575364
vt 0.288534 0.560880
v -0.679897 0.602173 0.974306
vt 0.482415 0.770204
v -0.683576 0.592230 0.945719
vt 0.482240 0.764479
v -0.765605 -0.483712 1.230053
vt 0.919173 0.380435
v -0.764755 -0.487794 1.224212
vt 0.918368 0.381448
v -0.900213 0.298301 0.537236
vt 0.517651 0.538043
v -0.867009 0.290864 0.509569
vt 0.516571 0.545389
v -0.928767 0.066505 0.521263
vt 0.471008 0.534350
v -0.256063 0.437615 1.516970
vt 0.765988 0.203640
v -0.538157 -0.566164 1.283511
vt 0.537990 0.326878
v -0.218521 0.825949 0.470976
vt 0.889650 0.868504
v -0.211574 0.834870 0.466843
vt 0.889919 0.866210
v -0.227298 0.819198 0.444243
vt 0.895208 0.869212
v -0.262919 0.649632 1.182559
vt 0.571589 0.547840
v -0.039383 -0.411845 1.532017
vt 0.727270 0.195296
v -0.365521 -0.487046 0.004346
vt 0.665537 0.715401
v -0.323137 -0.547978 0.004027
vt 0.652057 0.716323
v -0.142649 -0.423043 1.548715
vt 0.716600 0.177820
v -0.708661 0.655486 0.465860
vt 0.386150 0.116406
v -0.173525 -0.571521 0.194581
vt 0.400258 0.963920
v -0.706017 -0.130062 0.993912
vt 0.216450 0.874777
v -0.054357 -0.710674 0.249777
vt 0.085984 0.606036
v -0.065543 -0.726506 0.266486
vt 0.083451 0.610299
v 0.127225 0.550271 1.332951
vt 0.353215 0.526479
v 0.172557 0.537811 1.312682
vt 0.346061 0.533270
v 0.871732 0.367383 -0.000189
vt 0.578620 0.433823
v -0.204726 0.837906 0.567428
vt 0.564423 0.774873
v -0.231706 0.836233 0.529863
vt 0.571249 0.769218
v -0.758996 -0.499379 1.119644
vt 0.604799 0.871014
v -0.768423 -0.479692 1.099503
vt 0.601863 0.875388
v -0.783649 0.330292 1.226312
vt 0.776670 0.932171
v -0.785118 0.369845 1.230389
vt 0.777489 0.939585
v -0.782840 0.410661 1.226852
vt 0.776670 0.947250
v 0.628015 0.627605 0.506730
vt 0.878946 0.254450
v 0.636340 0.620321 0.524161
vt 0.875484 0.252437
v 0.324472 -0.813788 0.005588
vt 0.747734 0.346802
v 0.901827 0.197286 0.173575
vt 0.441355 0.673088
v 0.833607 -0.148226 0.455919
vt 0.657353 0.361996
v -0.721059 0.192669 1.143575
vt 0.096314 0.920681
v -0.701718 0.179984 1.181895
vt 0.088203 0.922958
v -0.750863 0.272079 0.939480
vt 0.901349 0.419478
v -0.438853 -0.841834 0.488882
vt 0.978227 0.487457
v -0.731351 0.215497 1.194440
vt 0.470798 0.388024
v -0.725309 0.256290 1.189981
vt 0.470365 0.396231
v -0.723086 0.242619 1.189669
vt 0.469636 0.393582
v -0.734998 0.295939 1.195736
vt 0.473226 0.403804
v -0.730947 0.268904 1.192823
vt 0.471799 0.398580
v -0.742632 0.265550 1.199261
vt 0.474167 0.397626
v -0.739059 0.430843 1.197157
vt 0.476880 0.430315
v -0.352118 0.060151 1.362103
vt 0.817723 0.195437
v 0.158337 0.696841 1.137057
vt 0.311787 0.502367
v 0.165116 0.710699 1.093407
vt 0.303899 0.499156
v 0.129645 0.705535 1.127950
vt 0.313174 0.496679
v -0.912505 -0.075236 0.597739
vt 0.153245 0.339431
v -0.930322 0.120841 0.591073
vt 0.191829 0.345199
v -0.937979 -0.004861 0.584868
vt 0.167021 0.345256
v -0.181756 -0.577161 0.185477
vt 0.601786 0.961641
v -0.171456 -0.574751 0.189288
vt 0.602497 0.959600
v -0.740178 0.144404 0.328441
vt 0.291423 0.191937
v -0.761049 0.072827 0.336067
vt 0.295798 0.178089
v -0.735338 -0.612955 0.472656
vt 0.328188 0.269581
v -0.694100 -0.663439 0.480851
vt 0.321668 0.280306
v -0.762500 -0.570451 0.472370
vt 0.331725 0.260609
v -0.138709 0.446132 1.540115
vt 0.420084 0.512448
v -0.453758 -0.775375 0.431790
vt 0.216772 0.950432
v -0.446697 -0.775005 0.430755
vt 0.215440 0.950133
v -0.162785 -0.603435 0.201064
vt 0.964082 0.110235
v -0.522242 0.801096 0.452212
vt 0.982700 0.372987
v -0.928767 0.066505 0.521263
vt 0.368127 0.031748
v -0.760187 -0.338594 1.034433
vt 0.961705 0.340118
v -0.761688 -0.324827 1.035405
vt 0.959321 0.339145
v -0.775715 -0.370994 1.024682
vt 0.968621 0.338540
v -0.623237 0.613103 0.820803
vt 0.476136 0.562714
v -0.566606 0.644943 0.859862
vt 0.489223 0.565709
v -0.407562 0.435553 0.194215
vt 0.084466 0.582128
v -0.341208 0.432129 0.154378
vt 0.091884 0.595248
v -0.503691 0.343479 0.204123
vt 0.059304 0.577163
v -0.563976 0.295447 0.220515
vt 0.045163 0.571846
v -0.540092 0.392731 0.264450
vt 0.062823 0.560872
v -0.911735 0.252476 0.537562
vt 0.543411 0.118966
v -0.748260 -0.553722 1.009547
vt 0.036658 0.828689
v 0.652320 0.648657 0.085909
vt 0.100664 0.342288
v -0.877649 -0.436810 0.582501
vt 0.073750 0.493102
v -0.865739 -0.470751 0.589680
vt 0.066931 0.490898
v -0.390343 -0.804715 0.644884
vt 0.332822 0.977693
v -0.395953 -0.829000 0.619149
vt 0.332822 0.984482
v -0.389721 -0.809174 0.635646
vt 0.332102 0.979465
v -0.389721 -0.809174 0.635646
vt 0.978227 0.139435
v -0.395953 -0.829000 0.619149
vt 0.983072 0.138549
v -0.384235 -0.819936 0.608324
vt 0.983072 0.142146
v -0.516706 -0.326372 0.206226
vt 0.699542 0.020827
v -0.402666 -0.335767 0.152377
vt 0.676085 0.017705
v -0.373696 -0.376725 0.151831
vt 0.670939 0.009257
v -0.402666 -0.335767 0.152377
vt 0.547305 0.381187
v -0.702178 -0.603684 0.509971
vt 0.728588 0.607248
v -0.739693 -0.586287 0.527828
vt 0.733585 0.614607
v -0.673020 0.260100 1.290732
vt 0.368440 0.789886
v -0.734452 0.346980 1.289337
vt 0.379922 0.773490
v -0.505581 -0.778821 0.510258
vt 0.840662 0.497248
v -0.094507 -0.845355 0.527387
vt 0.411200 0.576877
v 0.802328 -0.213960 0.378073
vt 0.956549 0.138652
v 0.794115 -0.281107 0.403187
vt 0.969131 0.133103
v 0.785056 -0.250796 0.344453
vt 0.963757 0.145157
v -0.400523 -0.313070 0.141700
vt 0.969326 0.209060
v -0.141195 0.843425 0.477607
vt 0.557369 0.754766
v -0.669094 -0.644704 0.510677
vt 0.720573 0.964807
v -0.658157 -0.655578 0.511456
vt 0.719935 0.961910
v -0.652709 -0.665732 0.516340
vt 0.720586 0.959600
v -0.778639 -0.413269 0.977818
vt 0.043724 0.800857
v 0.176210 -0.745496 1.027380
vt 0.593859 0.187374
v 0.213712 -0.779994 0.966301
vt 0.589744 0.172333
v 0.207657 -0.758762 1.006765
vt 0.594889 0.179692
v -0.114394 -0.678439 0.217782
vt 0.506540 0.939384
v -0.118007 -0.691348 0.205508
vt 0.503128 0.938619
v -0.909304 0.217886 0.439073
vt 0.355277 0.105570
v -0.910313 0.163318 0.445372
vt 0.354502 0.115866
v -0.904187 0.222836 0.445887
vt 0.353608 0.104597
v -0.453160 -0.855402 0.520941
vt 0.086060 0.984830
v -0.662812 0.597802 1.030163
vt 0.629105 0.966765
v -0.790508 -0.529589 0.467984
vt 0.335977 0.252031
v -0.762925 -0.583909 0.455993
vt 0.334201 0.263602
v -0.287492 -0.827890 0.587313
vt 0.918368 0.389448
v -0.280600 -0.832536 0.522614
vt 0.930466 0.393730
v -0.262702 -0.834036 0.554157
vt 0.923617 0.395409
v -0.315209 -0.827741 0.563030
vt 0.883798 0.124653
v -0.023961 0.725326 0.250201
vt 0.178222 0.593390
v -0.040028 0.718096 0.246861
vt 0.174900 0.592713
v -0.676294 -0.581448 1.032139
vt 0.880464 0.270425
v 0.317136 -0.723414 0.272697
vt 0.541493 0.968011
v -0.477226 0.673560 1.108062
vt 0.411489 0.936539
v -0.500303 0.677341 1.114065
vt 0.411965 0.932171
v 0.766709 0.114144 0.783866
vt 0.471453 0.271575
v 0.752954 0.265641 0.771508
vt 0.445578 0.258688
v -0.169580 -0.591437 0.212044
vt 0.403682 0.959947
v -0.758670 0.634441 0.620009
vt 0.294734 0.317207
v 0.585814 0.665998 0.435572
vt 0.771689 0.665471
v 0.592788 0.597696 0.337871
vt 0.791891 0.658588
v 0.604888 0.630610 0.420092
vt 0.776091 0.658445
v 0.616058 0.612130 0.409916
vt 0.778549 0.654711
v -0.528677 0.745478 0.498231
vt 0.944297 0.168264
v -0.210583 0.570039 0.181517
vt 0.930632 0.662258
v -0.218043 0.556905 0.182628
vt 0.928009 0.660762
v -0.313654 -0.806069 0.436430
vt 0.924770 0.795505
v 0.291495 -0.581497 1.196119
vt 0.358082 0.460812
v 0.289887 -0.608925 1.169951
vt 0.353278 0.466144
v 0.327931 -0.568445 1.174851
vt 0.351112 0.456114
v -0.158014 0.599899 0.198963
vt 0.962568 0.056230
v -0.133438 -0.118416 1.523403
vt 0.670521 0.216392
v -0.119809 -0.150399 1.539802
vt 0.677257 0.214453
v 0.587748 -0.660052 0.440622
vt 0.778270 0.769814
v -0.597298 0.658241 1.150736
vt 0.956360 0.292640
v -0.802847 0.278012 0.377696
vt 0.304303 0.217723
v -0.792260 0.219748 0.366602
vt 0.302152 0.206468
v -0.823724 0.185258 0.374331
vt 0.308474 0.199840
v -0.084774 -0.466944 1.521928
vt 0.560273 0.821352
v -0.752914 0.523489 1.220636
vt 0.801703 0.416123
v -0.737510 0.549744 1.216476
vt 0.801490 0.421347
v -0.924013 0.130840 0.394521
vt 0.932484 0.288352
v -0.932964 0.055951 0.393548
vt 0.918368 0.287852
v -0.924783 0.142537 0.397563
vt 0.934703 0.287720
v -0.704207 -0.570368 0.970656
vt 0.886874 0.624044
v -0.686173 -0.589229 0.973499
vt 0.881823 0.624120
v -0.779209 0.328059 1.110885
vt 0.107845 0.893329
v -0.612696 0.065112 1.067853
vt 0.028069 0.775588
v -0.403658 -0.822286 0.458128
vt 0.302547 0.941116
v -0.395782 -0.812859 0.454256
vt 0.300366 0.942118
v -0.167428 -0.064100 1.479545
vt 0.292163 0.867724
v -0.736719 0.542106 1.057861
vt 0.882918 0.763735
v -0.744779 0.526278 1.046003
vt 0.886969 0.764819
v -0.443048 0.246668 0.106905
vt 0.633602 0.111546
v -0.467751 0.167809 0.091305
vt 0.634785 0.127630
v -0.554280 0.640553 1.125749
vt 0.746824 0.883334
v 0.553190 -0.620318 0.832898
vt 0.774831 0.693932
v -0.040028 0.718096 0.246861
vt 0.140683 0.802768
v -0.646751 -0.093684 1.063978
vt 0.855005 0.367203
v -0.630660 -0.056923 1.176583
vt 0.870522 0.034167
v -0.601076 -0.051118 1.218222
vt 0.874338 0.025006
v -0.767327 0.457401 1.138294
vt 0.101457 0.868220
v -0.504405 0.786558 0.626757
vt 0.475993 0.618249
v -0.665447 -0.702222 0.459262
vt 0.375450 0.132138
v -0.462348 0.858218 0.503662
vt 0.922332 0.480478
v 0.819519 -0.115166 0.627546
vt 0.888088 0.696196
v 0.818196 -0.027292 0.601397
vt 0.896430 0.711875
v 0.773628 -0.053506 0.762156
vt 0.863920 0.711875
v -0.313654 -0.806069 0.436430
vt 0.967122 0.793023
v -0.314079 -0.810443 0.446354
vt 0.965105 0.793072
v 0.129645 0.705535 1.127950
vt 0.128940 0.933984
v 0.122577 0.723964 1.068861
vt 0.137262 0.942306
v 0.090165 0.732268 1.043766
vt 0.137920 0.950630
v -0.026284 0.100636 1.481471
vt 0.369889 0.735553
v -0.773403 0.418611 1.122141
vt 0.104875 0.875835
v -0.239431 -0.537588 0.179454
vt 0.176633 0.942135
v -0.220178 -0.582154 0.178126
vt 0.181018 0.950042
v -0.213394 -0.578367 0.181514
vt 0.179522 0.950721
v -0.052953 -0.126516 1.515076
vt 0.812854 0.357393
v -0.144786 -0.096207 1.508198
vt 0.809104 0.339072
v -0.505940 -0.605102 1.247139
vt 0.183954 0.806865
v 0.005364 -0.267958 1.536402
vt 0.454328 0.420535
v 0.010189 -0.340136 1.527021
vt 0.449728 0.433402
v -0.440257 0.800765 0.650574
vt 0.488984 0.621948
v -0.562673 -0.658713 1.051439
vt 0.963245 0.941952
v -0.529058 -0.663408 1.062513
vt 0.956360 0.941670
v -0.579388 -0.654734 1.047470
vt 0.966641 0.941670
v -0.298668 0.516320 0.149675
vt 0.631749 0.051275
v -0.881653 0.337375 0.405281
vt 0.319966 0.229311
v -0.914176 0.209538 0.426367
vt 0.407047 0.010727
v -0.924783 0.142537 0.397563
vt 0.419982 0.006080
v -0.925604 0.133177 0.419452
vt 0.421402 0.010509
v -0.226502 -0.831399 0.561987
vt 0.888083 0.140159
v -0.215635 -0.827423 0.601844
vt 0.881069 0.144441
v -0.737300 -0.197051 1.199709
vt 0.740449 0.117999
v -0.728027 -0.150996 1.199915
vt 0.735894 0.126110
v -0.706810 -0.119913 1.195212
vt 0.729902 0.130656
v -0.719889 0.273748 0.879812
vt 0.202718 0.409991
v -0.750863 0.272079 0.939480
vt 0.828500 0.256212
v 0.181557 0.049132 1.375870
vt 0.330217 0.759589
v -0.597266 0.772474 0.538343
vt 0.877449 0.825575
v -0.673605 0.119462 0.975980
vt 0.956360 0.037269
v -0.673020 0.260100 1.290732
vt 0.845418 0.683832
v -0.682346 0.297077 1.292310
vt 0.841915 0.690372
v -0.637909 0.596534 0.890020
vt 0.868736 0.355892
v -0.656029 0.613176 0.949803
vt 0.865834 0.367751
v -0.621170 0.612049 0.899365
vt 0.863920 0.356206
v -0.242217 0.533477 0.177698
vt 0.921533 0.659275
v -0.233773 0.566410 0.171498
vt 0.926384 0.664109
v -0.256225 0.525562 0.173523
vt 0.918368 0.659395
v -0.724745 0.536340 1.023160
vt 0.965556 0.022334
v -0.744779 0.526278 1.046003
vt 0.969131 0.027020
v -0.715178 0.548933 1.024626
vt 0.962470 0.022595
v -0.543876 -0.667188 1.130248
vt 0.634618 0.980094
v -0.525050 -0.670646 1.124148
vt 0.634256 0.983742
v -0.554867 -0.664946 1.136974
vt 0.634256 0.977693
v -0.567067 -0.648121 1.182000
vt 0.863920 0.539077
v -0.576339 -0.658824 1.145064
vt 0.865400 0.531975
v 0.809998 -0.169181 0.353788
vt 0.042726 0.668519
v 0.756440 -0.329658 0.339251
vt 0.075813 0.668403
v -0.285390 0.420903 1.506826
vt 0.804834 0.119626
v -0.272007 0.354846 1.532178
vt 0.796698 0.130442
v -0.798439 0.434524 0.492711
vt 0.332930 0.065873
v -0.813809 0.493836 0.463411
vt 0.339213 0.054766
v 0.347231 -0.812655 0.463087
vt 0.232408 0.726653
v 0.604888 0.630610 0.420092
vt 0.894339 0.723691
v 0.626189 0.621596 0.461546
vt 0.885898 0.720339
v 0.616058 0.612130 0.409916
vt 0.896694 0.719875
v -0.159350 0.615758 0.204745
vt 0.959503 0.055139
v -0.364009 -0.391275 0.150262
vt 0.994731 0.022242
v -0.373696 -0.376725 0.151831
vt 0.991481 0.022242
v -0.369804 -0.382128 0.147383
vt 0.992833 0.021491
v -0.615264 0.141800 1.271867
vt 0.358807 0.813296
v -0.489127 0.854995 0.509356
vt 0.964763 0.764062
v -0.838772 -0.462500 0.439362
vt 0.346411 0.238429
v -0.915224 0.196946 0.398404
vt 0.944839 0.288352
v -0.762305 0.269727 1.117230
vt 0.105077 0.905004
v -0.401064 0.821525 0.633248
vt 0.493734 0.629869
v -0.398963 -0.376869 1.401149
vt 0.229512 0.772703
v -0.747033 -0.353582 0.375258
vt 0.644828 0.544854
v 0.066494 -0.802530 0.078592
vt 0.561034 0.704801
v 0.090788 -0.809439 0.003906
vt 0.556863 0.719325
v 0.116776 -0.814372 0.004884
vt 0.552135 0.719136
v -0.736076 -0.524792 0.966370
vt 0.897357 0.624524
v -0.445511 0.469985 1.366074
vt 0.560043 0.487743
v -0.712960 -0.183828 1.048682
vt 0.855785 0.388968
v -0.717884 -0.191889 1.047728
vt 0.855778 0.390815
v 0.137697 -0.037669 1.380999
vt 0.689726 0.269519
v -0.604825 0.756462 0.467672
vt 0.283324 0.011062
v -0.045912 -0.850315 0.554445
vt 0.307110 0.711221
v -0.774850 -0.443130 1.105796
vt 0.430187 0.940969
v -0.133194 -0.691007 0.180609
vt 0.604686 0.683815
v -0.359474 -0.399318 0.151161
vt 0.499852 0.458915
v -0.468944 0.577702 0.339510
vt 0.099707 0.543969
v 0.429891 0.771483 0.732953
vt 0.218669 0.509000
v 0.536267 0.706407 0.666089
vt 0.201694 0.527957
v -0.676292 -0.134927 0.259792
vt 0.767323 0.266487
v 0.785686 0.248763 0.343933
vt 0.676100 0.440593
v 0.780878 0.270188 0.342629
vt 0.676224 0.444862
v 0.706485 -0.486010 0.683877
vt 0.737071 0.722790
v -0.343909 -0.831950 0.563173
vt 0.927788 0.103515
v -0.676255 0.309624 0.311299
vt 0.403489 0.948032
v -0.828720 -0.472641 0.456612
vt 0.228420 0.645471
v -0.813726 -0.507753 0.442551
vt 0.224820 0.639420
v -0.804349 -0.517046 0.457959
vt 0.227578 0.636620
v 0.090165 0.732268 1.043766
vt 0.616805 0.605151
v 0.166394 0.741641 1.040335
vt 0.629207 0.612990
v -0.528677 0.745478 0.498231
vt 0.198165 0.969118
v -0.454560 -0.790723 0.641604
vt 0.873181 0.687590
v -0.277649 0.837126 0.522125
vt 0.579781 0.770092
v -0.461383 -0.793761 0.435212
vt 0.355046 0.949356
v -0.752050 0.525486 1.216761
vt 0.481859 0.448541
v -0.735250 0.554571 1.209022
vt 0.478997 0.454684
v -0.782840 0.410661 1.226852
vt 0.485722 0.425187
v -0.782840 0.410661 1.226852
vt 0.918368 0.725914
v 0.011311 -0.526811 1.435336
vt 0.631914 0.275708
v 0.174140 -0.528154 1.317010
vt 0.643149 0.238444
v -0.184103 0.578101 0.181675
vt 0.663742 0.934099
v -0.173099 0.575420 0.186208
vt 0.662380 0.932171
v -0.609828 -0.457546 1.332727
vt 0.220658 0.816698
v 0.181639 0.439723 1.386336
vt 0.362292 0.550327
v 0.787506 -0.234990 0.345193
vt 0.960719 0.145146
v 0.790764 -0.212341 0.346133
vt 0.956360 0.145157
v -0.770959 -0.389451 0.394118
vt 0.300224 0.088188
v -0.638218 0.047696 1.005602
vt 0.613678 0.877723
v -0.658913 0.074561 0.996493
vt 0.612799 0.884179
v -0.663879 -0.668712 0.681859
vt 0.004000 0.891783
v -0.634022 -0.661912 0.736125
vt 0.296563 0.595913
v -0.663879 -0.668712 0.681859
vt 0.294459 0.584220
v -0.528325 -0.801920 0.519056
vt 0.066408 0.984674
v -0.896655 0.284583 0.442587
vt 0.353093 0.093040
v 0.677952 0.510270 0.269172
vt 0.509680 0.707407
v 0.713136 0.551768 0.160762
vt 0.517671 0.685483
v -0.833358 -0.530811 0.569674
vt 0.487187 0.040845
v 0.225194 0.788272 0.954108
vt 0.630365 0.634748
v 0.217800 0.808357 0.907997
vt 0.624496 0.642617
v -0.889178 0.341573 0.537018
vt 0.473549 0.069481
v -0.128047 -0.539818 1.465945
vt 0.614232 0.297529
v 0.054438 0.723767 1.073613
vt 0.613768 0.597201
v 0.041220 0.733994 1.029446
vt 0.607179 0.603219
v 0.399589 -0.452854 1.190568
vt 0.349444 0.430014
v -0.170911 -0.834908 0.599945
vt 0.784438 0.883079
v -0.313967 -0.757088 0.376847
vt 0.035545 0.628217
v -0.241699 -0.549210 1.424750
vt 0.585771 0.851254
v -0.272579 -0.552887 1.398020
vt 0.591787 0.855920
v -0.730971 -0.170091 1.039554
vt 0.606672 0.983751
v -0.712046 -0.143044 1.044132
vt 0.606672 0.977693
v -0.715118 -0.141379 1.039657
vt 0.607785 0.978049
v 0.063542 -0.074416 1.427207
vt 0.791957 0.378731
v 0.317136 -0.723414 0.272697
vt 0.104129 0.758147
v 0.250614 -0.744809 0.272048
vt 0.090583 0.759062
v -0.760317 -0.507752 0.504087
vt 0.978227 0.437600
v -0.767013 -0.495674 0.503924
vt 0.980961 0.437677
v -0.765674 -0.501347 0.498598
vt 0.979916 0.438673
v -0.413172 0.677959 1.090853
vt 0.412269 0.949192
v -0.761049 0.072827 0.336067
vt 0.792908 0.305505
v -0.740178 0.144404 0.328441
vt 0.791058 0.318865
v 0.639962 -0.663776 0.058985
vt 0.703261 0.342125
v -0.661303 -0.045194 0.989491
vt 0.147618 0.376618
v -0.651388 -0.052509 0.998333
vt 0.146609 0.373833
v -0.384605 -0.745458 0.384821
vt 0.940340 0.630963
v 0.554665 -0.674863 0.414109
vt 0.918969 0.061227
v 0.587760 -0.649761 0.416024
vt 0.918368 0.069074
v -0.767078 0.490030 1.224884
vt 0.258717 0.771194
v 0.135305 0.754987 0.261339
vt 0.204871 0.606368
v 0.025663 0.769709 0.282111
vt 0.192151 0.590703
v 0.106225 0.753354 0.259789
vt 0.200517 0.603655
v 0.069979 0.749237 0.258129
vt 0.194828 0.600383
v 0.041485 0.744215 0.255860
vt 0.190087 0.598081
v -0.473325 0.852182 0.490601
vt 0.981419 0.647871
v -0.462348 0.858218 0.503662
vt 0.978227 0.647166
v -0.472369 0.848982 0.485721
vt 0.982266 0.647166
v -0.557368 0.796731 0.461255
vt 0.272054 0.009275
v -0.702945 0.529706 1.187492
vt 0.867319 0.393893
v -0.714713 0.515301 1.190273
vt 0.863920 0.393922
v -0.704937 0.525427 1.189119
vt 0.866480 0.393616
v 0.819097 0.142161 0.352544
vt 0.432124 0.711546
v -0.728961 0.426351 1.288832
vt 0.244737 0.783069
v -0.623555 0.374934 1.340965
vt 0.473227 0.884784
v -0.200333 -0.536154 1.460128
vt 0.578252 0.843749
v -0.248460 -0.115742 1.510885
vt 0.656020 0.199082
v -0.153420 -0.830279 0.444309
vt 0.064466 0.649017
v -0.126670 -0.726693 0.003800
vt 0.600903 0.718668
v -0.044951 -0.768295 0.003284
vt 0.583208 0.719193
v -0.102457 -0.727218 0.109137
vt 0.596253 0.698171
v -0.863114 0.437457 0.613882
vt 0.241249 0.476829
v -0.847593 0.494131 0.612053
vt 0.251501 0.474492
v -0.868104 0.447368 0.606303
vt 0.243201 0.478479
v 0.509397 0.736196 0.587638
vt 0.771634 0.509335
v -0.821853 -0.368143 0.496126
vt 0.335809 0.219346
v 0.615938 -0.641222 0.533122
vt 0.343961 0.939097
v 0.601769 -0.650242 0.481179
vt 0.346260 0.949339
v 0.616204 -0.640144 0.508277
vt 0.343422 0.943863
v -0.186637 0.832295 0.614030
vt 0.863920 0.635405
v 0.898899 -0.261824 0.129327
vt 0.058307 0.715592
v 0.925039 -0.198560 0.097037
vt 0.045643 0.722019
v -0.585162 -0.792443 0.594561
vt 0.727879 0.977693
v -0.291330 -0.555612 0.111522
vt 0.645393 0.695500
v 0.016376 -0.008700 1.374689
vt 0.776495 0.368123
v -0.489127 0.854995 0.509356
vt 0.938401 0.196562
v -0.500756 0.846360 0.490071
vt 0.942515 0.198613
v -0.915224 0.196946 0.398404
vt 0.642258 0.948012
v -0.908842 0.233828 0.401428
vt 0.641724 0.941405
v -0.895123 0.284156 0.401821
vt 0.642258 0.932171
v -0.074835 0.002260 1.370088
vt 0.775482 0.350908
v 0.939664 -0.135177 0.001269
vt 0.945501 0.226910
v 0.094748 -0.795331 0.314174
vt 0.112339 0.627450
v 0.178337 -0.830624 0.385373
vt 0.127699 0.643758
v -0.196169 -0.839094 0.510638
vt 0.787388 0.901167
v -0.178755 -0.839817 0.525633
vt 0.784592 0.897848
v 0.442291 -0.688370 0.259876
vt 0.129062 0.753670
v 0.422873 -0.688224 0.275131
vt 0.125756 0.757035
v 0.453544 -0.720274 0.205058
vt 0.128273 0.741192
v -0.539231 0.669714 1.054451
vt 0.457360 0.792829
v -0.592428 0.646181 0.985455
vt 0.464857 0.777067
v -0.421125 0.836496 0.559740
vt 0.983051 0.204673
v -0.421731 0.827917 0.583655
vt 0.978227 0.204673
v -0.414046 0.834228 0.567682
vt 0.981460 0.203282
v 0.013109 0.002043 1.368337
vt 0.774251 0.367134
v -0.027923 -0.780281 0.311959
vt 0.706096 0.695763
v -0.738610 0.456671 1.199033
vt 0.477376 0.435401
v -0.783649 0.330292 1.226312
vt 0.484185 0.409325
v 0.604077 -0.006321 1.067629
vt 0.323286 0.335852
v 0.231105 0.520109 1.282786
vt 0.336413 0.542007
v 0.242320 0.723194 1.059189
vt 0.289381 0.506822
v -0.731564 0.367519 0.826163
vt 0.217803 0.422075
v -0.179593 -0.691396 0.002894
vt 0.613285 0.718432
v -0.409642 0.260231 1.393608
vt 0.313888 0.788100
v -0.490809 0.228380 1.362775
vt 0.330605 0.794022
v -0.433591 -0.219109 0.130836
vt 0.508516 0.420922
v 0.434271 -0.777404 0.096792
vt 0.119435 0.719146
v 0.503940 -0.742945 0.106924
vt 0.134511 0.720915
v -0.451818 -0.167452 0.120195
vt 0.545390 0.415942
v -0.641201 0.105981 1.168198
vt 0.700232 0.983567
v -0.643584 0.107530 1.169519
vt 0.699953 0.983058
v -0.651130 0.119651 1.170888
vt 0.700072 0.980299
v -0.641201 0.105981 1.168198
vt 0.009879 0.763331
v -0.522967 0.667236 1.148349
vt 0.459115 0.811085
v -0.495303 0.665418 1.154652
vt 0.454560 0.813447
v 0.585558 -0.705261 0.003944
vt 0.748078 0.401759
v 0.527169 -0.740475 0.004835
vt 0.747860 0.388692
v -0.919428 0.232192 0.593680
vt 0.532186 0.122547
v -0.931283 0.173140 0.587381
vt 0.532624 0.133896
v -0.895832 0.296430 0.605137
vt 0.226678 0.340422
v -0.862320 0.370032 0.618016
vt 0.241406 0.334664
v -0.824422 0.487806 0.420622
vt 0.350680 0.005538
v -0.055740 0.754020 0.095470
vt 0.797591 0.058943
v 0.001202 0.786603 -0.000782
vt 0.816136 0.046521
v -0.741783 0.270397 0.860663
vt 0.201288 0.415461
v -0.750155 0.328976 0.823471
vt 0.210535 0.423668
v -0.706042 -0.564644 0.942032
vt 0.266750 0.632737
v -0.720121 -0.549233 0.966545
vt 0.261885 0.636884
v -0.734766 -0.519912 0.938313
vt 0.257222 0.630591
v -0.236593 -0.724237 0.336477
vt 0.577946 0.915162
v -0.251137 -0.730122 0.345025
vt 0.575238 0.913361
v -0.761788 -0.208599 1.215715
vt 0.746134 0.117349
v -0.747555 -0.177546 1.208363
vt 0.741384 0.122318
v -0.184103 0.578101 0.181675
vt 0.935985 0.660932
v -0.549764 -0.606702 1.235041
vt 0.527663 0.319678
v -0.567781 -0.583839 1.254571
vt 0.529376 0.325998
v -0.747842 0.609123 0.628488
vt 0.436526 0.577907
v -0.741252 0.595538 0.647497
vt 0.439578 0.574361
v 0.061919 0.800764 0.080710
vt 0.800390 0.034475
v -0.665916 0.748929 0.571025
vt 0.387308 0.082515
v -0.621225 0.780277 0.564114
vt 0.377018 0.079266
v -0.639546 -0.670351 0.507098
vt 0.978227 0.051885
v 0.240253 0.064234 1.374233
vt 0.686414 0.297767
v 0.438150 -0.677986 0.276961
vt 0.956360 0.916783
v 0.786762 -0.347931 0.496713
vt 0.706290 0.759361
v 0.833607 -0.148226 0.455919
vt 0.668654 0.767885
v 0.115263 -0.814435 0.062134
vt 0.551993 0.708037
v 0.138751 -0.808876 0.122795
vt 0.548420 0.696110
v -0.725256 0.460107 1.285050
vt 0.826118 0.719318
v -0.660411 -0.080223 1.180722
vt 0.718431 0.135262
v -0.647089 -0.102353 1.169912
vt 0.717029 0.130256
v -0.725719 -0.488438 1.199462
vt 0.666749 0.905596
v 0.827409 0.148413 0.382228
vt 0.668993 0.419841
v -0.474819 -0.053532 0.126125
vt 0.685918 0.074342
v -0.482488 0.035443 0.129455
vt 0.686352 0.091932
v -0.474421 0.033739 0.123881
vt 0.684664 0.091516
v 0.800428 0.489457 -0.000472
vt 0.863920 0.877212
v -0.662184 -0.328900 1.317723
vt 0.520015 0.887339
v -0.439511 0.838865 0.514974
vt 0.920590 0.474522
v -0.448531 0.858602 0.523276
vt 0.918368 0.478301
v -0.702910 0.126533 1.207255
vt 0.257931 0.871897
v -0.618222 -0.616544 1.041908
vt 0.199987 0.902630
v -0.648448 -0.601760 1.036723
vt 0.203028 0.896764
v -0.484618 0.013489 1.168455
vt 0.254807 0.919816
v -0.283000 -0.626574 1.213785
vt 0.823156 0.905494
v -0.230145 -0.609927 1.294286
vt 0.820361 0.887739
v -0.565821 0.796544 0.541538
vt 0.889036 0.183571
v 0.676871 0.557851 0.453515
vt 0.653566 0.502348
v 0.699636 0.590703 0.118218
vt 0.597101 0.027446
v -0.562673 -0.658713 1.051439
vt 0.296508 0.660258
v -0.649220 0.761707 0.599028
vt 0.868892 0.178783
v -0.665916 0.748929 0.571025
vt 0.867052 0.185219
v -0.673823 0.742919 0.593494
vt 0.863920 0.181712
v -0.325725 -0.454047 0.160195
vt 0.943634 0.347060
v -0.329828 -0.451407 0.164359
vt 0.944428 0.346099
v -0.739944 0.253538 1.040117
vt 0.828212 0.029847
v -0.703089 -0.342373 0.887287
vt 0.086745 0.386931
v -0.157817 -0.498948 1.505707
vt 0.571849 0.831298
v -0.630219 0.437768 1.330829
vt 0.475789 0.872863
v -0.012128 0.729828 0.251354
vt 0.134794 0.802513
v -0.000077 0.733428 0.251955
vt 0.132348 0.802330
v 0.024505 0.740337 0.254652
vt 0.127349 0.802247
v 0.077452 -0.833443 0.813933
vt 0.551211 0.167435
v 0.137141 -0.837382 0.818438
vt 0.559443 0.159821
v -0.420678 -0.660739 1.094789
vt 0.707079 0.010931
v -0.614409 -0.619893 0.821910
vt 0.030462 0.375488
v -0.634022 -0.661912 0.736125
vt 0.018380 0.388768
v -0.356890 -0.838879 0.487294
vt 0.895173 0.322097
v -0.733533 0.472938 1.197538
vt 0.869851 0.790840
v -0.729043 0.484668 1.196923
vt 0.868333 0.788914
v -0.393607 0.846444 0.536804
vt 0.956360 0.300710
v -0.352825 -0.844805 0.561529
vt 0.880884 0.324241
v -0.110280 0.690071 0.209945
vt 0.155982 0.799018
v -0.749458 0.479606 1.167439
vt 0.874600 0.787071
v -0.463307 -0.110989 0.116520
vt 0.512159 0.398800
v -0.475475 -0.075469 0.102276
vt 0.515108 0.391520
v -0.439666 -0.245974 0.115112
vt 0.512244 0.426014
v -0.603696 -0.614587 0.900420
vt 0.869388 0.599655
v -0.640544 -0.615574 0.950164
vt 0.874839 0.589117
v -0.788162 -0.205442 0.785749
vt 0.108115 0.416810
v -0.807505 -0.093075 0.783639
vt 0.129349 0.423269
v 0.584400 -0.261292 1.047983
vt 0.313326 0.383721
v 0.556872 -0.308786 1.067036
vt 0.317687 0.394082
v -0.439746 -0.268948 0.102028
vt 0.514727 0.430590
v -0.729574 -0.555266 1.211841
vt 0.827163 0.684649
v -0.355793 -0.815119 0.632958
vt 0.337715 0.911719
v -0.819259 0.316890 0.671957
vt 0.201171 0.453667
v -0.840300 0.206849 0.675558
vt 0.180750 0.452403
v -0.851594 0.496729 0.565132
vt 0.447045 0.081589
v -0.410604 0.838120 0.522063
vt 0.957988 0.869224
v -0.405342 0.839659 0.529809
vt 0.956360 0.868531
v 0.748863 0.557657 0.000361
vt 0.124381 0.359697
v -0.681702 0.354933 0.324432
vt 0.040187 0.539816
v -0.617382 0.345925 0.283796
vt 0.046562 0.553241
v -0.755315 0.506321 1.046657
vt 0.889801 0.768232
v -0.418618 0.500929 1.350247
vt 0.562802 0.495585
v -0.742992 0.505841 0.933092
vt 0.886732 0.113919
v -0.690981 0.658459 0.528193
vt 0.404092 0.071811
v -0.739370 0.598313 0.526647
vt 0.418935 0.071990
v -0.751923 -0.399278 0.912724
vt 0.874472 0.042381
v -0.753267 -0.363124 0.915978
vt 0.881634 0.042366
v -0.701444 -0.450911 0.881014
vt 0.863920 0.052616
v -0.705481 -0.406677 0.884702
vt 0.872707 0.052133
v -0.656489 0.619616 0.981439
vt 0.868595 0.333000
v 0.025659 0.787560 0.093764
vt 0.128298 0.770783
v -0.889822 0.217354 0.610141
vt 0.211072 0.338333
v -0.920315 0.189148 0.597708
vt 0.205331 0.344018
v -0.530336 0.617276 1.228391
vt 0.531364 0.515835
v -0.683709 -0.663737 0.532804
vt 0.734828 0.596219
v -0.467606 0.083754 0.122099
vt 0.027467 0.611747
v -0.466910 0.133458 0.131262
vt 0.034389 0.606894
v -0.460479 0.140244 0.127743
vt 0.036050 0.607604
v -0.781377 0.312992 1.099685
vt 0.842364 0.041644
v -0.929328 0.057850 0.425687
vt 0.434703 0.012866
v -0.541056 0.737929 0.498782
vt 0.982321 0.617840
v -0.559214 0.727099 0.501230
vt 0.978227 0.617840
v -0.549181 0.732318 0.501891
vt 0.980357 0.617451
v -0.429599 0.843928 0.550185
vt 0.755578 0.947109
v -0.790969 0.452820 1.003168
vt 0.270638 0.757976
v -0.784473 0.535222 0.469373
vt 0.391070 0.092861
v 0.582229 0.149908 1.088281
vt 0.334608 0.308787
v -0.419436 -0.839486 0.532602
vt 0.918368 0.588280
v -0.842467 0.436606 0.459719
vt 0.343490 0.065003
v 0.373844 -0.213104 1.321631
vt 0.381096 0.387041
v 0.412543 -0.162812 1.298078
vt 0.374864 0.375440
v -0.695337 -0.160204 0.943437
vt 0.302219 0.792365
v -0.716004 -0.521206 0.912363
vt 0.897534 0.598163
v -0.676168 -0.528045 0.876695
vt 0.890678 0.605962
v -0.674421 -0.548182 0.888148
vt 0.888045 0.602557
v -0.664489 -0.590357 1.033650
vt 0.924357 0.266742
v -0.401064 0.821525 0.633248
vt 0.921322 0.277959
v -0.392948 0.804646 0.646496
vt 0.918368 0.274838
v -0.392429 0.809677 0.636335
vt 0.920496 0.275253
v -0.573548 0.639171 1.046406
vt 0.760548 0.890886
v -0.609090 0.627439 1.038719
vt 0.760055 0.898228
v -0.616663 0.624257 1.037685
vt 0.759831 0.899801
v -0.720257 -0.683715 0.622403
vt 0.289211 0.570568
v 0.809111 0.216747 0.400125
vt 0.665156 0.433381
v -0.550988 0.759267 0.496870
vt 0.894565 0.065557
v -0.541056 0.737929 0.498782
vt 0.893196 0.061141
v -0.354794 -0.847673 0.538703
vt 0.932191 0.099467
v -0.243365 0.401501 1.536050
vt 0.794419 0.121494
v -0.520655 -0.749777 0.502751
vt 0.872893 0.732009
v 0.126270 0.166725 1.452911
vt 0.657474 0.291757
v 0.944306 -0.002451 0.119509
vt 0.007996 0.715939
v 0.950051 -0.001053 0.096995
vt 0.007791 0.720012
v -0.142083 -0.841299 0.493864
vt 0.888753 0.852931
v -0.659960 0.117563 1.062068
vt 0.031116 0.762422
v -0.669804 0.133300 1.059004
vt 0.032136 0.759202
v -0.550784 -0.224916 0.187456
vt 0.740863 0.248604
v 0.801779 0.190572 0.350906
vt 0.675051 0.428890
v -0.426649 -0.329046 0.081220
vt 0.517496 0.443018
v -0.447242 -0.278259 0.070455
vt 0.520663 0.432373
v 0.240857 -0.304594 1.399394
vt 0.404970 0.412154
v -0.619887 -0.602877 0.890523
vt 0.873274 0.601183
v -0.648333 -0.589570 0.903493
vt 0.879179 0.598338
v -0.439912 0.021975 1.130409
vt 0.672176 0.983475
v -0.694100 -0.663439 0.480851
vt 0.228251 0.602271
v -0.209478 0.830484 0.493746
vt 0.884915 0.867970
v -0.199956 0.834931 0.511829
vt 0.881058 0.867199
v -0.557368 0.796731 0.461255
vt 0.007128 0.436183
v -0.762854 -0.283027 0.948361
vt 0.213490 0.906641
v -0.947164 0.055178 0.563349
vt 0.369738 0.040925
v -0.054382 0.816212 0.788483
vt 0.567100 0.637063
v -0.142093 0.815306 0.721566
vt 0.545865 0.638724
v -0.158838 0.792747 0.786144
vt 0.549494 0.626081
v -0.667247 0.485450 1.289036
vt 0.835939 0.726778
v 0.291495 -0.581497 1.196119
vt 0.642492 0.203810
v 0.225334 -0.532512 1.275575
vt 0.645878 0.225940
v -0.779943 -0.321003 0.993895
vt 0.287702 0.826106
v -0.774849 -0.285417 1.001126
vt 0.287301 0.819401
v -0.625593 -0.777302 0.584120
vt 0.316319 0.567358
v -0.592258 -0.792533 0.563811
vt 0.324104 0.564761
v -0.783683 -0.372424 0.720495
vt 0.073312 0.420014
v 0.724585 0.063028 0.874428
vt 0.489393 0.259215
v -0.348073 0.510258 -0.001120
vt 0.956360 0.162187
v -0.387031 0.450259 0.000097
vt 0.969651 0.162187
v -0.364412 0.487512 0.000644
vt 0.961571 0.162546
v -0.657332 0.637502 1.019514
vt 0.864648 0.339809
v -0.635417 0.631440 0.987135
vt 0.863920 0.332241
v -0.218876 0.660996 -0.000124
vt 0.816368 0.094519
v -0.150509 0.711847 -0.000445
vt 0.816242 0.078917
v -0.324434 -0.821668 0.615339
vt 0.331196 0.908399
v -0.169109 -0.794650 0.763047
vt 0.338648 0.870312
v -0.209654 -0.810299 0.695101
vt 0.331640 0.883068
v -0.465757 -0.856452 0.513587
vt 0.189087 0.961594
v -0.427944 0.291780 0.150415
vt 0.061232 0.596789
v -0.470763 -0.029588 0.115243
vt 0.511565 0.382711
v -0.644394 0.670253 0.507700
vt 0.918368 0.167234
v 0.930502 0.177705 0.091147
vt 0.438043 0.656799
v -0.774960 0.427923 0.968440
vt 0.840000 0.284810
v -0.467606 0.083754 0.122099
vt 0.545816 0.464586
v -0.192376 -0.662333 0.251123
vt 0.704996 0.655262
v 0.397740 0.700154 0.271523
vt 0.709377 0.530043
v 0.365716 0.710416 0.269599
vt 0.705303 0.524842
v 0.379732 0.705997 0.271372
vt 0.707234 0.527010
v 0.561187 0.699497 0.575359
vt 0.776214 0.520695
v 0.586726 -0.579873 0.319793
vt 0.940747 0.132689
v 0.590180 -0.560097 0.295103
vt 0.946493 0.135337
v 0.576104 -0.567334 0.293415
vt 0.946893 0.132339
v -0.491108 0.025071 1.084040
vt 0.020497 0.798840
v -0.104784 -0.598823 1.361801
vt 0.601595 0.277303
v -0.058533 -0.612969 1.328319
vt 0.603371 0.265913
v -0.674421 -0.548182 0.888148
vt 0.064178 0.832304
v -0.580400 0.715120 0.501423
vt 0.884465 0.062973
v -0.633649 0.683879 0.499372
vt 0.872662 0.065445
v -0.669212 0.511472 0.836851
vt 0.612359 0.085329
v -0.686820 0.441243 0.858346
vt 0.613562 0.071154
v -0.676823 0.517777 0.862040
vt 0.886131 0.351670
v -0.700247 0.551391 0.911786
vt 0.882091 0.363724
v 0.330567 0.808925 0.796499
vt 0.783811 0.454905
v -0.639970 0.598545 1.158471
vt 0.994411 0.195478
v -0.647293 0.587467 1.165921
vt 0.991481 0.195478
v -0.640913 0.595611 1.164289
vt 0.993348 0.194779
v -0.601947 0.656039 1.037271
vt 0.969034 0.263189
v -0.539231 0.669714 1.054451
vt 0.956360 0.263189
v -0.578796 0.662012 1.041675
vt 0.964412 0.262786
v -0.384947 -0.427186 0.072119
vt 0.515663 0.463965
v -0.745641 0.499727 1.023536
vt 0.893301 0.765491
v -0.707528 -0.183733 1.185804
vt 0.829269 0.385585
v 0.934255 0.118453 0.112948
vt 0.557139 0.383639
v 0.940213 0.126469 0.069689
vt 0.565411 0.385183
v 0.930502 0.177705 0.091147
vt 0.561088 0.395262
v 0.728450 0.485791 0.550712
vt 0.386073 0.265840
v 0.667153 0.580746 0.551091
vt 0.370602 0.250554
v 0.672795 0.475398 0.305061
vt 0.708232 0.977693
v -0.528677 0.745478 0.498231
vt 0.895989 0.060616
v -0.713453 -0.197702 1.267576
vt 0.799317 0.834617
v -0.392022 0.334744 0.142298
vt 0.071591 0.598683
v -0.366898 -0.835144 0.553304
vt 0.882285 0.320826
v -0.842553 -0.287157 0.493605
vt 0.338823 0.203228
v -0.627321 0.537425 1.279953
vt 0.520654 0.491863
v -0.649302 0.514703 1.284904
vt 0.517604 0.486821
v -0.442095 0.211809 0.136080
vt 0.676353 0.126045
v -0.410145 -0.786162 0.430360
vt 0.299494 0.949584
v -0.413524 -0.805776 0.440773
vt 0.302244 0.946169
v 0.715801 -0.461243 0.376930
vt 0.732409 0.782457
v -0.753977 -0.078425 0.331882
vt 0.294718 0.148785
v -0.778397 0.479836 0.503011
vt 0.440736 0.063478
v 0.130200 -0.835534 0.391601
vt 0.118358 0.644689
v -0.784923 -0.384793 1.232432
vt 0.939028 0.380315
v -0.784507 -0.357702 1.229339
vt 0.944195 0.381448
v -0.677370 0.491481 0.818938
vt 0.641553 0.786981
v -0.716207 0.410391 0.821404
vt 0.640417 0.769089
v 0.831911 0.124221 0.555707
vt 0.635502 0.413820
v -0.341161 -0.828391 0.510444
vt 0.697864 0.932415
v -0.403287 -0.827667 0.467004
vt 0.170231 0.984711
v -0.394840 -0.834801 0.475931
vt 0.169134 0.982299
v -0.392987 -0.843910 0.499567
vt 0.170231 0.977693
v -0.343570 -0.770487 0.402529
vt 0.933483 0.637510
v -0.440812 -0.832059 0.606888
vt 0.615283 0.948068
v -0.426321 -0.820635 0.599895
vt 0.611403 0.947906
v -0.131042 -0.831956 0.455972
vt 0.068774 0.651350
v -0.147667 -0.836890 0.468565
vt 0.065510 0.653699
v -0.487655 0.667085 0.961894
vt 0.443791 0.777706
v 0.822416 0.136330 0.606295
vt 0.625715 0.416053
v -0.799816 -0.292151 0.712170
vt 0.088156 0.425890
v -0.712834 -0.661125 0.631613
vt 0.013872 0.413864
v 0.008659 0.170229 1.511696
vt 0.361201 0.723108
v -0.040060 0.202771 1.540243
vt 0.369814 0.714553
v -0.090388 0.195336 1.549765
vt 0.039052 0.863920
v -0.108170 0.113630 1.510670
vt 0.027305 0.877359
v -0.380204 0.835226 0.563795
vt 0.935486 0.275653
v -0.383926 0.849732 0.514363
vt 0.944627 0.276587
v -0.485579 -0.851993 0.518540
vt 0.146824 0.967328
v -0.471158 -0.844598 0.518944
vt 0.143928 0.966138
v 0.286807 0.734532 0.268380
vt 0.556687 0.106456
v 0.351080 0.715138 0.269709
vt 0.559558 0.093849
v -0.126670 -0.726693 0.003800
vt 0.961958 0.254786
v -0.151113 -0.711721 0.003267
vt 0.956360 0.254615
v -0.093888 -0.744816 0.003181
vt 0.969261 0.254615
v -0.478496 -0.804442 0.467232
vt 0.936896 0.589058
v -0.391583 -0.441195 0.001976
vt 0.967964 0.550435
v -0.359938 -0.494440 0.002280
vt 0.956360 0.550435
v -0.384572 -0.455274 0.003114
vt 0.965047 0.550130
v -0.483477 0.837584 0.548272
vt 0.471513 0.636313
v -0.489230 0.844626 0.521449
vt 0.467887 0.640249
v 0.548379 -0.689146 0.438541
vt 0.186856 0.730387
v -0.881884 -0.422186 0.590298
vt 0.464289 0.047149
v -0.482463 -0.210159 0.002090
vt 0.534049 0.418293
v -0.489230 0.844626 0.521449
vt 0.906321 0.181562
v -0.499015 0.839660 0.505312
vt 0.905360 0.185219
v -0.736251 -0.156256 1.206378
vt 0.965184 0.189887
v -0.199481 -0.838199 0.495764
vt 0.369833 0.977693
v -0.208964 -0.833887 0.479775
vt 0.370299 0.981428
v -0.212510 -0.830472 0.464973
vt 0.369833 0.984373
v 0.404967 0.220435 1.293409
vt 0.508363 0.153953
v 0.437884 0.134323 1.276524
vt 0.520552 0.167321
v -0.813269 0.409463 0.656603
vt 0.217820 0.458006
v -0.824090 0.473484 0.626512
vt 0.228468 0.465714
v -0.847661 0.411221 0.623332
vt 0.216738 0.467271
v -0.679670 -0.583792 1.125892
vt 0.188677 0.884728
v -0.461781 -0.207206 0.086784
vt 0.518523 0.417803
v -0.686507 0.592710 1.093016
vt 0.745717 0.911104
v -0.686239 0.592450 1.065407
vt 0.750850 0.912489
v -0.677370 0.491481 0.818938
vt 0.240424 0.419920
v -0.830540 0.520404 0.616986
vt 0.255988 0.471296
v -0.599674 0.785103 0.599282
vt 0.978227 0.333645
v -0.588691 0.780314 0.604245
vt 0.978227 0.331185
v -0.580651 0.796284 0.587678
vt 0.982763 0.332465
v -0.621225 0.780277 0.564114
vt 0.877009 0.183081
v -0.395184 0.634704 1.220590
vt 0.926996 0.371406
v -0.737577 0.656369 0.622961
vt 0.299260 0.313292
v -0.747842 0.609123 0.628488
vt 0.289744 0.314789
v -0.718602 0.650235 0.629312
vt 0.298178 0.309480
v -0.778939 -0.473263 0.498588
vt 0.142201 0.979308
v -0.771295 -0.487895 0.504623
vt 0.140963 0.982229
v -0.775486 -0.479778 0.504334
vt 0.141027 0.980589
v -0.374153 0.013840 1.183098
vt 0.634601 0.912460
v -0.710686 -0.212389 1.275075
vt 0.816448 0.617816
v -0.713453 -0.197702 1.267576
vt 0.817945 0.615141
v -0.921751 0.054987 0.441507
vt 0.356600 0.136442
v -0.889805 0.383777 0.596334
vt 0.533703 0.093639
v 0.293877 0.459584 1.272654
vt 0.467162 0.123335
v -0.683576 0.592230 0.945719
vt 0.872559 0.369157
v -0.802944 0.573621 0.613312
vt 0.532818 0.052704
v 0.639962 -0.663776 0.058985
vt 0.737452 0.414551
v 0.570625 -0.714446 0.054748
vt 0.738191 0.398405
v -0.413514 0.594681 0.326830
vt 0.109246 0.550456
v -0.342418 0.650375 0.332465
vt 0.126709 0.553102
v 0.627900 -0.532221 0.297607
vt 0.173297 0.766652
v -0.752342 0.279653 1.036292
vt 0.812680 0.983290
v -0.710838 0.200945 1.185813
vt 0.466274 0.385644
v -0.713849 0.219227 1.186003
vt 0.467251 0.389187
v -0.876918 0.290554 0.613358
vt 0.225620 0.336628
v -0.906736 0.261906 0.601695
vt 0.219788 0.342176
v -0.911980 0.228438 0.600497
vt 0.213141 0.342826
v -0.793244 -0.321193 1.018721
vt 0.167677 0.876322
v -0.627064 0.598482 0.869554
vt 0.868063 0.351744
v -0.408008 0.823865 0.450617
vt 0.057145 0.951196
v -0.661385 -0.560231 0.880519
vt 0.884655 0.603644
v -0.553198 -0.804007 0.550521
vt 0.735997 0.558384
v -0.516508 -0.822303 0.518700
vt 0.728834 0.551377
v -0.683576 0.592230 0.945719
vt 0.907012 0.111136
v -0.679897 0.602173 0.974306
vt 0.909000 0.105558
v 0.712655 -0.354340 0.826743
vt 0.261411 0.393768
v -0.513561 -0.801005 0.590324
vt 0.336748 0.572988
v 0.097740 0.714852 1.107653
vt 0.624415 0.595195
v 0.078871 0.677476 1.179690
vt 0.628518 0.579705
v 0.129645 0.705535 1.127950
vt 0.631814 0.594055
v 0.019215 0.686728 1.157607
vt 0.616285 0.578777
v 0.900535 -0.298156 0.003427
vt 0.713844 0.428843
v 0.126270 0.166725 1.452911
vt 0.443387 0.333948
v 0.119556 0.143137 1.445491
vt 0.442174 0.338766
v 0.385119 -0.795055 0.444376
vt 0.224158 0.730099
v 0.435073 -0.767980 0.448629
vt 0.213157 0.728998
v 0.483802 -0.746275 0.466215
vt 0.202833 0.725290
v -0.782776 -0.465284 0.503771
vt 0.141148 0.977693
v -0.648448 -0.601760 1.036723
vt 0.380008 0.984288
v -0.369096 0.004316 1.175737
vt 0.968862 0.312494
v -0.422028 -0.626908 0.343220
vt 0.572996 0.874552
v -0.411470 -0.662528 0.351587
vt 0.568287 0.880086
v -0.119656 0.561759 1.443114
vt 0.396118 0.496033
v -0.075800 0.570071 1.428075
vt 0.388404 0.500507
v -0.424190 0.243820 0.130960
vt 0.123063 0.964620
v -0.420644 0.255511 0.134670
vt 0.123806 0.966977
v -0.805237 0.418925 0.499145
vt 0.589535 0.977693
v -0.790995 0.447039 0.497175
vt 0.589535 0.983887
v -0.796342 0.434928 0.497672
vt 0.589392 0.981294
v 0.090072 0.116833 1.441995
vt 0.346374 0.740788
v -0.463268 0.845528 0.544431
vt 0.474477 0.639400
v -0.215142 0.590844 0.177846
vt 0.932000 0.666318
v -0.142093 0.815306 0.721566
vt 0.546699 0.800784
v -0.482488 0.035443 0.129455
vt 0.548734 0.455853
v 0.319495 0.800748 0.132469
vt 0.585930 0.110616
v 0.373148 0.773329 0.160588
vt 0.583197 0.098367
v -0.353291 0.847558 0.507228
vt 0.969179 0.077822
v -0.372875 -0.832440 0.551653
vt 0.882550 0.319549
v -0.364521 -0.826096 0.614010
vt 0.870338 0.320911
v -0.713525 0.643652 0.431448
vt 0.287455 0.287940
v 0.788482 0.342739 0.546166
vt 0.635963 0.457180
v -0.505286 -0.785139 0.504012
vt 0.983377 0.033131
v -0.709361 0.604249 1.011775
vt 0.375391 0.938704
v -0.734313 0.577709 1.008260
vt 0.376281 0.932171
v -0.641373 0.637990 1.167756
vt 0.918368 0.005083
v -0.478936 -0.822955 0.594566
vt 0.095760 0.984877
v -0.471828 -0.801332 0.626499
vt 0.095760 0.977693
v -0.479416 -0.811688 0.608833
vt 0.096548 0.981641
v 0.503940 -0.742945 0.106924
vt 0.728040 0.384313
v 0.048847 0.799003 -0.002030
vt 0.816396 0.036995
v 0.020611 0.792861 0.000257
vt 0.815934 0.042570
v 0.713603 -0.056703 0.895985
vt 0.511060 0.265313
v 0.755392 -0.038150 0.809274
vt 0.498803 0.279903
v -0.147667 -0.836890 0.468565
vt 0.893717 0.853411
v -0.701718 0.179984 1.181895
vt 0.009736 0.745042
v -0.789020 -0.535890 0.631092
vt 0.063281 0.309764
v -0.821768 -0.476861 0.628254
vt 0.074597 0.316916
v 0.517984 -0.727715 0.550557
vt 0.195732 0.708622
v 0.307798 -0.622834 1.127853
vt 0.344285 0.467815
v 0.415193 -0.629106 1.011182
vt 0.313879 0.462588
v 0.346558 -0.593635 1.123060
vt 0.340147 0.459873
v -0.750863 0.272079 0.939480
vt 0.736459 0.810184
v -0.676936 -0.123095 0.967606
vt 0.298658 0.783740
v -0.580400 0.715120 0.501423
vt 0.946211 0.185703
v -0.756559 -0.451390 1.026460
vt 0.925224 0.602019
v -0.759720 -0.425423 1.027733
vt 0.930396 0.602230
v -0.761096 -0.465059 1.023605
vt 0.922632 0.603130
v 0.775774 -0.280899 0.342712
vt 0.065587 0.668949
v -0.052207 -0.635135 1.274898
vt 0.596956 0.256770
v -0.119809 -0.150399 1.539802
vt 0.820266 0.345635
v -0.193512 -0.118145 1.523363
vt 0.277982 0.867622
v -0.216413 -0.138484 1.531562
vt 0.272714 0.870594
v 0.624735 0.630162 0.562880
vt 0.865230 0.719875
v -0.622652 0.508215 0.388269
vt 0.070825 0.525576
v -0.374721 -0.781917 0.409321
vt 0.881251 0.167216
v -0.611857 -0.737546 0.443356
vt 0.271630 0.019911
v -0.636979 -0.718509 0.443436
vt 0.276419 0.023682
v -0.241156 0.004305 1.361600
vt 0.309970 0.891915
v -0.872772 -0.310793 0.617064
vt 0.080412 0.448269
v -0.852143 -0.409729 0.623388
vt 0.061913 0.441480
v -0.704207 -0.570368 0.970656
vt 0.266680 0.638447
v -0.852320 -0.470242 0.551632
vt 0.474583 0.038480
v -0.871749 -0.413531 0.546801
vt 0.462792 0.038518
v 0.153814 -0.816979 0.091834
vt 0.731199 0.315689
v 0.215466 -0.813091 0.129076
vt 0.723888 0.327124
v 0.138751 -0.808876 0.122795
vt 0.725232 0.313538
v -0.710174 0.587228 1.200957
vt 0.964016 0.514446
v -0.293427 0.150662 1.500263
vt 0.794975 0.170402
v -0.276652 0.187175 1.523339
vt 0.791190 0.162226
v -0.748260 -0.553722 1.009547
vt 0.893935 0.614806
v -0.306162 0.101016 1.460460
vt 0.046560 0.912006
v -0.329828 -0.451407 0.164359
vt 0.493897 0.948944
v -0.721386 0.162576 1.041609
vt 0.210818 0.754945
v -0.728129 0.164587 1.035587
vt 0.211607 0.756616
v 0.566901 -0.701676 0.122286
vt 0.148852 0.724530
v 0.642910 -0.648829 0.109244
vt 0.165812 0.724202
v -0.658849 0.131005 1.171610
vt 0.009969 0.757632
v -0.524277 0.825133 0.468534
vt 0.386150 0.163179
v 0.326567 0.812021 0.423394
vt 0.723353 0.495636
v -0.646318 0.574638 0.857914
vt 0.874473 0.350891
v 0.316281 -0.813274 0.087290
vt 0.731867 0.345357
v -0.463014 -0.661740 1.166791
vt 0.120395 0.875233
v -0.505006 -0.659832 1.153549
vt 0.125626 0.868936
v -0.401381 -0.668278 1.131970
vt 0.123030 0.887984
v 0.797774 0.261538 0.599336
vt 0.626265 0.440902
v 0.784561 0.274589 0.652714
vt 0.615983 0.443398
v 0.780059 0.351218 0.614929
vt 0.622669 0.458554
v 0.764687 0.331628 0.702584
vt 0.606070 0.454578
v 0.759275 0.377358 0.679745
vt 0.610156 0.463699
v -0.459861 -0.806074 0.461451
vt 0.738940 0.983369
v -0.744660 -0.257571 1.040495
vt 0.855638 0.404628
v -0.357961 -0.051805 1.352672
vt 0.295387 0.912217
v -0.581719 0.714503 0.509279
vt 0.381676 0.062005
v -0.488212 0.794801 0.440307
vt 0.129025 0.511438
v -0.473407 -0.842363 0.508716
vt 0.808434 0.932171
v -0.801190 0.566939 0.619148
vt 0.956360 0.004000
v -0.777031 0.617172 0.612600
vt 0.965899 0.005989
v -0.802944 0.573621 0.613312
vt 0.957125 0.005617
v -0.451892 0.005982 1.088112
vt 0.940053 0.679730
v 0.216368 0.769646 0.992946
vt 0.632793 0.626679
v 0.372359 -0.794452 0.112208
vt 0.727013 0.356843
v 0.375115 -0.802018 0.068850
vt 0.735409 0.356804
v -0.865705 -0.117498 0.488653
vt 0.159818 0.983792
v -0.869424 -0.082225 0.483689
vt 0.161134 0.977693
v -0.865933 -0.122612 0.482142
vt 0.161134 0.984776
v -0.126872 -0.649331 0.222928
vt 0.509513 0.944714
v -0.136599 -0.638017 0.223620
vt 0.510083 0.947366
v -0.184966 -0.812549 0.420430
vt 0.058823 0.642862
v -0.190642 -0.828258 0.460669
vt 0.057491 0.650955
v -0.212510 -0.830472 0.464973
vt 0.053256 0.651612
v 0.225367 0.865598 0.568102
vt 0.734217 0.461121
v -0.487749 -0.831717 0.491682
vt 0.332621 0.938833
v 0.563815 0.629696 0.343666
vt 0.790094 0.666779
v -0.636473 -0.623357 0.986792
vt 0.282960 0.644559
v -0.623714 -0.601780 1.160823
vt 0.743071 0.034643
v -0.601308 -0.644410 1.153482
vt 0.741314 0.025216
v -0.419650 -0.810131 0.459599
vt 0.641481 0.653486
v -0.614822 -0.604529 1.157323
vt 0.980055 0.867345
v -0.606617 -0.608059 1.153349
vt 0.981854 0.867456
v -0.623714 -0.601780 1.160823
vt 0.978227 0.867456
v -0.589865 -0.616815 1.145704
vt 0.737288 0.029704
v -0.661842 -0.563208 1.177136
vt 0.748240 0.044285
v -0.659811 -0.566754 1.175599
vt 0.748039 0.043490
v -0.429599 0.843928 0.550185
vt 0.785489 0.947209
v 0.829270 0.010956 0.365136
vt 0.673553 0.393430
v -0.775984 0.426178 1.095800
vt 0.841104 0.063204
v 0.325105 -0.807129 0.110415
vt 0.097780 0.723523
v -0.724364 -0.567359 0.504693
vt 0.322023 0.260325
v -0.410139 -0.834126 0.529936
vt 0.194399 0.936553
v -0.850400 -0.502298 0.597906
vt 0.060463 0.488077
v -0.473039 -0.779142 0.659015
vt 0.338352 0.587795
v -0.480073 -0.788150 0.632340
vt 0.339183 0.582379
v -0.465832 -0.786941 0.651716
vt 0.340646 0.586699
v -0.788339 -0.602750 0.567029
vt 0.745354 0.618732
v -0.441110 0.194659 0.128424
vt 0.045900 0.605633
v -0.141280 0.178131 1.548274
vt 0.729756 0.160778
v -0.482059 0.803623 0.461616
vt 0.844958 0.959600
v 0.428583 -0.544899 1.083218
vt 0.326384 0.445708
v -0.749458 0.479606 1.167439
vt 0.094688 0.863920
v -0.389049 -0.768136 0.412613
vt 0.883348 0.163979
v -0.241832 0.248899 1.550910
vt 0.785503 0.149072
v -0.692821 0.158112 1.053517
vt 0.826161 0.009415
v -0.707328 0.180189 1.048934
vt 0.826719 0.014315
v 0.066492 -0.815460 0.346934
vt 0.106498 0.634542
v 0.055587 -0.786006 0.302656
vt 0.105051 0.624096
v -0.172979 0.698786 1.043107
vt 0.572781 0.579654
v -0.566485 -0.643176 1.211483
vt 0.519379 0.316656
v -0.752971 -0.277140 1.037421
vt 0.586686 0.913975
v -0.760399 -0.308052 1.036272
vt 0.587614 0.908409
v -0.480202 0.051665 1.235143
vt 0.885786 0.230148
v -0.421304 0.072582 1.267644
vt 0.897916 0.235952
v -0.484400 0.070786 1.257791
vt 0.885928 0.235952
v -0.679129 0.689966 0.446435
vt 0.301958 0.007781
v -0.396996 -0.426355 1.388143
vt 0.406278 0.916375
v -0.713136 -0.570464 1.216150
vt 0.197409 0.845418
v -0.388989 -0.843917 0.554034
vt 0.788430 0.967253
v -0.560012 0.029096 1.157093
vt 0.432454 0.355031
v -0.564758 0.047751 1.150405
vt 0.433621 0.358677
v -0.548893 0.043333 1.147202
vt 0.430345 0.358152
v -0.465389 0.822932 0.460682
vt 0.653256 0.936198
v -0.113456 0.667125 0.222271
vt 0.157407 0.803384
v -0.118777 0.662775 0.219973
vt 0.158661 0.803410
v 0.655753 0.500428 0.298483
vt 0.802578 0.637805
v -0.179429 0.571723 0.191794
vt 0.661256 0.933583
v -0.381167 -0.789368 0.429281
vt 0.877889 0.164505
v -0.258243 -0.825158 0.477364
vt 0.902897 0.130535
v -0.222412 -0.822112 0.468879
vt 0.906270 0.136690
v 0.520168 0.678619 0.345115
vt 0.735185 0.541470
v 0.491668 0.680945 0.317933
vt 0.727624 0.540093
v -0.748707 -0.485380 1.026581
vt 0.524553 0.963408
v -0.761096 -0.465059 1.023605
vt 0.524093 0.968024
v -0.741902 -0.503868 1.026657
vt 0.524093 0.959600
v -0.761096 -0.465059 1.023605
vt 0.993612 0.447581
v -0.735183 -0.516406 1.026729
vt 0.991481 0.447581
v -0.741902 -0.503868 1.026657
vt 0.991805 0.446816
v -0.723520 0.575126 0.505835
vt 0.420349 0.065485
v -0.750672 0.405475 0.908761
vt 0.827055 0.282722
v -0.484379 0.193329 -0.000273
vt 0.270436 0.215787
v -0.470942 0.252922 0.000855
vt 0.266448 0.226719
v -0.454819 0.299029 -0.000678
vt 0.262230 0.235038
v -0.298668 0.516320 0.149675
vt 0.472815 0.284200
v -0.328240 0.452127 0.155732
vt 0.477027 0.295272
v -0.314876 0.469402 0.159376
vt 0.474407 0.292479
v 0.163774 0.833228 0.846137
vt 0.772851 0.422967
v 0.249117 0.848895 0.742602
vt 0.765256 0.446277
v 0.948115 0.082578 0.001717
vt 0.578759 0.376743
v -0.125391 0.846355 0.516704
vt 0.927685 0.443484
v -0.322945 0.067632 1.411181
vt 0.807462 0.191137
v -0.306162 0.101016 1.460460
vt 0.799946 0.182005
v -0.777867 -0.265055 0.367852
vt 0.300626 0.112478
v -0.579583 0.632257 0.876945
vt 0.656381 0.819697
v -0.596538 0.626927 0.848493
vt 0.650393 0.817719
v -0.490382 0.768140 0.426924
vt 0.733642 0.947383
v -0.776467 -0.444702 1.228243
vt 0.763674 0.073753
v -0.170025 0.634064 0.202994
vt 0.957196 0.052008
v -0.148665 0.628337 0.211594
vt 0.956360 0.056461
v -0.230178 0.541777 0.183459
vt 0.661256 0.945006
v -0.242217 0.533477 0.177698
vt 0.661783 0.947794
v 0.768200 0.527931 0.073038
vt 0.512074 0.665777
v 0.760269 0.543344 0.045693
vt 0.516033 0.661837
v -0.045414 0.555412 1.439240
vt 0.387533 0.507253
v 0.097739 0.645941 1.229253
vt 0.335264 0.504984
v 0.066297 0.626776 1.275731
vt 0.346744 0.505420
v 0.142781 0.634764 1.225870
vt 0.330427 0.512581
v -0.915535 0.051839 0.595030
vt 0.148029 0.468656
v -0.758654 0.445041 1.024817
vt 0.827191 0.067607
v 0.058674 -0.746508 0.262716
vt 0.567200 0.668203
v 0.332489 0.553425 1.186132
vt 0.308885 0.547054
v 0.316514 0.584857 1.174953
vt 0.306924 0.540437
v -0.497209 0.640141 0.379233
vt 0.876641 0.380189
v -0.503420 0.688400 0.393174
vt 0.885708 0.377231
v -0.747555 -0.177546 1.208363
vt 0.969493 0.189215
v 0.058674 -0.746508 0.262716
vt 0.054999 0.766652
v -0.477226 0.673560 1.108062
vt 0.428594 0.484236
v -0.503007 0.650059 1.109822
vt 0.433195 0.479070
v -0.591484 0.112285 1.259459
vt 0.355144 0.820046
v -0.497856 -0.707666 0.402318
vt 0.936705 0.889153
v -0.517428 -0.610729 0.377263
vt 0.938560 0.893402
v -0.495119 -0.613691 0.374537
vt 0.919674 0.893402
v 0.123550 0.850036 0.782847
vt 0.596197 0.656381
v -0.721609 -0.550619 1.062732
vt 0.937018 0.259866
v 0.548379 -0.689146 0.438541
vt 0.928501 0.337104
v 0.519233 -0.713262 0.426523
vt 0.926798 0.329816
v 0.537006 -0.709240 0.484780
vt 0.918368 0.338099
v -0.546024 -0.735215 0.514236
vt 0.842630 0.485676
v -0.531675 -0.745074 0.513678
vt 0.842793 0.489099
v -0.410145 -0.786162 0.430360
vt 0.879473 0.159529
v -0.386863 -0.038989 1.252036
vt 0.908609 0.090073
v -0.407600 -0.280884 1.400200
vt 0.830013 0.551878
v -0.469428 0.645006 0.370322
vt 0.878482 0.385616
v -0.498989 0.597435 0.365558
vt 0.868419 0.381431
v -0.922085 -0.160808 0.420374
vt 0.359855 0.178447
v -0.778637 0.300910 1.089970
vt 0.111044 0.899027
v -0.399453 0.850631 0.562030
vt 0.486871 0.642889
v -0.131448 -0.669984 0.236713
vt 0.713070 0.663850
v -0.140459 -0.472645 1.524074
vt 0.624915 0.310787
v -0.727368 0.690439 0.601811
vt 0.436797 0.592335
v 0.472368 -0.746823 0.138755
vt 0.129007 0.727078
v -0.845838 0.287100 0.495996
vt 0.516048 0.549968
v -0.859488 0.185532 0.491706
vt 0.495583 0.548057
v -0.765703 -0.633195 0.565418
vt 0.509906 0.035556
v -0.755299 -0.654750 0.577366
vt 0.514602 0.037028
v -0.525575 -0.746571 0.510078
vt 0.643023 0.982689
v -0.531675 -0.745074 0.513678
vt 0.644080 0.983629
v -0.363751 -0.398449 0.155994
vt 0.716056 0.592858
v -0.329828 -0.451407 0.164359
vt 0.715479 0.604853
v -0.373696 -0.376725 0.151831
vt 0.494382 0.932171
v -0.570973 -0.261887 0.213538
vt 0.692901 0.549263
v -0.536792 -0.266046 0.192588
vt 0.699465 0.553505
v 0.767875 0.305754 0.340290
vt 0.465265 0.712702
v 0.100799 -0.858399 0.694557
vt 0.281733 0.682897
v -0.409928 0.407527 -0.000454
vt 0.956360 0.086301
v -0.440151 0.339475 -0.000453
vt 0.969913 0.086301
v -0.429648 0.365764 0.000486
vt 0.964775 0.086584
v -0.346995 0.485196 0.087749
vt 0.642939 0.062336
v -0.199836 0.610695 0.183993
vt 0.768141 0.967425
v -0.373745 0.816591 0.456863
vt 0.217507 0.959600
v -0.378500 0.805610 0.441091
vt 0.217219 0.963448
v -0.027923 -0.780281 0.311959
vt 0.089275 0.623919
v -0.598525 -0.612209 1.149360
vt 0.178991 0.898676
v -0.661821 0.487699 0.392929
vt 0.276993 0.257793
v -0.622652 0.508215 0.388269
vt 0.269294 0.261669
v 0.235343 0.310653 1.403257
vt 0.787657 0.106188
v 0.233691 0.266307 1.413112
vt 0.779564 0.102606
v -0.414142 0.669439 1.141730
vt 0.542080 0.543033
v -0.460705 0.665115 1.164417
vt 0.536497 0.535621
v -0.320020 0.137261 1.473615
vt 0.801561 0.174486
v -0.840443 0.513734 0.559661
vt 0.542555 0.067085
v -0.447857 -0.780997 0.670269
vt 0.981076 0.829465
v -0.436092 -0.782217 0.676763
vt 0.981786 0.831841
v -0.446860 -0.773556 0.688181
vt 0.978227 0.831841
v -0.525667 -0.691754 0.802908
vt 0.314956 0.613298
v -0.446860 -0.773556 0.688181
vt 0.340890 0.594450
v -0.405295 -0.789414 0.677044
vt 0.349742 0.593963
v 0.658512 0.562172 0.391278
vt 0.902904 0.243977
v -0.825571 0.508264 0.623044
vt 0.253584 0.469899
v -0.414477 -0.848176 0.522213
vt 0.983019 0.223228
v -0.324694 0.467127 1.450110
vt 0.627794 0.932171
v -0.374874 0.481959 1.372948
vt 0.633724 0.947542
v -0.380355 0.434454 1.396451
vt 0.623283 0.947542
v -0.888656 0.323583 0.407159
vt 0.519035 0.948865
v -0.118007 -0.691348 0.205508
vt 0.956360 0.102235
v -0.308376 0.318092 1.512364
vt 0.802618 0.138486
v 0.413954 -0.217048 1.284632
vt 0.370686 0.385320
v -0.208484 0.467630 1.520787
vt 0.614921 0.486243
v -0.644871 -0.295054 0.287630
vt 0.765625 0.233916
v -0.570973 -0.261887 0.213538
vt 0.746497 0.241086
v -0.644871 -0.295054 0.287630
vt 0.672015 0.546972
v -0.651362 -0.565655 0.866372
vt 0.278308 0.620018
v -0.487749 -0.831717 0.491682
vt 0.993222 0.246857
v -0.489213 -0.828716 0.487691
vt 0.994193 0.247061
v -0.482577 -0.835667 0.498139
vt 0.991482 0.247061
v -0.652517 -0.701918 0.487164
vt 0.228420 0.591188
v -0.532751 -0.079357 1.261009
vt 0.817108 0.797092
v -0.424108 -0.821198 0.476594
vt 0.245074 0.934050
v -0.433206 -0.839048 0.479404
vt 0.248528 0.932171
v -0.753267 -0.363124 0.915978
vt 0.219150 0.921114
v -0.139640 0.685102 0.180416
vt 0.781417 0.078468
v -0.204461 0.654898 0.096792
vt 0.797671 0.092210
v -0.464179 -0.670252 1.111571
vt 0.716214 0.011839
v -0.501625 -0.643220 1.113638
vt 0.721610 0.019248
v -0.680900 0.715465 0.624450
vt 0.446627 0.595941
v -0.761014 0.212921 1.214114
vt 0.918368 0.550898
v -0.486805 0.373674 0.212030
vt 0.065906 0.575601
v -0.694587 -0.610583 1.016993
vt 0.878839 0.615148
v -0.344898 -0.032106 1.339957
vt 0.918368 0.306877
v -0.341771 -0.020890 1.312267
vt 0.922821 0.303509
v -0.358323 -0.004357 1.198748
vt 0.944187 0.296352
v -0.770152 0.382986 1.101044
vt 0.107808 0.883261
v 0.172804 0.851066 0.430301
vt 0.706622 0.469494
v -0.297153 0.060823 1.426521
vt 0.038058 0.917452
v -0.418314 -0.830136 0.500220
vt 0.216772 0.932171
v -0.484669 -0.799738 0.611639
vt 0.928266 0.841281
v -0.676540 -0.576402 1.246427
vt 0.697443 0.871960
v -0.647434 -0.603000 1.235082
vt 0.697057 0.880006
v -0.520916 0.702728 0.407721
vt 0.111221 0.519431
v -0.453982 0.013902 1.142874
vt 0.451111 0.937365
v 0.161077 0.474509 1.379473
vt 0.361226 0.542913
v -0.525394 -0.099735 1.283875
vt 0.811332 0.795305
v -0.422942 0.827821 0.478400
vt 0.923397 0.508158
v 0.661431 0.576204 0.437080
vt 0.656809 0.506425
v -0.081676 -0.696312 0.235491
vt 0.959678 0.558435
v -0.080743 -0.712062 0.219362
vt 0.959114 0.562713
v -0.067666 -0.703856 0.243233
vt 0.956360 0.558435
v 0.653417 -0.537656 0.348570
vt 0.751462 0.787911
v -0.179374 0.691441 -0.001597
vt 0.918368 0.569573
v -0.830740 0.361028 0.649045
vt 0.208434 0.459816
v 0.750304 0.373764 0.314707
vt 0.479314 0.709413
v -0.696195 0.625014 0.494323
vt 0.918368 0.188111
v -0.690954 0.618818 0.503358
vt 0.918442 0.185703
v 0.435073 -0.767980 0.448629
vt 0.179225 0.650297
v -0.541539 0.671937 0.832632
vt 0.490594 0.574496
v -0.488959 0.685031 0.858685
vt 0.501867 0.576808
v 0.784561 0.274589 0.652714
vt 0.431387 0.277083
v 0.788439 0.174377 0.710873
vt 0.453885 0.278490
v 0.741024 0.362084 0.335250
vt 0.477271 0.713866
v -0.684012 0.630174 0.505950
vt 0.407496 0.065616
v -0.696369 0.181785 0.948708
vt 0.882879 0.426505
v -0.693048 0.164186 0.958339
vt 0.879120 0.425806
v -0.500555 -0.783043 0.448867
vt 0.982029 0.719425
v -0.511664 -0.802495 0.455474
vt 0.978227 0.721972
v -0.519008 -0.788891 0.448833
vt 0.978227 0.718916
v 0.100430 -0.861364 0.637093
vt 0.281709 0.694125
v -0.082382 -0.844819 0.583713
vt 0.313507 0.705742
v -0.824090 0.473484 0.626512
vt 0.918368 0.745465
v -0.862320 0.370032 0.618016
vt 0.939797 0.745465
v -0.847661 0.411221 0.623332
vt 0.931290 0.745841
v -0.311280 0.823850 0.474614
vt 0.601577 0.936628
v -0.310188 0.827841 0.493794
vt 0.601439 0.932724
v -0.125360 0.837966 0.462533
vt 0.555635 0.751187
v -0.445391 0.775680 0.428009
vt 0.938213 0.508666
v -0.408008 0.823865 0.450617
vt 0.144461 0.516264
v -0.519659 0.649263 1.113790
vt 0.436533 0.478543
v -0.532084 0.673306 1.121498
vt 0.439650 0.482966
v -0.500303 0.677341 1.114065
vt 0.433334 0.484465
v -0.517130 0.828648 0.525601
vt 0.356993 0.066469
v -0.773403 0.418611 1.122141
vt 0.845418 0.061105
v -0.604538 0.790394 0.588583
vt 0.878929 0.177361
v -0.628918 0.778760 0.583383
vt 0.874356 0.180035
v 0.708145 0.424514 0.317468
vt 0.491071 0.713434
v 0.732040 0.377558 0.332658
vt 0.480699 0.714142
v -0.417048 -0.837816 0.516388
vt 0.982421 0.515453
v -0.364412 0.487512 0.000644
vt 0.659841 0.065373
v -0.687669 -0.568250 1.030745
vt 0.516093 0.963004
v -0.706058 -0.549991 1.029451
vt 0.515932 0.968064
v -0.676294 -0.581448 1.032139
vt 0.515932 0.959600
v -0.453343 0.755506 0.417272
vt 0.899969 0.384364
v -0.669380 0.669712 0.671144
vt 0.453427 0.585454
v -0.285223 -0.635032 1.192905
vt 0.557222 0.277174
v -0.252263 -0.658023 1.148172
vt 0.555201 0.265561
v -0.322979 0.547847 0.000210
vt 0.886325 0.896583
v 0.658512 0.562172 0.391278
vt 0.665865 0.504128
v 0.092993 0.865246 0.637485
vt 0.730791 0.433643
v 0.113665 0.862040 0.706981
vt 0.744308 0.429195
v -0.348073 0.510258 -0.001120
vt 0.894818 0.895828
v -0.456225 0.825414 0.587091
vt 0.877268 0.301028
v -0.442059 0.823229 0.621890
vt 0.870378 0.300341
v -0.475620 0.853529 0.540690
vt 0.100739 0.951021
v -0.322945 0.067632 1.411181
vt 0.041445 0.922074
v 0.580145 0.681004 0.478946
vt 0.084438 0.936951
v 0.604539 0.653153 0.509502
vt 0.092095 0.932171
v 0.501248 0.753273 0.000178
vt 0.066233 0.358357
v 0.468369 0.767766 -0.001574
vt 0.059243 0.358694
v 0.732040 0.377558 0.332658
vt 0.956360 0.932874
v 0.708145 0.424514 0.317468
vt 0.966641 0.932874
v 0.718642 0.403939 0.328419
vt 0.961871 0.933670
v -0.537055 0.589943 0.379868
vt 0.093211 0.529954
v -0.701392 -0.524477 1.189890
vt 0.753576 0.054041
v -0.698118 -0.582495 1.194565
vt 0.756639 0.042905
v -0.717370 -0.151877 0.983471
vt 0.294620 0.791911
v -0.535945 -0.810449 0.475768
vt 0.900191 0.495409
v -0.400637 0.686878 0.353333
vt 0.883947 0.452243
v 0.482778 -0.756169 0.559966
vt 0.204221 0.706958
v -0.441305 -0.001274 1.158910
vt 0.908563 0.028785
v -0.294902 -0.828203 0.533859
vt 0.928963 0.390529
v -0.866502 0.130611 0.479059
vt 0.943169 0.499450
v -0.577760 -0.627037 0.906239
vt 0.863920 0.599356
v -0.409642 0.260231 1.393608
vt 0.465227 0.863920
v -0.408105 0.300950 1.399841
vt 0.464706 0.871792
v 0.828369 -0.146891 0.391395
vt 0.669055 0.780441
v -0.218328 0.838449 0.529483
vt 0.568755 0.768448
v -0.461383 -0.793761 0.435212
vt 0.248374 0.945586
v -0.469924 -0.771376 0.426137
vt 0.246962 0.950094
v -0.624341 -0.771886 0.605383
vt 0.018797 0.912650
v 0.181865 -0.779640 0.969725
vt 0.585715 0.177052
v -0.334882 0.812805 0.453459
vt 0.259525 0.982535
v -0.331108 0.823370 0.477453
vt 0.260388 0.977693
v -0.330572 0.810409 0.442582
vt 0.260388 0.984607
v 0.450658 -0.355445 1.189968
vt 0.346998 0.408788
v -0.426440 0.852379 0.498197
vt 0.887266 0.193390
v -0.167706 0.776673 0.830505
vt 0.552434 0.617549
v -0.190817 0.814766 0.693988
vt 0.535002 0.638347
v -0.354066 0.819651 0.624946
vt 0.500833 0.634679
v -0.564758 0.047751 1.150405
vt 0.010347 0.782520
v -0.558694 0.804633 0.578640
vt 0.888369 0.176145
v -0.720257 -0.683715 0.622403
vt 0.021315 0.469899
v -0.779410 -0.602547 0.622421
vt 0.039054 0.476520
v -0.748442 -0.660728 0.608101
vt 0.026514 0.475354
v -0.559263 0.643110 1.050318
vt 0.760586 0.887937
v -0.808466 -0.570503 0.600976
vt 0.263031 0.562201
v -0.833358 -0.530811 0.569674
vt 0.255661 0.554843
v -0.850400 -0.502298 0.597906
vt 0.248709 0.559509
v -0.357395 -0.834919 0.597705
vt 0.873674 0.322837
v -0.750309 0.487813 1.023578
vt 0.826161 0.075500
v -0.460479 0.140244 0.127743
vt 0.880184 0.906693
v -0.162223 0.653705 0.197278
vt 0.625947 0.014256
v -0.431575 0.588896 0.330573
vt 0.106091 0.548418
v -0.398277 0.818168 0.448709
vt 0.145014 0.517979
v -0.729043 0.484668 1.196923
vt 0.476038 0.441133
v -0.733533 0.472938 1.197538
vt 0.476687 0.438724
v -0.614475 0.612462 1.153397
vt 0.455258 0.469026
v -0.632818 0.603001 1.160534
vt 0.458819 0.466728
v -0.638206 0.076746 0.210512
vt 0.759638 0.307749
v -0.672234 0.043308 0.236332
vt 0.766660 0.301315
v -0.665553 -0.481332 1.291782
vt 0.819163 0.235514
v -0.535767 0.040261 1.145378
vt 0.427667 0.357825
v -0.362034 0.004649 1.182006
vt 0.631887 0.911243
v -0.637027 0.089733 1.066115
vt 0.029385 0.769037
v -0.645975 0.098291 1.063929
vt 0.030165 0.766731
v -0.745019 -0.500900 0.953117
vt 0.252906 0.632958
v -0.354066 0.819651 0.624946
vt 0.830901 0.932171
v -0.453517 -0.006180 1.145700
vt 0.078764 0.918960
v -0.856685 -0.217166 0.495080
vt 0.956360 0.013989
v -0.861689 -0.148766 0.487780
vt 0.970167 0.013989
v -0.858460 -0.181544 0.490749
vt 0.963543 0.014168
v -0.504371 0.763070 0.431604
vt 0.246907 0.310390
v -0.522242 0.801096 0.452212
vt 0.250733 0.317688
v -0.506139 0.800074 0.449597
vt 0.247576 0.317454
v 0.461863 -0.661666 0.278080
vt 0.178980 0.969167
v 0.487688 -0.651129 0.276289
vt 0.178090 0.963812
v -0.511664 -0.802495 0.455474
vt 0.807459 0.946904
v -0.573548 0.639171 1.046406
vt 0.011586 0.627735
v -0.559263 0.643110 1.050318
vt 0.012081 0.630575
v -0.498357 0.672792 1.067220
vt 0.011896 0.643719
v -0.769835 0.245121 1.219173
vt 0.169752 0.965266
v -0.775602 0.273848 1.221995
vt 0.169990 0.959600
v -0.764477 0.225643 1.215610
vt 0.169990 0.969220
v -0.062375 0.837193 0.705438
vt 0.532039 0.793516
v -0.432731 0.652902 0.356773
vt 0.934307 0.407818
v 0.316281 -0.813274 0.087290
vt 0.095392 0.719660
v -0.302618 0.003588 1.299605
vt 0.090132 0.959600
v 0.764728 -0.217833 0.754156
vt 0.249272 0.366022
v 0.759677 -0.349561 0.704735
vt 0.237540 0.390755
v 0.782938 -0.263861 0.663500
vt 0.231667 0.373948
v 0.798461 -0.168196 0.679905
vt 0.235846 0.355343
v -0.767167 0.496422 0.500692
vt 0.437038 0.063234
v -0.776291 0.457676 1.227583
vt 0.547991 0.948502
v -0.442059 0.823229 0.621890
vt 0.276343 0.932171
v -0.658849 0.131005 1.171610
vt 0.700232 0.977693
v -0.374458 -0.473868 1.376488
vt 0.968154 0.506446
v -0.383476 -0.417726 1.399855
vt 0.956360 0.506446
v -0.388153 -0.432051 1.389809
vt 0.959490 0.504923
v -0.354794 -0.847673 0.538703
vt 0.013571 0.959600
v -0.636473 -0.623357 0.986792
vt 0.870024 0.624524
v -0.666327 -0.627719 1.024942
vt 0.872410 0.615452
v 0.552751 -0.223051 1.111273
vt 0.328018 0.378387
v -0.441305 0.851826 0.566463
vt 0.507468 0.984086
v -0.444816 0.851178 0.571318
vt 0.506782 0.983178
v -0.442832 0.838616 0.598078
vt 0.507468 0.977693
v -0.687579 -0.624193 0.511218
vt 0.978227 0.014447
v -0.677220 -0.633281 0.508050
vt 0.979016 0.012583
v -0.652709 -0.665732 0.516340
vt 0.983417 0.014447
v -0.300456 0.826536 0.486431
vt 0.603403 0.934121
v -0.418549 0.820062 0.462604
vt 0.142921 0.513655
v -0.426410 0.823793 0.468338
vt 0.142514 0.511712
v -0.589737 0.773375 0.618854
vt 0.978227 0.193838
v -0.579277 0.789217 0.603443
vt 0.983072 0.193838
v -0.588691 0.780314 0.604245
vt 0.981095 0.195282
v 0.478364 0.655079 0.275025
vt 0.562767 0.066743
v -0.184782 0.627327 0.193926
vt 0.173284 0.802249
v -0.395268 0.847157 0.580071
vt 0.932622 0.279720
v -0.453677 -0.817837 0.451831
vt 0.187215 0.977693
v -0.558016 -0.724914 0.507469
vt 0.431446 0.959600
v -0.050049 -0.348999 1.550911
vt 0.459990 0.438961
v -0.071248 -0.388830 1.549193
vt 0.460727 0.447679
v -0.249165 -0.612792 0.091424
vt 0.632489 0.700198
v -0.283449 -0.595152 0.002590
vt 0.640522 0.717246
v -0.703458 -0.171815 1.261202
vt 0.888599 0.811759
v -0.686125 -0.141805 1.256821
vt 0.895710 0.811415
v -0.619796 0.622032 1.229169
vt 0.867416 0.017006
v -0.564839 0.606097 1.239339
vt 0.873478 0.007748
v -0.373696 -0.376725 0.151831
vt 0.956360 0.208451
v -0.526596 0.661879 1.166735
vt 0.460947 0.814258
v -0.651628 -0.572913 1.172737
vt 0.993266 0.048727
v -0.659811 -0.566754 1.175599
vt 0.991481 0.047777
v -0.652852 -0.579307 1.166398
vt 0.994687 0.047777
v 0.341224 0.636263 1.086598
vt 0.418617 0.138054
v 0.404740 0.509460 1.145136
vt 0.445604 0.148639
v 0.394880 0.573909 1.096139
vt 0.429866 0.148382
v 0.316514 0.584857 1.174953
vt 0.436408 0.128039
v -0.774278 0.393055 0.942407
vt 0.834633 0.279427
v -0.241832 0.248899 1.550910
vt 0.064889 0.881129
v -0.217128 0.277805 1.561261
vt 0.066729 0.874037
v -0.398963 -0.376869 1.401149
vt 0.966994 0.820538
v -0.391744 -0.320821 1.411608
vt 0.956360 0.820538
v -0.404349 -0.352912 1.402681
vt 0.962790 0.818811
v -0.156811 0.647879 0.205581
vt 0.960148 0.632162
v -0.118777 0.662775 0.219973
vt 0.967472 0.628795
v -0.081792 0.841667 0.449019
vt 0.969119 0.242919
v -0.090505 0.847883 0.480467
vt 0.963830 0.246615
v -0.058385 0.850865 0.510666
vt 0.956360 0.242919
v -0.398989 -0.674703 1.087133
vt 0.016530 0.951499
v -0.429648 0.365764 0.000486
vt 0.656963 0.092186
v -0.769775 -0.262356 1.005380
vt 0.287133 0.814905
v -0.497234 0.820442 0.575466
vt 0.471969 0.629575
v -0.865705 -0.117498 0.488653
vt 0.918368 0.622612
v -0.418730 -0.824034 0.588142
vt 0.881198 0.749075
v -0.421255 -0.817204 0.602726
vt 0.878129 0.748582
v 0.576801 0.568104 0.289386
vt 0.559832 0.041649
v 0.569154 0.576221 0.285398
vt 0.560621 0.043798
v -0.468110 0.850013 0.514236
vt 0.891474 0.297421
v -0.711956 0.595325 0.681183
vt 0.253363 0.447156
v -0.741252 0.595538 0.647497
vt 0.251931 0.455758
v -0.578019 -0.721714 0.503514
vt 0.884516 0.735893
v -0.699984 -0.665672 0.466339
vt 0.324570 0.280931
v -0.463897 -0.021703 1.134013
vt 0.234675 0.977693
v -0.532309 -0.032779 1.144748
vt 0.879700 0.549247
v -0.493546 -0.025294 1.139136
vt 0.887292 0.549894
v 0.396995 0.677533 0.978903
vt 0.400454 0.155076
v -0.453842 0.800646 0.628568
vt 0.869245 0.305325
v -0.448245 0.790296 0.655822
vt 0.863920 0.306767
v 0.437274 0.532554 1.087005
vt 0.435675 0.158041
v 0.158337 0.696841 1.137057
vt 0.637580 0.594229
v -0.281979 0.229704 1.529448
vt 0.065832 0.890684
v -0.316976 -0.594489 1.269156
vt 0.834642 0.896816
v -0.285223 -0.635032 1.192905
vt 0.821604 0.909511
v 0.618684 0.542910 0.294588
vt 0.245951 0.959600
v -0.341682 -0.831986 0.534732
vt 0.881372 0.962353
v -0.330884 -0.828739 0.511108
vt 0.879338 0.967103
v -0.330619 -0.833536 0.548951
vt 0.879338 0.959600
v -0.169580 -0.591437 0.212044
vt 0.962743 0.696103
v -0.202844 -0.565647 0.199212
vt 0.967153 0.689363
v -0.167648 -0.576570 0.202896
vt 0.966020 0.696352
v -0.442832 0.838616 0.598078
vt 0.565383 0.948316
v -0.487849 0.780330 0.653530
vt 0.614030 0.959600
v 0.728450 0.485791 0.550712
vt 0.634630 0.486356
v -0.731253 0.677749 0.615618
vt 0.533646 0.028117
v 0.760000 -0.524071 0.113538
vt 0.692554 0.377365
v 0.813720 -0.467077 0.057728
vt 0.703261 0.392234
v 0.894725 0.311464 0.064380
vt 0.566050 0.422162
v 0.896062 0.286799 0.111773
vt 0.556962 0.417189
v -0.934597 -0.036094 0.393494
vt 0.451850 0.007972
v -0.752971 -0.277140 1.037421
vt 0.855774 0.408793
v -0.418314 -0.830136 0.500220
vt 0.981627 0.120280
v -0.414764 -0.827013 0.492183
vt 0.983238 0.121016
v -0.414512 -0.833011 0.518066
vt 0.978227 0.121016
v -0.423170 0.105322 1.300522
vt 0.837542 0.190688
v -0.845854 -0.440504 0.416628
vt 0.369724 0.192976
v -0.880855 -0.266879 0.614288
vt 0.115557 0.330995
v -0.889187 -0.218768 0.611440
vt 0.124996 0.333192
v -0.908889 -0.234310 0.603162
vt 0.121819 0.336895
v -0.456312 -0.858785 0.529780
vt 0.940996 0.959600
v -0.505690 0.788759 0.499081
vt 0.889372 0.967145
v -0.614608 -0.060772 1.068238
vt 0.240660 0.920689
v -0.654259 -0.078741 1.058215
vt 0.235635 0.913704
v -0.636036 -0.081712 1.066419
vt 0.239105 0.914945
v 0.815096 0.457496 0.084901
vt 0.562408 0.452452
v -0.857779 -0.362209 0.521098
vt 0.453444 0.031970
v -0.778490 0.475594 0.500201
vt 0.441393 0.062745
v -0.783838 0.463034 0.496665
vt 0.443913 0.061812
v -0.254042 -0.367826 1.539223
vt 0.791837 0.573361
v -0.317100 -0.471190 1.452691
vt 0.603870 0.839232
v -0.358170 -0.530643 1.340116
vt 0.837542 0.602109
v -0.438156 0.676444 1.104636
vt 0.441296 0.806825
v -0.412024 -0.835782 0.543902
vt 0.890157 0.749486
v -0.483635 0.856408 0.520867
vt 0.451819 0.984151
v -0.476517 0.847703 0.552725
vt 0.451819 0.977693
v -0.475620 0.853529 0.540690
vt 0.452651 0.980162
v -0.748089 -0.525424 1.217744
vt 0.206886 0.959600
v -0.720670 -0.566358 1.206289
vt 0.206886 0.969157
v -0.729574 -0.555266 1.211841
vt 0.206404 0.966308
v -0.396045 0.842267 0.480209
vt 0.683463 0.967609
v -0.388273 0.852136 0.520127
vt 0.683463 0.959600
v -0.390415 0.844304 0.485865
vt 0.684307 0.966261
v -0.609084 -0.053648 1.100607
vt 0.848905 0.356155
v -0.636036 -0.081712 1.066419
vt 0.854827 0.364127
v -0.693406 -0.154551 1.054314
vt 0.855399 0.382064
v -0.715118 -0.141379 1.039657
vt 0.284083 0.788443
v -0.937875 -0.134051 0.572653
vt 0.133811 0.498849
v -0.708321 -0.319098 0.904621
vt 0.582105 0.965691
v -0.714356 -0.331609 0.906237
vt 0.580816 0.967849
v -0.709830 -0.287236 0.915941
vt 0.580816 0.959600
v 0.141038 0.794970 0.309856
vt 0.212667 0.596922
v 0.439288 0.387793 1.188179
vt 0.470017 0.157421
v -0.628887 -0.082046 1.166942
vt 0.835386 0.361427
v 0.328448 0.721780 0.269712
vt 0.700953 0.518563
v 0.300080 0.730254 0.268953
vt 0.697511 0.513888
v 0.576104 -0.567334 0.293415
vt 0.945162 0.076115
v 0.511721 -0.628498 0.280065
vt 0.946453 0.058730
v 0.541137 -0.601400 0.283463
vt 0.946162 0.066465
v 0.126270 0.166725 1.452911
vt 0.337824 0.733651
v -0.297946 -0.798267 0.415222
vt 0.037575 0.639056
v -0.356352 0.848679 0.560861
vt 0.871430 0.574284
v -0.369068 0.836157 0.557238
vt 0.872680 0.577419
v -0.368997 0.833098 0.578286
vt 0.868730 0.578567
v 0.779489 -0.483734 0.138261
vt 0.687798 0.385977
v -0.585162 -0.792443 0.594561
vt 0.017532 0.921178
v 0.752495 -0.351477 0.353583
vt 0.710592 0.787278
v 0.576801 0.568104 0.289386
vt 0.803248 0.658279
v -0.300433 0.670635 0.328574
vt 0.887430 0.472524
v -0.289659 0.714288 0.343055
vt 0.896105 0.471493
v -0.254392 0.724454 0.338349
vt 0.900263 0.477548
v 0.325105 -0.807129 0.110415
vt 0.727382 0.347391
v -0.733367 -0.407904 1.290589
vt 0.231765 0.840783
v -0.365706 0.837906 0.510555
vt 0.307378 0.959600
v -0.105978 0.674664 0.227741
vt 0.104548 0.977693
v -0.676255 0.309624 0.311299
vt 0.278306 0.223847
v -0.732130 0.274625 0.343269
vt 0.289895 0.217049
v -0.128207 -0.573166 1.412664
vt 0.605778 0.288603
v -0.623254 0.607703 1.156779
vt 0.456957 0.467881
v -0.760187 -0.338594 1.034433
vt 0.587719 0.902565
v -0.933997 -0.002738 0.414732
vt 0.445756 0.011629
v -0.689162 -0.310983 1.294567
vt 0.809072 0.267342
v -0.739421 -0.353250 1.290256
vt 0.800800 0.257669
v -0.733367 -0.407904 1.290589
vt 0.803746 0.247391
v -0.322370 0.812847 0.427923
vt 0.600399 0.946234
v -0.322370 0.812847 0.427923
vt 0.709737 0.959600
v 0.357371 -0.798356 0.433480
vt 0.229385 0.732399
v -0.771948 -0.243706 1.024701
vt 0.041278 0.769055
v -0.774849 -0.285417 1.001126
vt 0.043852 0.776883
v 0.293206 0.812360 0.108257
vt 0.076591 0.772568
v 0.241240 0.816092 0.112046
vt 0.086089 0.772440
v -0.482558 -0.837157 0.547802
vt 0.883821 0.503970
v -0.477662 -0.839769 0.564298
vt 0.880823 0.504843
v 0.140499 0.100951 1.415119
vt 0.336851 0.747202
v -0.399363 -0.851122 0.552816
vt 0.889367 0.753465
v -0.479816 -0.803033 0.450489
vt 0.246549 0.006744
v 0.295252 0.787431 0.177453
vt 0.576045 0.112302
v 0.257785 0.802643 0.155586
vt 0.577912 0.120531
v -0.319165 0.732364 0.357313
vt 0.897483 0.464541
v 0.189860 0.755191 0.263675
vt 0.683945 0.496474
v -0.881159 -0.083440 0.633990
vt 0.124209 0.454304
v -0.463268 0.845528 0.544431
vt 0.852958 0.959600
v -0.459912 0.849014 0.538017
vt 0.854090 0.960544
v -0.775445 -0.624254 0.604943
vt 0.034446 0.478853
v 0.838673 -0.431434 0.003777
vt 0.713681 0.400644
v -0.495663 -0.139611 0.002009
vt 0.534236 0.404041
v 0.441451 0.676077 0.273529
vt 0.805383 0.692191
v 0.413555 0.693741 0.272778
vt 0.806035 0.698389
v 0.428846 0.685038 0.274246
vt 0.805424 0.695092
v -0.471158 -0.844598 0.518944
vt 0.332096 0.932171
v -0.686173 -0.589229 0.973499
vt 0.271603 0.639825
v -0.589478 0.624357 1.141745
vt 0.897220 0.393848
v 0.556768 0.670462 0.398154
vt 0.778811 0.671415
v 0.525736 0.696191 0.386054
vt 0.780294 0.679697
v -0.631279 0.680874 0.501847
vt 0.004000 0.985124
v -0.660321 0.654050 0.504115
vt 0.004000 0.977693
v -0.644394 0.670253 0.507700
vt 0.004965 0.981987
v -0.662536 0.569503 1.173852
vt 0.464249 0.459405
v -0.416817 0.267108 0.134029
vt 0.123694 0.969355
v -0.243787 0.575429 0.159380
vt 0.936932 0.153562
v -0.212880 0.620599 0.154376
vt 0.946834 0.154643
v -0.298668 0.516320 0.149675
vt 0.922473 0.156259
v -0.306582 0.829985 0.564826
vt 0.709488 0.939144
v -0.310343 0.830518 0.523013
vt 0.709114 0.947341
v -0.670620 0.514302 0.847635
vt 0.614366 0.085089
v 0.283875 0.775617 0.935651
vt 0.263567 0.499428
v -0.420121 -0.669813 0.363574
vt 0.819818 0.932171
v -0.433287 -0.598782 0.338067
vt 0.816580 0.946867
v -0.422028 -0.626908 0.343220
vt 0.816434 0.940910
v -0.440519 0.834779 0.500204
vt 0.887861 0.197678
v -0.445005 0.605520 0.345017
vt 0.106902 0.543674
v -0.826858 -0.524647 0.555186
vt 0.486207 0.037636
v -0.565704 -0.723401 0.514267
vt 0.842154 0.481197
v -0.536792 -0.266046 0.192588
vt 0.739503 0.240149
v 0.735480 -0.572394 0.002647
vt 0.267821 0.950094
v -0.823738 -0.415573 0.646699
vt 0.061769 0.434272
v -0.821768 -0.476861 0.628254
vt 0.049269 0.434632
v -0.691153 -0.336902 0.329659
vt 0.776424 0.225579
v -0.747033 -0.353582 0.375258
vt 0.789294 0.222178
v -0.777867 -0.265055 0.367852
vt 0.792908 0.240252
v 0.025659 0.787560 0.093764
vt 0.797873 0.041945
v 0.279128 -0.819388 0.074414
vt 0.734400 0.338199
v 0.338484 -0.809849 0.003883
vt 0.748060 0.349618
v 0.015589 0.627108 1.294336
vt 0.355133 0.499164
v -0.033726 0.578279 1.402448
vt 0.379412 0.504109
v -0.607293 0.751804 0.475651
vt 0.284257 0.012691
v -0.480202 0.051665 1.235143
vt 0.336084 0.835478
v 0.224376 0.771757 0.230368
vt 0.088853 0.796448
v 0.189860 0.755191 0.263675
vt 0.095413 0.803410
v 0.189860 0.755191 0.263675
vt 0.551941 0.124712
v 0.224376 0.771757 0.230368
vt 0.561171 0.121345
v -0.111565 -0.413153 1.550232
vt 0.567957 0.811042
v -0.067296 0.722416 0.213538
vt 0.774911 0.062922
v -0.688614 -0.118223 1.051446
vt 0.233725 0.903533
v -0.728795 -0.217808 1.044005
vt 0.236933 0.882488
v -0.724431 -0.207063 1.045149
vt 0.236593 0.884757
v -0.862320 0.370032 0.618016
vt 0.208810 0.468629
v -0.415084 0.157001 1.350022
vt 0.831946 0.178138
v -0.163013 -0.657686 0.194911
vt 0.967225 0.102235
v -0.189511 0.203976 1.554961
vt 0.730048 0.171517
v -0.901714 0.317868 0.595518
vt 0.532975 0.106115
v -0.877202 -0.003155 0.488239
vt 0.918474 0.497818
v 0.546808 0.597850 0.281438
vt 0.803614 0.666850
v 0.504365 0.636727 0.275843
vt 0.803772 0.678258
v -0.521326 -0.800827 0.460023
vt 0.784614 0.980413
v -0.534694 -0.807274 0.463096
vt 0.786059 0.977809
v -0.519008 -0.788891 0.448833
vt 0.786059 0.983277
v -0.584598 -0.018704 1.051534
vt 0.028275 0.037262
v -0.754076 -0.592042 0.634757
vt 0.027367 0.421085
v -0.253601 -0.610139 0.242800
vt 0.918368 0.429153
v -0.147530 -0.679914 0.246674
vt 0.943690 0.429153
v -0.192376 -0.662333 0.251123
vt 0.934216 0.431254
v 0.010366 -0.735946 0.260147
vt 0.576145 0.668678
v 0.029701 -0.740788 0.259468
vt 0.572509 0.668829
v -0.537055 0.589943 0.379868
vt 0.252419 0.277276
v -0.518178 0.683475 0.399688
vt 0.249016 0.295213
v -0.483635 0.856408 0.520867
vt 0.962270 0.764062
v -0.361337 0.678577 1.108092
vt 0.547611 0.552983
v -0.249034 -0.631501 0.003036
vt 0.251407 0.984647
v -0.222290 -0.656552 0.002578
vt 0.251407 0.977693
v -0.236951 -0.643298 0.003336
vt 0.251525 0.981445
v -0.877419 -0.003976 0.477312
vt 0.940965 0.622963
v -0.862213 -0.410832 0.440052
vt 0.349319 0.227782
v 0.437884 0.134323 1.276524
vt 0.379406 0.319892
v 0.465831 -0.131088 1.244561
vt 0.361705 0.366477
v -0.314079 -0.810443 0.446354
vt 0.367391 0.932171
v -0.313654 -0.806069 0.436430
vt 0.367045 0.934212
v -0.506165 -0.741262 0.426407
vt 0.250902 0.018950
v -0.695842 0.214026 0.313007
vt 0.282355 0.205378
v -0.796680 -0.392218 1.008763
vt 0.170210 0.890019
v -0.424342 -0.807390 0.622082
vt 0.874036 0.747892
v 0.208019 -0.849406 0.446892
vt 0.133178 0.656041
v -0.865014 -0.389420 0.411119
vt 0.318723 0.088397
v -0.142565 0.831962 0.638178
vt 0.863920 0.441623
v -0.479234 0.653547 1.074981
vt 0.016963 0.645528
v -0.771295 -0.487895 0.504623
vt 0.982702 0.437600
v -0.760399 -0.308052 1.036272
vt 0.240660 0.863920
v -0.752971 -0.277140 1.037421
vt 0.238793 0.869954
v -0.757398 -0.290636 1.037106
vt 0.239406 0.867196
v -0.494879 -0.839253 0.516096
vt 0.890230 0.503483
v -0.486701 -0.851949 0.522609
vt 0.888763 0.506411
v -0.488104 -0.839615 0.532009
vt 0.886999 0.504031
v -0.469375 -0.817038 0.462228
vt 0.960013 0.350435
v -0.555717 0.185502 0.179026
vt 0.030454 0.586748
v 0.123550 0.850036 0.782847
vt 0.757863 0.422967
v -0.308760 -0.671090 1.100196
vt 0.122961 0.906209
v -0.427432 -0.666975 1.126549
vt 0.125745 0.883892
v -0.358255 0.843412 0.580684
vt 0.867806 0.575943
v -0.372552 0.824639 0.604891
vt 0.863920 0.581117
v -0.733300 0.234386 1.043504
vt 0.828186 0.025843
v 0.260037 -0.607199 1.195683
vt 0.635455 0.206417
v -0.312348 -0.825648 0.497825
vt 0.896435 0.121919
v 0.106225 0.753354 0.259789
vt 0.111282 0.802353
v 0.069979 0.749237 0.258129
vt 0.118317 0.802239
v -0.756371 0.516579 0.500892
vt 0.982387 0.525881
v -0.744210 0.537244 0.500354
vt 0.978227 0.525881
v -0.757346 0.528986 0.491471
vt 0.980543 0.523453
v -0.576339 -0.658824 1.145064
vt 0.737320 0.020949
v -0.618237 -0.625675 1.219835
vt 0.514847 0.325699
v -0.608255 -0.623857 1.227364
vt 0.517113 0.325458
v -0.478936 -0.822955 0.594566
vt 0.638051 0.959600
v -0.460486 -0.137457 0.128083
vt 0.684244 0.057627
v -0.459174 -0.169321 0.135041
vt 0.684566 0.051305
v -0.752342 0.279653 1.036292
vt 0.005593 0.239311
v -0.779087 0.278067 1.024666
vt 0.009688 0.235333
v -0.739944 0.253538 1.040117
vt 0.007393 0.244205
v -0.227298 0.819198 0.444243
vt 0.897316 0.632524
v 0.257785 0.802643 0.155586
vt 0.082699 0.781145
v 0.675668 0.470678 0.304716
vt 0.555784 0.015458
v 0.684957 0.456474 0.309086
vt 0.554481 0.012443
v 0.692815 0.445228 0.313280
vt 0.553377 0.009955
v 0.708145 0.424514 0.317468
vt 0.551941 0.005313
v 0.644448 0.515808 0.296291
vt 0.558975 0.025192
v 0.655753 0.500428 0.298483
vt 0.558040 0.021780
v 0.295033 0.341020 1.342082
vt 0.493838 0.124519
v -0.597298 0.658241 1.150736
vt 0.802542 0.458190
v -0.526596 0.661879 1.166735
vt 0.813038 0.467656
v -0.495303 0.665418 1.154652
vt 0.814774 0.473608
v -0.611117 0.612623 0.879335
vt 0.656100 0.813289
v -0.009521 0.822134 0.360991
vt 0.541101 0.726422
v -0.512803 -0.568724 0.361893
vt 0.918368 0.124339
v -0.500111 -0.723550 0.409645
vt 0.932155 0.113208
v -0.525486 -0.707004 0.416958
vt 0.946036 0.113510
v -0.543720 -0.604592 0.391490
vt 0.943508 0.120475
v 0.638030 0.192475 1.001348
vt 0.481938 0.221570
v -0.316534 0.674120 1.106687
vt 0.419722 0.812519
v -0.185732 0.680041 1.108345
vt 0.396030 0.818717
v -0.172979 0.698786 1.043107
vt 0.389565 0.807448
v 0.326859 -0.542123 1.197289
vt 0.355614 0.451202
v 0.181121 -0.428853 1.389505
vt 0.405841 0.438952
v 0.239378 -0.188253 1.412171
vt 0.411301 0.391000
v -0.047427 0.644288 1.267789
vt 0.616111 0.553604
v -0.088309 0.598679 1.376806
vt 0.620173 0.530368
v 0.015589 0.627108 1.294336
vt 0.629399 0.553317
v -0.401859 -0.817647 0.638522
vt 0.871903 0.753215
v -0.675221 0.589979 1.033282
vt 0.757348 0.912337
v -0.432183 -0.841052 0.535594
vt 0.918368 0.651275
v 0.088507 0.808496 0.324603
vt 0.681338 0.471276
v -0.414477 -0.848176 0.522213
vt 0.413122 0.984180
v -0.628527 0.062315 1.175210
vt 0.260154 0.891824
v -0.357626 0.847524 0.506449
vt 0.881871 0.572950
v -0.359608 0.837637 0.469656
vt 0.889163 0.573690
v -0.369410 0.828128 0.479935
vt 0.887628 0.576478
v -0.391583 -0.441195 0.001976
vt 0.674759 0.715196
v -0.430888 -0.815429 0.463011
vt 0.245864 0.937069
v -0.641255 -0.390688 1.333344
vt 0.404558 0.867819
v -0.470942 0.252922 0.000855
vt 0.654242 0.115269
v -0.485236 0.196188 0.001213
vt 0.652855 0.126277
v -0.454628 0.249993 0.072414
vt 0.640338 0.112766
v 0.672795 0.475398 0.305061
vt 0.803060 0.631637
v 0.693455 0.533847 0.438274
vt 0.776757 0.632033
v 0.697481 -0.589553 0.125032
vt 0.131141 0.700523
v 0.760000 -0.524071 0.113538
vt 0.115428 0.708067
v -0.169109 -0.794650 0.763047
vt 0.385181 0.619765
v -0.163900 -0.814419 0.696381
vt 0.390604 0.607070
v 0.017661 -0.802682 0.859788
vt 0.412630 0.645817
v -0.074365 -0.771203 0.892949
vt 0.393141 0.648585
v -0.103028 -0.719381 1.007444
vt 0.378645 0.669508
v -0.390343 -0.804715 0.644884
vt 0.355004 0.588352
v -0.367786 -0.807256 0.652335
vt 0.358646 0.590683
v -0.488212 0.794801 0.440307
vt 0.179215 0.982938
v -0.716129 -0.299088 0.339266
vt 0.781292 0.233128
v 0.387076 -0.706926 0.943814
vt 0.304013 0.479283
v 0.529927 -0.658241 0.803506
vt 0.267904 0.461833
v -0.342569 0.832538 0.569721
vt 0.956360 0.074412
v -0.482059 0.803623 0.461616
vt 0.964365 0.907786
v -0.760399 -0.308052 1.036272
vt 0.160759 0.874624
v -0.601947 0.656039 1.037271
vt 0.006178 0.624086
v -0.633472 0.647042 1.029584
vt 0.005149 0.617787
v -0.702442 0.605610 1.015884
vt 0.006816 0.602230
v -0.641013 0.612227 1.033616
vt 0.010798 0.613606
v -0.649695 0.607392 1.031588
vt 0.010937 0.611680
v -0.672526 0.590679 1.029836
vt 0.012054 0.606267
v 0.075265 -0.749397 0.264003
vt 0.057899 0.765762
v 0.210992 -0.795709 0.181787
vt 0.078682 0.741482
v -0.782262 0.485146 0.999176
vt 0.847417 0.294348
v -0.752650 0.492891 0.959028
vt 0.838037 0.296913
v -0.004408 -0.730648 0.257692
vt 0.094990 0.610106
v 0.058674 -0.746508 0.262716
vt 0.106623 0.613429
v -0.364828 -0.538646 1.327792
vt 0.851130 0.888470
v 0.607847 0.426753 0.955986
vt 0.439070 0.204018
v -0.204461 0.654898 0.096792
vt 0.645360 0.020043
v -0.682816 0.444070 1.292163
vt 0.834928 0.718174
v -0.544136 -0.650022 1.203550
vt 0.695258 0.902806
v -0.245809 0.635370 -0.001283
vt 0.663839 0.029242
v 0.643092 -0.516123 0.299216
vt 0.117859 0.665695
v 0.645148 -0.552024 0.257757
vt 0.125084 0.673153
v -0.753634 -0.468409 1.026360
vt 0.964764 0.478252
v -0.768377 -0.451742 1.057342
vt 0.960217 0.472170
v -0.644915 -0.581860 1.169650
vt 0.979771 0.410708
v 0.729850 -0.379434 0.334448
vt 0.086702 0.667223
v 0.714466 -0.409061 0.326405
vt 0.093250 0.667361
v 0.743808 -0.355197 0.338216
vt 0.081311 0.667701
v 0.587748 -0.660052 0.440622
vt 0.177625 0.729780
v 0.826480 -0.090542 0.355909
vt 0.676322 0.374018
v 0.829928 -0.151335 0.538011
vt 0.669445 0.751946
v -0.136771 0.831275 0.433655
vt 0.943494 0.439254
v -0.733335 -0.553363 0.506448
vt 0.849053 0.946702
v -0.767013 -0.495674 0.503924
vt 0.849250 0.933860
v -0.516508 -0.822303 0.518700
vt 0.341211 0.559027
v -0.454560 -0.790723 0.641604
vt 0.869668 0.914986
v -0.456965 -0.800388 0.622147
vt 0.873747 0.914759
v -0.463234 -0.847461 0.530809
vt 0.893100 0.914693
v -0.249994 0.062437 1.453795
vt 0.033925 0.907851
v -0.943463 0.062924 0.546237
vt 0.539160 0.154492
v 0.536267 0.706407 0.666089
vt 0.362364 0.209607
v -0.763587 0.303241 0.812120
vt 0.205211 0.426208
v -0.787602 0.209117 0.786717
vt 0.186360 0.429919
v -0.782998 0.378487 0.719606
vt 0.214911 0.444172
v -0.914544 -0.269990 0.585249
vt 0.433615 0.046858
v -0.431896 -0.670864 1.080951
vt 0.134723 0.886007
v -0.407206 -0.673258 1.103800
vt 0.128835 0.888573
v -0.520260 0.662659 1.190452
vt 0.460914 0.818997
v -0.414067 -0.575927 0.322300
vt 0.675658 0.617008
v -0.642990 -0.723051 0.636374
vt 0.305554 0.576517
v -0.572489 0.632445 1.133999
vt 0.744291 0.886591
v -0.558162 -0.803634 0.560989
vt 0.738123 0.558909
v -0.579388 -0.654734 1.047470
vt 0.293517 0.658819
v -0.627845 -0.643017 1.033741
vt 0.284906 0.654213
v 0.808260 -0.201694 0.608717
vt 0.628577 0.351302
v 0.812660 -0.132902 0.650782
vt 0.619717 0.364135
v 0.798461 -0.168196 0.679905
vt 0.614601 0.357518
v 0.764728 -0.217833 0.754156
vt 0.601147 0.348352
v 0.462108 0.662821 0.274053
vt 0.804924 0.687576
v -0.680900 0.715465 0.624450
vt 0.311545 0.302764
v -0.888656 0.323583 0.407159
vt 0.385198 0.005279
v -0.908842 0.233828 0.401428
vt 0.402665 0.005481
v -0.501783 -0.833855 0.505200
vt 0.345355 0.557030
v -0.474454 -0.646695 1.081018
vt 0.867330 0.670465
v -0.496951 -0.646548 1.073715
vt 0.871662 0.671215
v -0.508190 -0.646494 1.069452
vt 0.873826 0.671586
v -0.456631 -0.646217 1.087387
vt 0.863920 0.669764
v -0.529058 -0.663408 1.062513
vt 0.877177 0.675550
v -0.499510 -0.666245 1.070550
vt 0.871383 0.675050
v -0.579388 -0.654734 1.047470
vt 0.887197 0.675647
v -0.594996 -0.625532 1.047020
vt 0.891342 0.670650
v -0.522491 -0.644665 1.065510
vt 0.876648 0.671740
v -0.508288 0.835768 0.474784
vt 0.224772 0.942468
v -0.659811 -0.566754 1.175599
vt 0.178673 0.882885
v -0.668721 -0.558477 1.179636
vt 0.178622 0.880394
v -0.123487 0.692025 1.094749
vt 0.586166 0.576025
v -0.392948 0.804646 0.646496
vt 0.496505 0.626859
v -0.392429 0.809677 0.636335
vt 0.495568 0.628839
v -0.276975 0.785253 0.769909
vt 0.528127 0.617633
v -0.501438 -0.671651 1.117419
vt 0.723413 0.013880
v -0.576339 -0.658824 1.145064
vt 0.707913 0.902754
v -0.721520 0.144464 0.312248
vt 0.006670 0.552546
v -0.740178 0.144404 0.328441
vt 0.004633 0.548193
v -0.647013 0.288300 0.283799
vt 0.034877 0.554262
v -0.739947 -0.224125 1.246362
vt 0.876408 0.817023
v -0.734719 -0.260572 1.273914
vt 0.869431 0.812342
v -0.662630 -0.619632 1.182643
vt 0.707326 0.882978
v -0.665068 0.124840 1.060223
vt 0.014760 0.270505
v -0.669804 0.133300 1.059004
vt 0.014246 0.268805
v -0.684260 0.148936 1.056072
vt 0.013936 0.264759
v -0.692821 0.158112 1.053517
vt 0.013849 0.262380
v -0.659960 0.117563 1.062068
vt 0.015014 0.272125
v -0.669404 0.101272 1.055221
vt 0.018819 0.272524
v -0.721386 0.162576 1.041609
vt 0.017359 0.257431
v -0.722916 0.208989 1.043831
vt 0.011170 0.251921
v -0.728719 0.224479 1.042246
vt 0.009876 0.249259
v -0.735513 0.235388 1.039834
vt 0.009370 0.246965
v 0.590537 -0.306331 1.029789
vt 0.308212 0.391646
v -0.688391 -0.540307 1.185197
vt 0.747944 0.967455
v -0.706144 -0.516231 1.192617
vt 0.746964 0.961382
v 0.814826 -0.155307 0.353147
vt 0.039888 0.668841
v -0.270934 0.052632 1.431924
vt 0.417458 0.747178
v -0.287679 0.497265 0.169406
vt 0.108456 0.593978
v 0.487688 -0.651129 0.276289
vt 0.139946 0.757886
v 0.452922 -0.666730 0.278030
vt 0.132634 0.758242
v -0.688992 0.111225 1.009642
vt 0.154824 0.959600
v -0.703743 -0.606998 0.501416
vt 0.496307 0.863920
v 0.739399 -0.146640 0.840059
vt 0.267881 0.354057
v -0.209654 -0.810299 0.695101
vt 0.863920 0.151529
v -0.355793 -0.815119 0.632958
vt 0.868817 0.121919
v -0.467751 0.167809 0.091305
vt 0.510599 0.344831
v 0.814826 -0.155307 0.353147
vt 0.671886 0.787889
v 0.819167 -0.139472 0.353308
vt 0.668833 0.787903
v 0.191739 -0.697766 1.100443
vt 0.607768 0.197690
v -0.856889 0.209042 0.480454
vt 0.342398 0.107775
v -0.866502 0.130611 0.479059
vt 0.343882 0.122597
v -0.585162 -0.792443 0.594561
vt 0.324146 0.571042
v -0.441364 -0.821435 0.622976
vt 0.874827 0.919592
v -0.441069 -0.794479 0.659204
vt 0.866774 0.918374
v -0.761014 0.212921 1.214114
vt 0.260594 0.824349
v -0.876918 0.290554 0.613358
vt 0.193692 0.468656
v -0.889822 0.217354 0.610141
vt 0.179818 0.468459
v 0.950051 -0.001053 0.096995
vt 0.560698 0.360192
v 0.933291 -0.171833 0.076799
vt 0.565869 0.327748
v 0.939664 -0.135177 0.001269
vt 0.580240 0.334930
v 0.953839 -0.012886 0.001298
vt 0.579310 0.358156
v 0.419380 -0.796696 0.567027
vt 0.218689 0.705910
v -0.439398 -0.618633 0.353332
vt 0.666010 0.620651
v -0.611617 -0.691591 0.506462
vt 0.921720 0.922904
v -0.391583 -0.441195 0.001976
vt 0.527434 0.467075
v -0.447327 -0.322130 0.001775
vt 0.532016 0.441544
v -0.439326 -0.341907 0.001907
vt 0.531400 0.445728
v -0.421475 -0.382437 0.001991
vt 0.529981 0.454369
v -0.670586 -0.138058 1.175635
vt 0.723756 0.124980
v -0.520873 -0.641706 1.117899
vt 0.111592 0.935403
v -0.508190 -0.646494 1.069452
vt 0.120794 0.938859
v -0.474454 -0.646695 1.081018
vt 0.117509 0.944672
v -0.545175 0.797462 0.451951
vt 0.255150 0.317061
v -0.633143 0.718699 0.436467
vt 0.271914 0.302186
v -0.213228 0.827044 0.626228
vt 0.918368 0.034481
v -0.744210 0.537244 0.500354
vt 0.939016 0.579399
v -0.736934 0.549019 0.500917
vt 0.936157 0.579442
v -0.205361 0.053178 1.454002
vt 0.027305 0.902159
v 0.317136 -0.723414 0.272697
vt 0.156941 0.615752
v 0.346476 -0.715808 0.276300
vt 0.162821 0.615869
v 0.418249 -0.724870 0.330732
vt 0.176626 0.626485
v 0.359588 -0.711404 0.275860
vt 0.165468 0.615483
v 0.368964 -0.707894 0.274726
vt 0.167367 0.615037
v 0.405266 -0.695505 0.276595
vt 0.174719 0.614442
v 0.239620 -0.747321 0.271576
vt 0.141337 0.617205
v -0.788758 -0.581022 0.625509
vt 0.014814 0.863920
v -0.272007 0.354846 1.532178
vt 0.749811 0.199242
v -0.655941 -0.656371 0.506713
vt 0.496463 0.876947
v -0.446406 -0.832335 0.506787
vt 0.924625 0.650718
v 0.770814 -0.346900 0.664530
vt 0.707565 0.726840
v 0.748638 -0.352711 0.737145
vt 0.710726 0.712804
v 0.756954 -0.389666 0.667862
vt 0.716027 0.726079
v 0.634077 -0.003731 1.019231
vt 0.515598 0.235474
v -0.097457 0.680349 0.228881
vt 0.153636 0.803240
v 0.634077 -0.003731 1.019231
vt 0.312536 0.333747
v -0.502153 -0.009329 1.172493
vt 0.839745 0.793160
v 0.680890 0.002278 0.961028
vt 0.508459 0.248007
v -0.230145 -0.609927 1.294286
vt 0.576876 0.284558
v -0.277897 -0.683202 1.048768
vt 0.539778 0.254500
v -0.259963 -0.693027 1.009233
vt 0.537538 0.246357
v -0.345253 -0.684738 0.998739
vt 0.525672 0.256867
v -0.302208 -0.700347 0.957229
vt 0.526105 0.244769
v -0.275853 -0.713507 0.931287
vt 0.525948 0.237078
v -0.103028 -0.719381 1.007444
vt 0.556251 0.223603
v 0.028277 -0.725476 1.038309
vt 0.576583 0.209742
v -0.405088 0.081984 1.290712
vt 0.318992 0.827540
v 0.609662 -0.547426 0.296998
vt 0.946275 0.139656
v 0.627244 -0.560784 0.336428
vt 0.937525 0.140811
v 0.615426 -0.615278 0.426012
vt 0.918368 0.132339
v -0.319540 -0.125462 1.473161
vt 0.863920 0.079430
v -0.741865 0.337216 0.363005
vt 0.292074 0.229086
v -0.511429 0.651208 1.068920
vt 0.259821 0.950106
v -0.316534 0.674120 1.106687
vt 0.937632 0.460460
v -0.414142 0.669439 1.141730
vt 0.918368 0.460496
v -0.316534 0.674120 1.106687
vt 0.555031 0.556389
v -0.153869 0.004397 1.378416
vt 0.314775 0.875529
v -0.127779 -0.043329 1.450499
vt 0.301685 0.863920
v -0.389127 -0.842727 0.497570
vt 0.301869 0.932171
v 0.586726 -0.579873 0.319793
vt 0.939220 0.076367
v -0.330484 -0.824635 0.493293
vt 0.468128 0.932171
v -0.479816 -0.803033 0.450489
vt 0.963982 0.350275
v -0.470927 -0.794310 0.451473
vt 0.964308 0.352641
v -0.769991 -0.295697 1.134298
vt 0.836573 0.411491
v -0.161446 0.582401 0.189330
vt 0.981967 0.776253
v -0.300939 0.485496 0.162869
vt 0.918368 0.152052
v -0.269987 0.512070 0.172543
vt 0.925628 0.149343
v -0.256225 0.525562 0.173523
vt 0.929217 0.148811
v -0.368913 0.703059 0.912680
vt 0.418154 0.774469
v -0.322979 0.547847 0.000210
vt 0.661387 0.051260
v 0.438846 -0.779902 0.003380
vt 0.748124 0.369908
v 0.202264 0.821542 -0.001863
vt 0.816537 0.007336
v 0.747586 0.452100 0.565499
vt 0.393167 0.269016
v 0.571694 0.679297 0.649745
vt 0.789789 0.515228
v -0.641201 0.105981 1.168198
vt 0.450232 0.368469
v -0.690645 0.163266 1.179133
vt 0.461373 0.378678
v -0.692064 -0.683492 0.544680
vt 0.832880 0.456286
v -0.739693 -0.586287 0.527828
vt 0.842793 0.437497
v -0.683709 -0.663737 0.532804
vt 0.837190 0.455403
v -0.573428 -0.747532 0.523228
vt 0.837291 0.482744
v -0.637256 -0.208813 1.304457
vt 0.515038 0.865838
v -0.898544 -0.286826 0.535109
vt 0.437219 0.036936
v 0.643784 0.604414 0.582589
vt 0.863920 0.250151
v -0.654538 0.106919 1.244200
vt 0.248660 0.880049
v -0.014552 0.734408 1.006102
vt 0.595538 0.601792
v -0.193683 -0.828942 0.548645
vt 0.892228 0.145486
v -0.416817 0.267108 0.134029
vt 0.495529 0.327421
v -0.410336 0.286377 0.136447
vt 0.493927 0.323950
v -0.432596 0.219481 0.130653
vt 0.499063 0.335986
v -0.428027 0.231714 0.130222
vt 0.498287 0.333821
v -0.401381 -0.668278 1.131970
vt 0.532089 0.282737
v -0.696195 0.625014 0.494323
vt 0.319383 0.032277
v -0.666039 0.653020 0.499200
vt 0.314750 0.027671
v -0.726995 0.615210 0.477629
vt 0.325833 0.033669
v -0.780722 0.474700 0.494145
vt 0.330409 0.058644
v -0.795020 -0.436293 0.498792
vt 0.331975 0.233177
v 0.537006 -0.709240 0.484780
vt 0.159870 0.950607
v -0.249034 -0.631501 0.003036
vt 0.631007 0.717645
v -0.236951 -0.643298 0.003336
vt 0.627770 0.717741
v -0.222290 -0.656552 0.002578
vt 0.623967 0.718059
v -0.300754 0.574245 -0.001487
vt 0.226383 0.283190
v -0.245809 0.635370 -0.001283
vt 0.214535 0.293352
v -0.218876 0.660996 -0.000124
vt 0.208861 0.297509
v -0.179374 0.691441 -0.001597
vt 0.200643 0.302265
v -0.107325 0.735877 -0.002143
vt 0.185980 0.308834
v -0.074623 0.755044 -0.001113
vt 0.179381 0.311621
v 0.009763 0.788266 -0.002153
vt 0.162669 0.315752
v 0.048847 0.799003 -0.002030
vt 0.155059 0.316783
v 0.077821 0.806363 -0.001794
vt 0.149436 0.317434
v 0.148090 0.817209 -0.001864
vt 0.135960 0.317688
v 0.202264 0.821542 -0.001863
vt 0.125671 0.317122
v 0.268492 0.819151 -0.002045
vt 0.113282 0.314974
v 0.336953 0.810395 -0.001107
vt 0.100659 0.311561
v 0.409593 0.791394 -0.000993
vt 0.087486 0.306104
v 0.468369 0.767766 -0.001574
vt 0.077018 0.300130
v 0.510764 0.746497 -0.001995
vt 0.069574 0.295020
v 0.583122 0.705086 -0.001579
vt 0.057022 0.285328
v 0.607508 0.688612 -0.001462
vt 0.052854 0.281585
v 0.644553 0.659948 -0.001719
vt 0.046603 0.275212
v 0.694329 0.616265 -0.000887
vt 0.038361 0.265667
v 0.557832 -0.722063 0.003166
vt 0.097553 0.015830
v 0.511976 -0.745815 0.002695
vt 0.106752 0.012510
v -0.409928 0.407527 -0.000454
vt 0.251088 0.254425
v -0.440151 0.339475 -0.000453
vt 0.258468 0.242318
v -0.497996 0.115643 0.000031
vt 0.274943 0.201430
v -0.456583 -0.294700 0.001328
vt 0.277447 0.122696
v -0.439326 -0.341907 0.001907
vt 0.275398 0.113317
v -0.447327 -0.322130 0.001775
vt 0.276404 0.117266
v -0.359938 -0.494440 0.002280
vt 0.264301 0.082412
v -0.391583 -0.441195 0.001976
vt 0.268910 0.093302
v -0.407084 -0.412339 0.002195
vt 0.271106 0.099160
v -0.283449 -0.595152 0.002590
vt 0.252452 0.061391
v -0.317661 -0.552891 0.002071
vt 0.257813 0.070267
v -0.222290 -0.656552 0.002578
vt 0.242494 0.048203
v -0.249034 -0.631501 0.003036
vt 0.246905 0.053628
v -0.179593 -0.691396 0.002894
vt 0.235349 0.040514
v -0.044951 -0.768295 0.003284
vt 0.211980 0.022510
v -0.093888 -0.744816 0.003181
vt 0.220587 0.028208
v 0.027747 -0.793876 0.003247
vt 0.198958 0.015808
v 0.004705 -0.787048 0.003665
vt 0.203127 0.017688
v 0.150496 -0.818600 0.003983
vt 0.176527 0.007983
v 0.090788 -0.809439 0.003906
vt 0.187516 0.011246
v 0.278701 -0.818541 0.003288
vt 0.152419 0.004714
v 0.220530 -0.822079 0.004272
vt 0.163461 0.005531
v 0.396442 -0.795509 0.004007
vt 0.129735 0.006057
v 0.338484 -0.809849 0.003883
vt 0.140982 0.004827
v 0.478750 -0.762126 0.002660
vt 0.113403 0.010273
v 0.438846 -0.779902 0.003380
vt 0.121362 0.007928
v -0.383349 0.521914 1.338873
vt 0.465194 0.916133
v -0.061097 -0.845112 0.470412
vt 0.081862 0.655975
v 0.090733 -0.122935 1.452733
vt 0.697816 0.251197
v -0.419964 -0.702089 0.864858
vt 0.330890 0.629493
v -0.524831 -0.812259 0.490353
vt 0.225946 0.558282
v -0.252770 0.033037 1.411628
vt 0.641081 0.863920
v -0.574553 -0.624259 1.138839
vt 0.179289 0.904244
v -0.135455 0.004453 1.376694
vt 0.392381 0.762340
v -0.638206 0.076746 0.210512
vt 0.005817 0.581224
v 0.017661 -0.802682 0.859788
vt 0.550448 0.183240
v -0.518988 0.018628 1.154218
vt 0.956360 0.171321
v -0.880855 -0.266879 0.614288
vt 0.088616 0.451136
v -0.865454 -0.211444 0.638904
vt 0.100193 0.447429
v -0.793244 -0.321193 1.018721
vt 0.038152 0.782525
v -0.316484 -0.466661 0.161756
vt 0.494215 0.473759
v -0.239431 -0.537588 0.179454
vt 0.483245 0.490733
v -0.268612 -0.516805 0.172978
vt 0.487495 0.485480
v -0.275446 -0.510200 0.171136
vt 0.488502 0.483916
v -0.293489 -0.492341 0.168463
vt 0.490821 0.479685
v 0.901470 0.296397 0.001026
vt 0.578350 0.419302
v 0.888726 0.328239 -0.000344
vt 0.578623 0.425802
v 0.932660 0.183348 0.001857
vt 0.578377 0.396621
v 0.918497 0.240942 0.000071
vt 0.578602 0.408134
v -0.422186 -0.192564 1.369458
vt 0.834706 0.534808
v -0.351243 0.847539 0.550525
vt 0.827925 0.946841
v -0.769072 -0.234519 1.221092
vt 0.831830 0.621955
v -0.748810 -0.344929 0.916644
vt 0.885192 0.043392
v -0.745321 -0.290629 0.930255
vt 0.895845 0.044242
v -0.705295 -0.216694 0.937506
vt 0.910066 0.052616
v -0.708998 -0.266682 0.921719
vt 0.900283 0.051816
v -0.709830 -0.287236 0.915941
vt 0.896249 0.051605
v 0.247681 -0.332646 1.383517
vt 0.400745 0.416923
v -0.748921 -0.139017 0.335183
vt 0.293974 0.137008
v -0.692497 -0.272249 0.322543
vt 0.283154 0.111086
v -0.463813 -0.582724 0.347050
vt 0.868896 0.658212
v -0.608205 -0.062217 1.161214
vt 0.863920 0.547077
v -0.372229 -0.809674 0.453504
vt 0.901163 0.316056
v -0.375362 -0.803459 0.444173
vt 0.902853 0.314767
v -0.730235 0.424801 0.389419
vt 0.290235 0.245853
v -0.462760 0.650996 1.088874
vt 0.758424 0.868477
v -0.503007 0.650059 1.109822
vt 0.752478 0.874557
v -0.458740 0.650457 1.103425
vt 0.755924 0.867052
v -0.439901 0.649834 1.100392
vt 0.757441 0.863920
v -0.927225 -0.116332 0.420237
vt 0.464717 0.014440
v 0.088507 0.808496 0.324603
vt 0.207593 0.588243
v 0.087011 -0.650942 1.215218
vt 0.608917 0.229451
v -0.704650 0.381611 0.850348
vt 0.645998 0.764561
v -0.536792 -0.266046 0.192588
vt 0.702361 0.033037
v -0.446077 -0.190618 0.132944
vt 0.682230 0.046948
v -0.427218 -0.239765 0.137003
vt 0.679276 0.037003
v -0.717104 -0.504514 1.196207
vt 0.755447 0.058781
v -0.720670 -0.566358 1.206289
vt 0.760158 0.047351
v -0.748089 -0.525424 1.217744
vt 0.763058 0.056772
v -0.739237 -0.452001 1.202276
vt 0.756515 0.070053
v -0.729343 -0.477800 1.199841
vt 0.756187 0.064576
v -0.725719 -0.488438 1.199462
vt 0.756153 0.062347
v 0.079138 0.845960 0.782981
vt 0.502343 0.800784
v 0.123550 0.850036 0.782847
vt 0.494196 0.798468
v 0.113665 0.862040 0.706981
vt 0.499136 0.784643
v 0.257878 -0.836035 0.777193
vt 0.572358 0.138400
v 0.233691 0.266307 1.413112
vt 0.513439 0.114465
v -0.141135 -0.634481 0.219489
vt 0.956360 0.111325
v 0.240253 0.064234 1.374233
vt 0.863920 0.280569
v 0.663744 -0.475617 0.819597
vt 0.739617 0.696645
v 0.614522 0.643854 0.568393
vt 0.362131 0.236786
v 0.603473 0.653317 0.573638
vt 0.361139 0.234008
v 0.580135 0.677940 0.602180
vt 0.360179 0.225471
v 0.674693 0.558509 0.628726
vt 0.382598 0.243219
v 0.636340 0.620321 0.524161
vt 0.361218 0.247094
v -0.152454 0.617832 0.215893
vt 0.962675 0.424901
v -0.133383 0.645675 0.221923
vt 0.968229 0.421509
v -0.009581 0.279446 1.540841
vt 0.476532 0.322060
v 0.319229 0.019445 1.347834
vt 0.399799 0.348323
v -0.432419 -0.008302 1.115187
vt 0.018164 0.005977
v -0.491658 -0.002079 0.067569
vt 0.635488 0.159385
v -0.498383 0.119603 0.001381
vt 0.651059 0.140581
v -0.608205 -0.062217 1.161214
vt 0.836988 0.356269
v -0.314393 0.004075 1.280205
vt 0.487557 0.977693
v -0.405755 -0.729633 0.390462
vt 0.935524 0.704882
v -0.436163 -0.725045 0.391695
vt 0.935135 0.698995
v 0.438150 -0.677986 0.276961
vt 0.181566 0.613005
v 0.461863 -0.661666 0.278080
vt 0.186621 0.611704
v 0.513436 -0.666832 0.328122
vt 0.196648 0.620939
v -0.468261 0.029260 1.134643
vt 0.009942 0.800398
v -0.493826 0.032850 1.139157
vt 0.009977 0.795797
v -0.515585 0.036236 1.143164
vt 0.009976 0.791838
v -0.548893 0.043333 1.147202
vt 0.010391 0.785632
v -0.234578 -0.831739 0.518293
vt 0.546924 0.898992
v -0.459540 -0.015426 1.093710
vt 0.894616 0.558196
v -0.293407 -0.539385 0.133402
vt 0.497127 0.489148
v -0.163013 -0.657686 0.194911
vt 0.473744 0.517228
v 0.225367 0.865598 0.568102
vt 0.486118 0.752915
v -0.746008 0.256876 1.146116
vt 0.098761 0.907412
v -0.734313 0.577709 1.008260
vt 0.291433 0.745299
v 0.880183 0.019567 0.288735
vt 0.004858 0.682005
v -0.355732 0.005091 1.191920
vt 0.968817 0.329921
v 0.412400 -0.518572 1.122874
vt 0.335255 0.441683
v -0.162168 -0.833806 0.486411
vt 0.400490 0.566215
v -0.129225 -0.842486 0.537631
vt 0.404945 0.577544
v -0.897474 0.322837 0.542614
vt 0.543368 0.105458
v -0.135455 0.004453 1.376694
vt 0.776882 0.339439
v -0.646037 0.301320 1.322676
vt 0.361621 0.780817
v -0.069505 -0.845473 0.579948
vt 0.918368 0.085386
v -0.608205 -0.062217 1.161214
vt 0.075917 0.887026
v -0.477731 -0.597580 0.353973
vt 0.663088 0.612714
v -0.495119 -0.613691 0.374537
vt 0.657256 0.613420
v -0.691953 0.569188 1.026585
vt 0.956360 0.022168
v -0.449830 0.015638 1.137205
vt 0.965334 0.782831
v -0.420121 -0.669813 0.363574
vt 0.904690 0.159653
v -0.579415 -0.754425 0.648100
vt 0.318882 0.581450
v 0.658512 0.562172 0.391278
vt 0.782872 0.642687
v -0.168334 -0.827390 0.453176
vt 0.780205 0.911779
v -0.665711 -0.080512 0.996961
vt 0.222227 0.863920
v -0.544195 0.034352 1.079619
vt 0.012598 0.299834
v -0.749161 -0.496185 1.033747
vt 0.321256 0.984387
v -0.702050 -0.603863 0.504654
vt 0.319159 0.268008
v -0.703743 -0.606998 0.501416
vt 0.319857 0.268643
v -0.677220 -0.633281 0.508050
vt 0.315459 0.274317
v -0.690763 -0.616300 0.508219
vt 0.317179 0.270644
v 0.950051 -0.001053 0.096995
vt 0.404284 0.657847
v -0.639717 0.229956 1.307515
vt 0.479717 0.913054
v -0.673020 0.260100 1.290732
vt 0.486589 0.906857
v -0.061097 -0.845112 0.470412
vt 0.309058 0.727749
v 0.389378 0.076875 1.315242
vt 0.702050 0.322939
v -0.311771 -0.815354 0.461203
vt 0.034673 0.648118
v -0.691953 0.569188 1.026585
vt 0.938752 0.812248
v -0.585844 0.055972 1.154825
vt 0.438028 0.359836
v -0.308430 -0.500088 1.436908
vt 0.851539 0.865325
v -0.530531 0.272630 0.188777
vt 0.045723 0.581698
v -0.357721 0.404041 0.150188
vt 0.085745 0.596147
v 0.932834 -0.181535 0.003185
vt 0.714075 0.451270
v 0.767875 0.305754 0.340290
vt 0.676538 0.452088
v 0.761932 0.320330 0.339451
vt 0.676652 0.455065
v 0.741024 0.362084 0.335250
vt 0.677385 0.463713
v -0.264382 -0.290012 1.544471
vt 0.603870 0.798643
v -0.704235 0.142913 0.292152
vt 0.781345 0.319001
v -0.852320 -0.470242 0.551632
vt 0.739349 0.645648
v -0.871749 -0.413531 0.546801
vt 0.736382 0.655944
v -0.881340 -0.380929 0.543952
vt 0.734529 0.661632
v -0.857779 -0.362209 0.521098
vt 0.727462 0.661112
v -0.821870 -0.371141 0.500899
vt 0.721644 0.655138
v -0.814550 -0.389818 0.500331
vt 0.722186 0.651664
v -0.771295 -0.487895 0.504623
vt 0.725816 0.632526
v -0.793511 -0.443812 0.503747
vt 0.724597 0.641513
v -0.782776 -0.465284 0.503771
vt 0.725132 0.637158
v -0.775486 -0.479778 0.504334
vt 0.725579 0.634198
v -0.803018 -0.417574 0.499422
vt 0.722925 0.646405
v -0.798799 -0.428683 0.501002
vt 0.723575 0.644311
v 0.670247 -0.476478 0.307742
vt 0.108730 0.666633
v 0.660201 -0.491761 0.303701
vt 0.112237 0.666436
v 0.683031 -0.456439 0.311435
vt 0.104185 0.667089
v -0.169580 -0.591437 0.212044
vt 0.918632 0.776111
v -0.142383 -0.633299 0.225114
vt 0.928273 0.776987
v 0.696528 -0.613765 0.002464
vt 0.714073 0.356143
v -0.153420 -0.830279 0.444309
vt 0.402982 0.558287
v -0.760559 0.459663 0.934332
vt 0.901564 0.368611
v -0.377975 0.828883 0.480904
vt 0.929016 0.959600
v 0.239378 -0.188253 1.412171
vt 0.725581 0.266664
v -0.311418 0.818617 0.458358
vt 0.590138 0.760025
v -0.319294 -0.831846 0.486838
vt 0.936305 0.315710
v -0.314079 -0.810443 0.446354
vt 0.944553 0.318752
v 0.729850 -0.379434 0.334448
vt 0.716391 0.871363
v 0.732946 -0.373494 0.335229
vt 0.716223 0.870067
v 0.743808 -0.355197 0.338216
vt 0.715913 0.865902
v 0.752495 -0.351477 0.353583
vt 0.718569 0.863920
v 0.660201 -0.491761 0.303701
vt 0.716238 0.897587
v 0.670247 -0.476478 0.307742
vt 0.716291 0.893954
v 0.677969 -0.464765 0.309457
vt 0.716135 0.891201
v 0.697199 -0.435959 0.318498
vt 0.716466 0.884284
v 0.714466 -0.409061 0.326405
vt 0.716635 0.877921
v -0.429840 0.013032 1.174307
vt 0.893402 0.214841
v -0.392976 0.334361 0.139080
vt 0.490297 0.315394
v -0.385512 0.349161 0.141728
vt 0.488630 0.312830
v -0.380797 0.359427 0.143322
vt 0.487570 0.311033
v -0.369489 0.382897 0.145932
vt 0.485236 0.306960
v -0.404967 0.301939 0.138118
vt 0.492659 0.321156
v -0.396828 0.324693 0.138693
vt 0.491051 0.317101
v -0.393201 0.368802 0.124396
vt 0.491816 0.308855
v -0.341121 0.432536 0.151706
vt 0.479694 0.298538
v -0.353979 0.411083 0.148310
vt 0.482301 0.302160
v -0.560625 0.018425 1.063380
vt 0.919027 0.682689
v -0.750309 0.487813 1.023578
vt 0.274995 0.748469
v -0.757621 0.295328 1.035273
vt 0.238378 0.755158
v -0.761725 0.317981 1.033367
vt 0.242968 0.755063
v -0.753495 0.475357 1.023448
vt 0.272782 0.749372
v -0.760702 0.340791 1.032379
vt 0.247297 0.754191
v -0.759079 0.361372 1.031241
vt 0.251164 0.753355
v -0.757205 0.382204 1.028710
vt 0.255072 0.752690
v -0.759331 0.403735 1.027408
vt 0.259333 0.752304
v -0.760201 0.426091 1.026428
vt 0.263681 0.751682
v -0.694762 -0.171332 0.952259
vt 0.223257 0.884238
v -0.698610 0.486916 0.878735
vt 0.725633 0.853295
v -0.778637 0.300910 1.089970
vt 0.030843 0.722263
v -0.054357 -0.710674 0.249777
vt 0.716768 0.680216
v -0.682635 -0.618035 1.021543
vt 0.883646 0.263915
v -0.735183 -0.516406 1.026729
vt 0.863920 0.272569
v -0.729961 -0.576879 1.011784
vt 0.871643 0.263620
v -0.454046 0.655166 0.361483
vt 0.933442 0.403618
v -0.413061 0.698148 0.369995
vt 0.943737 0.408555
v -0.758137 -0.197126 1.215398
vt 0.806895 0.845418
v 0.087733 0.592992 1.309584
vt 0.351434 0.514438
v -0.659341 -0.389113 0.326457
vt 0.796747 0.876033
v -0.725669 -0.140921 1.203149
vt 0.815702 0.838067
v -0.865705 -0.117498 0.488653
vt 0.434661 0.549014
v -0.856685 -0.217166 0.495080
vt 0.414635 0.551360
v -0.909256 -0.184093 0.524140
vt 0.420737 0.539934
v -0.366150 -0.739724 0.382415
vt 0.560314 0.895468
v -0.299766 0.004081 1.303819
vt 0.313070 0.907378
v -0.302618 0.003588 1.299605
vt 0.313358 0.908262
v -0.333452 -0.000295 1.254950
vt 0.316511 0.917744
v -0.341771 -0.020890 1.312267
vt 0.305696 0.913533
v 0.004705 -0.787048 0.003665
vt 0.573165 0.719272
v -0.705093 -0.320440 0.896418
vt 0.091355 0.386619
v -0.491392 0.850016 0.497037
vt 0.877642 0.977693
v -0.426126 0.808525 0.621343
vt 0.785489 0.932171
v 0.385119 -0.795055 0.444376
vt 0.168789 0.651938
v -0.374912 0.787006 0.407608
vt 0.146257 0.949928
v -0.410384 0.784823 0.422210
vt 0.314887 0.949459
v -0.735250 -0.300613 1.198339
vt 0.746385 0.098346
v -0.738130 -0.397326 1.198759
vt 0.752867 0.080290
v -0.750090 -0.311492 1.204933
vt 0.749991 0.097217
v -0.725111 -0.252999 1.191762
vt 0.741404 0.106690
v 0.703595 -0.400676 0.810666
vt 0.723182 0.698517
v -0.739708 0.307422 0.353437
vt 0.026895 0.532836
v -0.944649 -0.070141 0.576381
vt 0.531426 0.177223
v -0.426126 0.808525 0.621343
vt 0.755578 0.932171
v -0.081140 0.696049 0.235548
vt 0.165834 0.591645
v -0.410145 -0.786162 0.430360
vt 0.768670 0.947046
v -0.751582 0.211328 1.018012
vt 0.621359 0.913464
v -0.818630 -0.379337 0.494659
vt 0.335614 0.221631
v 0.766709 0.114144 0.783866
vt 0.592286 0.412043
v 0.785259 -0.133713 0.735520
vt 0.603686 0.364127
v 0.755392 -0.038150 0.809274
vt 0.588930 0.382832
v -0.422186 -0.192564 1.369458
vt 0.789496 0.774893
v -0.442731 -0.697031 0.379042
vt 0.657612 0.631785
v 0.239474 0.749702 0.267986
vt 0.554571 0.115811
v 0.263731 0.742701 0.268907
vt 0.555622 0.111073
v -0.140095 0.227907 1.563107
vt 0.050321 0.867020
v -0.748260 -0.553722 1.009547
vt 0.165305 0.922703
v -0.735183 -0.516406 1.026729
vt 0.160759 0.915675
v -0.771775 -0.511442 1.005482
vt 0.168547 0.913838
v -0.122038 0.729525 -0.000358
vt 0.816169 0.072624
v -0.107297 0.705326 0.193810
vt 0.778759 0.071311
v -0.700677 0.546363 1.260237
vt 0.826715 0.737135
v -0.637337 0.602020 1.241096
vt 0.836108 0.750899
v 0.182365 0.844113 0.408898
vt 0.503171 0.725460
v -0.771285 0.571186 0.427980
vt 0.331253 0.005807
v -0.382126 0.831885 0.580875
vt 0.491747 0.639677
v 0.800428 0.489457 -0.000472
vt 0.579036 0.459337
v 0.776583 0.523399 0.000320
vt 0.579043 0.466537
v 0.748863 0.557657 0.000361
vt 0.579253 0.473907
v 0.826134 0.449915 -0.000691
vt 0.578923 0.451002
v -0.465832 -0.786941 0.651716
vt 0.863920 0.495941
v -0.753977 -0.078425 0.331882
vt 0.788352 0.276613
v 0.945498 -0.089796 0.000728
vt 0.008848 0.125589
v 0.939664 -0.135177 0.001269
vt 0.011091 0.117147
v 0.931785 -0.172686 0.000748
vt 0.013497 0.110251
v 0.923001 -0.217736 0.001071
vt 0.016281 0.101947
v 0.915904 -0.241273 0.001026
vt 0.018202 0.097674
v 0.907829 -0.275696 0.002042
vt 0.020603 0.091362
v 0.892936 -0.317033 0.002086
vt 0.024436 0.083919
v 0.879946 -0.345966 0.001403
vt 0.027584 0.078777
v 0.856237 -0.397401 0.002022
vt 0.033339 0.069647
v 0.826596 -0.449263 0.001753
vt 0.040199 0.060590
v 0.777336 -0.520625 0.002185
vt 0.051249 0.048342
v 0.735480 -0.572394 0.002647
vt 0.060419 0.039613
v 0.696528 -0.613765 0.002464
vt 0.068768 0.032780
v 0.639491 -0.663829 0.002529
vt 0.080738 0.024764
v 0.610197 -0.687468 0.003086
vt 0.086847 0.021038
v 0.800428 0.489457 -0.000472
vt 0.021603 0.238947
v 0.826134 0.449915 -0.000691
vt 0.017756 0.230805
v 0.845828 0.418044 0.000289
vt 0.014875 0.224265
v 0.871732 0.367383 -0.000189
vt 0.011262 0.214015
v 0.888726 0.328239 -0.000344
vt 0.009043 0.206171
v 0.911830 0.263635 0.000495
vt 0.006336 0.193349
v 0.918497 0.240942 0.000071
vt 0.005641 0.188884
v 0.948437 0.058071 -0.000022
vt 0.004583 0.153504
v 0.953839 -0.012886 0.001298
vt 0.005372 0.139931
v 0.413555 0.693741 0.272778
vt 0.711469 0.532660
v 0.538929 0.645674 0.819344
vt 0.227217 0.544451
v -0.513261 0.335745 1.380913
vt 0.333783 0.773490
v -0.503640 0.274525 1.374796
vt 0.332302 0.784751
v 0.447723 -0.721862 0.821768
vt 0.209526 0.656073
v 0.233691 0.266307 1.413112
vt 0.428546 0.308787
v 0.051957 0.292813 1.510431
vt 0.465288 0.315653
v 0.351080 0.715138 0.269709
vt 0.703599 0.522353
v 0.263731 0.742701 0.268907
vt 0.693212 0.507697
v 0.339985 0.718470 0.270132
vt 0.702368 0.520443
v 0.286807 0.734532 0.268380
vt 0.695858 0.511706
v -0.317897 0.841142 0.526058
vt 0.349549 0.977693
v -0.193512 -0.118145 1.523363
vt 0.814643 0.330843
v -0.471038 0.028634 0.114807
vt 0.510424 0.371422
v -0.469123 0.062114 0.116668
vt 0.509185 0.365001
v -0.768653 -0.376117 1.072768
vt 0.443111 0.946396
v -0.378863 0.827225 0.591225
vt 0.361833 0.977693
v 0.564649 -0.644623 0.374455
vt 0.944090 0.338099
v -0.811915 0.400623 0.498706
vt 0.456002 0.060275
v -0.822507 0.372098 0.497363
vt 0.461279 0.059001
v -0.837080 0.331110 0.498010
vt 0.468683 0.057490
v -0.867009 0.290864 0.509569
vt 0.477845 0.059249
v -0.649980 -0.064489 1.041907
vt 0.720825 0.932171
v -0.931541 -0.075228 0.394675
vt 0.330353 0.149596
v -0.934597 -0.036094 0.393494
vt 0.330816 0.157196
v -0.917872 -0.177401 0.398503
vt 0.328069 0.129730
v 0.571241 -0.687023 0.499768
vt 0.182867 0.718280
v -0.869424 -0.082225 0.483689
vt 0.343671 0.163295
v 0.122893 -0.850538 0.759377
vt 0.277493 0.670103
v 0.172467 -0.828978 0.846482
vt 0.267392 0.652802
v -0.408260 -0.119909 1.339133
vt 0.836071 0.521914
v 0.813281 0.224986 0.440481
vt 0.657191 0.434566
v -0.929328 0.057850 0.425687
vt 0.359912 0.136071
v 0.847699 -0.387776 0.116254
vt 0.084876 0.714661
v -0.676974 -0.090801 1.187734
vt 0.824699 0.828000
v -0.736370 0.344628 1.195212
vt 0.089691 0.889778
v 0.389142 -0.701203 0.274607
vt 0.940511 0.690689
v 0.359588 -0.711404 0.275860
vt 0.931252 0.690995
v -0.029368 0.399062 1.532318
vt 0.504180 0.056932
v -0.505111 0.674338 1.061513
vt 0.451331 0.795752
v -0.644915 -0.581860 1.169650
vt 0.746033 0.039716
v 0.541137 -0.601400 0.283463
vt 0.152909 0.761526
v 0.527914 -0.612358 0.281313
vt 0.149777 0.760703
v 0.116776 -0.814372 0.004884
vt 0.748161 0.309170
v 0.744913 0.398358 0.373984
vt 0.796310 0.608080
v 0.741024 0.362084 0.335250
vt 0.806035 0.604826
v 0.732040 0.377558 0.332658
vt 0.805397 0.608380
v 0.700815 0.433487 0.317326
vt 0.803753 0.621321
v 0.692815 0.445228 0.313280
vt 0.803653 0.624256
v 0.684957 0.456474 0.309086
vt 0.803618 0.627105
v -0.682467 -0.137444 0.960154
vt 0.128903 0.380565
v -0.158112 -0.595333 0.209159
vt 0.050521 0.967959
v 0.636218 0.668655 0.000430
vt 0.096531 0.358717
v 0.607508 0.688612 -0.001462
vt 0.089964 0.358968
v -0.601947 0.656039 1.037271
vt 0.468524 0.786561
v 0.504365 0.636727 0.275843
vt 0.562881 0.060629
v 0.518957 0.621354 0.277042
vt 0.562348 0.056694
v -0.771508 -0.569471 0.433251
vt 0.221421 0.625949
v -0.323836 0.827816 0.601929
vt 0.918368 0.235719
v -0.544195 0.034352 1.079619
vt 0.023247 0.789519
v 0.689201 -0.521545 0.404925
vt 0.736291 0.896192
v -0.476517 0.847703 0.552725
vt 0.929887 0.197758
v -0.460705 0.665115 1.164417
vt 0.448846 0.816795
v -0.139640 0.685102 0.180416
vt 0.162355 0.794425
v -0.923189 0.140493 0.527086
vt 0.485869 0.534805
v -0.911735 0.252476 0.537562
vt 0.508367 0.536056
v -0.889178 0.341573 0.537018
vt 0.526417 0.539949
v -0.922478 0.044325 0.514662
vt 0.466639 0.535920
v -0.285390 0.420903 1.506826
vt 0.760637 0.207416
v -0.365292 -0.558086 1.306871
vt 0.564814 0.307336
v -0.359938 -0.494440 0.002280
vt 0.663844 0.715905
v -0.686704 0.409749 1.294613
vt 0.488307 0.877726
v 0.624735 0.630162 0.562880
vt 0.867648 0.255416
v 0.278701 -0.818541 0.003288
vt 0.748229 0.338181
v -0.717154 0.232756 1.186655
vt 0.468197 0.391783
v -0.405088 0.081984 1.290712
vt 0.835474 0.195601
v -0.925894 -0.150339 0.594787
vt 0.138312 0.341210
v -0.896885 -0.158174 0.607670
vt 0.136918 0.335405
v -0.900180 -0.111685 0.605840
vt 0.146080 0.336588
v -0.915535 0.051839 0.595030
vt 0.178325 0.341487
v -0.903701 0.115239 0.601869
vt 0.190877 0.339888
v -0.103882 0.449667 1.535750
vt 0.415239 0.516804
v -0.420431 -0.142546 1.342411
vt 0.837542 0.525669
v -0.758159 -0.368632 1.031797
vt 0.966994 0.341987
v -0.760399 -0.308052 1.036272
vt 0.956360 0.338540
v -0.596538 0.626927 0.848493
vt 0.483217 0.562740
v 0.008659 0.170229 1.511696
vt 0.741830 0.133718
v -0.363751 -0.398449 0.155994
vt 0.669376 0.004827
v -0.712936 -0.585797 0.507887
vt 0.727960 0.611196
v -0.705322 -0.597428 0.508056
vt 0.728120 0.608566
v -0.696893 -0.609129 0.507654
vt 0.728120 0.605821
v -0.733335 -0.553363 0.506448
vt 0.727283 0.618429
v -0.736551 0.301505 1.281785
vt 0.380701 0.781865
v 0.808304 -0.217797 0.403818
vt 0.957109 0.133439
v -0.662900 -0.649542 0.507518
vt 0.719478 0.963506
v -0.677220 -0.633281 0.508050
vt 0.720586 0.967525
v -0.115946 -0.663845 0.223524
vt 0.508845 0.941368
v -0.000077 0.733428 0.251955
vt 0.182699 0.595061
v -0.012128 0.729828 0.251354
vt 0.180514 0.594141
v -0.070322 0.702844 0.239125
vt 0.168371 0.591766
v -0.054581 0.711148 0.243097
vt 0.171811 0.592238
v 0.739016 0.146952 0.840391
vt 0.472179 0.258191
v 0.810502 0.130078 0.661210
vt 0.455745 0.291301
v 0.760074 0.213451 0.771030
vt 0.453987 0.264022
v -0.517124 0.755774 0.502533
vt 0.947027 0.167324
v 0.260037 -0.607199 1.195683
vt 0.360707 0.467661
v -0.625934 -0.598886 1.159658
vt 0.178961 0.892463
v -0.447289 0.211885 0.114740
vt 0.631286 0.117720
v 0.529927 -0.658241 0.803506
vt 0.783509 0.699583
v -0.659466 -0.076514 1.183721
vt 0.863920 0.034366
v -0.322279 -0.811500 0.435888
vt 0.966785 0.791069
v 0.097740 0.714852 1.107653
vt 0.128794 0.941759
v 0.165116 0.710699 1.093407
vt 0.137920 0.932171
v -0.105978 0.674664 0.227741
vt 0.159268 0.591723
v -0.111180 0.670001 0.225267
vt 0.157838 0.591876
v -0.222173 -0.547755 0.186662
vt 0.175654 0.945990
v -0.289206 -0.518990 0.157623
vt 0.181018 0.932171
v -0.008769 -0.326468 1.538367
vt 0.454138 0.432126
v -0.442059 0.823229 0.621890
vt 0.485732 0.628194
v -0.535848 -0.664049 1.058721
vt 0.957780 0.942141
v -0.915224 0.196946 0.398404
vt 0.326618 0.202255
v -0.895123 0.284156 0.401821
vt 0.322611 0.219066
v -0.710222 0.274126 0.894337
vt 0.203446 0.406689
v -0.737449 0.518068 1.023207
vt 0.969795 0.022168
v -0.537927 -0.654478 1.170493
vt 0.870162 0.538795
v 0.764113 -0.310881 0.341432
vt 0.071846 0.668511
v 0.763878 -0.312285 0.340185
vt 0.072141 0.668709
v -0.823766 0.369722 0.490526
vt 0.336557 0.077626
v -0.491392 0.850016 0.497037
vt 0.967129 0.763219
v -0.158014 0.599899 0.198963
vt 0.962638 0.660054
v -0.384524 -0.352499 0.143716
vt 0.503168 0.448810
v -0.389366 -0.340419 0.144535
vt 0.503402 0.446247
v -0.372234 -0.407262 0.131944
vt 0.504557 0.460079
v -0.325725 -0.454047 0.160195
vt 0.495358 0.470922
v -0.337066 -0.438615 0.155945
vt 0.497115 0.467473
v -0.343898 -0.427167 0.154339
vt 0.497984 0.464968
v -0.348841 -0.418341 0.154315
vt 0.498428 0.463040
v -0.353720 -0.410100 0.152788
vt 0.499104 0.461243
v -0.364009 -0.391275 0.150262
vt 0.500394 0.457165
v 0.441059 0.777569 0.672772
vt 0.208503 0.506348
v -0.282859 -0.828617 0.491501
vt 0.936590 0.394225
v -0.838772 -0.462500 0.439362
vt 0.225324 0.648504
v 0.169157 0.414803 1.407522
vt 0.368454 0.552672
v -0.533708 -0.806804 0.526065
vt 0.068140 0.983884
v 0.439546 0.768199 0.118324
vt 0.594139 0.087820
v 0.389142 -0.701203 0.274607
vt 0.118755 0.757250
v 0.305977 -0.726828 0.272517
vt 0.101866 0.758307
v -0.477986 0.820282 0.600146
vt 0.477604 0.627820
v 0.600114 -0.690998 0.079669
vt 0.699368 0.333562
v 0.801779 0.190572 0.350906
vt 0.442017 0.712430
v 0.811690 0.165752 0.352577
vt 0.436860 0.712014
v -0.093888 -0.744816 0.003181
vt 0.593651 0.718982
v -0.151113 -0.711721 0.003267
vt 0.606477 0.718603
v -0.826647 -0.354812 0.496072
vt 0.336432 0.216642
v 0.608509 -0.646283 0.569898
vt 0.346260 0.932171
v -0.222780 -0.775591 0.377092
vt 0.676263 0.671764
v -0.761014 0.212921 1.214114
vt 0.477010 0.386743
v -0.764477 0.225643 1.215610
vt 0.477990 0.389169
v -0.775602 0.273848 1.221995
vt 0.481326 0.398394
v -0.341586 0.835544 0.530751
vt 0.931677 0.240296
v -0.404734 -0.301235 0.140283
vt 0.505166 0.438017
v -0.408825 -0.289757 0.139668
vt 0.505534 0.435619
v -0.415981 -0.270316 0.136994
vt 0.506435 0.431562
v -0.419624 -0.258162 0.136039
vt 0.506784 0.429055
v -0.427895 -0.235626 0.133311
vt 0.507769 0.424350
v -0.439863 -0.199984 0.128385
vt 0.509277 0.416963
v 0.372359 -0.794452 0.112208
vt 0.107273 0.722827
v 0.557832 -0.722063 0.003166
vt 0.748207 0.395549
v -0.863114 0.437457 0.613882
vt 0.254759 0.335589
v -0.824090 0.473484 0.626512
vt 0.262138 0.328307
v -0.843548 0.450902 0.416585
vt 0.358883 0.005274
v -0.718491 -0.546077 0.937506
vt 0.262816 0.631243
v -0.293783 -0.680323 0.336632
vt 0.578686 0.901116
v -0.711956 0.595325 0.681183
vt 0.447777 0.572217
v -0.692596 0.619597 0.688724
vt 0.451591 0.575529
v -0.718602 0.650235 0.629312
vt 0.441228 0.584835
v -0.774921 0.565768 0.628079
vt 0.432244 0.570850
v 0.153814 -0.816979 0.091834
vt 0.545315 0.702200
v -0.691330 -0.157294 1.180894
vt 0.728946 0.122639
v -0.621296 -0.053692 1.170867
vt 0.709243 0.137840
v -0.608205 -0.062217 1.161214
vt 0.707079 0.135415
v -0.618511 -0.072424 1.164412
vt 0.709712 0.134130
v -0.628887 -0.082046 1.166942
vt 0.712305 0.132959
v -0.628744 -0.612554 1.039201
vt 0.201188 0.900768
v 0.713136 0.551768 0.160762
vt 0.588023 0.020441
v -0.535848 -0.664049 1.058721
vt 0.301156 0.662737
v -0.744177 0.263327 1.039301
vt 0.828463 0.031907
v 0.095965 -0.846021 0.775516
vt 0.548869 0.159197
v -0.466582 -0.084026 0.116430
vt 0.512014 0.393432
v -0.442940 -0.191772 0.128123
vt 0.509533 0.415239
v -0.402224 0.838680 0.528821
vt 0.956480 0.867883
v 0.760269 0.543344 0.045693
vt 0.127338 0.351022
v 0.061919 0.800764 0.080710
vt 0.121141 0.767531
v -0.918498 0.153707 0.436833
vt 0.416975 0.013616
v -0.735183 -0.516406 1.026729
vt 0.586686 0.867417
v -0.586683 0.634963 1.043324
vt 0.760412 0.893604
v 0.898505 -0.003044 0.249362
vt 0.008590 0.690748
v -0.665068 0.124840 1.060223
vt 0.031690 0.760859
v -0.615586 -0.093686 0.198501
vt 0.751830 0.275064
v 0.811690 0.165752 0.352577
vt 0.674813 0.423825
v 0.079138 0.845960 0.782981
vt 0.588780 0.652221
v -0.062375 0.837193 0.705438
vt 0.557530 0.649972
v -0.175895 0.830671 0.640466
vt 0.532189 0.648599
v -0.186637 0.832295 0.614030
vt 0.527802 0.651461
v -0.782572 -0.369945 0.984365
vt 0.288194 0.834916
v -0.679272 0.626011 1.017856
vt 0.869218 0.341275
v -0.179374 0.691441 -0.001597
vt 0.816537 0.085442
v -0.325627 -0.832053 0.575158
vt 0.324511 0.912315
v -0.192569 -0.820083 0.664818
vt 0.324511 0.883255
v -0.163900 -0.814419 0.696381
vt 0.326581 0.875867
v -0.173890 -0.770217 0.834598
vt 0.351769 0.863920
v -0.266919 -0.782430 0.774098
vt 0.351788 0.884444
v -0.265462 -0.820684 0.643162
vt 0.329077 0.896737
v -0.453160 -0.855402 0.520941
vt 0.187180 0.959600
v -0.682591 0.457662 0.848336
vt 0.612481 0.074823
v -0.737449 0.518068 1.023207
vt 0.890757 0.762485
v -0.750309 0.487813 1.023578
vt 0.894935 0.767379
v 0.689757 0.551369 0.509344
vt 0.370904 0.261128
v -0.513373 0.760441 0.497582
vt 0.900177 0.060785
v -0.530531 0.272630 0.188777
vt 0.694119 0.138942
v 0.740791 -0.408676 0.377661
vt 0.721179 0.782423
v -0.738208 0.066713 0.316557
vt 0.290961 0.176951
v -0.789680 0.454397 0.501233
vt 0.445726 0.062443
v -0.731564 0.367519 0.826163
vt 0.640587 0.760044
v -0.330884 -0.828739 0.511108
vt 0.695890 0.932171
v -0.789020 -0.535890 0.631092
vt 0.038034 0.428015
v -0.614608 -0.060772 1.068238
vt 0.021113 0.044538
v -0.090388 0.195336 1.549765
vt 0.379865 0.713537
v -0.065059 0.144540 1.522745
vt 0.027351 0.867255
v -0.378729 0.839693 0.526003
vt 0.942266 0.274838
v -0.485551 -0.847615 0.507842
vt 0.145779 0.969167
v 0.276137 0.738355 0.268745
vt 0.556181 0.108592
v 0.300080 0.730254 0.268953
vt 0.557209 0.103819
v 0.328448 0.721780 0.269712
vt 0.558459 0.098259
v 0.365716 0.710416 0.269599
vt 0.560244 0.090958
v 0.339985 0.718470 0.270132
vt 0.558963 0.096008
v -0.523380 0.825573 0.539646
vt 0.464056 0.632820
v -0.474827 -0.240092 0.002149
vt 0.533707 0.424429
v -0.466110 -0.269760 0.001650
vt 0.533307 0.430568
v -0.489791 -0.172217 0.001286
vt 0.534294 0.410625
v -0.287777 -0.236252 1.529068
vt 0.669988 0.178230
v -0.340475 0.597958 1.268128
vt 0.918368 0.358751
v -0.774921 0.565768 0.628079
vt 0.280886 0.319646
v -0.696798 0.678792 0.630134
vt 0.304049 0.305497
v -0.765674 -0.501347 0.498598
vt 0.142201 0.984785
v 0.332489 0.553425 1.186132
vt 0.442739 0.131124
v 0.292361 0.568938 1.208044
vt 0.442495 0.122265
v 0.610197 -0.687468 0.003086
vt 0.748274 0.407482
v 0.609662 -0.547426 0.296998
vt 0.169011 0.765882
v 0.598045 -0.555503 0.295558
vt 0.166361 0.765388
v -0.701718 0.179984 1.181895
vt 0.463957 0.381728
v -0.723300 0.631969 0.470299
vt 0.315772 0.013260
v 0.875721 -0.359951 0.004045
vt 0.713662 0.416167
v 0.892936 -0.317033 0.002086
vt 0.714084 0.424969
v 0.907829 -0.275696 0.002042
vt 0.714142 0.433273
v 0.386882 -0.785796 0.419354
vt 0.223044 0.734994
v 0.119556 0.143137 1.445491
vt 0.339841 0.737455
v -0.466910 0.133458 0.131262
vt 0.547065 0.473907
v -0.341736 0.832263 0.503794
vt 0.969744 0.074412
v -0.847529 0.436712 0.412545
vt 0.313320 0.248401
v -0.828576 0.474699 0.415843
vt 0.309655 0.255679
v -0.793040 0.529134 0.420002
vt 0.302776 0.266084
v -0.758765 0.583136 0.425766
vt 0.296180 0.276398
v -0.665984 0.689480 0.434062
vt 0.278251 0.296647
v -0.870158 0.382210 0.409292
vt 0.317736 0.237936
v 0.739399 -0.146640 0.840059
vt 0.519636 0.283258
v 0.763368 -0.098977 0.793808
vt 0.506993 0.288023
v -0.712834 -0.661125 0.631613
vt 0.039425 0.293254
v -0.852143 -0.409729 0.623388
vt 0.087567 0.323688
v 0.304146 -0.694513 1.051616
vt 0.330471 0.481783
v 0.414853 -0.584786 1.055284
vt 0.322256 0.454158
v -0.757325 -0.383591 1.029975
vt 0.938603 0.601084
v -0.758159 -0.368632 1.031797
vt 0.941552 0.601014
v -0.775715 -0.370994 1.024682
vt 0.941469 0.604507
v -0.748707 -0.485380 1.026581
vt 0.918368 0.601014
v -0.753634 -0.468409 1.026360
vt 0.921810 0.601715
v -0.612938 -0.402208 1.345588
vt 0.512176 0.903746
v 0.614522 0.643854 0.568393
vt 0.863920 0.722805
v -0.718491 -0.546077 0.937506
vt 0.051906 0.829267
v -0.335773 -0.439521 0.159005
vt 0.494665 0.946346
v -0.705118 0.133780 1.041153
vt 0.204376 0.754141
v 0.182365 0.844113 0.408898
vt 0.704398 0.473731
v 0.255325 -0.813211 0.123156
vt 0.724982 0.334329
v -0.519585 -0.655767 1.193097
vt 0.119044 0.863920
v -0.601754 0.701489 0.508368
vt 0.386287 0.062939
v -0.482577 -0.835667 0.498139
vt 0.808295 0.935208
v -0.758670 0.634441 0.620009
vt 0.970227 0.004000
v -0.450642 -0.009041 1.092028
vt 0.940258 0.676765
v 0.231935 0.744743 1.031307
vt 0.639315 0.619994
v -0.141135 -0.634481 0.219489
vt 0.509561 0.948640
v -0.168334 -0.827390 0.453176
vt 0.061749 0.649938
v -0.642730 -0.630389 1.172691
vt 0.748677 0.030435
v -0.677543 -0.607319 1.186950
vt 0.754126 0.036947
v -0.694996 -0.531069 1.188821
vt 0.752758 0.052402
v -0.685050 -0.543482 1.185791
vt 0.751585 0.049445
v -0.640918 -0.585813 1.167851
vt 0.745483 0.038723
v -0.634339 -0.592346 1.164882
vt 0.744580 0.037082
v -0.606617 -0.608059 1.153349
vt 0.740073 0.032397
v -0.598525 -0.612209 1.149360
vt 0.738716 0.031111
v -0.185732 0.680041 1.108345
vt 0.577119 0.567680
v -0.309947 0.628369 1.216161
vt 0.567110 0.537014
v -0.730183 0.560946 0.500992
vt 0.423313 0.064369
v -0.478178 0.225747 0.000963
vt 0.268490 0.221760
v -0.300939 0.485496 0.162869
vt 0.471762 0.289942
v 0.943254 0.117599 0.001432
vt 0.578684 0.383639
v 0.939656 0.143947 0.002025
vt 0.578469 0.388822
v -0.104269 0.844966 0.560236
vt 0.918368 0.442503
v -0.784507 -0.357702 1.229339
vt 0.759867 0.090654
v -0.780149 -0.293872 1.226572
vt 0.755068 0.102416
v -0.775180 -0.264644 1.223365
vt 0.752266 0.107617
v -0.764755 -0.487794 1.224212
vt 0.764027 0.064902
v -0.514744 0.576417 0.361001
vt 0.863920 0.379116
v -0.512721 0.639978 0.380897
vt 0.876143 0.377157
v 0.138751 -0.808876 0.122795
vt 0.063589 0.734277
v -0.484615 -0.662501 0.388820
vt 0.918368 0.891245
v -0.505971 -0.674834 0.393146
vt 0.938523 0.890595
v -0.865095 0.124329 0.487881
vt 0.483276 0.547458
v -0.869409 0.092093 0.487338
vt 0.476775 0.546836
v -0.837080 0.331110 0.498010
vt 0.524932 0.551360
v -0.850910 0.244519 0.492639
vt 0.507484 0.549334
v -0.589865 -0.616815 1.145704
vt 0.179066 0.900706
v -0.606617 -0.608059 1.153349
vt 0.178811 0.896761
v -0.614822 -0.604529 1.157323
vt 0.178626 0.894898
v -0.536001 -0.770643 0.644848
vt 0.327793 0.582578
v -0.426286 -0.785226 0.671125
vt 0.346111 0.591979
v -0.665808 -0.606057 0.979736
vt 0.876596 0.623990
v -0.386863 -0.038989 1.252036
vt 0.937709 0.307437
v -0.333452 -0.000295 1.254950
vt 0.931981 0.296352
v -0.498428 -0.806303 0.600788
vt 0.930880 0.838868
v -0.118007 -0.691348 0.205508
vt 0.967763 0.561907
v 0.627244 -0.560784 0.336428
vt 0.757987 0.790282
v 0.519233 -0.713262 0.426523
vt 0.196914 0.641848
v 0.822416 0.136330 0.606295
vt 0.448835 0.299310
v 0.797774 0.261538 0.599336
vt 0.427769 0.286685
v -0.686423 0.151080 0.962528
vt 0.876264 0.426271
v -0.673605 0.119462 0.975980
vt 0.869310 0.426505
v -0.319401 0.839116 0.496168
vt 0.598944 0.932171
v -0.532187 0.646884 1.117510
vt 0.439025 0.477789
v -0.563919 0.805563 0.563459
vt 0.365488 0.075203
v -0.761688 -0.324827 1.035405
vt 0.587824 0.905263
v -0.348073 0.510258 -0.001120
vt 0.660736 0.060020
v 0.658617 0.545173 0.362502
vt 0.671602 0.501055
v -0.456677 0.840671 0.560854
vt 0.882333 0.298285
v -0.457145 0.805787 0.613988
vt 0.872097 0.304650
v -0.446592 0.841962 0.587552
vt 0.877050 0.297319
v -0.476517 0.847703 0.552725
vt 0.100485 0.948514
v -0.706144 -0.516231 1.192617
vt 0.754027 0.055892
v -0.446649 -0.001027 1.143472
vt 0.908296 0.031908
v -0.453758 -0.775375 0.431790
vt 0.245074 0.947714
v -0.323836 0.827816 0.601929
vt 0.503613 0.641212
v -0.346371 0.828311 0.593230
vt 0.498979 0.640573
v -0.531293 0.818392 0.557082
vt 0.895280 0.178149
v -0.507180 0.828492 0.547793
vt 0.900641 0.178187
v -0.545331 0.646691 1.054277
vt 0.760595 0.885069
v -0.850123 -0.502503 0.576213
vt 0.249543 0.555278
v -0.388216 0.815495 0.445899
vt 0.145976 0.519645
v -0.603659 0.652358 1.150463
vt 0.453906 0.477138
v -0.569172 0.662876 1.135144
vt 0.447014 0.480042
v -0.543982 0.643642 1.122165
vt 0.441376 0.476872
v -0.554280 0.640553 1.125749
vt 0.443412 0.476024
v -0.558038 0.638538 1.127549
vt 0.444148 0.475535
v -0.572489 0.632445 1.133999
vt 0.447001 0.473985
v -0.641373 0.637990 1.167756
vt 0.461395 0.473391
v -0.720786 0.504172 1.193753
vt 0.474756 0.445174
v -0.713139 0.521264 1.191964
vt 0.473573 0.448714
v -0.717711 0.508513 1.193252
vt 0.474232 0.446096
v -0.702945 0.529706 1.187492
vt 0.471649 0.450624
v -0.704937 0.525427 1.189119
vt 0.471988 0.449725
v -0.640913 0.595611 1.164289
vt 0.460337 0.465074
v -0.589478 0.624357 1.141745
vt 0.450339 0.471979
v -0.598170 0.619777 1.145645
vt 0.452037 0.470866
v -0.605807 0.616397 1.149189
vt 0.453545 0.470014
v -0.515585 0.036236 1.143164
vt 0.423576 0.357455
v -0.501015 0.775879 0.439311
vt 0.246409 0.312813
v -0.629749 0.618684 1.035217
vt 0.010574 0.616126
v -0.616663 0.624257 1.037685
vt 0.010665 0.618895
v -0.609090 0.627439 1.038719
vt 0.010721 0.620497
v -0.539231 0.669714 1.054451
vt 0.008999 0.636264
v -0.545331 0.646691 1.054277
vt 0.012612 0.633322
v -0.531524 0.649231 1.058195
vt 0.013319 0.635964
v -0.517531 0.651934 1.062818
vt 0.014019 0.638647
v -0.586683 0.634963 1.043324
vt 0.011241 0.625072
v 0.770814 -0.346900 0.664530
vt 0.230215 0.389866
v 0.812660 -0.132902 0.650782
vt 0.231042 0.348212
v -0.306646 -0.568675 0.003360
vt 0.647144 0.716738
v -0.709625 -0.147896 1.229783
vt 0.893390 0.817575
v -0.596815 0.567878 1.266264
vt 0.863920 0.004000
v -0.376556 -0.367481 0.147785
vt 0.958278 0.209060
v 0.363495 0.581547 1.120280
vt 0.431159 0.140925
v -0.097149 0.843450 0.457179
vt 0.968517 0.246170
v -0.440151 0.339475 -0.000453
vt 0.656526 0.097666
v -0.774921 0.565768 0.628079
vt 0.245591 0.461970
v -0.626096 -0.681628 0.505747
vt 0.896469 0.736903
v -0.515863 -0.028852 1.143393
vt 0.882952 0.549318
v -0.341161 -0.828391 0.510444
vt 0.881208 0.967176
v 0.100799 -0.858399 0.694557
vt 0.438096 0.617062
v 0.122893 -0.850538 0.759377
vt 0.438462 0.630518
v -0.204845 -0.616397 0.228629
vt 0.956360 0.689363
v -0.442059 0.823229 0.621890
vt 0.565180 0.942816
v -0.880901 -0.380644 0.611567
vt 0.093143 0.329690
v -0.868165 -0.417159 0.616104
vt 0.086019 0.326759
v -0.872772 -0.310793 0.617064
vt 0.106944 0.328896
v -0.890012 -0.334022 0.608660
vt 0.102280 0.332024
v 0.768200 0.527931 0.073038
vt 0.565009 0.467373
v 0.289887 -0.608925 1.169951
vt 0.636984 0.198970
v -0.614608 -0.060772 1.068238
vt 0.854995 0.358554
v -0.700218 -0.165360 1.051994
vt 0.855589 0.384581
v 0.189860 0.755191 0.263675
vt 0.212645 0.611747
v -0.501856 0.811175 0.455455
vt 0.937422 0.479465
v 0.547153 -0.596039 0.284780
vt 0.945996 0.068039
v 0.560213 -0.583775 0.288064
vt 0.945637 0.071562
v 0.527914 -0.612358 0.281313
vt 0.946505 0.063150
v 0.293877 0.078857 1.364255
vt 0.307476 0.758839
v 0.822882 -0.418451 0.135510
vt 0.688316 0.401138
v -0.573493 -0.790155 0.599546
vt 0.015359 0.922430
v 0.743808 -0.355197 0.338216
vt 0.712121 0.790282
v 0.750968 -0.341367 0.338865
vt 0.709105 0.790182
v 0.775774 -0.280899 0.342712
vt 0.696591 0.789575
v 0.574553 0.590946 0.311863
vt 0.797820 0.661005
v -0.342418 0.650375 0.332465
vt 0.880969 0.465865
v -0.695081 0.233426 0.317102
vt 0.282256 0.209108
v -0.313284 0.801442 0.418970
vt 0.602907 0.948105
v -0.769775 -0.262356 1.005380
vt 0.044246 0.772792
v -0.483415 -0.827826 0.563539
vt 0.881150 0.502231
v -0.475623 -0.844640 0.558131
vt 0.881711 0.505853
v 0.856237 -0.397401 0.002022
vt 0.714037 0.408027
v -0.572489 0.632445 1.133999
vt 0.901176 0.393616
v -0.215142 0.590844 0.177846
vt 0.942206 0.148811
v -0.266437 0.566831 0.141250
vt 0.933316 0.158165
v -0.411470 -0.662528 0.351587
vt 0.816919 0.933475
v -0.439398 -0.618633 0.353332
vt 0.819818 0.942981
v -0.622480 -0.689707 0.517006
vt 0.840667 0.468282
v -0.669380 0.669712 0.671144
vt 0.614534 0.821788
v -0.659341 -0.389113 0.326457
vt 0.771671 0.214831
v -0.790316 -0.594478 0.615062
vt 0.268153 0.565820
v -0.073307 -0.419505 1.540392
vt 0.560832 0.811396
v -0.031657 0.735960 0.217861
vt 0.774060 0.055546
v 0.217800 0.808357 0.907997
vt 0.264926 0.484458
v -0.681120 -0.138073 1.056980
vt 0.237060 0.900826
v -0.661227 -0.112853 1.061249
vt 0.237927 0.907114
v -0.646751 -0.093684 1.063978
vt 0.238473 0.911835
v -0.712046 -0.143044 1.044132
vt 0.232195 0.896992
v -0.730971 -0.170091 1.039554
vt 0.231679 0.890494
v -0.693406 -0.154551 1.054314
vt 0.236615 0.896788
v -0.687107 -0.147289 1.056456
vt 0.236968 0.898645
v -0.764895 -0.229000 1.028399
vt 0.231800 0.877098
v -0.774663 -0.253924 1.026618
vt 0.232653 0.871860
v -0.782430 -0.284375 1.025315
vt 0.234414 0.865872
v -0.749309 -0.265654 1.039523
vt 0.238262 0.872266
v -0.744660 -0.257571 1.040495
vt 0.238241 0.874110
v -0.740617 -0.250764 1.040970
vt 0.238244 0.875681
v -0.707204 -0.174074 1.050628
vt 0.236217 0.892088
v -0.736152 -0.237487 1.041474
vt 0.237662 0.878403
v -0.712960 -0.183828 1.048682
vt 0.236213 0.889857
v -0.717884 -0.191889 1.047728
vt 0.236184 0.887988
v 0.562661 0.582267 0.285435
vt 0.803431 0.662349
v 0.530037 0.611734 0.278020
vt 0.804009 0.671189
v 0.518957 0.621354 0.277042
vt 0.804050 0.674068
v -0.524650 -0.815036 0.467063
vt 0.783676 0.977693
v -0.744934 -0.600381 0.431367
vt 0.296616 0.047000
v -0.779453 -0.550310 0.426549
vt 0.303021 0.056845
v -0.824283 -0.476025 0.418590
vt 0.311276 0.071436
v -0.845854 -0.440504 0.416628
vt 0.315293 0.078401
v -0.880374 -0.342789 0.408595
vt 0.321503 0.097498
v -0.894296 -0.283664 0.403994
vt 0.323926 0.109029
v -0.496655 -0.846473 0.503210
vt 0.892702 0.504685
v -0.218146 -0.677149 1.089909
vt 0.119044 0.922361
v -0.728719 0.224479 1.042246
vt 0.827544 0.023789
v -0.546033 -0.636708 1.125882
vt 0.729820 0.023229
v -0.543876 -0.667188 1.130248
vt 0.731394 0.017354
f 1/1 2/2 3/3
f 4/4 5/5 6/6
f 7/7 8/8 9/9
f 10/10 11/11 12/12
f 10/10 13/13 11/11
f 13/13 10/10 14/14
f 10/10 12/12 14/14
f 15/15 16/16 17/17
f 18/18 19/19 20/20
f 21/21 22/22 23/23
f 24/24 25/25 26/26
f 27/27 28/28 29/29
f 30/30 31/31 32/32
f 33/33 34/34 35/35
f 36/36 37/37 38/38
f 39/39 40/40 41/41
f 42/42 43/43 44/44
f 45/45 46/46 47/47
f 48/48 49/49 50/50
f 51/51 52/52 53/53
f 54/54 55/55 56/56
f 57/57 58/58 59/59
f 60/60 61/61 62/62
f 63/63 61/61 64/64
f 65/65 66/66 67/67
f 18/18 20/20 68/68
f 69/69 70/70 71/71
f 72/72 73/73 74/74
f 75/75 76/76 77/77
f 78/78 79/79 80/80
f 81/81 82/82 83/83
f 83/83 82/82 84/84
f 85/85 86/86 87/87
f 88/88 89/89 90/90
f 55/55 91/91 92/92
f 93/93 60/60 62/62
f 62/62 61/61 63/63
f 94/94 95/95 96/96
f 97/97 98/98 99/99
f 100/100 101/101 102/102
f 103/103 102/102 101/101
f 104/104 105/105 106/106
f 106/106 105/105 45/45
f 107/107 108/108 109/109
f 109/109 108/108 110/110
f 111/111 112/112 113/113
f 114/114 115/115 116/116
f 117/117 118/118 119/119
f 120/120 121/121 122/122
f 123/123 124/124 125/125
f 126/126 127/127 128/128
f 128/128 127/127 129/129
f 130/130 131/131 132/132
f 133/133 134/134 97/97
f 18/18 68/68 135/135
f 136/136 137/137 138/138
f 139/139 140/140 141/141
f 142/142 143/143 144/144
f 111/111 113/113 145/145
f 146/146 147/147 148/148
f 149/149 150/150 151/151
f 90/90 152/152 153/153
f 154/154 155/155 156/156
f 157/157 158/158 159/159
f 160/160 161/161 162/162
f 163/163 164/164 165/165
f 144/144 143/143 166/166
f 167/167 168/168 169/169
f 170/170 171/171 172/172
f 173/173 174/174 175/175
f 176/176 177/177 178/178
f 179/179 177/177 176/176
f 180/180 181/181 182/182
f 183/183 184/184 185/185
f 186/186 187/187 188/188
f 189/189 190/190 191/191
f 192/192 193/193 194/194
f 195/195 196/196 197/197
f 198/198 199/199 200/200
f 201/201 202/202 203/203
f 185/185 204/204 183/183
f 205/205 206/206 207/207
f 208/208 209/209 210/210
f 211/211 212/212 213/213
f 214/214 215/215 216/216
f 217/217 218/218 209/209
f 219/219 220/220 221/221
f 222/222 223/223 224/224
f 225/225 226/226 227/227
f 228/228 229/229 230/230
f 231/231 232/232 233/233
f 234/234 235/235 236/236
f 237/237 238/238 239/239
f 240/240 241/241 242/242
f 243/243 244/244 245/245
f 246/246 247/247 248/248
f 249/249 250/250 251/251
f 252/252 253/253 254/254
f 255/255 256/256 257/257
f 258/258 259/259 260/260
f 261/261 262/262 263/263
f 264/264 265/265 266/266
f 267/267 268/268 269/269
f 270/270 271/271 272/272
f 273/273 274/274 275/275
f 276/276 277/277 278/278
f 279/279 280/280 281/281
f 280/280 282/282 281/281
f 283/283 284/284 285/285
f 286/286 287/287 288/288
f 289/289 290/290 291/291
f 292/292 293/293 294/294
f 295/295 296/296 297/297
f 298/298 299/299 300/300
f 277/277 276/276 301/301
f 302/302 301/301 276/276
f 303/303 304/304 305/305
f 306/306 307/307 308/308
f 309/309 310/310 311/311
f 311/311 310/310 312/312
f 313/313 314/314 315/315
f 316/316 317/317 318/318
f 319/319 320/320 321/321
f 322/322 323/323 324/324
f 325/325 303/303 305/305
f 326/326 327/327 328/328
f 329/329 330/330 331/331
f 332/332 333/333 334/334
f 335/335 336/336 337/337
f 338/338 339/339 340/340
f 341/341 342/342 343/343
f 344/344 345/345 346/346
f 347/347 348/348 349/349
f 350/350 351/351 352/352
f 353/353 351/351 354/354
f 355/355 356/356 357/357
f 286/286 358/358 287/287
f 359/359 360/360 361/361
f 362/362 363/363 364/364
f 365/365 366/366 367/367
f 368/368 369/369 370/370
f 371/371 372/372 373/373
f 374/374 375/375 376/376
f 377/377 378/378 379/379
f 380/380 381/381 382/382
f 383/383 384/384 385/385
f 386/386 387/387 388/388
f 389/389 390/390 391/391
f 392/392 393/393 394/394
f 395/395 396/396 397/397
f 398/398 399/399 400/400
f 401/401 402/402 403/403
f 404/404 405/405 406/406
f 407/407 408/408 409/409
f 410/410 411/411 412/412
f 413/413 414/414 415/415
f 416/416 417/417 418/418
f 419/419 109/109 110/110
f 420/420 421/421 422/422
f 423/423 424/424 425/425
f 426/426 427/427 428/428
f 429/429 430/430 431/431
f 432/432 402/402 433/433
f 434/434 435/435 436/436
f 437/437 438/438 439/439
f 440/440 441/441 442/442
f 443/443 444/444 445/445
f 446/446 447/447 448/448
f 449/449 450/450 451/451
f 452/452 453/453 454/454
f 455/455 456/456 457/457
f 458/458 459/459 460/460
f 461/461 462/462 463/463
f 464/464 465/465 466/466
f 467/467 468/468 469/469
f 470/470 471/471 469/469
f 472/472 473/473 474/474
f 143/143 475/475 166/166
f 476/476 477/477 167/167
f 478/478 169/169 479/479
f 480/480 481/481 482/482
f 483/483 484/484 485/485
f 486/486 76/76 487/487
f 76/76 75/75 487/487
f 73/73 28/28 27/27
f 487/487 488/488 489/489
f 490/490 491/491 492/492
f 491/491 490/490 493/493
f 494/494 495/495 496/496
f 497/497 498/498 499/499
f 500/500 501/501 502/502
f 503/503 504/504 505/505
f 506/506 507/507 508/508
f 509/509 510/510 511/511
f 512/512 99/99 98/98
f 513/513 514/514 515/515
f 515/515 514/514 516/516
f 462/462 517/517 463/463
f 517/517 518/518 463/463
f 519/519 520/520 521/521
f 522/522 523/523 524/524
f 525/525 526/526 527/527
f 527/527 526/526 528/528
f 529/529 530/530 531/531
f 532/532 533/533 534/534
f 534/534 533/533 535/535
f 471/471 536/536 469/469
f 537/537 538/538 539/539
f 540/540 541/541 542/542
f 543/543 544/544 545/545
f 546/546 144/144 166/166
f 547/547 548/548 549/549
f 30/30 550/550 31/31
f 167/167 169/169 478/478
f 551/551 552/552 553/553
f 554/554 555/555 556/556
f 61/61 557/557 558/558
f 559/559 560/560 561/561
f 562/562 563/563 564/564
f 565/565 566/566 567/567
f 485/485 568/568 569/569
f 570/570 490/490 492/492
f 571/571 572/572 573/573
f 574/574 575/575 576/576
f 577/577 578/578 579/579
f 580/580 581/581 582/582
f 583/583 584/584 585/585
f 586/586 455/455 587/587
f 588/588 589/589 590/590
f 514/514 591/591 592/592
f 519/519 521/521 593/593
f 594/594 532/532 595/595
f 464/464 466/466 596/596
f 597/597 598/598 599/599
f 600/600 537/537 539/539
f 601/601 602/602 603/603
f 604/604 605/605 606/606
f 607/607 608/608 609/609
f 610/610 611/611 612/612
f 613/613 614/614 615/615
f 571/571 573/573 616/616
f 617/617 618/618 619/619
f 347/347 349/349 620/620
f 621/621 622/622 623/623
f 624/624 625/625 626/626
f 590/590 589/589 627/627
f 628/628 629/629 630/630
f 631/631 632/632 633/633
f 76/76 634/634 635/635
f 636/636 637/637 638/638
f 639/639 640/640 641/641
f 641/641 640/640 642/642
f 599/599 598/598 643/643
f 644/644 645/645 646/646
f 647/647 648/648 469/469
f 649/649 650/650 651/651
f 542/542 541/541 652/652
f 653/653 654/654 655/655
f 656/656 657/657 658/658
f 659/659 660/660 442/442
f 661/661 662/662 663/663
f 8/8 664/664 9/9
f 665/665 666/666 667/667
f 668/668 669/669 670/670
f 671/671 672/672 673/673
f 674/674 675/675 676/676
f 677/677 678/678 679/679
f 680/680 681/681 682/682
f 683/683 684/684 685/685
f 686/686 687/687 688/688
f 689/689 690/690 691/691
f 692/692 693/693 694/694
f 631/631 633/633 695/695
f 535/535 696/696 697/697
f 644/644 646/646 698/698
f 699/699 700/700 701/701
f 702/702 486/486 487/487
f 649/649 651/651 703/703
f 704/704 705/705 706/706
f 706/706 705/705 707/707
f 708/708 709/709 710/710
f 711/711 712/712 713/713
f 714/714 715/715 716/716
f 717/717 718/718 719/719
f 720/720 721/721 722/722
f 723/723 724/724 725/725
f 141/141 726/726 139/139
f 727/727 728/728 729/729
f 730/730 731/731 732/732
f 733/733 734/734 735/735
f 736/736 737/737 738/738
f 739/739 740/740 741/741
f 469/469 648/648 467/467
f 742/742 743/743 744/744
f 745/745 746/746 747/747
f 748/748 749/749 750/750
f 751/751 752/752 753/753
f 105/105 46/46 45/45
f 754/754 755/755 756/756
f 757/757 758/758 759/759
f 760/760 761/761 762/762
f 763/763 764/764 765/765
f 766/766 767/767 768/768
f 769/769 770/770 771/771
f 770/770 772/772 771/771
f 773/773 774/774 775/775
f 776/776 777/777 778/778
f 779/779 780/780 781/781
f 782/782 783/783 784/784
f 697/697 696/696 785/785
f 682/682 698/698 646/646
f 786/786 787/787 788/788
f 789/789 790/790 791/791
f 792/792 793/793 794/794
f 795/795 796/796 797/797
f 797/797 796/796 798/798
f 799/799 800/800 801/801
f 802/802 803/803 804/804
f 805/805 806/806 807/807
f 808/808 809/809 810/810
f 811/811 812/812 813/813
f 814/814 815/815 816/816
f 817/817 818/818 819/819
f 820/820 821/821 822/822
f 823/823 31/31 550/550
f 434/434 824/824 825/825
f 826/826 827/827 828/828
f 829/829 830/830 831/831
f 832/832 833/833 834/834
f 835/835 836/836 837/837
f 838/838 839/839 840/840
f 841/841 842/842 843/843
f 844/844 845/845 846/846
f 845/845 847/847 846/846
f 848/848 849/849 850/850
f 851/851 852/852 853/853
f 853/853 852/852 854/854
f 855/855 856/856 857/857
f 777/777 776/776 858/858
f 859/859 860/860 861/861
f 781/781 780/780 862/862
f 863/863 864/864 865/865
f 785/785 866/866 867/867
f 868/868 869/869 870/870
f 871/871 872/872 873/873
f 701/701 700/700 874/874
f 875/875 876/876 877/877
f 878/878 879/879 880/880
f 801/801 800/800 881/881
f 882/882 883/883 884/884
f 885/885 886/886 887/887
f 888/888 889/889 890/890
f 891/891 892/892 893/893
f 894/894 895/895 896/896
f 897/897 898/898 899/899
f 900/900 901/901 902/902
f 903/903 838/838 840/840
f 904/904 905/905 906/906
f 907/907 908/908 909/909
f 867/867 866/866 910/910
f 877/877 876/876 911/911
f 912/912 17/17 16/16
f 913/913 914/914 915/915
f 916/916 917/917 918/918
f 919/919 920/920 921/921
f 922/922 923/923 604/604
f 924/924 925/925 926/926
f 927/927 928/928 929/929
f 930/930 931/931 932/932
f 933/933 484/484 934/934
f 935/935 936/936 937/937
f 938/938 939/939 940/940
f 941/941 942/942 943/943
f 944/944 945/945 946/946
f 947/947 948/948 949/949
f 323/323 950/950 324/324
f 765/765 341/341 343/343
f 951/951 952/952 953/953
f 954/954 682/682 681/681
f 915/915 914/914 955/955
f 956/956 957/957 958/958
f 959/959 960/960 961/961
f 962/962 963/963 964/964
f 965/965 966/966 967/967
f 968/968 969/969 970/970
f 971/971 972/972 973/973
f 974/974 975/975 976/976
f 977/977 978/978 979/979
f 34/34 980/980 35/35
f 981/981 982/982 983/983
f 984/984 985/985 986/986
f 987/987 988/988 989/989
f 990/990 991/991 992/992
f 992/992 991/991 993/993
f 994/994 995/995 996/996
f 997/997 998/998 999/999
f 1000/1000 1001/1001 1002/1002
f 1003/1003 1004/1004 1005/1005
f 1006/1006 967/967 966/966
f 1007/1007 1008/1008 1009/1009
f 504/504 503/503 1010/1010
f 1011/1011 1012/1012 1013/1013
f 1014/1014 1015/1015 1016/1016
f 1017/1017 725/725 724/724
f 1018/1018 1019/1019 1020/1020
f 1021/1021 1022/1022 1023/1023
f 1024/1024 1025/1025 1026/1026
f 1027/1027 1028/1028 1029/1029
f 1030/1030 1031/1031 1032/1032
f 1031/1031 581/581 1032/1032
f 1033/1033 1034/1034 1035/1035
f 1036/1036 1037/1037 1038/1038
f 1039/1039 1040/1040 917/917
f 1041/1041 1042/1042 1043/1043
f 314/314 1044/1044 1045/1045
f 1046/1046 1047/1047 1048/1048
f 1049/1049 1050/1050 1051/1051
f 428/428 427/427 1052/1052
f 1053/1053 1054/1054 1055/1055
f 1056/1056 1057/1057 1058/1058
f 1059/1059 1060/1060 1061/1061
f 987/987 989/989 1062/1062
f 989/989 1063/1063 1062/1062
f 1064/1064 1065/1065 1066/1066
f 1067/1067 1068/1068 1069/1069
f 1070/1070 1071/1071 1072/1072
f 1073/1073 1074/1074 1075/1075
f 1076/1076 1077/1077 1078/1078
f 1079/1079 1080/1080 1081/1081
f 1082/1082 1083/1083 1084/1084
f 1085/1085 1086/1086 1087/1087
f 1088/1088 1089/1089 1090/1090
f 1091/1091 1092/1092 1093/1093
f 1094/1094 1095/1095 1096/1096
f 1097/1097 1098/1098 1099/1099
f 280/280 1100/1100 282/282
f 1023/1023 973/973 1101/1101
f 1102/1102 1103/1103 1104/1104
f 1105/1105 1106/1106 1107/1107
f 1108/1108 1109/1109 1110/1110
f 1111/1111 1112/1112 1113/1113
f 1114/1114 1115/1115 1116/1116
f 1117/1117 1118/1118 1119/1119
f 1118/1118 1120/1120 1119/1119
f 1119/1119 1120/1120 1121/1121
f 1122/1122 1123/1123 1124/1124
f 1125/1125 1126/1126 1127/1127
f 993/993 991/991 1128/1128
f 1129/1129 1130/1130 1131/1131
f 1132/1132 1133/1133 1134/1134
f 1135/1135 1136/1136 597/597
f 1137/1137 1138/1138 1139/1139
f 1140/1140 1141/1141 1142/1142
f 1143/1143 1144/1144 1145/1145
f 1146/1146 1147/1147 1148/1148
f 1149/1149 1150/1150 1151/1151
f 1152/1152 1153/1153 1154/1154
f 1155/1155 1156/1156 1157/1157
f 120/120 122/122 1158/1158
f 1159/1159 1160/1160 1161/1161
f 1162/1162 1163/1163 1164/1164
f 1165/1165 1166/1166 1167/1167
f 1127/1127 1168/1168 425/425
f 1169/1169 1170/1170 1171/1171
f 1172/1172 1173/1173 1174/1174
f 1174/1174 1175/1175 1176/1176
f 1176/1176 1175/1175 1177/1177
f 1178/1178 1179/1179 1180/1180
f 1181/1181 1182/1182 1183/1183
f 1145/1145 1144/1144 1184/1184
f 1185/1185 1186/1186 1187/1187
f 1188/1188 1189/1189 1190/1190
f 1191/1191 1192/1192 1193/1193
f 1194/1194 1195/1195 257/257
f 1196/1196 1197/1197 1198/1198
f 1199/1199 1200/1200 1201/1201
f 1202/1202 1203/1203 1204/1204
f 1205/1205 1206/1206 1207/1207
f 1207/1207 1206/1206 1208/1208
f 1209/1209 1210/1210 1211/1211
f 1212/1212 1213/1213 1165/1165
f 1214/1214 1127/1127 1215/1215
f 1216/1216 1217/1217 1218/1218
f 1219/1219 1220/1220 1221/1221
f 1222/1222 1223/1223 1224/1224
f 1225/1225 663/663 662/662
f 1226/1226 1227/1227 1228/1228
f 1229/1229 1230/1230 1231/1231
f 1232/1232 1233/1233 1234/1234
f 1235/1235 1149/1149 1236/1236
f 1237/1237 1238/1238 1239/1239
f 1240/1240 1241/1241 1242/1242
f 1243/1243 1244/1244 180/180
f 1245/1245 1246/1246 1247/1247
f 1248/1248 1249/1249 1250/1250
f 1201/1201 1200/1200 1251/1251
f 1204/1204 1252/1252 1253/1253
f 1254/1254 1255/1255 1256/1256
f 1257/1257 1258/1258 1259/1259
f 1260/1260 1213/1213 1212/1212
f 1260/1260 1165/1165 1261/1261
f 423/423 1262/1262 424/424
f 1263/1263 1264/1264 1265/1265
f 1266/1266 1267/1267 1003/1003
f 1268/1268 1269/1269 1270/1270
f 1271/1271 1220/1220 1272/1272
f 1273/1273 1274/1274 1275/1275
f 1276/1276 738/738 737/737
f 1277/1277 1278/1278 1279/1279
f 1280/1280 1281/1281 1282/1282
f 1283/1283 1284/1284 1285/1285
f 1286/1286 1287/1287 1288/1288
f 1289/1289 1290/1290 1291/1291
f 1292/1292 1293/1293 1294/1294
f 1202/1202 1253/1253 1295/1295
f 1296/1296 1297/1297 1298/1298
f 1299/1299 1300/1300 1301/1301
f 1302/1302 1303/1303 1304/1304
f 1303/1303 1305/1305 1304/1304
f 1306/1306 1307/1307 1308/1308
f 1309/1309 1310/1310 1311/1311
f 1312/1312 1313/1313 1314/1314
f 1315/1315 1316/1316 1313/1313
f 1317/1317 1318/1318 1319/1319
f 1320/1320 1321/1321 1322/1322
f 1323/1323 1324/1324 1325/1325
f 1267/1267 1326/1326 1327/1327
f 1328/1328 1329/1329 545/545
f 1330/1330 1331/1331 1332/1332
f 1170/1170 1333/1333 1334/1334
f 1335/1335 1336/1336 1337/1337
f 1338/1338 1339/1339 1340/1340
f 1341/1341 1284/1284 1342/1342
f 1343/1343 1344/1344 1345/1345
f 1346/1346 1347/1347 1348/1348
f 1349/1349 1350/1350 1351/1351
f 1352/1352 1353/1353 1354/1354
f 1355/1355 1356/1356 1357/1357
f 1358/1358 1359/1359 1360/1360
f 1361/1361 1362/1362 1363/1363
f 1364/1364 1365/1365 1366/1366
f 1367/1367 1368/1368 1369/1369
f 1370/1370 1371/1371 1372/1372
f 1373/1373 1374/1374 1375/1375
f 1376/1376 1377/1377 1046/1046
f 300/300 1378/1378 298/298
f 298/298 1378/1378 1379/1379
f 1380/1380 1381/1381 1382/1382
f 1383/1383 1384/1384 1385/1385
f 1386/1386 1377/1377 1387/1387
f 1388/1388 1389/1389 1390/1390
f 1391/1391 1392/1392 1393/1393
f 1393/1393 1392/1392 1394/1394
f 1392/1392 1395/1395 1394/1394
f 1378/1378 300/300 1396/1396
f 1397/1397 1398/1398 893/893
f 1399/1399 1400/1400 1401/1401
f 1402/1402 1403/1403 1404/1404
f 1405/1405 1406/1406 1407/1407
f 1083/1083 1408/1408 1084/1084
f 1409/1409 1410/1410 1411/1411
f 1410/1410 1409/1409 1412/1412
f 1413/1413 1414/1414 1415/1415
f 1271/1271 1416/1416 1417/1417
f 549/549 1418/1418 547/547
f 1419/1419 1420/1420 1421/1421
f 1422/1422 1423/1423 1317/1317
f 1424/1424 1425/1425 1426/1426
f 1213/1213 1427/1427 1166/1166
f 1428/1428 1429/1429 1430/1430
f 1431/1431 1432/1432 1433/1433
f 1434/1434 366/366 365/365
f 1386/1386 1387/1387 1435/1435
f 1436/1436 1239/1239 1238/1238
f 1437/1437 1438/1438 1439/1439
f 1440/1440 1441/1441 1442/1442
f 994/994 996/996 1443/1443
f 1444/1444 1445/1445 1446/1446
f 1447/1447 1448/1448 1449/1449
f 1450/1450 1451/1451 1452/1452
f 1453/1453 1454/1454 565/565
f 1455/1455 1456/1456 1457/1457
f 1458/1458 1459/1459 1460/1460
f 1461/1461 1462/1462 1463/1463
f 1464/1464 1465/1465 1466/1466
f 1467/1467 1468/1468 1469/1469
f 1470/1470 1471/1471 1472/1472
f 1473/1473 1474/1474 1475/1475
f 1476/1476 1477/1477 1478/1478
f 1479/1479 1480/1480 1478/1478
f 1481/1481 1482/1482 1483/1483
f 1484/1484 1485/1485 1486/1486
f 1253/1253 1487/1487 1295/1295
f 1488/1488 1489/1489 1490/1490
f 1491/1491 1492/1492 1493/1493
f 1494/1494 1495/1495 1496/1496
f 1497/1497 1498/1498 1499/1499
f 1500/1500 1501/1501 1502/1502
f 1194/1194 1503/1503 1504/1504
f 1505/1505 1506/1506 1507/1507
f 1508/1508 1509/1509 1510/1510
f 1511/1511 1512/1512 1513/1513
f 1513/1513 1512/1512 1514/1514
f 1514/1514 1512/1512 1515/1515
f 1423/1423 1422/1422 1516/1516
f 1094/1094 1517/1517 1518/1518
f 1519/1519 1520/1520 1521/1521
f 1522/1522 1523/1523 1524/1524
f 1436/1436 1238/1238 1525/1525
f 1237/1237 1526/1526 1238/1238
f 1527/1527 1528/1528 1529/1529
f 1530/1530 1531/1531 1532/1532
f 1533/1533 1534/1534 1535/1535
f 1536/1536 1537/1537 1538/1538
f 1539/1539 1540/1540 1541/1541
f 1542/1542 1543/1543 1544/1544
f 1545/1545 1546/1546 1547/1547
f 1548/1548 1549/1549 1550/1550
f 1551/1551 1552/1552 56/56
f 1553/1553 1554/1554 1555/1555
f 1556/1556 1557/1557 1558/1558
f 1559/1559 1560/1560 1561/1561
f 1562/1562 1563/1563 1564/1564
f 1565/1565 1566/1566 1567/1567
f 1568/1568 1569/1569 1570/1570
f 1571/1571 1515/1515 1572/1572
f 1203/1203 1573/1573 1574/1574
f 1575/1575 1576/1576 1577/1577
f 1577/1577 1576/1576 1578/1578
f 1579/1579 1580/1580 1581/1581
f 1582/1582 1583/1583 1584/1584
f 1585/1585 1586/1586 1587/1587
f 1539/1539 1541/1541 1588/1588
f 1541/1541 1540/1540 1589/1589
f 1590/1590 1591/1591 1592/1592
f 155/155 1593/1593 156/156
f 491/491 493/493 885/885
f 1594/1594 1403/1403 1595/1595
f 1596/1596 1597/1597 1598/1598
f 1599/1599 1600/1600 1601/1601
f 548/548 1602/1602 392/392
f 393/393 392/392 1603/1603
f 1604/1604 1605/1605 1606/1606
f 820/820 1607/1607 1608/1608
f 1609/1609 1610/1610 1611/1611
f 1612/1612 1613/1613 1210/1210
f 1614/1614 1615/1615 1616/1616
f 1617/1617 1618/1618 1619/1619
f 1620/1620 1180/1180 1179/1179
f 1621/1621 1622/1622 1623/1623
f 118/118 1624/1624 1625/1625
f 1626/1626 1627/1627 1628/1628
f 1490/1490 1489/1489 1629/1629
f 1630/1630 1631/1631 1632/1632
f 1588/1588 1541/1541 1589/1589
f 1633/1633 1634/1634 1635/1635
f 1634/1634 1636/1636 1635/1635
f 1637/1637 1638/1638 1639/1639
f 1640/1640 1641/1641 1642/1642
f 1643/1643 1644/1644 1645/1645
f 1646/1646 1647/1647 1648/1648
f 1285/1285 1284/1284 1341/1341
f 1572/1572 1515/1515 1649/1649
f 1650/1650 1651/1651 1652/1652
f 1096/1096 1095/1095 1653/1653
f 1622/1622 1621/1621 1654/1654
f 1655/1655 1656/1656 1657/1657
f 1658/1658 1659/1659 1660/1660
f 1661/1661 1579/1579 1581/1581
f 1662/1662 1663/1663 1664/1664
f 1665/1665 1666/1666 1667/1667
f 1668/1668 886/886 1669/1669
f 1670/1670 1671/1671 1672/1672
f 1673/1673 1674/1674 1675/1675
f 1674/1674 1676/1676 1675/1675
f 1677/1677 1678/1678 1679/1679
f 1680/1680 1681/1681 1682/1682
f 1683/1683 427/427 1684/1684
f 1685/1685 719/719 1686/1686
f 1687/1687 1688/1688 1689/1689
f 1690/1690 1691/1691 1692/1692
f 1693/1693 1694/1694 1695/1695
f 1696/1696 1697/1697 1698/1698
f 1699/1699 1700/1700 1701/1701
f 1702/1702 1703/1703 1704/1704
f 1705/1705 1706/1706 1707/1707
f 1708/1708 1709/1709 1710/1710
f 1711/1711 1712/1712 1713/1713
f 1175/1175 1714/1714 1177/1177
f 1715/1715 1716/1716 1717/1717
f 1718/1718 1432/1432 1719/1719
f 1720/1720 1721/1721 1722/1722
f 1723/1723 1724/1724 1725/1725
f 1623/1623 1726/1726 1621/1621
f 1727/1727 1728/1728 1729/1729
f 1730/1730 1731/1731 1732/1732
f 743/743 711/711 1733/1733
f 1734/1734 1735/1735 1736/1736
f 1737/1737 1738/1738 1739/1739
f 1740/1740 1741/1741 1679/1679
f 1742/1742 1743/1743 1744/1744
f 1745/1745 1746/1746 1747/1747
f 1748/1748 1749/1749 1750/1750
f 1751/1751 1752/1752 1753/1753
f 40/40 1754/1754 41/41
f 1755/1755 1756/1756 1757/1757
f 1758/1758 1759/1759 1760/1760
f 1761/1761 1762/1762 122/122
f 1763/1763 1764/1764 1765/1765
f 394/394 393/393 1766/1766
f 1767/1767 1768/1768 1769/1769
f 1770/1770 1771/1771 1772/1772
f 586/586 1773/1773 1774/1774
f 1775/1775 1776/1776 1777/1777
f 1778/1778 1779/1779 1780/1780
f 966/966 965/965 1781/1781
f 1782/1782 1783/1783 1784/1784
f 1785/1785 1786/1786 1787/1787
f 1788/1788 1789/1789 1790/1790
f 1789/1789 1096/1096 1790/1790
f 1096/1096 1653/1653 1790/1790
f 1791/1791 1792/1792 1793/1793
f 1794/1794 1795/1795 1796/1796
f 1564/1564 1563/1563 1797/1797
f 1798/1798 1799/1799 1800/1800
f 1801/1801 1802/1802 1803/1803
f 1804/1804 1805/1805 1806/1806
f 1807/1807 1808/1808 1809/1809
f 1810/1810 1811/1811 1812/1812
f 1813/1813 1814/1814 1815/1815
f 885/885 807/807 806/806
f 1816/1816 814/814 1817/1817
f 1818/1818 1819/1819 1820/1820
f 1821/1821 1822/1822 825/825
f 1766/1766 1603/1603 1823/1823
f 1824/1824 1825/1825 1826/1826
f 1827/1827 1828/1828 1829/1829
f 1276/1276 1830/1830 605/605
f 1831/1831 1832/1832 1833/1833
f 1834/1834 1835/1835 1836/1836
f 1802/1802 1837/1837 1803/1803
f 1838/1838 744/744 743/743
f 1839/1839 1840/1840 1841/1841
f 1842/1842 1843/1843 1844/1844
f 1845/1845 1846/1846 1847/1847
f 1848/1848 1849/1849 1850/1850
f 1851/1851 1852/1852 1853/1853
f 1854/1854 1855/1855 1856/1856
f 1855/1855 1857/1857 1856/1856
f 1858/1858 1859/1859 1860/1860
f 1861/1861 1773/1773 587/587
f 1862/1862 1863/1863 1864/1864
f 1865/1865 1866/1866 1867/1867
f 1868/1868 1869/1869 1870/1870
f 1871/1871 1338/1338 1340/1340
f 1872/1872 1873/1873 1874/1874
f 1875/1875 1876/1876 1877/1877
f 505/505 504/504 1878/1878
f 1879/1879 1880/1880 1881/1881
f 1882/1882 1883/1883 1884/1884
f 1885/1885 1886/1886 1887/1887
f 1888/1888 1889/1889 1890/1890
f 1891/1891 1892/1892 1893/1893
f 1894/1894 1895/1895 1896/1896
f 1897/1897 1898/1898 1899/1899
f 1900/1900 1901/1901 1902/1902
f 1903/1903 927/927 1669/1669
f 1904/1904 1905/1905 1906/1906
f 1907/1907 1908/1908 1909/1909
f 1910/1910 1911/1911 1912/1912
f 1832/1832 1913/1913 1833/1833
f 1914/1914 1915/1915 1916/1916
f 1913/1913 1917/1917 1918/1918
f 1919/1919 1920/1920 1921/1921
f 1922/1922 1923/1923 1924/1924
f 1925/1925 1926/1926 1927/1927
f 1928/1928 1929/1929 1930/1930
f 1931/1931 1932/1932 1933/1933
f 1934/1934 1935/1935 1936/1936
f 1937/1937 1938/1938 1939/1939
f 1940/1940 1941/1941 1942/1942
f 1943/1943 932/932 1944/1944
f 1945/1945 1946/1946 1947/1947
f 1948/1948 1949/1949 1950/1950
f 1951/1951 1219/1219 1952/1952
f 1953/1953 1954/1954 1955/1955
f 1956/1956 1957/1957 1958/1958
f 1959/1959 1960/1960 1961/1961
f 546/546 1962/1962 144/144
f 1963/1963 1964/1964 1965/1965
f 1966/1966 1967/1967 1968/1968
f 1969/1969 1970/1970 1971/1971
f 1972/1972 1973/1973 1974/1974
f 947/947 949/949 1975/1975
f 727/727 1976/1976 1789/1789
f 1915/1915 1977/1977 1916/1916
f 1733/1733 1978/1978 1979/1979
f 1979/1979 1838/1838 1733/1733
f 1838/1838 743/743 1733/1733
f 1980/1980 1981/1981 1982/1982
f 1983/1983 1984/1984 1985/1985
f 1986/1986 1987/1987 1988/1988
f 1989/1989 1990/1990 1991/1991
f 187/187 186/186 1992/1992
f 1993/1993 1994/1994 1995/1995
f 1996/1996 1997/1997 1998/1998
f 1999/1999 2000/2000 2001/2001
f 2002/2002 2003/2003 2004/2004
f 2005/2005 2006/2006 2007/2007
f 2008/2008 1823/1823 1603/1603
f 1379/1379 2009/2009 298/298
f 2010/2010 1558/1558 1557/1557
f 2011/2011 2012/2012 2013/2013
f 2014/2014 2015/2015 2016/2016
f 2017/2017 2018/2018 2019/2019
f 2020/2020 2021/2021 2022/2022
f 949/949 2023/2023 1975/1975
f 2023/2023 948/948 2024/2024
f 2025/2025 2026/2026 2027/2027
f 729/729 728/728 2028/2028
f 2029/2029 2030/2030 2031/2031
f 1918/1918 2032/2032 2033/2033
f 2034/2034 2035/2035 2036/2036
f 2037/2037 2038/2038 2039/2039
f 2040/2040 1807/1807 2041/2041
f 1227/1227 2042/2042 2043/2043
f 2044/2044 2045/2045 2046/2046
f 2047/2047 2048/2048 2049/2049
f 1400/1400 1399/1399 396/396
f 2050/2050 77/77 2051/2051
f 2052/2052 2053/2053 2054/2054
f 2055/2055 2056/2056 2057/2057
f 2058/2058 2059/2059 2060/2060
f 1520/1520 2061/2061 1521/1521
f 2062/2062 2063/2063 2064/2064
f 2065/2065 2037/2037 2066/2066
f 2067/2067 2068/2068 2069/2069
f 711/711 2070/2070 2071/2071
f 2072/2072 2073/2073 386/386
f 2074/2074 2075/2075 2076/2076
f 2077/2077 2078/2078 2079/2079
f 1060/1060 2080/2080 2081/2081
f 1134/1134 2082/2082 2083/2083
f 214/214 2084/2084 2085/2085
f 2086/2086 2087/2087 2088/2088
f 2089/2089 2090/2090 2091/2091
f 2092/2092 2001/2001 2093/2093
f 2094/2094 1629/1629 1489/1489
f 2095/2095 1369/1369 2096/2096
f 2097/2097 1759/1759 2098/2098
f 2060/2060 2059/2059 2099/2099
f 2100/2100 2101/2101 2102/2102
f 324/324 2103/2103 322/322
f 794/794 793/793 2104/2104
f 413/413 2105/2105 2106/2106
f 2107/2107 2108/2108 2001/2001
f 2109/2109 2110/2110 2111/2111
f 2112/2112 2113/2113 2114/2114
f 1520/1520 2115/2115 2061/2061
f 2116/2116 2117/2117 2118/2118
f 1615/1615 2119/2119 1616/1616
f 1707/1707 2120/2120 1705/1705
f 2121/2121 2122/2122 2123/2123
f 2124/2124 2125/2125 2126/2126
f 2127/2127 2128/2128 2129/2129
f 1526/1526 2130/2130 2131/2131
f 2132/2132 2133/2133 2134/2134
f 2135/2135 2136/2136 2137/2137
f 2138/2138 2139/2139 2140/2140
f 1787/1787 2141/2141 1785/1785
f 2142/2142 2143/2143 2144/2144
f 2145/2145 2146/2146 2147/2147
f 2148/2148 2149/2149 2150/2150
f 1759/1759 1758/1758 2151/2151
f 2152/2152 2129/2129 2153/2153
f 2154/2154 2155/2155 2156/2156
f 2157/2157 2158/2158 2159/2159
f 2154/2154 2160/2160 2161/2161
f 1889/1889 2162/2162 1890/1890
f 1890/1890 2162/2162 2163/2163
f 1016/1016 1015/1015 2164/2164
f 2165/2165 2166/2166 2167/2167
f 1243/1243 2168/2168 2169/2169
f 2170/2170 2171/2171 2172/2172
f 2173/2173 2174/2174 2175/2175
f 2176/2176 2177/2177 2178/2178
f 2179/2179 2180/2180 2181/2181
f 2182/2182 2183/2183 1040/1040
f 2184/2184 2185/2185 2186/2186
f 2187/2187 2188/2188 1911/1911
f 2189/2189 136/136 138/138
f 2190/2190 2191/2191 2192/2192
f 2193/2193 2194/2194 2195/2195
f 2196/2196 2197/2197 1465/1465
f 2198/2198 2199/2199 2200/2200
f 2201/2201 2202/2202 2203/2203
f 2204/2204 2205/2205 2206/2206
f 431/431 2207/2207 2208/2208
f 2209/2209 2210/2210 2211/2211
f 1602/1602 548/548 547/547
f 2212/2212 2213/2213 2214/2214
f 2215/2215 2216/2216 2217/2217
f 2218/2218 2219/2219 2220/2220
f 2221/2221 2222/2222 2223/2223
f 2224/2224 262/262 2225/2225
f 1472/1472 2226/2226 1470/1470
f 2227/2227 2228/2228 2229/2229
f 1005/1005 1215/1215 2230/2230
f 2231/2231 2179/2179 2181/2181
f 2232/2232 2233/2233 2234/2234
f 2235/2235 2236/2236 1256/1256
f 2129/2129 2152/2152 2127/2127
f 2237/2237 2238/2238 2239/2239
f 2240/2240 2241/2241 2242/2242
f 2243/2243 2244/2244 2245/2245
f 1109/1109 1108/1108 2246/2246
f 2247/2247 2248/2248 1102/1102
f 2249/2249 581/581 1031/1031
f 2250/2250 2251/2251 2252/2252
f 2147/2147 2146/2146 2253/2253
f 2254/2254 2255/2255 2256/2256
f 1511/1511 1513/1513 2257/2257
f 2258/2258 2259/2259 2260/2260
f 2261/2261 2262/2262 2263/2263
f 2264/2264 2265/2265 2266/2266
f 2267/2267 2268/2268 2269/2269
f 2270/2270 2271/2271 2272/2272
f 2273/2273 2274/2274 2275/2275
f 260/260 2276/2276 2277/2277
f 2278/2278 2279/2279 2280/2280
f 2281/2281 2282/2282 2283/2283
f 2284/2284 2285/2285 2286/2286
f 2287/2287 2288/2288 2289/2289
f 2290/2290 2291/2291 2292/2292
f 2293/2293 2294/2294 1801/1801
f 2295/2295 2296/2296 2297/2297
f 2298/2298 2299/2299 2300/2300
f 2301/2301 2302/2302 2303/2303
f 2304/2304 2305/2305 2306/2306
f 2307/2307 1370/1370 2308/2308
f 2309/2309 2310/2310 2311/2311
f 2312/2312 2313/2313 1777/1777
f 1888/1888 2314/2314 2315/2315
f 2316/2316 2317/2317 2318/2318
f 2315/2315 2319/2319 2320/2320
f 1202/1202 1204/1204 1253/1253
f 2321/2321 2236/2236 2322/2322
f 2323/2323 2267/2267 2269/2269
f 536/536 2324/2324 469/469
f 2325/2325 2326/2326 2327/2327
f 2328/2328 2329/2329 2330/2330
f 2331/2331 2332/2332 2333/2333
f 2334/2334 2335/2335 2336/2336
f 2080/2080 2337/2337 2081/2081
f 2338/2338 2339/2339 2340/2340
f 2341/2341 1881/1881 1880/1880
f 2342/2342 2343/2343 2344/2344
f 2345/2345 2346/2346 2347/2347
f 2348/2348 2349/2349 2350/2350
f 2351/2351 2352/2352 2353/2353
f 1740/1740 1679/1679 1678/1678
f 2354/2354 2016/2016 2355/2355
f 2356/2356 2357/2357 2358/2358
f 2359/2359 2360/2360 2361/2361
f 2362/2362 2363/2363 2364/2364
f 1032/1032 2365/2365 2366/2366
f 2367/2367 2368/2368 2369/2369
f 2370/2370 2371/2371 2372/2372
f 2373/2373 2374/2374 2375/2375
f 2376/2376 1812/1812 1811/1811
f 2377/2377 2345/2345 2378/2378
f 2379/2379 2380/2380 2381/2381
f 2382/2382 2383/2383 2384/2384
f 2385/2385 2386/2386 2387/2387
f 2387/2387 2386/2386 2388/2388
f 2389/2389 2116/2116 2118/2118
f 2390/2390 2391/2391 2392/2392
f 2393/2393 201/201 203/203
f 979/979 978/978 684/684
f 2394/2394 2015/2015 2014/2014
f 2395/2395 2396/2396 2397/2397
f 2398/2398 2399/2399 2400/2400
f 2401/2401 2088/2088 2402/2402
f 2403/2403 2404/2404 2405/2405
f 2406/2406 2407/2407 2408/2408
f 2409/2409 2410/2410 2411/2411
f 2412/2412 2413/2413 2414/2414
f 2415/2415 2416/2416 2417/2417
f 2418/2418 2419/2419 2420/2420
f 139/139 2421/2421 140/140
f 2422/2422 2423/2423 2424/2424
f 2420/2420 2425/2425 2418/2418
f 1812/1812 2426/2426 1810/1810
f 1810/1810 2426/2426 2427/2427
f 2380/2380 2379/2379 2428/2428
f 2429/2429 2430/2430 2431/2431
f 455/455 588/588 587/587
f 394/394 2432/2432 2433/2433
f 2434/2434 136/136 2189/2189
f 1985/1985 2435/2435 2436/2436
f 2437/2437 2438/2438 2439/2439
f 2440/2440 977/977 979/979
f 2441/2441 2442/2442 2443/2443
f 719/719 2444/2444 2445/2445
f 1770/1770 1772/1772 2446/2446
f 2447/2447 2448/2448 2449/2449
f 2450/2450 2451/2451 2452/2452
f 2410/2410 2409/2409 2453/2453
f 2454/2454 2455/2455 2456/2456
f 2455/2455 2457/2457 2456/2456
f 2456/2456 2457/2457 2458/2458
f 2459/2459 2460/2460 1485/1485
f 2461/2461 2462/2462 2463/2463
f 2464/2464 2465/2465 2466/2466
f 2467/2467 2468/2468 2469/2469
f 726/726 141/141 2470/2470
f 141/141 2471/2471 2470/2470
f 330/330 2472/2472 2473/2473
f 2471/2471 2474/2474 2470/2470
f 2475/2475 2476/2476 2477/2477
f 2418/2418 2478/2478 2419/2419
f 2479/2479 2480/2480 2481/2481
f 2480/2480 2482/2482 2481/2481
f 2483/2483 2484/2484 2485/2485
f 2486/2486 1246/1246 2487/2487
f 56/56 2488/2488 2489/2489
f 2490/2490 2491/2491 2492/2492
f 2493/2493 2494/2494 2495/2495
f 417/417 416/416 2496/2496
f 2497/2497 109/109 419/419
f 2498/2498 2499/2499 2500/2500
f 1465/1465 1464/1464 2196/2196
f 2501/2501 2502/2502 2503/2503
f 2504/2504 2495/2495 2505/2505
f 2506/2506 2507/2507 2508/2508
f 2509/2509 2510/2510 2511/2511
f 2512/2512 2511/2511 2513/2513
f 2514/2514 2515/2515 2516/2516
f 2517/2517 2518/2518 2519/2519
f 2520/2520 2521/2521 2522/2522
f 2523/2523 1249/1249 1248/1248
f 2524/2524 2492/2492 2491/2491
f 2525/2525 2526/2526 2527/2527
f 2490/2490 2528/2528 2529/2529
f 2530/2530 2454/2454 2531/2531
f 2532/2532 2533/2533 2534/2534
f 1451/1451 1450/1450 2535/2535
f 2536/2536 2537/2537 2538/2538
f 624/624 2539/2539 2540/2540
f 2541/2541 1013/1013 2542/2542
f 2543/2543 2544/2544 2545/2545
f 2544/2544 2546/2546 2545/2545
f 2546/2546 2547/2547 2548/2548
f 2549/2549 2550/2550 2551/2551
f 2552/2552 2216/2216 2553/2553
f 2554/2554 2555/2555 1974/1974
f 1974/1974 2555/2555 1972/1972
f 2556/2556 2431/2431 2430/2430
f 2557/2557 2558/2558 2559/2559
f 1475/1475 1622/1622 1473/1473
f 1649/1649 1515/1515 2560/2560
f 2561/2561 2562/2562 2563/2563
f 2564/2564 2565/2565 2566/2566
f 2566/2566 2565/2565 2567/2567
f 2568/2568 2507/2507 2506/2506
f 2569/2569 2510/2510 2509/2509
f 2509/2509 2511/2511 2512/2512
f 2514/2514 2516/2516 2570/2570
f 2571/2571 2520/2520 2522/2522
f 2522/2522 2521/2521 2572/2572
f 2573/2573 2574/2574 2575/2575
f 2574/2574 2576/2576 2575/2575
f 2577/2577 57/57 2578/2578
f 2148/2148 2579/2579 2149/2149
f 2534/2534 2533/2533 2580/2580
f 2581/2581 2582/2582 2583/2583
f 2584/2584 2583/2583 2585/2585
f 2586/2586 2587/2587 2588/2588
f 2072/2072 386/386 388/388
f 2589/2589 2590/2590 2591/2591
f 2592/2592 2593/2593 2594/2594
f 1261/1261 2595/2595 1260/1260
f 2419/2419 2596/2596 2597/2597
f 2548/2548 2547/2547 2598/2598
f 2599/2599 633/633 632/632
f 2217/2217 410/410 2600/2600
f 364/364 2601/2601 1196/1196
f 2602/2602 2603/2603 1985/1985
f 1786/1786 1785/1785 2604/2604
f 2567/2567 2605/2605 2606/2606
f 2606/2606 2605/2605 2607/2607
f 2605/2605 2608/2608 2607/2607
f 2607/2607 2608/2608 2609/2609
f 2609/2609 2608/2608 2610/2610
f 2611/2611 2612/2612 2613/2613
f 2614/2614 2571/2571 2522/2522
f 2615/2615 2575/2575 2616/2616
f 2149/2149 2579/2579 2617/2617
f 2618/2618 2619/2619 2620/2620
f 2621/2621 2622/2622 2623/2623
f 2622/2622 2582/2582 2581/2581
f 2581/2581 2583/2583 2624/2624
f 2625/2625 2626/2626 2627/2627
f 1830/1830 2628/2628 606/606
f 2629/2629 1303/1303 1302/1302
f 897/897 899/899 2630/2630
f 2631/2631 2632/2632 2633/2633
f 2633/2633 2632/2632 679/679
f 2634/2634 2635/2635 2636/2636
f 2637/2637 2638/2638 2639/2639
f 2640/2640 2641/2641 2642/2642
f 2597/2597 2596/2596 1231/1231
f 2598/2598 2643/2643 2644/2644
f 2645/2645 2646/2646 2647/2647
f 2648/2648 2649/2649 2650/2650
f 2651/2651 2652/2652 2653/2653
f 1115/1115 2654/2654 2655/2655
f 2656/2656 2657/2657 2658/2658
f 1154/1154 2659/2659 2660/2660
f 2573/2573 2575/2575 2661/2661
f 2662/2662 2663/2663 2664/2664
f 2665/2665 2666/2666 2667/2667
f 2668/2668 2669/2669 2670/2670
f 2671/2671 2672/2672 2646/2646
f 2673/2673 2674/2674 2675/2675
f 2676/2676 2677/2677 2678/2678
f 2679/2679 2680/2680 2681/2681
f 2682/2682 2683/2683 2684/2684
f 2685/2685 2686/2686 2687/2687
f 2688/2688 2689/2689 2690/2690
f 2691/2691 2692/2692 2693/2693
f 2584/2584 2585/2585 2694/2694
f 2585/2585 2477/2477 2694/2694
f 2694/2694 2477/2477 2476/2476
f 2476/2476 2475/2475 2695/2695
f 2696/2696 2627/2627 2626/2626
f 2697/2697 2698/2698 2699/2699
f 2700/2700 217/217 209/209
f 2701/2701 2702/2702 2703/2703
f 2592/2592 2704/2704 2705/2705
f 2705/2705 2704/2704 251/251
f 2704/2704 249/249 251/251
f 2706/2706 2707/2707 460/460
f 2708/2708 2709/2709 1231/1231
f 2710/2710 2711/2711 2712/2712
f 2713/2713 2598/2598 2644/2644
f 2714/2714 2556/2556 1612/1612
f 2715/2715 2716/2716 2717/2717
f 1455/1455 2718/2718 2719/2719
f 2720/2720 2721/2721 2722/2722
f 2723/2723 2724/2724 2725/2725
f 2726/2726 2727/2727 2728/2728
f 2729/2729 2730/2730 1105/1105
f 2731/2731 2732/2732 2733/2733
f 2734/2734 2735/2735 2736/2736
f 2695/2695 2737/2737 2738/2738
f 2739/2739 2740/2740 2741/2741
f 2742/2742 890/890 2743/2743
f 1603/1603 1766/1766 393/393
f 2744/2744 2745/2745 2746/2746
f 2747/2747 2748/2748 2749/2749
f 677/677 2750/2750 678/678
f 2751/2751 2752/2752 2753/2753
f 2754/2754 1936/1936 2755/2755
f 2197/2197 2687/2687 1465/1465
f 689/689 2756/2756 2757/2757
f 2758/2758 2759/2759 2760/2760
f 2761/2761 2762/2762 2763/2763
f 2764/2764 1079/1079 2765/2765
f 2766/2766 2767/2767 2768/2768
f 2769/2769 2770/2770 2771/2771
f 1973/1973 1972/1972 2772/2772
f 2773/2773 2774/2774 2775/2775
f 2776/2776 1426/1426 2777/2777
f 2778/2778 2660/2660 2779/2779
f 2660/2660 2659/2659 2779/2779
f 2780/2780 2781/2781 2782/2782
f 250/250 2241/2241 2783/2783
f 2784/2784 2785/2785 2786/2786
f 2787/2787 2788/2788 2136/2136
f 2476/2476 2695/2695 2738/2738
f 2737/2737 2789/2789 2738/2738
f 2790/2790 2791/2791 2792/2792
f 2793/2793 2794/2794 2795/2795
f 711/711 743/743 712/712
f 1641/1641 2796/2796 1955/1955
f 1230/1230 1229/1229 2797/2797
f 2713/2713 2644/2644 1966/1966
f 2798/2798 687/687 2799/2799
f 2096/2096 2800/2800 2801/2801
f 598/598 1136/1136 2802/2802
f 2803/2803 2804/2804 2805/2805
f 2806/2806 2807/2807 2808/2808
f 2809/2809 2810/2810 2811/2811
f 2678/2678 2677/2677 2812/2812
f 1658/1658 1660/1660 2813/2813
f 296/296 2814/2814 297/297
f 2815/2815 2816/2816 2817/2817
f 2818/2818 2819/2819 2820/2820
f 2821/2821 2822/2822 2823/2823
f 2795/2795 2794/2794 2824/2824
f 2777/2777 1426/1426 1425/1425
f 2358/2358 2825/2825 2826/2826
f 678/678 2750/2750 2827/2827
f 2240/2240 2828/2828 2829/2829
f 2752/2752 2751/2751 2830/2830
f 2831/2831 2832/2832 2833/2833
f 2687/2687 2197/2197 2685/2685
f 2834/2834 2835/2835 2836/2836
f 2644/2644 2837/2837 1967/1967
f 2838/2838 2839/2839 2840/2840
f 2841/2841 2842/2842 2265/2265
f 1014/1014 1358/1358 1015/1015
f 2843/2843 2844/2844 2845/2845
f 2846/2846 2847/2847 2848/2848
f 2849/2849 2850/2850 2851/2851
f 2852/2852 2853/2853 2854/2854
f 2854/2854 2853/2853 2855/2855
f 2241/2241 2240/2240 2829/2829
f 2829/2829 2828/2828 2856/2856
f 2828/2828 2857/2857 2856/2856
f 2858/2858 2859/2859 2860/2860
f 2279/2279 2278/2278 2861/2861
f 2862/2862 2863/2863 2864/2864
f 2865/2865 2866/2866 2867/2867
f 2868/2868 2869/2869 2870/2870
f 541/541 2871/2871 652/652
f 1593/1593 155/155 2872/2872
f 2873/2873 2874/2874 2875/2875
f 2876/2876 2877/2877 2878/2878
f 1601/1601 2879/2879 1599/1599
f 2880/2880 2881/2881 2882/2882
f 2883/2883 2884/2884 2885/2885
f 2884/2884 2886/2886 2885/2885
f 2887/2887 2888/2888 2889/2889
f 2890/2890 2891/2891 2892/2892
f 880/880 879/879 2893/2893
f 1400/1400 2894/2894 1401/1401
f 2783/2783 2829/2829 2856/2856
f 2895/2895 1186/1186 1185/1185
f 2856/2856 2857/2857 2858/2858
f 2860/2860 2896/2896 2858/2858
f 2858/2858 2896/2896 2897/2897
f 2898/2898 2899/2899 2900/2900
f 2901/2901 2900/2900 2686/2686
f 2900/2900 2899/2899 2686/2686
f 1935/1935 2902/2902 1936/1936
f 1776/1776 2903/2903 2904/2904
f 2905/2905 2906/2906 2907/2907
f 306/306 308/308 2908/2908
f 2909/2909 2910/2910 2911/2911
f 2912/2912 2831/2831 2913/2913
f 2914/2914 2915/2915 2916/2916
f 2917/2917 2918/2918 2919/2919
f 2296/2296 2295/2295 2920/2920
f 2921/2921 2922/2922 2923/2923
f 2721/2721 2720/2720 2924/2924
f 2925/2925 2926/2926 2927/2927
f 2928/2928 2929/2929 2930/2930
f 2931/2931 1611/1611 2932/2932
f 2933/2933 2934/2934 1234/1234
f 2935/2935 627/627 589/589
f 2936/2936 199/199 2937/2937
f 2886/2886 2938/2938 2939/2939
f 2085/2085 2084/2084 2940/2940
f 2941/2941 2942/2942 2943/2943
f 2944/2944 1954/1954 1953/1953
f 1954/1954 1641/1641 1955/1955
f 2945/2945 2946/2946 2947/2947
f 1399/1399 2948/2948 2949/2949
f 2950/2950 2951/2951 2952/2952
f 2951/2951 2953/2953 2952/2952
f 2954/2954 2953/2953 2951/2951
f 2955/2955 1662/1662 1664/1664
f 2956/2956 2957/2957 2958/2958
f 2959/2959 2960/2960 2961/2961
f 2962/2962 2963/2963 2964/2964
f 2965/2965 2966/2966 710/710
f 2930/2930 2929/2929 2967/2967
f 2968/2968 2969/2969 2970/2970
f 2949/2949 396/396 1399/1399
f 2081/2081 2971/2971 2029/2029
f 2972/2972 2973/2973 2974/2974
f 2975/2975 2976/2976 2977/2977
f 2875/2875 2874/2874 2645/2645
f 2978/2978 2979/2979 2980/2980
f 2981/2981 2982/2982 2983/2983
f 2984/2984 214/214 2085/2085
f 2796/2796 1641/1641 1640/1640
f 2985/2985 2986/2986 2987/2987
f 2953/2953 2988/2988 2989/2989
f 2990/2990 2991/2991 2992/2992
f 476/476 2993/2993 477/477
f 1117/1117 2630/2630 1118/1118
f 2994/2994 2995/2995 2996/2996
f 2997/2997 2998/2998 2999/2999
f 3000/3000 3001/3001 3002/3002
f 3003/3003 3004/3004 3005/3005
f 3006/3006 3007/3007 3008/3008
f 3009/3009 3010/3010 3011/3011
f 3012/3012 3013/3013 3014/3014
f 3015/3015 804/804 3016/3016
f 706/706 3017/3017 704/704
f 3018/3018 3019/3019 3020/3020
f 2647/2647 2646/2646 3021/3021
f 3022/3022 3023/3023 3024/3024
f 2080/2080 1060/1060 3025/3025
f 2937/2937 1862/1862 1864/1864
f 3026/3026 3027/3027 3028/3028
f 3029/3029 3030/3030 3031/3031
f 3032/3032 3033/3033 3034/3034
f 3035/3035 3036/3036 3037/3037
f 2812/2812 1976/1976 729/729
f 3038/3038 3039/3039 3040/3040
f 3041/3041 1353/1353 3042/3042
f 3043/3043 2699/2699 3044/3044
f 3045/3045 3046/3046 3047/3047
f 2219/2219 2218/2218 3048/3048
f 3049/3049 3050/3050 3051/3051
f 3052/3052 3053/3053 3054/3054
f 24/24 3055/3055 25/25
f 2937/2937 1864/1864 2936/2936
f 2936/2936 1864/1864 3056/3056
f 3057/3057 3058/3058 3059/3059
f 3060/3060 3061/3061 3062/3062
f 3063/3063 3064/3064 3065/3065
f 3066/3066 3067/3067 3068/3068
f 1163/1163 1162/1162 3069/3069
f 383/383 3070/3070 3071/3071
f 3072/3072 3073/3073 3074/3074
f 3075/3075 3076/3076 1656/1656
f 3077/3077 3078/3078 3079/3079
f 3080/3080 3081/3081 3082/3082
f 788/788 2802/2802 786/786
f 3083/3083 3084/3084 3085/3085
f 3086/3086 3087/3087 3088/3088
f 2006/2006 2005/2005 3089/3089
f 3090/3090 2918/2918 3091/3091
f 200/200 2936/2936 3056/3056
f 3092/3092 3093/3093 1863/1863
f 3093/3093 1864/1864 1863/1863
f 2547/2547 2643/2643 2598/2598
f 1776/1776 1775/1775 3094/3094
f 2333/2333 3095/3095 3096/3096
f 3097/3097 3098/3098 3099/3099
f 3100/3100 3101/3101 2287/2287
f 3102/3102 3103/3103 3104/3104
f 3105/3105 3106/3106 1910/1910
f 2292/2292 3107/3107 3108/3108
f 3109/3109 3110/3110 3111/3111
f 3112/3112 3113/3113 3114/3114
f 1927/1927 265/265 264/264
f 3115/3115 1283/1283 3116/3116
f 3117/3117 3118/3118 3119/3119
f 3120/3120 3037/3037 3036/3036
f 2448/2448 3121/3121 2449/2449
f 3122/3122 3123/3123 3124/3124
f 3125/3125 3126/3126 3127/3127
f 3128/3128 3129/3129 3130/3130
f 1863/1863 1862/1862 3092/3092
f 3131/3131 937/937 3132/3132
f 314/314 3133/3133 2106/2106
f 3134/3134 3135/3135 3136/3136
f 3000/3000 3137/3137 1334/1334
f 2331/2331 2333/2333 3096/3096
f 3138/3138 3139/3139 3140/3140
f 3141/3141 3142/3142 3143/3143
f 3144/3144 2292/2292 2291/2291
f 2292/2292 3145/3145 2290/2290
f 3146/3146 3147/3147 3148/3148
f 3149/3149 3150/3150 3151/3151
f 262/262 261/261 3152/3152
f 3153/3153 3154/3154 3155/3155
f 3156/3156 1538/1538 1537/1537
f 3157/3157 2464/2464 3158/3158
f 3159/3159 1662/1662 2955/2955
f 3160/3160 3161/3161 3162/3162
f 2288/2288 3163/3163 2289/2289
f 3164/3164 3165/3165 3166/3166
f 3167/3167 878/878 3168/3168
f 3169/3169 3170/3170 3171/3171
f 3172/3172 3173/3173 3174/3174
f 3175/3175 3176/3176 3177/3177
f 1012/1012 3178/3178 1013/1013
f 3179/3179 3180/3180 3181/3181
f 3182/3182 3183/3183 3184/3184
f 3185/3185 3186/3186 3187/3187
f 2250/2250 3188/3188 3189/3189
f 3190/3190 3191/3191 3192/3192
f 3193/3193 3194/3194 3195/3195
f 3196/3196 3197/3197 3198/3198
f 3199/3199 3200/3200 3201/3201
f 3202/3202 57/57 2577/2577
f 3203/3203 3204/3204 3205/3205
f 3206/3206 3207/3207 3208/3208
f 3209/3209 3210/3210 3211/3211
f 1794/1794 1796/1796 3212/3212
f 223/223 222/222 3213/3213
f 3214/3214 3215/3215 3216/3216
f 3217/3217 3218/3218 3219/3219
f 3220/3220 3221/3221 3222/3222
f 2340/2340 3223/3223 2338/2338
f 2288/2288 3224/3224 3225/3225
f 2363/2363 2122/2122 2121/2121
f 1867/1867 3226/3226 1865/1865
f 3039/3039 3038/3038 3227/3227
f 2975/2975 2977/2977 3228/3228
f 3229/3229 3230/3230 3128/3128
f 3231/3231 3232/3232 3233/3233
f 3234/3234 565/565 1454/1454
f 3235/3235 3236/3236 3237/3237
f 2687/2687 2686/2686 2899/2899
f 3238/3238 3239/3239 3240/3240
f 3241/3241 3242/3242 3243/3243
f 3243/3243 3242/3242 3244/3244
f 3245/3245 3246/3246 3247/3247
f 3248/3248 934/934 3249/3249
f 3250/3250 3251/3251 3252/3252
f 3253/3253 3254/3254 1980/1980
f 3255/3255 2186/2186 2185/2185
f 2185/2185 2184/2184 3256/3256
f 2184/2184 2104/2104 3256/3256
f 716/716 3257/3257 714/714
f 3258/3258 1290/1290 3259/3259
f 3216/3216 3260/3260 3214/3214
f 1256/1256 3261/3261 1254/1254
f 29/29 28/28 3262/3262
f 2288/2288 3225/3225 3163/3163
f 2254/2254 2256/2256 3263/3263
f 3017/3017 3264/3264 704/704
f 3265/3265 3266/3266 3267/3267
f 3268/3268 3269/3269 3270/3270
f 3271/3271 3272/3272 807/807
f 3273/3273 1913/1913 1832/1832
f 3176/3176 3274/3274 3275/3275
f 3276/3276 3277/3277 3278/3278
f 3279/3279 3280/3280 3281/3281
f 3282/3282 3283/3283 3246/3246
f 3284/3284 1183/1183 1182/1182
f 3285/3285 1193/1193 3286/3286
f 3287/3287 1804/1804 1069/1069
f 1522/1522 1524/1524 3288/3288
f 793/793 792/792 3289/3289
f 792/792 3290/3290 3289/3289
f 298/298 2009/2009 3291/3291
f 3292/3292 3293/3293 3294/3294
f 2576/2576 2616/2616 2575/2575
f 1526/1526 2131/2131 1238/1238
f 3218/3218 3217/3217 290/290
f 1074/1074 3295/3295 1075/1075
f 3215/3215 3214/3214 3296/3296
f 3297/3297 3298/3298 3299/3299
f 3300/3300 3301/3301 3302/3302
f 3303/3303 3304/3304 3305/3305
f 3306/3306 3307/3307 3308/3308
f 3309/3309 3310/3310 1870/1870
f 3311/3311 3312/3312 3313/3313
f 3314/3314 2536/2536 3315/3315
f 3316/3316 3288/3288 3317/3317
f 937/937 3318/3318 3132/3132
f 289/289 3218/3218 290/290
f 3319/3319 1339/1339 3320/3320
f 3321/3321 2235/2235 3322/3322
f 3323/3323 3123/3123 3324/3324
f 3325/3325 1804/1804 3287/3287
f 3326/3326 3327/3327 1069/1069
f 3307/3307 3306/3306 3328/3328
f 3329/3329 3330/3330 3331/3331
f 826/826 3332/3332 827/827
f 3333/3333 3334/3334 1901/1901
f 3334/3334 3335/3335 1901/1901
f 3336/3336 3337/3337 3338/3338
f 3339/3339 3340/3340 3341/3341
f 3342/3342 3343/3343 3344/3344
f 832/832 3345/3345 3346/3346
f 3347/3347 3002/3002 3348/3348
f 3349/3349 3350/3350 3351/3351
f 3352/3352 3353/3353 3354/3354
f 3355/3355 3356/3356 3357/3357
f 3358/3358 3359/3359 3360/3360
f 3361/3361 28/28 72/72
f 3362/3362 3363/3363 3364/3364
f 3365/3365 3197/3197 3196/3196
f 3366/3366 3367/3367 2656/2656
f 3047/3047 3046/3046 3368/3368
f 3369/3369 3370/3370 3371/3371
f 3372/3372 3373/3373 3374/3374
f 1622/1622 1654/1654 1473/1473
f 289/289 291/291 3375/3375
f 3376/3376 3377/3377 3378/3378
f 3378/3378 3377/3377 3379/3379
f 155/155 3380/3380 3381/3381
f 3382/3382 3383/3383 3384/3384
f 3385/3385 3386/3386 3387/3387
f 1636/1636 1634/1634 3388/3388
f 3389/3389 3390/3390 3391/3391
f 2307/2307 3392/3392 3393/3393
f 3394/3394 3395/3395 3396/3396
f 3397/3397 3398/3398 3399/3399
f 3400/3400 3401/3401 3402/3402
f 3403/3403 3404/3404 3405/3405
f 3406/3406 3407/3407 3408/3408
f 3368/3368 3046/3046 3409/3409
f 3410/3410 3411/3411 3412/3412
f 3412/3412 3411/3411 1847/1847
f 1847/1847 3411/3411 1845/1845
f 3413/3413 3102/3102 3414/3414
f 2990/2990 2662/2662 2664/2664
f 3376/3376 3378/3378 3415/3415
f 3416/3416 3417/3417 3418/3418
f 1963/1963 3419/3419 3420/3420
f 558/558 3421/3421 3422/3422
f 3423/3423 3424/3424 3107/3107
f 3425/3425 329/329 3426/3426
f 3427/3427 3428/3428 2542/2542
f 2541/2541 2542/2542 3428/3428
f 1877/1877 3429/3429 1875/1875
f 1444/1444 3430/3430 1445/1445
f 3431/3431 3026/3026 3028/3028
f 3432/3432 3433/3433 3434/3434
f 1847/1847 1846/1846 3435/3435
f 1881/1881 3436/3436 1879/1879
f 3437/3437 3438/3438 3439/3439
f 434/434 436/436 3440/3440
f 3441/3441 3442/3442 3443/3443
f 3444/3444 3445/3445 3446/3446
f 3447/3447 116/116 115/115
f 3448/3448 3449/3449 3450/3450
f 3451/3451 3435/3435 3452/3452
f 3452/3452 3435/3435 3453/3453
f 1551/1551 55/55 92/92
f 3454/3454 3455/3455 3456/3456
f 3457/3457 515/515 516/516
f 3458/3458 3459/3459 3460/3460
f 3461/3461 3462/3462 3463/3463
f 3464/3464 3465/3465 3466/3466
f 3467/3467 3468/3468 3469/3469
f 3469/3469 3468/3468 3470/3470
f 74/74 3471/3471 72/72
f 3472/3472 3473/3473 3474/3474
f 3474/3474 3473/3473 2741/2741
f 3473/3473 3475/3475 2741/2741
f 2739/2739 3476/3476 2740/2740
f 2542/2542 3477/3477 3427/3427
f 3478/3478 3479/3479 3480/3480
f 3481/3481 3482/3482 3483/3483
f 3484/3484 3485/3485 3486/3486
f 3487/3487 3488/3488 3489/3489
f 3208/3208 3490/3490 3206/3206
f 3491/3491 3492/3492 3493/3493
f 3494/3494 3495/3495 3496/3496
f 2674/2674 3497/3497 3498/3498
f 3499/3499 3500/3500 3501/3501
f 3502/3502 3503/3503 3504/3504
f 3505/3505 3506/3506 3507/3507
f 1233/1233 2933/2933 1234/1234
f 3508/3508 3509/3509 3510/3510
f 3511/3511 34/34 3512/3512
f 3513/3513 3514/3514 3515/3515
f 3516/3516 3517/3517 3518/3518
f 3519/3519 3520/3520 3521/3521
f 3522/3522 2344/2344 3523/3523
f 3524/3524 3525/3525 3526/3526
f 3527/3527 3528/3528 3477/3477
f 3529/3529 3530/3530 3531/3531
f 3532/3532 3533/3533 1621/1621
f 3489/3489 3534/3534 3487/3487
f 710/710 709/709 2965/2965
f 1079/1079 3535/3535 3536/3536
f 3422/3422 3421/3421 3537/3537
f 3538/3538 3539/3539 3540/3540
f 1651/1651 1650/1650 3541/3541
f 3540/3540 3539/3539 3494/3494
f 3/3 3542/3542 3543/3543
f 3508/3508 3510/3510 3544/3544
f 3545/3545 3546/3546 3547/3547
f 3548/3548 3549/3549 3550/3550
f 3522/3522 3523/3523 3551/3551
f 3552/3552 3553/3553 3554/3554
f 3553/3553 3555/3555 3554/3554
f 3555/3555 3556/3556 3554/3554
f 2051/2051 77/77 3557/3557
f 3091/3091 2659/2659 3090/3090
f 3558/3558 3559/3559 3560/3560
f 2995/2995 2999/2999 2996/2996
f 3561/3561 3562/3562 3563/3563
f 3564/3564 3565/3565 3566/3566
f 3567/3567 1068/1068 1067/1067
f 3568/3568 3569/3569 3570/3570
f 1887/1887 732/732 1885/1885
f 2707/2707 3571/3571 458/458
f 2681/2681 3572/3572 3573/3573
f 3099/3099 3574/3574 3575/3575
f 3576/3576 3577/3577 3578/3578
f 3579/3579 3580/3580 3581/3581
f 3582/3582 3583/3583 981/981
f 732/732 731/731 1885/1885
f 3584/3584 3585/3585 3586/3586
f 3587/3587 3539/3539 3538/3538
f 3540/3540 3494/3494 3496/3496
f 533/533 696/696 535/535
f 3588/3588 3589/3589 3590/3590
f 3591/3591 1567/1567 3592/3592
f 3593/3593 3594/3594 3595/3595
f 3596/3596 3279/3279 3597/3597
f 3597/3597 3279/3279 3281/3281
f 3201/3201 3200/3200 3598/3598
f 3599/3599 2500/2500 2499/2499
f 2256/2256 2255/2255 3600/3600
f 2934/2934 3601/3601 3602/3602
f 3603/3603 3604/3604 3605/3605
f 3606/3606 3545/3545 3547/3547
f 3607/3607 3608/3608 3609/3609
f 3610/3610 3611/3611 3612/3612
f 2383/2383 3613/3613 2384/2384
f 1131/1131 1130/1130 3614/3614
f 3615/3615 3616/3616 3617/3617
f 3618/3618 3619/3619 3620/3620
f 3621/3621 3622/3622 3623/3623
f 2995/2995 3624/3624 2398/2398
f 835/835 837/837 2139/2139
f 3625/3625 3626/3626 3627/3627
f 2744/2744 2871/2871 541/541
f 1220/1220 1271/1271 1221/1221
f 2744/2744 3628/3628 2745/2745
f 3326/3326 1069/1069 1804/1804
f 3629/3629 3630/3630 3631/3631
f 3632/3632 3587/3587 3633/3633
f 3634/3634 3635/3635 3636/3636
f 3637/3637 153/153 152/152
f 3638/3638 3597/3597 3639/3639
f 1821/1821 3640/3640 1822/1822
f 1822/1822 3640/3640 3641/3641
f 3281/3281 3280/3280 3642/3642
f 3643/3643 3644/3644 3645/3645
f 3646/3646 2086/2086 2088/2088
f 3647/3647 3648/3648 3649/3649
f 3650/3650 3606/3606 3547/3547
f 718/718 1633/1633 1635/1635
f 3651/3651 3652/3652 430/430
f 3653/3653 3654/3654 3655/3655
f 3656/3656 3657/3657 3658/3658
f 353/353 352/352 351/351
f 3659/3659 3660/3660 3661/3661
f 3662/3662 3663/3663 3664/3664
f 3585/3585 3665/3665 3586/3586
f 3666/3666 3667/3667 3668/3668
f 3667/3667 3669/3669 3668/3668
f 3668/3668 3669/3669 3670/3670
f 3671/3671 3672/3672 3673/3673
f 3672/3672 3674/3674 3673/3673
f 3675/3675 3634/3634 3676/3676
f 3634/3634 3636/3636 3676/3676
f 825/825 3676/3676 1821/1821
f 3677/3677 3678/3678 3679/3679
f 3680/3680 3681/3681 3682/3682
f 3683/3683 3684/3684 3685/3685
f 3684/3684 3686/3686 3685/3685
f 3685/3685 3686/3686 3687/3687
f 3688/3688 3689/3689 3690/3690
f 3201/3201 3598/3598 3691/3691
f 3692/3692 3693/3693 3694/3694
f 3650/3650 3547/3547 3695/3695
f 430/430 3696/3696 2207/2207
f 2196/2196 1464/1464 3697/3697
f 3698/3698 3699/3699 3700/3700
f 3661/3661 3660/3660 3701/3701
f 3702/3702 3703/3703 3704/3704
f 3705/3705 3706/3706 3707/3707
f 3708/3708 3709/3709 3710/3710
f 1462/1462 2911/2911 3711/3711
f 3712/3712 3713/3713 3714/3714
f 3715/3715 3716/3716 3717/3717
f 3718/3718 3719/3719 336/336
f 3720/3720 3721/3721 3722/3722
f 3723/3723 3724/3724 3725/3725
f 3726/3726 3667/3667 3666/3666
f 3727/3727 3728/3728 3729/3729
f 3730/3730 3731/3731 3732/3732
f 3729/3729 3671/3671 3673/3673
f 3733/3733 3734/3734 1967/1967
f 3735/3735 3736/3736 3737/3737
f 3738/3738 3739/3739 3740/3740
f 3739/3739 3741/3741 3740/3740
f 3742/3742 3743/3743 3744/3744
f 435/435 3716/3716 436/436
f 3680/3680 3682/3682 3745/3745
f 3745/3745 3746/3746 3747/3747
f 3748/3748 3749/3749 3750/3750
f 430/430 2207/2207 431/431
f 3751/3751 3752/3752 3753/3753
f 3752/3752 3754/3754 3753/3753
f 3704/3704 3703/3703 3755/3755
f 3756/3756 3708/3708 3710/3710
f 3757/3757 3758/3758 3759/3759
f 3514/3514 3513/3513 3550/3550
f 3760/3760 1797/1797 3761/3761
f 3762/3762 3763/3763 3764/3764
f 3765/3765 3766/3766 3767/3767
f 3768/3768 3724/3724 3723/3723
f 3769/3769 3770/3770 3771/3771
f 3676/3676 825/825 824/824
f 3772/3772 3002/3002 3001/3001
f 3773/3773 1820/1820 1819/1819
f 1665/1665 1667/1667 3774/3774
f 3715/3715 3717/3717 3775/3775
f 3776/3776 3690/3690 3777/3777
f 3778/3778 3779/3779 3780/3780
f 3781/3781 3782/3782 3783/3783
f 3503/3503 2087/2087 3504/3504
f 3784/3784 1417/1417 1416/1416
f 3751/3751 3753/3753 3785/3785
f 1114/1114 3786/3786 2966/2966
f 3787/3787 480/480 3788/3788
f 1501/1501 1500/1500 3789/3789
f 3790/3790 3791/3791 3792/3792
f 832/832 834/834 3345/3345
f 3793/3793 3794/3794 3795/3795
f 3796/3796 3797/3797 3798/3798
f 3799/3799 3800/3800 3801/3801
f 3802/3802 3803/3803 3804/3804
f 3805/3805 263/263 927/927
f 3806/3806 3807/3807 3808/3808
f 3809/3809 3810/3810 3811/3811
f 3811/3811 3810/3810 3812/3812
f 3813/3813 1818/1818 3814/3814
f 3815/3815 3816/3816 3817/3817
f 3776/3776 3777/3777 3818/3818
f 3819/3819 3820/3820 3821/3821
f 3822/3822 3823/3823 3350/3350
f 1723/1723 3824/3824 3825/3825
f 3826/3826 3827/3827 2406/2406
f 3828/3828 3829/3829 3830/3830
f 3831/3831 2752/2752 2830/2830
f 3832/3832 1797/1797 1563/1563
f 2741/2741 3475/3475 3476/3476
f 3833/3833 3574/3574 3098/3098
f 821/821 3834/3834 3835/3835
f 3836/3836 1584/1584 1583/1583
f 3765/3765 3767/3767 3837/3837
f 3838/3838 3839/3839 3840/3840
f 3841/3841 3842/3842 3843/3843
f 3844/3844 3845/3845 3846/3846
f 3811/3811 3812/3812 3847/3847
f 3848/3848 3849/3849 3850/3850
f 3851/3851 3852/3852 3853/3853
f 3500/3500 3499/3499 3854/3854
f 3855/3855 1402/1402 3856/3856
f 2640/2640 3857/3857 3858/3858
f 3859/3859 3860/3860 3861/3861
f 3862/3862 3863/3863 3864/3864
f 1864/1864 3093/3093 3056/3056
f 3865/3865 3866/3866 3867/3867
f 3868/3868 1919/1919 2089/2089
f 3869/3869 3870/3870 3871/3871
f 3870/3870 3872/3872 3871/3871
f 3871/3871 3872/3872 3873/3873
f 3874/3874 3875/3875 3876/3876
f 2090/2090 3877/3877 2091/2091
f 3878/3878 3879/3879 2312/2312
f 2312/2312 3808/3808 2313/2313
f 250/250 2783/2783 251/251
f 3845/3845 3844/3844 3880/3880
f 3846/3846 3881/3881 3844/3844
f 3882/3882 3849/3849 3848/3848
f 3883/3883 3884/3884 3885/3885
f 3886/3886 3818/3818 3887/3887
f 3888/3888 3889/3889 3890/3890
f 3891/3891 3892/3892 3893/3893
f 3894/3894 3895/3895 3896/3896
f 2640/2640 3858/3858 3897/3897
f 3898/3898 3442/3442 3441/3441
f 3899/3899 714/714 3900/3900
f 3901/3901 3902/3902 3903/3903
f 3904/3904 3905/3905 3906/3906
f 367/367 366/366 3907/3907
f 2730/2730 3908/3908 3909/3909
f 3910/3910 3098/3098 3097/3097
f 3911/3911 3912/3912 3913/3913
f 3914/3914 3915/3915 3916/3916
f 2739/2739 2741/2741 3476/3476
f 3917/3917 3918/3918 3919/3919
f 3920/3920 3921/3921 3922/3922
f 3923/3923 3924/3924 3925/3925
f 452/452 3926/3926 453/453
f 3927/3927 3928/3928 3929/3929
f 3930/3930 3854/3854 3931/3931
f 3932/3932 3933/3933 3934/3934
f 3898/3898 3441/3441 3935/3935
f 3820/3820 3936/3936 3821/3821
f 3937/3937 1053/1053 3085/3085
f 5/5 3938/3938 3939/3939
f 3940/3940 3941/3941 3942/3942
f 2728/2728 2628/2628 3943/3943
f 3944/3944 3945/3945 3946/3946
f 3947/3947 1749/1749 1748/1748
f 2089/2089 2091/2091 3868/3868
f 3948/3948 3949/3949 3866/3866
f 3950/3950 2903/2903 3951/3951
f 3952/3952 3917/3917 3919/3919
f 3953/3953 3921/3921 3954/3954
f 3954/3954 3921/3921 3920/3920
f 2109/2109 3955/3955 3956/3956
f 3957/3957 3920/3920 3922/3922
f 3958/3958 3959/3959 3960/3960
f 3959/3959 3961/3961 3960/3960
f 3962/3962 3963/3963 3964/3964
f 3963/3963 3965/3965 3964/3964
f 3965/3965 3966/3966 3964/3964
f 3967/3967 3968/3968 3969/3969
f 970/970 3970/3970 3971/3971
f 3972/3972 1911/1911 2188/2188
f 3973/3973 3974/3974 3975/3975
f 3441/3441 3976/3976 3935/3935
f 3977/3977 3978/3978 3979/3979
f 2131/2131 1839/1839 1238/1238
f 3980/3980 2870/2870 2869/2869
f 3981/3981 3953/3953 3954/3954
f 2117/2117 2116/2116 3982/3982
f 3983/3983 3984/3984 3985/3985
f 3986/3986 3987/3987 3988/3988
f 3988/3988 3987/3987 3989/3989
f 3990/3990 3991/3991 3992/3992
f 3886/3886 3993/3993 3994/3994
f 970/970 3971/3971 968/968
f 3971/3971 3930/3930 968/968
f 1159/1159 1161/1161 3995/3995
f 3996/3996 3997/3997 3998/3998
f 3998/3998 3997/3997 3627/3627
f 3999/3999 4000/4000 2176/2176
f 2176/2176 4000/4000 2177/2177
f 720/720 722/722 4001/4001
f 4001/4001 4002/4002 1019/1019
f 3898/3898 3935/3935 4003/4003
f 2357/2357 4004/4004 4005/4005
f 4006/4006 4007/4007 4008/4008
f 4009/4009 4010/4010 4011/4011
f 4012/4012 3382/3382 3384/3384
f 4013/4013 2070/2070 4014/4014
f 2396/2396 4015/4015 2397/2397
f 4016/4016 4017/4017 4018/4018
f 4019/4019 4020/4020 4021/4021
f 4022/4022 3944/3944 3946/3946
f 4023/4023 4024/4024 4025/4025
f 4025/4025 4024/4024 4026/4026
f 4027/4027 3894/3894 4028/4028
f 2869/2869 4029/4029 3980/3980
f 4030/4030 4031/4031 4032/4032
f 382/382 4033/4033 4034/4034
f 4035/4035 4036/4036 4037/4037
f 4038/4038 4039/4039 4040/4040
f 4041/4041 4042/4042 4043/4043
f 4044/4044 4045/4045 4046/4046
f 4047/4047 4048/4048 4049/4049
f 4050/4050 4051/4051 4052/4052
f 4053/4053 4054/4054 4055/4055
f 2473/2473 2472/2472 4056/4056
f 4057/4057 4058/4058 4059/4059
f 4060/4060 4061/4061 4062/4062
f 4063/4063 3106/3106 4064/4064
f 4002/4002 4003/4003 1019/1019
f 4003/4003 3935/3935 1020/1020
f 4065/4065 1652/1652 4066/4066
f 315/315 314/314 1045/1045
f 4067/4067 1663/1663 4068/4068
f 4069/4069 4070/4070 4071/4071
f 4022/4022 3946/3946 4072/4072
f 4023/4023 4025/4025 4073/4073
f 1920/1920 4074/4074 4075/4075
f 3019/3019 3018/3018 3980/3980
f 4076/4076 4077/4077 4078/4078
f 4079/4079 4080/4080 4081/4081
f 4082/4082 4035/4035 4037/4037
f 4083/4083 4084/4084 4085/4085
f 4084/4084 4086/4086 4085/4085
f 4087/4087 4088/4088 4089/4089
f 2375/2375 4090/4090 2373/2373
f 970/970 969/969 4091/4091
f 4092/4092 4093/4093 4094/4094
f 4095/4095 4096/4096 4097/4097
f 4098/4098 508/508 507/507
f 3968/3968 4099/4099 4100/4100
f 4101/4101 4102/4102 2761/2761
f 4103/4103 4104/4104 4105/4105
f 4022/4022 4072/4072 4106/4106
f 4107/4107 4108/4108 4109/4109
f 4110/4110 4111/4111 4112/4112
f 4113/4113 4114/4114 4115/4115
f 4116/4116 4117/4117 4118/4118
f 2584/2584 2624/2624 2583/2583
f 4119/4119 1638/1638 4120/4120
f 4121/4121 4122/4122 4123/4123
f 3479/3479 4124/4124 3480/3480
f 89/89 152/152 90/90
f 4125/4125 4126/4126 4127/4127
f 4128/4128 4129/4129 4130/4130
f 1759/1759 2151/2151 4131/4131
f 4132/4132 4133/4133 4134/4134
f 4135/4135 4136/4136 4137/4137
f 1906/1906 1905/1905 4138/4138
f 4139/4139 4140/4140 4141/4141
f 4142/4142 2022/2022 2021/2021
f 4143/4143 4144/4144 1550/1550
f 4144/4144 1548/1548 1550/1550
f 4145/4145 4079/4079 4146/4146
f 4147/4147 3250/3250 4148/4148
f 4149/4149 4150/4150 4151/4151
f 4151/4151 4150/4150 4152/4152
f 4153/4153 4154/4154 4155/4155
f 4156/4156 4157/4157 4158/4158
f 2374/2374 2373/2373 4159/4159
f 3356/3356 4160/4160 3357/3357
f 4161/4161 4162/4162 244/244
f 4163/4163 4164/4164 4165/4165
f 4162/4162 4166/4166 244/244
f 4167/4167 3362/3362 4168/4168
f 3241/3241 4169/4169 4170/4170
f 4171/4171 3931/3931 3854/3854
f 4172/4172 4173/4173 4174/4174
f 3574/3574 3099/3099 3098/3098
f 4175/4175 4176/4176 4177/4177
f 4178/4178 4179/4179 4180/4180
f 4181/4181 4182/4182 4183/4183
f 4184/4184 94/94 96/96
f 4185/4185 275/275 274/274
f 4186/4186 4187/4187 4188/4188
f 4146/4146 4189/4189 4190/4190
f 4191/4191 4192/4192 4193/4193
f 4194/4194 4195/4195 4196/4196
f 4195/4195 4197/4197 4198/4198
f 2018/2018 2017/2017 4199/4199
f 762/762 761/761 4200/4200
f 4201/4201 4202/4202 4203/4203
f 4203/4203 4181/4181 4183/4183
f 4139/4139 4141/4141 4204/4204
f 4145/4145 4205/4205 4206/4206
f 4206/4206 4205/4205 4207/4207
f 4208/4208 4209/4209 4210/4210
f 4211/4211 4212/4212 4213/4213
f 4191/4191 4193/4193 4214/4214
f 4215/4215 4216/4216 4217/4217
f 4218/4218 4219/4219 4220/4220
f 1277/1277 4221/4221 4222/4222
f 4223/4223 4194/4194 4224/4224
f 4194/4194 4196/4196 4224/4224
f 4225/4225 4226/4226 4227/4227
f 4228/4228 3825/3825 3824/3824
f 4229/4229 2805/2805 4230/4230
f 4231/4231 4232/4232 1185/1185
f 4233/4233 4234/4234 4235/4235
f 4203/4203 4183/4183 4201/4201
f 4236/4236 4206/4206 4207/4207
f 3015/3015 802/802 804/804
f 4237/4237 4238/4238 4239/4239
f 4240/4240 4241/4241 3024/3024
f 4242/4242 4243/4243 4244/4244
f 4245/4245 4246/4246 4247/4247
f 4248/4248 4249/4249 4250/4250
f 2536/2536 4251/4251 2537/2537
f 4252/4252 4253/4253 4254/4254
f 4255/4255 3134/3134 2403/2403
f 3015/3015 3016/3016 4207/4207
f 1883/1883 1882/1882 4256/4256
f 4240/4240 3024/3024 3023/3023
f 3024/3024 4241/4241 3022/3022
f 4257/4257 4244/4244 4258/4258
f 4259/4259 4260/4260 4261/4261
f 4260/4260 4076/4076 4261/4261
f 2391/2391 4262/4262 338/338
f 4262/4262 339/339 338/338
f 4263/4263 4016/4016 4264/4264
f 3475/3475 3472/3472 3476/3476
f 2154/2154 2156/2156 4265/4265
f 4266/4266 4267/4267 4268/4268
f 4269/4269 4270/4270 4271/4271
f 372/372 4272/4272 4273/4273
f 1306/1306 1308/1308 4274/4274
f 4275/4275 4207/4207 4276/4276
f 4277/4277 4278/4278 4279/4279
f 4280/4280 4281/4281 4282/4282
f 3018/3018 1775/1775 1777/1777
f 4283/4283 3390/3390 4284/4284
f 4285/4285 4286/4286 4287/4287
f 1320/1320 4288/4288 4289/4289
f 4290/4290 4291/4291 3700/3700
f 4292/4292 4293/4293 4294/4294
f 4295/4295 4296/4296 4297/4297
f 4252/4252 4254/4254 4298/4298
f 2761/2761 2763/2763 4101/4101
f 4299/4299 4300/4300 4301/4301
f 4284/4284 4302/4302 4303/4303
f 4304/4304 4285/4285 4287/4287
f 4305/4305 4306/4306 4307/4307
f 3835/3835 3834/3834 4308/4308
f 2662/2662 4309/4309 2663/2663
f 4245/4245 3520/3520 3519/3519
f 1637/1637 4120/4120 1638/1638
f 2238/2238 2237/2237 4310/4310
f 4311/4311 2659/2659 3091/3091
f 4312/4312 4313/4313 4314/4314
f 2079/2079 4315/4315 2077/2077
f 2037/2037 2039/2039 2066/2066
f 918/918 917/917 4316/4316
f 3187/3187 4317/4317 3185/3185
f 2893/2893 4318/4318 880/880
f 4319/4319 4247/4247 4320/4320
f 4321/4321 4322/4322 584/584
f 4206/4206 4323/4323 4188/4188
f 4324/4324 4325/4325 4326/4326
f 2960/2960 4327/4327 4328/4328
f 4329/4329 346/346 345/345
f 269/269 4330/4330 4331/4331
f 4332/4332 4333/4333 2766/2766
f 70/70 69/69 4334/4334
f 749/749 4335/4335 2233/2233
f 4336/4336 4314/4314 4337/4337
f 4338/4338 4339/4339 318/318
f 4340/4340 2560/2560 4341/4341
f 2859/2859 2858/2858 2857/2857
f 4342/4342 4343/4343 4344/4344
f 3369/3369 4345/4345 4346/4346
f 4347/4347 738/738 604/604
f 3167/3167 879/879 878/878
f 4348/4348 4349/4349 4350/4350
f 4351/4351 981/981 3583/3583
f 3632/3632 3539/3539 3587/3587
f 4352/4352 4353/4353 2263/2263
f 918/918 2030/2030 4354/4354
f 4355/4355 4356/4356 3420/3420
f 1777/1777 2313/2313 2870/2870
f 4357/4357 4358/4358 4359/4359
f 2936/2936 200/200 199/199
f 4360/4360 3304/3304 3303/3303
f 2457/2457 4361/4361 2458/2458
f 389/389 2703/2703 390/390
f 4362/4362 4363/4363 4364/4364
f 4364/4364 4363/4363 4365/4365
f 4363/4363 4366/4366 4365/4365
f 1081/1081 4367/4367 4368/4368
f 4369/4369 4370/4370 4371/4371
f 4372/4372 4373/4373 4374/4374
f 4375/4375 4376/4376 4377/4377
f 4378/4378 4379/4379 4380/4380
f 4381/4381 4382/4382 4383/4383
f 2157/2157 4384/4384 4385/4385
f 4386/4386 4387/4387 4388/4388
f 4389/4389 4292/4292 4294/4294
f 4390/4390 1813/1813 4391/4391
f 4392/4392 3902/3902 3901/3901
f 4393/4393 4394/4394 4388/4388
f 2531/2531 2454/2454 2456/2456
f 3335/3335 3334/3334 4395/4395
f 3212/3212 1209/1209 4396/4396
f 3597/3597 3638/3638 3596/3596
f 4397/4397 4398/4398 4399/4399
f 4400/4400 3792/3792 4401/4401
f 4402/4402 4403/4403 4404/4404
f 420/420 4405/4405 4406/4406
f 4407/4407 4408/4408 4409/4409
f 4410/4410 4411/4411 4412/4412
f 4413/4413 4414/4414 4415/4415
f 1545/1545 1547/1547 4416/4416
f 3076/3076 4417/4417 4418/4418
f 4419/4419 4188/4188 4420/4420
f 4421/4421 4422/4422 4423/4423
f 4424/4424 4425/4425 956/956
f 4426/4426 4309/4309 2662/2662
f 4427/4427 4428/4428 4429/4429
f 2117/2117 3982/3982 4430/4430
f 4431/4431 4432/4432 1111/1111
f 4433/4433 3912/3912 3911/3911
f 4434/4434 4435/4435 2121/2121
f 4436/4436 3894/3894 4027/4027
f 2645/2645 2671/2671 2646/2646
f 1815/1815 427/427 426/426
f 4437/4437 4438/4438 4439/4439
f 4440/4440 4441/4441 4442/4442
f 4443/4443 4444/4444 4445/4445
f 4446/4446 4447/4447 4448/4448
f 4449/4449 2335/2335 4450/4450
f 4451/4451 1141/1141 4452/4452
f 4453/4453 4454/4454 4455/4455
f 4456/4456 4457/4457 4458/4458
f 2489/2489 54/54 56/56
f 2100/2100 2102/2102 65/65
f 1416/1416 1271/1271 1272/1272
f 567/567 4459/4459 1628/1628
f 72/72 28/28 73/73
f 4460/4460 4461/4461 4462/4462
f 4463/4463 4464/4464 4465/4465
f 3259/3259 4466/4466 4444/4444
f 4467/4467 4468/4468 1727/1727
f 4469/4469 4470/4470 2180/2180
f 4471/4471 4472/4472 4473/4473
f 4474/4474 1558/1558 4475/4475
f 4476/4476 4477/4477 272/272
f 4478/4478 4479/4479 4480/4480
f 2577/2577 1328/1328 544/544
f 4481/4481 4482/4482 2718/2718
f 4483/4483 4484/4484 4485/4485
f 1247/1247 4486/4486 4487/4487
f 2873/2873 4488/4488 1107/1107
f 1262/1262 423/423 1266/1266
f 4489/4489 4490/4490 4491/4491
f 4492/4492 4493/4493 4494/4494
f 4495/4495 4496/4496 4497/4497
f 4498/4498 4499/4499 4500/4500
f 2765/2765 4501/4501 3294/3294
f 2765/2765 3536/3536 4502/4502
f 4503/4503 3120/3120 3036/3036
f 4504/4504 4505/4505 4506/4506
f 4507/4507 4508/4508 4509/4509
f 721/721 720/720 4510/4510
f 4444/4444 3258/3258 3259/3259
f 4511/4511 1909/1909 1908/1908
f 2292/2292 3144/3144 4512/4512
f 570/570 492/492 806/806
f 4513/4513 4514/4514 4515/4515
f 4516/4516 134/134 133/133
f 4517/4517 4273/4273 4518/4518
f 4519/4519 4520/4520 4521/4521
f 400/400 4522/4522 398/398
f 4523/4523 4521/4521 4524/4524
f 4187/4187 4029/4029 4525/4525
f 4526/4526 1008/1008 4527/4527
f 1755/1755 4528/4528 1756/1756
f 4529/4529 4530/4530 4531/4531
f 2053/2053 4532/4532 4533/4533
f 4534/4534 4535/4535 4536/4536
f 4537/4537 4538/4538 4539/4539
f 4540/4540 4541/4541 1752/1752
f 3578/3578 4542/4542 4543/4543
f 4544/4544 4545/4545 4546/4546
f 4487/4487 4486/4486 2729/2729
f 3253/3253 4547/4547 4548/4548
f 4549/4549 4550/4550 4551/4551
f 4552/4552 2055/2055 4553/4553
f 4554/4554 1386/1386 1435/1435
f 4555/4555 1105/1105 2730/2730
f 4486/4486 1189/1189 4556/4556
f 4384/4384 2157/2157 2159/2159
f 4557/4557 2825/2825 4558/4558
f 4559/4559 4560/4560 4561/4561
f 4562/4562 4393/4393 4388/4388
f 4388/4388 4394/4394 4386/4386
f 4563/4563 4562/4562 4388/4388
f 4564/4564 4565/4565 2088/2088
f 4566/4566 1069/1069 3327/3327
f 4567/4567 4568/4568 4569/4569
f 2977/2977 2976/2976 3107/3107
f 4570/4570 2631/2631 4571/4571
f 4572/4572 4573/4573 4574/4574
f 3258/3258 4575/4575 1290/1290
f 3119/3119 2919/2919 4576/4576
f 4577/4577 902/902 901/901
f 4578/4578 4579/4579 4580/4580
f 4581/4581 4582/4582 4583/4583
f 4584/4584 4585/4585 4586/4586
f 4587/4587 4588/4588 4589/4589
f 4590/4590 4591/4591 4592/4592
f 4593/4593 4594/4594 2760/2760
f 4595/4595 4596/4596 4597/4597
f 4598/4598 4599/4599 4600/4600
f 2701/2701 4349/4349 4601/4601
f 4602/4602 4603/4603 4271/4271
f 4604/4604 4605/4605 4606/4606
f 4607/4607 4608/4608 4609/4609
f 2894/2894 4610/4610 4611/4611
f 4612/4612 415/415 4613/4613
f 54/54 4614/4614 55/55
f 4615/4615 2940/2940 2944/2944
f 4309/4309 4616/4616 2663/2663
f 209/209 218/218 210/210
f 833/833 4617/4617 834/834
f 4567/4567 4569/4569 4618/4618
f 4619/4619 4620/4620 4621/4621
f 4622/4622 4623/4623 4624/4624
f 209/209 4625/4625 3338/3338
f 4626/4626 4627/4627 4628/4628
f 4629/4629 4630/4630 4631/4631
f 4632/4632 4396/4396 1209/1209
f 4633/4633 4634/4634 4635/4635
f 4636/4636 4637/4637 4638/4638
f 4639/4639 4640/4640 4641/4641
f 4642/4642 4643/4643 1319/1319
f 4644/4644 1911/1911 3972/3972
f 4645/4645 4646/4646 4647/4647
f 4648/4648 4649/4649 4650/4650
f 4651/4651 4652/4652 4653/4653
f 2533/2533 4654/4654 2580/2580
f 1447/1447 2075/2075 2074/2074
f 2276/2276 4655/4655 3838/3838
f 3441/3441 3443/3443 4061/4061
f 4656/4656 4657/4657 4658/4658
f 4659/4659 4660/4660 4661/4661
f 4662/4662 4663/4663 4664/4664
f 3064/3064 3063/3063 4665/4665
f 1454/1454 4666/4666 4667/4667
f 4668/4668 4669/4669 4670/4670
f 4671/4671 4672/4672 4673/4673
f 4674/4674 4675/4675 4676/4676
f 2898/2898 4677/4677 4678/4678
f 4679/4679 576/576 575/575
f 4680/4680 4681/4681 4682/4682
f 4683/4683 4684/4684 4685/4685
f 268/268 4330/4330 269/269
f 4686/4686 1984/1984 4687/4687
f 2717/2717 4688/4688 4689/4689
f 2407/2407 4690/4690 4691/4691
f 605/605 738/738 1276/1276
f 4692/4692 4693/4693 4694/4694
f 3595/3595 4695/4695 3593/3593
f 4696/4696 4265/4265 2156/2156
f 2277/2277 2276/2276 4697/4697
f 4698/4698 4699/4699 4700/4700
f 4701/4701 4702/4702 4703/4703
f 4704/4704 2422/2422 4705/4705
f 4706/4706 4707/4707 4708/4708
f 1820/1820 3814/3814 1818/1818
f 582/582 2991/2991 580/580
f 4709/4709 4710/4710 4711/4711
f 4712/4712 4479/4479 4713/4713
f 4714/4714 4715/4715 4374/4374
f 4716/4716 4717/4717 4718/4718
f 4719/4719 1715/1715 1516/1516
f 4720/4720 4721/4721 4722/4722
f 4723/4723 4253/4253 4252/4252
f 583/583 4724/4724 2540/2540
f 4725/4725 4726/4726 4727/4727
f 2968/2968 4728/4728 1998/1998
f 1998/1998 4729/4729 2968/2968
f 1809/1809 4730/4730 4731/4731
f 2872/2872 2925/2925 4732/4732
f 4733/4733 4734/4734 4735/4735
f 3674/3674 4736/4736 4737/4737
f 1078/1078 4738/4738 1076/1076
f 4739/4739 1144/1144 887/887
f 4740/4740 2570/2570 2516/2516
f 1701/1701 4741/4741 4742/4742
f 2675/2675 2674/2674 4743/4743
f 3758/3758 2190/2190 2192/2192
f 4744/4744 4745/4745 4746/4746
f 4747/4747 4748/4748 4749/4749
f 4750/4750 4751/4751 4752/4752
f 1813/1813 4753/4753 4754/4754
f 4755/4755 4756/4756 1796/1796
f 4757/4757 373/373 372/372
f 1753/1753 1752/1752 4541/4541
f 807/807 887/887 3271/3271
f 2671/2671 2645/2645 2874/2874
f 4758/4758 4759/4759 4760/4760
f 4761/4761 4762/4762 4763/4763
f 4764/4764 4306/4306 371/371
f 4765/4765 4766/4766 4767/4767
f 4768/4768 4519/4519 4769/4769
f 560/560 4770/4770 4771/4771
f 4772/4772 4773/4773 2934/2934
f 727/727 1789/1789 1788/1788
f 377/377 379/379 4774/4774
f 4775/4775 4685/4685 4684/4684
f 3422/3422 4776/4776 4777/4777
f 58/58 3202/3202 544/544
f 4778/4778 4641/4641 4640/4640
f 4779/4779 4780/4780 4781/4781
f 4782/4782 716/716 4783/4783
f 3625/3625 4784/4784 4785/4785
f 4786/4786 4787/4787 4788/4788
f 4789/4789 4790/4790 4791/4791
f 556/556 635/635 634/634
f 2934/2934 3648/3648 3647/3647
f 3322/3322 4792/4792 4793/4793
f 4794/4794 3395/3395 4795/4795
f 551/551 4796/4796 552/552
f 383/383 4797/4797 384/384
f 4798/4798 4799/4799 4800/4800
f 4801/4801 4802/4802 4215/4215
f 4803/4803 4804/4804 4805/4805
f 4806/4806 4807/4807 4808/4808
f 4809/4809 2561/2561 2563/2563
f 1013/1013 3178/3178 2542/2542
f 1976/1976 727/727 729/729
f 4810/4810 3119/3119 4576/4576
f 1748/1748 4811/4811 4806/4806
f 2417/2417 92/92 2415/2415
f 4812/4812 4813/4813 4814/4814
f 26/26 4815/4815 91/91
f 4816/4816 4817/4817 4818/4818
f 4819/4819 3267/3267 4136/4136
f 4466/4466 4820/4820 4821/4821
f 75/75 2050/2050 4822/4822
f 4823/4823 4824/4824 4825/4825
f 2422/2422 4826/4826 4827/4827
f 4828/4828 4829/4829 3078/3078
f 4830/4830 4831/4831 4832/4832
f 4833/4833 4834/4834 3400/3400
f 4835/4835 2982/2982 2981/2981
f 4836/4836 4837/4837 4838/4838
f 4839/4839 4840/4840 1543/1543
f 2218/2218 2212/2212 3048/3048
f 1542/1542 4841/4841 4842/4842
f 3175/3175 3274/3274 3176/3176
f 4843/4843 4844/4844 4845/4845
f 3625/3625 4785/4785 4846/4846
f 4847/4847 4848/4848 1626/1626
f 4844/4844 1199/1199 4849/4849
f 4850/4850 4851/4851 4852/4852
f 2422/2422 4853/4853 4854/4854
f 4855/4855 4856/4856 4857/4857
f 4858/4858 2930/2930 2967/2967
f 4859/4859 4860/4860 4861/4861
f 1529/1529 1528/1528 4862/4862
f 4863/4863 4864/4864 4865/4865
f 2260/2260 4866/4866 4867/4867
f 4868/4868 4869/4869 4870/4870
f 4871/4871 4872/4872 4873/4873
f 4874/4874 4875/4875 4876/4876
f 4877/4877 2970/2970 2969/2969
f 4878/4878 4879/4879 426/426
f 4880/4880 4881/4881 4882/4882
f 4883/4883 1815/1815 1814/1814
f 4884/4884 1761/1761 4199/4199
f 568/568 4885/4885 569/569
f 2121/2121 2364/2364 2363/2363
f 2969/2969 2968/2968 4729/4729
f 2504/2504 737/737 4886/4886
f 4887/4887 714/714 4888/4888
f 717/717 719/719 1685/1685
f 413/413 2106/2106 414/414
f 3646/3646 3779/3779 3778/3778
f 582/582 581/581 2249/2249
f 4889/4889 4679/4679 575/575
f 4890/4890 4891/4891 4892/4892
f 4893/4893 4894/4894 4895/4895
f 4896/4896 4897/4897 4898/4898
f 660/660 4899/4899 442/442
f 4900/4900 4901/4901 4902/4902
f 4903/4903 1676/1676 1674/1674
f 2398/2398 4699/4699 2399/2399
f 4904/4904 4905/4905 4906/4906
f 4907/4907 4908/4908 4909/4909
f 511/511 127/127 4910/4910
f 1760/1760 1759/1759 2097/2097
f 4513/4513 4911/4911 3521/3521
f 2018/2018 4912/4912 1759/1759
f 4913/4913 1153/1153 1152/1152
f 168/168 167/167 477/477
f 4914/4914 4915/4915 4916/4916
f 4917/4917 1613/1613 2430/2430
f 4918/4918 4919/4919 1927/1927
f 4920/4920 4921/4921 4922/4922
f 4923/4923 3296/3296 3214/3214
f 3562/3562 4924/4924 4925/4925
f 4926/4926 4927/4927 4928/4928
f 2513/2513 4929/4929 4930/4930
f 2873/2873 4931/4931 2042/2042
f 5/5 4932/4932 4933/4933
f 2985/2985 4934/4934 1268/1268
f 4935/4935 4936/4936 1022/1022
f 4937/4937 566/566 3234/3234
f 4938/4938 1176/1176 1361/1361
f 4939/4939 4940/4940 4941/4941
f 4942/4942 4526/4526 4943/4943
f 4944/4944 4945/4945 4946/4946
f 4947/4947 4948/4948 4949/4949
f 4950/4950 4951/4951 2366/2366
f 4952/4952 4953/4953 4954/4954
f 4955/4955 4431/4431 4956/4956
f 4273/4273 4376/4376 4957/4957
f 2321/2321 3235/3235 2236/2236
f 4958/4958 1336/1336 4959/4959
f 4960/4960 4961/4961 4962/4962
f 2756/2756 4963/4963 2757/2757
f 4964/4964 4965/4965 4593/4593
f 4966/4966 4967/4967 4968/4968
f 4825/4825 1780/1780 4969/4969
f 1907/1907 4970/4970 1300/1300
f 4971/4971 4972/4972 4973/4973
f 4974/4974 4975/4975 2159/2159
f 4976/4976 4977/4977 4978/4978
f 4979/4979 397/397 4980/4980
f 565/565 567/567 574/574
f 481/481 4981/4981 482/482
f 4982/4982 4821/4821 42/42
f 4983/4983 4984/4984 4985/4985
f 4986/4986 4987/4987 4988/4988
f 2812/2812 2028/2028 2678/2678
f 1771/1771 3137/3137 3002/3002
f 4989/4989 2562/2562 4990/4990
f 4991/4991 4992/4992 4993/4993
f 4994/4994 4995/4995 4996/4996
f 564/564 4997/4997 562/562
f 4998/4998 4999/4999 5000/5000
f 2383/2383 2382/2382 5001/5001
f 5002/5002 5003/5003 5004/5004
f 5005/5005 5006/5006 5007/5007
f 5008/5008 5009/5009 4817/4817
f 5010/5010 5011/5011 396/396
f 5012/5012 5013/5013 5014/5014
f 2991/2991 2990/2990 580/580
f 5015/5015 5016/5016 5017/5017
f 674/674 5018/5018 675/675
f 2412/2412 5019/5019 5020/5020
f 5021/5021 5022/5022 5023/5023
f 5024/5024 2971/2971 5025/5025
f 4796/4796 5026/5026 5027/5027
f 3190/3190 5028/5028 5029/5029
f 5030/5030 5031/5031 2459/2459
f 5032/5032 5033/5033 5034/5034
f 4746/4746 4745/4745 5035/5035
f 532/532 5036/5036 521/521
f 5037/5037 5038/5038 1527/1527
f 4820/4820 1289/1289 1291/1291
f 4820/4820 1291/1291 273/273
f 5039/5039 4896/4896 4898/4898
f 1940/1940 4793/4793 1130/1130
f 3092/3092 5040/5040 5041/5041
f 5042/5042 3830/3830 5043/5043
f 966/966 1781/1781 5044/5044
f 5045/5045 1768/1768 1767/1767
f 882/882 2742/2742 2743/2743
f 1857/1857 1855/1855 5046/5046
f 1965/1965 916/916 5047/5047
f 5047/5047 3419/3419 1965/1965
f 1414/1414 5048/5048 1415/1415
f 5049/5049 5050/5050 4700/4700
f 5051/5051 2682/2682 2684/2684
f 3095/3095 5052/5052 5053/5053
f 5054/5054 5055/5055 5056/5056
f 660/660 659/659 5057/5057
f 5058/5058 4723/4723 4252/4252
f 3526/3526 5059/5059 3524/3524
f 5060/5060 5061/5061 5062/5062
f 5061/5061 5063/5063 5062/5062
f 5064/5064 5065/5065 5066/5066
f 4476/4476 5067/5067 5068/5068
f 5069/5069 5070/5070 5071/5071
f 5072/5072 5073/5073 5074/5074
f 5075/5075 3230/3230 3229/3229
f 1154/1154 2660/2660 1152/1152
f 1909/1909 4477/4477 5076/5076
f 5077/5077 5078/5078 2046/2046
f 5079/5079 1154/1154 1153/1153
f 5080/5080 5081/5081 5082/5082
f 4731/4731 5083/5083 5084/5084
f 5085/5085 5086/5086 5087/5087
f 315/315 1045/1045 5088/5088
f 3868/3868 5089/5089 1920/1920
f 5090/5090 469/469 2324/2324
f 5091/5091 4372/4372 4374/4374
f 5092/5092 5093/5093 5094/5094
f 5095/5095 5096/5096 5097/5097
f 5098/5098 5099/5099 5100/5100
f 5101/5101 4799/4799 5102/5102
f 4906/4906 5103/5103 5104/5104
f 5105/5105 5106/5106 5107/5107
f 5108/5108 5109/5109 5110/5110
f 2647/2647 2875/2875 2645/2645
f 5111/5111 5112/5112 5113/5113
f 5114/5114 5115/5115 1007/1007
f 5116/5116 2749/2749 2748/2748
f 4735/4735 5117/5117 5118/5118
f 5119/5119 4889/4889 5120/5120
f 5117/5117 1344/1344 1343/1343
f 4398/4398 4253/4253 4723/4723
f 5121/5121 1958/1958 1292/1292
f 2031/2031 5122/5122 1059/1059
f 5123/5123 2747/2747 5124/5124
f 638/638 5125/5125 636/636
f 5126/5126 715/715 4887/4887
f 1061/1061 2031/2031 1059/1059
f 5045/5045 1767/1767 1769/1769
f 5127/5127 1850/1850 5128/5128
f 2298/2298 5129/5129 5130/5130
f 5131/5131 5132/5132 5133/5133
f 932/932 5134/5134 930/930
f 5135/5135 5136/5136 5137/5137
f 491/491 885/885 806/806
f 493/493 886/886 885/885
f 5138/5138 1744/1744 5139/5139
f 5140/5140 5141/5141 5142/5142
f 5143/5143 5144/5144 5145/5145
f 5146/5146 126/126 128/128
f 1446/1446 4786/4786 5147/5147
f 2552/2552 2553/2553 5148/5148
f 1453/1453 5149/5149 5150/5150
f 5151/5151 5152/5152 4005/4005
f 1814/1814 5153/5153 4883/4883
f 2224/2224 2225/2225 5154/5154
f 2521/2521 2524/2524 2572/2572
f 5155/5155 5156/5156 5157/5157
f 5158/5158 5159/5159 5160/5160
f 2691/2691 5161/5161 5162/5162
f 5163/5163 5164/5164 5165/5165
f 5166/5166 5167/5167 5168/5168
f 5169/5169 5170/5170 5171/5171
f 5172/5172 2566/2566 2304/2304
f 5173/5173 5069/5069 5039/5039
f 4854/4854 5174/5174 4705/4705
f 5175/5175 5176/5176 5177/5177
f 714/714 3257/3257 3900/3900
f 2729/2729 4556/4556 3908/3908
f 4537/4537 5178/5178 5179/5179
f 4116/4116 2330/2330 2329/2329
f 5180/5180 5181/5181 5182/5182
f 1456/1456 1455/1455 5183/5183
f 1929/1929 5184/5184 1930/1930
f 5185/5185 1930/1930 5184/5184
f 5186/5186 5187/5187 4552/4552
f 5188/5188 5189/5189 5190/5190
f 928/928 263/263 5191/5191
f 1635/1635 5192/5192 1687/1687
f 1214/1214 1125/1125 1127/1127
f 5193/5193 5194/5194 5195/5195
f 5196/5196 5142/5142 5141/5141
f 3884/3884 4172/4172 3885/3885
f 3854/3854 3930/3930 3500/3500
f 5197/5197 5092/5092 5198/5198
f 5199/5199 5200/5200 1989/1989
f 5201/5201 5202/5202 5203/5203
f 5142/5142 1463/1463 5204/5204
f 5205/5205 5206/5206 5207/5207
f 433/433 5208/5208 432/432
f 5209/5209 5210/5210 5211/5211
f 5212/5212 2180/2180 2179/2179
f 5213/5213 5214/5214 5215/5215
f 5216/5216 5217/5217 5218/5218
f 5219/5219 5096/5096 5220/5220
f 2377/2377 2264/2264 5221/5221
f 5070/5070 5044/5044 1781/1781
f 2246/2246 1108/1108 5222/5222
f 5223/5223 5224/5224 5225/5225
f 5069/5069 5226/5226 5044/5044
f 5227/5227 4421/4421 5228/5228
f 5229/5229 4793/4793 4792/4792
f 2990/2990 2664/2664 580/580
f 5230/5230 1235/1235 1236/1236
f 5231/5231 4925/4925 5232/5232
f 2461/2461 1274/1274 2462/2462
f 5233/5233 3659/3659 3661/3661
f 4817/4817 5009/5009 5222/5222
f 929/929 5234/5234 5235/5235
f 5236/5236 5237/5237 5238/5238
f 5239/5239 4557/4557 4558/4558
f 2759/2759 5240/5240 5241/5241
f 5228/5228 2926/2926 5242/5242
f 5243/5243 1527/1527 5038/5038
f 5244/5244 5245/5245 3231/3231
f 2367/2367 2369/2369 5246/5246
f 5247/5247 5248/5248 5249/5249
f 3624/3624 5049/5049 2398/2398
f 5250/5250 5251/5251 5252/5252
f 2960/2960 4328/4328 5253/5253
f 5254/5254 5255/5255 5256/5256
f 5257/5257 5250/5250 5258/5258
f 4796/4796 5027/5027 552/552
f 5259/5259 5260/5260 5261/5261
f 5262/5262 5263/5263 2046/2046
f 5264/5264 5265/5265 3437/3437
f 5266/5266 5267/5267 5268/5268
f 5269/5269 5270/5270 5271/5271
f 5272/5272 5273/5273 5274/5274
f 275/275 4821/4821 4820/4820
f 2966/2966 2965/2965 5275/5275
f 2966/2966 5275/5275 1114/1114
f 2744/2744 2746/2746 2871/2871
f 1958/1958 5206/5206 5205/5205
f 5276/5276 1690/1690 5277/5277
f 1624/1624 4465/4465 4464/4464
f 2734/2734 5278/5278 2735/2735
f 561/561 5279/5279 5280/5280
f 4366/4366 5281/5281 4365/4365
f 929/929 4945/4945 1668/1668
f 3125/3125 4986/4986 3075/3075
f 5282/5282 2647/2647 5283/5283
f 4468/4468 4911/4911 5284/5284
f 2812/2812 2677/2677 1976/1976
f 983/983 3582/3582 981/981
f 5285/5285 5286/5286 5287/5287
f 5288/5288 5289/5289 5290/5290
f 5291/5291 1565/1565 3591/3591
f 1241/1241 5292/5292 5293/5293
f 3592/3592 5294/5294 3591/3591
f 5295/5295 5296/5296 5293/5293
f 934/934 4692/4692 5297/5297
f 229/229 5298/5298 5299/5299
f 5300/5300 2838/2838 2840/2840
f 5093/5093 5301/5301 5094/5094
f 5302/5302 902/902 5303/5303
f 1908/1908 5304/5304 4511/4511
f 3212/3212 1796/1796 4756/4756
f 5305/5305 5306/5306 5307/5307
f 5308/5308 5309/5309 5310/5310
f 4526/4526 1109/1109 2246/2246
f 5311/5311 5312/5312 5313/5313
f 5314/5314 4135/4135 4137/4137
f 4136/4136 3267/3267 4137/4137
f 5315/5315 1189/1189 5316/5316
f 4135/4135 5317/5317 5318/5318
f 4008/4008 884/884 5319/5319
f 2382/2382 5320/5320 2982/2982
f 5321/5321 260/260 5322/5322
f 5323/5323 1897/1897 5135/5135
f 1079/1079 1081/1081 3535/3535
f 5324/5324 5325/5325 5326/5326
f 4353/4353 1492/1492 5327/5327
f 1753/1753 4786/4786 1751/1751
f 4553/4553 2056/2056 4398/4398
f 5328/5328 5329/5329 4016/4016
f 282/282 5330/5330 5004/5004
f 5331/5331 5332/5332 5333/5333
f 5334/5334 4149/4149 4151/4151
f 1175/1175 1174/1174 1173/1173
f 5335/5335 3791/3791 3855/3855
f 4256/4256 5336/5336 1883/1883
f 5337/5337 2805/2805 5338/5338
f 1116/1116 5339/5339 3786/3786
f 5340/5340 5341/5341 3313/3313
f 5342/5342 556/556 634/634
f 3891/3891 3996/3996 3998/3998
f 5343/5343 5344/5344 4538/4538
f 3722/3722 5345/5345 3720/3720
f 5346/5346 5347/5347 4753/4753
f 605/605 1830/1830 606/606
f 5348/5348 5349/5349 5350/5350
f 5351/5351 5352/5352 5353/5353
f 1809/1809 5354/5354 2041/2041
f 5355/5355 5356/5356 5357/5357
f 1844/1844 5358/5358 1842/1842
f 5359/5359 3009/3009 4648/4648
f 5360/5360 3011/3011 3010/3010
f 5361/5361 5362/5362 5363/5363
f 5364/5364 5365/5365 2989/2989
f 5366/5366 4841/4841 5367/5367
f 5368/5368 5369/5369 5370/5370
f 1503/1503 5371/5371 1504/1504
f 5372/5372 4722/4722 4721/4721
f 4268/4268 5373/5373 5374/5374
f 5375/5375 5195/5195 2351/2351
f 5376/5376 1096/1096 1789/1789
f 5377/5377 5378/5378 5379/5379
f 5380/5380 5381/5381 4268/4268
f 5381/5381 4266/4266 4268/4268
f 5382/5382 5383/5383 5384/5384
f 4601/4601 5385/5385 5386/5386
f 5387/5387 5388/5388 5389/5389
f 5390/5390 5391/5391 5392/5392
f 5393/5393 5394/5394 4813/4813
f 615/615 5395/5395 5396/5396
f 4481/4481 1457/1457 5397/5397
f 4402/4402 577/577 5398/5398
f 5399/5399 499/499 3443/3443
f 4879/4879 4878/4878 5400/5400
f 1166/1166 1165/1165 1213/1213
f 1564/1564 5401/5401 1562/1562
f 2989/2989 5365/5365 5402/5402
f 5403/5403 5404/5404 2114/2114
f 5405/5405 5403/5403 2114/2114
f 3143/3143 5406/5406 1715/1715
f 5407/5407 5408/5408 5409/5409
f 5410/5410 4500/4500 5411/5411
f 5412/5412 1443/1443 5413/5413
f 4669/4669 4668/4668 2239/2239
f 5414/5414 5415/5415 5416/5416
f 5417/5417 5418/5418 4732/4732
f 382/382 5353/5353 380/380
f 5419/5419 1009/1009 4942/4942
f 5191/5191 929/929 928/928
f 2788/2788 5420/5420 5421/5421
f 4008/4008 5422/5422 5423/5423
f 5424/5424 4688/4688 5425/5425
f 3723/3723 3877/3877 3768/3768
f 5426/5426 2911/2911 2910/2910
f 5427/5427 4744/4744 5428/5428
f 5429/5429 1256/1256 2236/2236
f 5430/5430 5431/5431 5432/5432
f 5433/5433 5434/5434 5435/5435
f 5436/5436 1384/1384 5437/5437
f 5191/5191 5438/5438 5439/5439
f 2726/2726 2728/2728 3943/3943
f 5440/5440 5441/5441 1956/1956
f 5442/5442 5443/5443 5444/5444
f 5445/5445 5446/5446 5447/5447
f 2073/2073 5448/5448 5449/5449
f 2112/2112 5404/5404 5450/5450
f 3543/3543 5451/5451 3/3
f 5452/5452 1053/1053 1055/1055
f 5453/5453 130/130 5454/5454
f 382/382 381/381 4033/4033
f 5455/5455 4275/4275 5456/5456
f 3628/3628 2238/2238 4310/4310
f 5340/5340 5409/5409 5341/5341
f 5457/5457 5458/5458 1529/1529
f 5459/5459 5460/5460 5461/5461
f 5462/5462 5460/5460 5463/5463
f 5464/5464 5465/5465 5466/5466
f 3521/3521 5467/5467 4513/4513
f 2632/2632 677/677 679/679
f 5468/5468 1959/1959 1820/1820
f 4945/4945 5469/5469 4946/4946
f 5470/5470 5471/5471 5472/5472
f 1625/1625 3348/3348 3772/3772
f 5473/5473 5474/5474 5475/5475
f 1721/1721 5307/5307 5476/5476
f 5477/5477 5478/5478 5479/5479
f 5480/5480 5481/5481 5482/5482
f 635/635 77/77 76/76
f 5483/5483 5484/5484 5485/5485
f 5486/5486 1113/1113 5487/5487
f 5488/5488 1421/1421 1308/1308
f 1292/1292 1957/1957 1293/1293
f 5489/5489 5490/5490 5491/5491
f 2039/2039 2038/2038 5492/5492
f 5493/5493 5494/5494 5495/5495
f 2212/2212 2218/2218 5496/5496
f 4728/4728 5497/5497 5498/5498
f 3637/3637 5499/5499 153/153
f 5500/5500 5501/5501 5502/5502
f 1598/1598 5503/5503 1596/1596
f 3015/3015 4207/4207 4205/4205
f 1917/1917 2032/2032 1918/1918
f 5504/5504 5505/5505 5506/5506
f 5507/5507 5508/5508 5509/5509
f 5510/5510 5511/5511 3400/3400
f 4412/4412 5512/5512 4410/4410
f 5513/5513 5514/5514 5515/5515
f 765/765 343/343 763/763
f 3380/3380 155/155 154/154
f 4379/4379 2273/2273 5516/5516
f 5517/5517 3347/3347 5518/5518
f 3980/3980 4029/4029 3019/3019
f 5519/5519 5520/5520 5521/5521
f 1718/1718 1433/1433 1432/1432
f 5522/5522 5523/5523 5524/5524
f 5525/5525 5526/5526 4767/4767
f 5527/5527 1368/1368 5528/5528
f 2786/2786 4592/4592 4591/4591
f 933/933 5529/5529 4490/4490
f 555/555 5530/5530 4590/4590
f 5531/5531 4806/4806 4808/4808
f 5532/5532 5533/5533 541/541
f 5534/5534 2680/2680 5535/5535
f 4501/4501 5536/5536 5045/5045
f 4556/4556 5537/5537 3908/3908
f 5538/5538 2914/2914 2916/2916
f 1860/1860 4760/4760 5539/5539
f 5540/5540 5481/5481 5541/5541
f 5542/5542 5543/5543 5544/5544
f 5545/5545 4722/4722 5546/5546
f 5547/5547 5548/5548 2011/2011
f 1796/1796 5549/5549 4755/4755
f 4962/4962 5550/5550 5551/5551
f 2296/2296 5552/5552 5553/5553
f 5554/5554 4580/4580 3557/3557
f 2218/2218 5555/5555 5496/5496
f 5172/5172 5556/5556 5557/5557
f 5558/5558 5559/5559 5560/5560
f 1449/1449 2075/2075 1447/1447
f 1981/1981 5561/5561 5562/5562
f 5563/5563 5564/5564 4714/4714
f 5565/5565 5566/5566 5567/5567
f 3830/3830 5568/5568 5043/5043
f 5569/5569 5570/5570 5571/5571
f 1243/1243 2169/2169 5430/5430
f 4911/4911 2921/2921 2923/2923
f 5572/5572 5573/5573 5118/5118
f 5574/5574 5575/5575 4673/4673
f 5576/5576 5577/5577 5578/5578
f 5579/5579 5580/5580 1898/1898
f 5581/5581 5582/5582 5583/5583
f 5584/5584 5585/5585 5586/5586
f 1702/1702 5587/5587 1703/1703
f 659/659 810/810 5057/5057
f 5588/5588 5589/5589 4799/4799
f 1221/1221 1952/1952 1219/1219
f 5590/5590 5591/5591 5138/5138
f 5592/5592 1321/1321 5593/5593
f 5594/5594 5595/5595 5390/5390
f 5439/5439 5596/5596 5597/5597
f 4563/4563 5598/5598 5599/5599
f 3655/3655 5600/5600 5601/5601
f 5602/5602 5603/5603 5604/5604
f 5605/5605 5606/5606 5607/5607
f 1662/1662 2413/2413 1663/1663
f 5540/5540 5108/5108 5110/5110
f 4497/4497 5608/5608 5609/5609
f 5610/5610 5204/5204 5611/5611
f 1813/1813 4879/4879 4753/4753
f 5612/5612 122/122 1762/1762
f 5324/5324 5613/5613 5614/5614
f 5613/5613 5326/5326 5615/5615
f 5616/5616 2414/2414 5555/5555
f 5617/5617 5618/5618 5619/5619
f 5321/5321 3839/3839 4655/4655
f 4643/4643 5620/5620 5621/5621
f 5622/5622 1342/1342 1284/1284
f 5623/5623 1102/1102 1292/1292
f 736/736 738/738 3310/3310
f 1363/1363 1362/1362 5624/5624
f 5625/5625 5626/5626 345/345
f 5627/5627 5628/5628 5629/5629
f 5630/5630 5631/5631 5194/5194
f 5632/5632 5633/5633 5630/5630
f 5194/5194 5632/5632 5630/5630
f 3992/3992 5634/5634 5635/5635
f 4448/4448 4447/4447 5636/5636
f 5637/5637 5638/5638 5013/5013
f 3770/3770 5639/5639 3771/3771
f 5640/5640 5641/5641 5642/5642
f 4469/4469 5166/5166 5643/5643
f 5644/5644 5645/5645 4673/4673
f 5098/5098 5646/5646 5647/5647
f 1455/1455 5648/5648 5649/5649
f 5650/5650 5651/5651 5652/5652
f 5653/5653 1353/1353 1352/1352
f 4727/4727 1211/1211 1613/1613
f 261/261 5654/5654 3152/3152
f 5655/5655 5656/5656 5657/5657
f 5658/5658 5659/5659 5660/5660
f 5661/5661 421/421 5662/5662
f 422/422 421/421 5661/5661
f 1700/1700 5663/5663 5664/5664
f 5149/5149 1748/1748 5150/5150
f 5665/5665 5666/5666 5667/5667
f 5231/5231 5668/5668 5669/5669
f 1780/1780 1779/1779 4969/4969
f 5093/5093 5670/5670 5671/5671
f 4323/4323 4206/4206 4236/4236
f 5672/5672 5673/5673 1764/1764
f 2445/2445 3431/3431 5674/5674
f 1258/1258 5675/5675 1259/1259
f 5676/5676 5677/5677 5678/5678
f 5679/5679 5680/5680 5681/5681
f 5682/5682 5316/5316 1189/1189
f 3052/3052 5683/5683 5684/5684
f 4582/4582 5685/5685 4583/4583
f 2552/2552 5686/5686 2216/2216
f 5687/5687 4293/4293 4292/4292
f 1662/1662 5688/5688 5689/5689
f 5690/5690 2552/2552 5691/5691
f 5635/5635 5634/5634 5692/5692
f 5693/5693 932/932 1943/1943
f 1793/1793 5694/5694 1791/1791
f 1651/1651 5695/5695 5272/5272
f 5105/5105 5696/5696 5697/5697
f 3304/3304 4360/4360 5698/5698
f 2053/2053 4533/4533 5699/5699
f 570/570 5700/5700 5701/5701
f 1433/1433 5702/5702 5703/5703
f 1740/1740 5704/5704 1741/1741
f 2776/2776 2777/2777 5705/5705
f 5706/5706 5707/5707 5708/5708
f 5709/5709 5710/5710 5711/5711
f 5712/5712 5713/5713 5714/5714
f 5715/5715 5124/5124 5716/5716
f 5717/5717 1903/1903 1669/1669
f 2230/2230 1003/1003 1005/1005
f 1264/1264 5718/5718 1265/1265
f 1262/1262 1266/1266 1003/1003
f 1267/1267 1327/1327 1003/1003
f 4938/4938 5719/5719 5720/5720
f 5721/5721 5720/5720 5719/5719
f 5722/5722 5723/5723 5724/5724
f 5108/5108 1042/1042 1041/1041
f 5725/5725 5726/5726 5220/5220
f 5118/5118 5727/5727 5728/5728
f 1275/1275 3839/3839 5321/5321
f 5729/5729 5730/5730 5731/5731
f 5730/5730 1939/1939 5731/5731
f 5732/5732 5733/5733 5734/5734
f 1760/1760 2302/2302 2301/2301
f 1067/1067 5735/5735 5736/5736
f 5737/5737 1196/1196 5079/5079
f 5738/5738 3329/3329 5739/5739
f 5740/5740 5643/5643 5166/5166
f 5186/5186 2055/2055 5187/5187
f 1902/1902 1901/1901 5741/5741
f 5662/5662 5742/5742 5743/5743
f 5744/5744 5745/5745 5746/5746
f 5747/5747 5748/5748 5749/5749
f 5743/5743 5747/5747 5749/5749
f 5750/5750 5751/5751 5752/5752
f 3088/3088 3100/3100 5753/5753
f 5754/5754 5755/5755 5756/5756
f 5757/5757 5758/5758 5759/5759
f 4063/4063 1910/1910 3106/3106
f 5760/5760 5761/5761 1894/1894
f 2133/2133 5449/5449 2134/2134
f 5762/5762 5763/5763 267/267
f 5764/5764 3561/3561 5765/5765
f 3393/3393 5766/5766 5767/5767
f 2928/2928 2930/2930 5768/5768
f 5195/5195 5769/5769 5770/5770
f 3234/3234 1454/1454 4667/4667
f 5771/5771 3131/3131 3132/3132
f 3433/3433 3432/3432 5772/5772
f 5773/5773 5774/5774 5775/5775
f 2799/2799 5776/5776 5777/5777
f 5662/5662 420/420 4406/4406
f 5778/5778 5779/5779 3794/3794
f 2375/2375 5780/5780 4090/4090
f 5781/5781 5782/5782 4761/4761
f 4001/4001 5783/5783 4002/4002
f 2622/2622 2581/2581 2623/2623
f 202/202 184/184 5784/5784
f 619/619 5785/5785 617/617
f 5786/5786 5787/5787 5788/5788
f 5789/5789 5790/5790 4559/4559
f 5791/5791 5498/5498 5792/5792
f 2602/2602 1984/1984 4568/4568
f 5793/5793 5794/5794 5795/5795
f 2174/2174 5707/5707 2175/2175
f 5796/5796 2096/2096 1369/1369
f 1422/1422 5797/5797 4506/4506
f 5798/5798 4745/4745 5799/5799
f 5800/5800 3511/3511 5801/5801
f 3511/3511 3512/3512 5801/5801
f 5802/5802 5803/5803 5804/5804
f 5805/5805 5806/5806 5807/5807
f 5808/5808 941/941 5809/5809
f 5810/5810 2214/2214 2213/2213
f 34/34 33/33 3512/3512
f 2115/2115 5811/5811 2061/2061
f 5812/5812 5813/5813 5814/5814
f 5815/5815 5816/5816 5817/5817
f 1597/1597 5818/5818 5819/5819
f 3791/3791 4401/4401 3792/3792
f 397/397 5011/5011 2405/2405
f 3107/3107 5820/5820 3423/3423
f 1506/1506 1791/1791 5694/5694
f 5821/5821 748/748 750/750
f 5822/5822 5519/5519 2341/2341
f 5823/5823 1401/1401 2894/2894
f 5824/5824 5825/5825 5826/5826
f 2766/2766 5827/5827 5828/5828
f 5829/5829 5830/5830 5831/5831
f 5832/5832 5833/5833 5834/5834
f 5835/5835 5836/5836 5837/5837
f 5838/5838 5839/5839 961/961
f 3027/3027 5840/5840 5841/5841
f 1243/1243 5432/5432 1244/1244
f 5842/5842 5843/5843 5844/5844
f 5845/5845 5846/5846 5847/5847
f 5848/5848 893/893 1385/1385
f 5849/5849 5850/5850 5851/5851
f 3866/3866 1156/1156 3948/3948
f 1792/1792 5852/5852 5853/5853
f 5854/5854 1283/1283 5517/5517
f 5855/5855 5856/5856 5553/5553
f 5857/5857 5858/5858 5859/5859
f 5860/5860 5861/5861 5299/5299
f 5210/5210 5862/5862 422/422
f 5863/5863 5864/5864 5865/5865
f 5866/5866 5867/5867 5868/5868
f 5869/5869 3957/3957 3922/3922
f 935/935 5870/5870 936/936
f 1753/1753 5871/5871 5872/5872
f 5873/5873 5874/5874 5875/5875
f 5874/5874 5876/5876 5877/5877
f 1040/1040 5878/5878 2182/2182
f 5879/5879 5880/5880 5881/5881
f 4559/4559 5790/5790 4560/4560
f 5882/5882 5883/5883 1852/1852
f 1300/1300 5884/5884 5885/5885
f 1298/1298 5886/5886 5887/5887
f 5888/5888 5889/5889 4829/4829
f 1961/1961 3814/3814 1959/1959
f 5890/5890 5891/5891 5892/5892
f 3990/3990 5893/5893 3991/3991
f 5894/5894 5200/5200 4966/4966
f 1185/1185 5895/5895 4450/4450
f 3705/3705 3707/3707 5896/5896
f 5469/5469 4945/4945 5235/5235
f 5897/5897 1611/1611 5898/5898
f 3319/3319 5899/5899 1339/1339
f 1815/1815 426/426 4879/4879
f 4170/4170 4169/4169 5900/5900
f 5901/5901 2460/2460 5902/5902
f 4489/4489 975/975 933/933
f 5480/5480 4437/4437 5903/5903
f 3052/3052 5904/5904 3053/3053
f 5905/5905 5906/5906 5390/5390
f 1377/1377 1047/1047 1046/1046
f 4632/4632 5907/5907 5908/5908
f 5909/5909 2895/2895 3719/3719
f 5910/5910 1385/1385 893/893
f 3723/3723 5911/5911 2091/2091
f 2311/2311 5862/5862 5912/5912
f 5913/5913 5914/5914 5915/5915
f 5916/5916 3222/3222 5056/5056
f 1554/1554 1553/1553 5917/5917
f 5918/5918 5919/5919 5318/5318
f 5920/5920 1505/1505 5921/5921
f 5922/5922 1321/1321 1320/1320
f 346/346 5385/5385 5923/5923
f 634/634 76/76 486/486
f 5924/5924 5925/5925 5926/5926
f 240/240 242/242 5927/5927
f 5928/5928 5929/5929 5204/5204
f 4548/4548 4481/4481 5930/5930
f 4016/4016 5931/5931 3070/3070
f 5932/5932 5933/5933 5934/5934
f 5935/5935 5936/5936 5933/5933
f 5937/5937 4060/4060 1926/1926
f 2546/2546 2548/2548 2545/2545
f 1433/1433 1718/1718 5702/5702
f 1067/1067 5938/5938 5939/5939
f 5939/5939 5940/5940 1067/1067
f 5941/5941 5942/5942 5175/5175
f 5943/5943 5761/5761 5295/5295
f 4927/4927 4180/4180 5944/5944
f 3008/3008 5945/5945 2552/2552
f 4265/4265 4696/4696 5946/5946
f 5947/5947 5948/5948 5949/5949
f 5950/5950 5951/5951 1029/1029
f 5087/5087 5952/5952 5953/5953
f 2460/2460 5954/5954 5902/5902
f 5955/5955 5956/5956 5957/5957
f 5958/5958 4592/4592 5959/5959
f 5960/5960 5961/5961 5962/5962
f 1185/1185 2334/2334 4231/4231
f 5963/5963 5417/5417 5964/5964
f 5965/5965 5966/5966 5967/5967
f 2513/2513 4930/4930 2512/2512
f 5968/5968 5969/5969 5970/5970
f 3734/3734 2893/2893 5971/5971
f 2010/2010 5972/5972 5973/5973
f 5974/5974 5975/5975 5976/5976
f 3390/3390 5977/5977 4302/4302
f 1305/1305 5978/5978 1304/1304
f 1198/1198 362/362 364/364
f 2464/2464 2466/2466 3158/3158
f 5979/5979 5980/5980 5981/5981
f 5982/5982 5983/5983 5192/5192
f 2047/2047 5979/5979 5984/5984
f 2680/2680 3572/3572 2681/2681
f 5985/5985 5986/5986 5333/5333
f 5987/5987 5988/5988 2672/2672
f 1290/1290 1289/1289 3259/3259
f 3428/3428 1277/1277 1279/1279
f 5989/5989 5990/5990 5991/5991
f 3908/3908 5992/5992 3909/3909
f 1721/1721 5993/5993 5994/5994
f 5995/5995 5996/5996 5997/5997
f 5998/5998 5999/5999 6000/6000
f 4478/4478 4480/4480 6001/6001
f 6002/6002 6003/6003 6004/6004
f 1527/1527 4720/4720 1528/1528
f 5937/5937 1018/1018 1020/1020
f 1204/1204 1203/1203 1574/1574
f 5936/5936 6005/6005 6006/6006
f 6007/6007 6008/6008 6009/6009
f 960/960 6010/6010 1802/1802
f 6011/6011 4272/4272 6012/6012
f 5840/5840 3026/3026 5197/5197
f 6013/6013 6014/6014 6015/6015
f 1134/1134 1133/1133 2082/2082
f 5292/5292 6016/6016 6017/6017
f 422/422 2310/2310 420/420
f 6018/6018 6019/6019 6020/6020
f 6021/6021 6022/6022 1088/1088
f 6023/6023 6024/6024 6025/6025
f 5243/5243 6026/6026 5372/5372
f 5443/5443 6027/6027 5444/5444
f 2335/2335 2334/2334 4450/4450
f 3485/3485 6028/6028 6029/6029
f 6030/6030 5895/5895 1185/1185
f 3142/3142 6031/6031 6032/6032
f 1716/1716 4719/4719 6031/6031
f 1565/1565 6033/6033 1566/1566
f 6034/6034 6035/6035 1567/1567
f 6036/6036 6037/6037 6038/6038
f 6039/6039 2776/2776 5705/5705
f 1948/1948 6040/6040 6041/6041
f 4268/4268 6042/6042 6043/6043
f 2201/2201 6044/6044 6045/6045
f 1558/1558 5973/5973 4475/4475
f 6046/6046 1189/1189 2486/2486
f 1792/1792 6047/6047 5852/5852
f 6048/6048 1235/1235 5230/5230
f 6049/6049 6050/6050 6051/6051
f 6052/6052 4970/4970 6053/6053
f 1327/1327 6054/6054 5550/5550
f 6055/6055 6056/6056 6057/6057
f 2261/2261 2435/2435 1985/1985
f 6058/6058 6059/6059 6060/6060
f 2787/2787 2040/2040 6061/6061
f 6062/6062 1542/1542 1544/1544
f 3195/3195 1980/1980 3254/3254
f 1610/1610 6063/6063 5898/5898
f 6064/6064 2442/2442 6065/6065
f 1439/1439 6066/6066 6067/6067
f 6068/6068 1165/1165 1167/1167
f 821/821 820/820 1608/1608
f 4856/4856 6069/6069 4857/4857
f 3238/3238 1560/1560 6070/6070
f 1996/1996 6071/6071 6072/6072
f 2756/2756 831/831 4963/4963
f 5632/5632 6073/6073 6074/6074
f 6075/6075 6076/6076 6077/6077
f 6078/6078 608/608 6079/6079
f 5376/5376 1517/1517 1096/1096
f 6080/6080 4546/4546 6081/6081
f 4118/4118 4920/4920 4116/4116
f 3824/3824 1723/1723 1725/1725
f 4490/4490 6082/6082 6083/6083
f 2638/2638 6084/6084 5857/5857
f 1625/1625 5854/5854 5518/5518
f 2924/2924 3173/3173 3172/3172
f 6085/6085 438/438 6086/6086
f 2835/2835 2905/2905 2836/2836
f 6077/6077 5692/5692 6075/6075
f 6087/6087 6088/6088 3772/3772
f 2538/2538 2537/2537 6089/6089
f 2697/2697 3043/3043 6090/6090
f 6091/6091 2076/2076 2075/2075
f 2127/2127 3902/3902 2128/2128
f 1455/1455 5649/5649 5183/5183
f 4473/4473 4472/4472 6092/6092
f 3794/3794 6093/6093 3795/3795
f 6094/6094 5054/5054 4435/4435
f 1024/1024 1328/1328 6095/6095
f 6096/6096 6097/6097 6098/6098
f 4276/4276 5456/5456 4275/4275
f 5783/5783 4003/4003 4002/4002
f 2154/2154 4265/4265 2160/2160
f 6099/6099 6100/6100 6101/6101
f 6102/6102 2692/2692 5162/5162
f 6103/6103 6060/6060 6059/6059
f 3431/3431 5197/5197 3026/3026
f 5144/5144 6104/6104 2183/2183
f 5647/5647 5646/5646 5589/5589
f 5589/5589 5646/5646 6105/6105
f 1839/1839 2131/2131 2130/2130
f 5424/5424 1839/1839 2130/2130
f 6106/6106 6107/6107 6108/6108
f 6109/6109 579/579 6016/6016
f 6110/6110 1952/1952 1221/1221
f 6111/6111 6112/6112 6113/6113
f 6114/6114 4584/4584 6115/6115
f 4493/4493 6116/6116 5344/5344
f 6117/6117 6118/6118 6119/6119
f 713/713 2070/2070 711/711
f 119/119 1625/1625 6088/6088
f 6120/6120 6121/6121 6122/6122
f 6123/6123 5822/5822 6124/6124
f 6125/6125 6126/6126 6127/6127
f 5958/5958 6128/6128 6129/6129
f 1317/1317 6130/6130 5797/5797
f 6128/6128 6131/6131 6132/6132
f 2671/2671 2042/2042 5987/5987
f 5023/5023 6133/6133 6134/6134
f 3774/3774 6135/6135 6136/6136
f 6137/6137 6138/6138 6139/6139
f 6009/6009 6140/6140 6141/6141
f 6142/6142 6143/6143 6144/6144
f 2942/2942 6145/6145 6012/6012
f 6146/6146 5799/5799 3505/3505
f 6147/6147 6148/6148 6149/6149
f 1703/1703 6150/6150 1704/1704
f 42/42 275/275 4185/4185
f 986/986 1057/1057 1056/1056
f 4244/4244 4257/4257 4242/4242
f 5547/5547 6151/6151 5548/5548
f 6152/6152 6153/6153 6154/6154
f 2837/2837 4318/4318 3733/3733
f 6155/6155 6156/6156 4324/4324
f 4480/4480 6157/6157 5999/5999
f 6158/6158 6159/6159 3651/3651
f 923/923 4347/4347 604/604
f 6160/6160 6161/6161 6162/6162
f 738/738 605/605 604/604
f 3651/3651 430/430 6158/6158
f 425/425 1215/1215 1127/1127
f 1659/1659 6163/6163 1660/1660
f 6164/6164 6165/6165 6166/6166
f 2100/2100 6167/6167 2101/2101
f 1840/1840 1839/1839 5425/5425
f 6168/6168 3731/3731 3730/3730
f 6169/6169 6170/6170 1843/1843
f 6171/6171 6172/6172 544/544
f 6173/6173 6174/6174 6175/6175
f 4027/4027 4004/4004 6176/6176
f 3545/3545 6177/6177 3546/3546
f 4997/4997 900/900 902/902
f 4370/4370 2877/2877 4371/4371
f 2246/2246 4943/4943 4526/4526
f 4894/4894 6178/6178 6179/6179
f 5819/5819 6180/6180 1597/1597
f 127/127 126/126 4910/4910
f 6181/6181 6182/6182 6183/6183
f 6184/6184 3936/3936 3319/3319
f 2306/2306 6185/6185 2304/2304
f 659/659 442/442 441/441
f 3067/3067 3066/3066 2964/2964
f 5116/5116 6186/6186 5379/5379
f 6187/6187 6188/6188 6189/6189
f 3997/3997 6190/6190 3627/3627
f 4272/4272 372/372 2943/2943
f 4247/4247 4319/4319 6191/6191
f 6192/6192 6193/6193 6194/6194
f 6195/6195 6196/6196 6197/6197
f 6198/6198 1336/1336 1335/1335
f 5713/5713 6199/6199 6200/6200
f 6201/6201 6202/6202 5683/5683
f 6203/6203 4661/4661 6204/6204
f 6205/6205 6206/6206 6207/6207
f 6208/6208 6209/6209 6210/6210
f 4786/4786 1445/1445 1751/1751
f 6211/6211 2898/2898 4678/4678
f 5995/5995 4951/4951 5996/5996
f 1780/1780 5974/5974 1778/1778
f 6212/6212 6213/6213 6214/6214
f 4788/4788 6215/6215 5147/5147
f 6216/6216 6217/6217 6218/6218
f 6219/6219 2435/2435 6220/6220
f 6221/6221 3838/3838 4399/4399
f 1459/1459 1458/1458 6222/6222
f 556/556 6223/6223 635/635
f 321/321 6224/6224 6225/6225
f 1870/1870 1869/1869 3309/3309
f 4154/4154 6226/6226 4155/4155
f 6227/6227 6228/6228 2627/2627
f 6229/6229 6230/6230 1783/1783
f 4573/4573 6231/6231 4574/4574
f 4488/4488 5282/5282 1247/1247
f 2095/2095 2096/2096 2801/2801
f 6232/6232 6233/6233 6234/6234
f 5554/5554 6235/6235 6129/6129
f 4450/4450 6236/6236 4449/4449
f 6237/6237 6238/6238 6239/6239
f 2400/2400 2995/2995 2398/2398
f 6240/6240 1360/1360 1359/1359
f 1359/1359 6241/6241 6240/6240
f 3906/3906 3905/3905 4633/4633
f 6242/6242 6243/6243 1948/1948
f 6244/6244 6245/6245 6246/6246
f 6247/6247 1898/1898 6248/6248
f 6249/6249 6250/6250 6251/6251
f 719/719 718/718 2444/2444
f 1470/1470 6252/6252 1041/1041
f 2445/2445 1687/1687 3431/3431
f 4421/4421 6253/6253 6254/6254
f 6255/6255 4332/4332 6256/6256
f 5218/5218 5523/5523 5522/5522
f 6257/6257 6258/6258 6259/6259
f 2347/2347 2378/2378 2345/2345
f 6260/6260 6261/6261 3121/3121
f 886/886 5717/5717 1669/1669
f 1343/1343 5727/5727 6262/6262
f 2644/2644 2643/2643 2837/2837
f 6263/6263 1300/1300 1299/1299
f 6264/6264 688/688 5611/5611
f 6265/6265 6266/6266 6267/6267
f 5393/5393 6268/6268 3025/3025
f 6269/6269 6270/6270 6271/6271
f 2442/2442 6272/6272 6065/6065
f 6273/6273 6274/6274 5990/5990
f 6275/6275 6276/6276 6277/6277
f 6091/6091 6278/6278 6279/6279
f 1195/1195 6280/6280 255/255
f 6281/6281 6282/6282 6283/6283
f 5055/5055 6094/6094 4434/4434
f 577/577 579/579 5398/5398
f 184/184 202/202 201/201
f 4082/4082 6284/6284 4035/4035
f 5975/5975 4824/4824 5551/5551
f 4576/4576 3090/3090 5079/5079
f 6285/6285 4108/4108 6286/6286
f 3233/3233 3895/3895 3894/3894
f 4028/4028 3896/3896 6287/6287
f 1762/1762 4884/4884 5612/5612
f 6208/6208 4765/4765 2681/2681
f 4425/4425 6288/6288 957/957
f 5674/5674 3431/3431 3028/3028
f 6289/6289 1367/1367 6290/6290
f 6289/6289 6291/6291 5528/5528
f 6292/6292 6293/6293 5960/5960
f 3030/3030 3029/3029 6294/6294
f 4685/4685 4775/4775 6295/6295
f 5923/5923 6296/6296 6297/6297
f 6298/6298 5189/5189 5188/5188
f 6299/6299 4464/4464 4463/4463
f 4836/4836 6300/6300 6301/6301
f 6302/6302 6303/6303 6304/6304
f 5170/5170 6305/6305 6306/6306
f 6307/6307 6308/6308 6309/6309
f 1420/1420 6310/6310 1421/1421
f 6311/6311 6312/6312 4465/4465
f 3065/3065 6313/6313 3063/3063
f 5282/5282 2873/2873 2875/2875
f 806/806 6314/6314 570/570
f 2905/2905 2907/2907 3086/3086
f 3287/3287 6315/6315 3325/3325
f 6316/6316 5553/5553 5552/5552
f 6317/6317 5687/5687 4292/4292
f 6318/6318 1115/1115 2655/2655
f 6319/6319 6320/6320 6321/6321
f 6322/6322 6323/6323 2112/2112
f 2342/2342 2344/2344 3522/3522
f 6324/6324 4472/4472 6325/6325
f 5248/5248 6326/6326 4662/4662
f 6327/6327 4839/4839 6328/6328
f 4842/4842 6328/6328 6329/6329
f 6329/6329 1542/1542 4842/4842
f 6330/6330 6331/6331 6332/6332
f 6333/6333 3317/3317 3288/3288
f 3677/3677 4167/4167 4168/4168
f 813/813 6334/6334 811/811
f 1150/1150 1099/1099 1151/1151
f 6335/6335 6336/6336 6337/6337
f 6338/6338 5545/5545 6339/6339
f 1717/1717 3142/3142 3141/3141
f 2032/2032 6340/6340 2034/2034
f 2452/2452 6341/6341 2450/2450
f 6342/6342 2326/2326 3491/3491
f 6343/6343 2265/2265 6344/6344
f 1520/1520 6345/6345 5672/5672
f 6346/6346 6347/6347 6348/6348
f 6349/6349 6350/6350 6351/6351
f 6352/6352 6353/6353 1425/1425
f 6172/6172 6354/6354 1917/1917
f 6355/6355 4331/4331 6356/6356
f 6357/6357 2202/2202 6045/6045
f 6358/6358 5843/5843 6359/6359
f 4117/4117 6040/6040 1950/1950
f 6360/6360 493/493 490/490
f 4399/4399 3840/3840 4397/4397
f 6127/6127 6361/6361 6362/6362
f 6363/6363 6364/6364 6365/6365
f 6366/6366 3356/3356 3355/3355
f 6367/6367 3786/3786 5339/5339
f 6368/6368 6369/6369 6370/6370
f 6368/6368 6371/6371 6372/6372
f 2568/2568 6373/6373 6374/6374
f 6375/6375 6265/6265 6376/6376
f 2683/2683 6377/6377 6378/6378
f 370/370 6379/6379 6380/6380
f 6381/6381 1322/1322 1321/1321
f 2113/2113 2112/2112 6382/6382
f 6383/6383 6384/6384 5033/5033
f 6385/6385 6386/6386 6387/6387
f 2141/2141 3901/3901 3903/3903
f 6388/6388 604/604 606/606
f 6389/6389 6390/6390 6391/6391
f 3783/3783 6392/6392 6393/6393
f 2884/2884 2938/2938 2886/2886
f 3161/3161 6394/6394 6395/6395
f 6396/6396 6397/6397 6398/6398
f 6399/6399 6400/6400 6401/6401
f 6402/6402 6403/6403 6404/6404
f 4146/4146 4205/4205 4145/4145
f 388/388 387/387 1601/1601
f 3393/3393 6405/6405 6406/6406
f 4079/4079 4189/4189 4146/4146
f 2164/2164 6407/6407 1016/1016
f 3762/3762 3764/3764 6408/6408
f 1595/1595 3792/3792 4400/4400
f 5639/5639 6409/6409 5431/5431
f 5639/5639 3770/3770 6410/6410
f 1624/1624 3116/3116 5854/5854
f 4634/4634 6411/6411 4503/4503
f 6390/6390 6412/6412 6413/6413
f 6414/6414 3905/3905 924/924
f 6281/6281 6283/6283 6415/6415
f 1813/1813 4754/4754 4391/4391
f 1177/1177 1361/1361 1176/1176
f 6416/6416 3899/3899 6417/6417
f 4010/4010 6418/6418 6419/6419
f 6280/6280 256/256 255/255
f 6420/6420 6421/6421 4184/4184
f 6243/6243 5950/5950 6422/6422
f 5656/5656 6423/6423 5657/5657
f 6424/6424 2281/2281 4798/4798
f 6264/6264 5204/5204 6425/6425
f 6426/6426 6404/6404 6427/6427
f 6110/6110 2654/2654 6428/6428
f 6348/6348 6429/6429 6346/6346
f 2913/2913 6430/6430 2912/2912
f 6431/6431 6432/6432 6433/6433
f 2469/2469 5108/5108 1041/1041
f 6190/6190 3625/3625 3627/3627
f 6434/6434 3067/3067 6435/6435
f 6436/6436 6437/6437 5625/5625
f 6438/6438 3143/3143 3142/3142
f 2753/2753 6439/6439 6440/6440
f 6441/6441 6442/6442 6443/6443
f 1145/1145 1324/1324 1323/1323
f 6444/6444 3271/3271 1143/1143
f 5013/5013 6445/6445 5637/5637
f 6446/6446 4765/4765 6208/6208
f 6208/6208 6210/6210 6446/6446
f 5839/5839 959/959 961/961
f 2963/2963 6435/6435 2964/2964
f 6447/6447 6085/6085 6448/6448
f 4001/4001 6449/6449 4510/4510
f 2337/2337 6450/6450 1637/1637
f 6451/6451 6452/6452 4208/4208
f 1019/1019 1018/1018 6449/6449
f 6047/6047 1505/1505 6453/6453
f 6454/6454 2042/2042 1226/1226
f 6319/6319 6455/6455 3449/3449
f 1632/1632 6456/6456 6457/6457
f 4392/4392 6458/6458 3902/3902
f 4007/4007 6459/6459 3824/3824
f 390/390 6460/6460 391/391
f 6461/6461 1138/1138 1137/1137
f 6462/6462 6463/6463 6464/6464
f 6465/6465 6466/6466 6467/6467
f 941/941 943/943 5809/5809
f 719/719 2445/2445 6468/6468
f 1329/1329 1024/1024 1026/1026
f 1485/1485 1484/1484 5030/5030
f 1032/1032 581/581 2365/2365
f 4799/4799 6105/6105 6469/6469
f 6470/6470 1881/1881 2341/2341
f 6471/6471 784/784 6472/6472
f 4216/4216 6473/6473 4217/4217
f 1722/1722 6474/6474 6475/6475
f 6476/6476 6477/6477 6478/6478
f 4129/4129 6479/6479 4130/4130
f 6003/6003 6480/6480 6004/6004
f 6481/6481 4532/4532 6482/6482
f 6483/6483 6105/6105 5646/5646
f 2420/2420 2419/2419 2597/2597
f 5094/5094 6484/6484 5092/5092
f 2628/2628 6388/6388 606/606
f 4144/4144 6485/6485 6486/6486
f 5946/5946 2160/2160 4265/4265
f 3383/3383 3382/3382 6487/6487
f 6488/6488 2850/2850 6489/6489
f 6490/6490 6491/6491 6492/6492
f 6493/6493 4966/4966 2175/2175
f 6494/6494 6495/6495 6496/6496
f 1630/1630 1632/1632 6457/6457
f 5272/5272 6497/6497 6498/6498
f 4913/4913 6499/6499 6500/6500
f 3787/3787 3788/3788 6501/6501
f 3637/3637 3787/3787 6501/6501
f 584/584 4322/4322 6502/6502
f 6503/6503 6504/6504 1146/1146
f 6505/6505 6506/6506 6507/6507
f 6508/6508 6509/6509 6510/6510
f 6511/6511 4873/4873 6512/6512
f 6513/6513 6514/6514 6515/6515
f 2212/2212 6516/6516 6517/6517
f 6518/6518 5814/5814 6519/6519
f 6520/6520 6521/6521 2168/2168
f 5644/5644 6522/6522 6523/6523
f 6524/6524 4713/4713 4479/4479
f 6523/6523 6525/6525 6526/6526
f 6527/6527 4602/4602 4270/4270
f 5496/5496 2414/2414 5689/5689
f 1479/1479 1478/1478 1477/1477
f 4922/4922 6528/6528 6529/6529
f 6052/6052 5884/5884 4970/4970
f 6530/6530 6531/6531 6532/6532
f 6533/6533 6534/6534 6535/6535
f 6536/6536 6537/6537 6538/6538
f 2554/2554 6539/6539 2555/2555
f 6540/6540 6541/6541 6542/6542
f 6543/6543 6544/6544 6545/6545
f 5730/5730 6102/6102 2155/2155
f 6546/6546 6547/6547 6548/6548
f 886/886 6549/6549 887/887
f 6009/6009 6141/6141 6550/6550
f 6551/6551 6552/6552 6351/6351
f 6553/6553 6554/6554 6555/6555
f 1944/1944 4813/4813 6104/6104
f 2304/2304 2606/2606 2607/2607
f 3904/3904 6556/6556 6200/6200
f 2648/2648 6557/6557 6351/6351
f 2229/2229 6556/6556 6558/6558
f 6559/6559 2801/2801 925/925
f 6560/6560 6561/6561 6562/6562
f 6563/6563 1926/1926 4060/4060
f 6564/6564 4511/4511 5304/5304
f 6068/6068 6565/6565 1261/1261
f 709/709 2434/2434 2189/2189
f 6566/6566 4245/4245 4247/4247
f 6561/6561 6567/6567 6562/6562
f 6568/6568 4199/4199 1761/1761
f 6569/6569 6570/6570 2759/2759
f 6571/6571 2132/2132 2134/2134
f 440/440 4899/4899 6572/6572
f 5475/5475 6573/6573 5473/5473
f 5091/5091 6574/6574 6575/6575
f 2724/2724 6576/6576 4550/4550
f 6577/6577 6578/6578 6579/6579
f 737/737 3309/3309 1421/1421
f 2053/2053 6374/6374 5277/5277
f 1010/1010 6580/6580 6581/6581
f 2657/2657 6582/6582 6583/6583
f 555/555 6223/6223 556/556
f 6584/6584 6585/6585 6586/6586
f 4633/4633 6414/6414 4634/4634
f 1445/1445 3430/3430 3029/3029
f 2327/2327 6587/6587 2325/2325
f 2811/2811 5417/5417 2809/2809
f 6588/6588 6589/6589 6590/6590
f 1551/1551 4896/4896 1552/1552
f 6591/6591 5307/5307 5306/5306
f 1815/1815 1684/1684 427/427
f 2226/2226 1472/1472 6592/6592
f 6593/6593 3440/3440 1332/1332
f 5754/5754 6400/6400 228/228
f 2768/2768 6594/6594 5228/5228
f 1907/1907 1909/1909 5076/5076
f 2008/2008 6595/6595 1823/1823
f 4842/4842 4841/4841 5366/5366
f 6141/6141 6328/6328 4842/4842
f 6596/6596 3312/3312 3311/3311
f 6194/6194 6597/6597 5637/5637
f 6598/6598 6599/6599 6600/6600
f 5198/5198 6601/6601 5840/5840
f 5138/5138 6602/6602 1742/1742
f 6603/6603 6604/6604 6605/6605
f 6606/6606 2831/2831 2833/2833
f 2366/2366 2365/2365 4950/4950
f 1004/1004 1327/1327 6607/6607
f 2649/2649 2648/2648 750/750
f 2736/2736 5925/5925 5348/5348
f 4888/4888 714/714 3899/3899
f 6608/6608 6609/6609 6610/6610
f 6611/6611 6612/6612 5482/5482
f 3048/3048 2212/2212 6613/6613
f 3790/3790 1402/1402 3791/3791
f 6614/6614 5885/5885 5884/5884
f 6615/6615 6616/6616 6617/6617
f 5279/5279 4771/4771 6618/6618
f 6619/6619 6078/6078 6620/6620
f 6621/6621 6622/6622 6623/6623
f 6307/6307 5169/5169 6624/6624
f 6464/6464 5170/5170 6462/6462
f 5713/5713 6556/6556 5714/5714
f 5663/5663 1611/1611 6625/6625
f 6626/6626 3102/3102 3413/3413
f 5771/5771 6627/6627 6628/6628
f 5041/5041 5040/5040 6629/6629
f 3938/3938 4/4 6630/6630
f 5922/5922 6631/6631 5593/5593
f 1570/1570 1471/1471 6632/6632
f 5813/5813 6632/6632 1043/1043
f 6633/6633 6634/6634 6635/6635
f 6636/6636 6637/6637 6638/6638
f 1668/1668 927/927 929/929
f 6639/6639 5552/5552 2920/2920
f 4098/4098 6640/6640 508/508
f 5018/5018 6641/6641 6642/6642
f 2933/2933 3601/3601 2934/2934
f 3628/3628 4669/4669 2238/2238
f 6643/6643 6644/6644 6645/6645
f 6646/6646 5617/5617 6647/6647
f 6648/6648 2621/2621 2623/2623
f 6570/6570 4593/4593 2760/2760
f 5866/5866 6649/6649 5373/5373
f 6650/6650 5868/5868 6651/6651
f 4770/4770 2123/2123 6652/6652
f 5520/5520 6653/6653 6438/6438
f 1760/1760 2301/2301 1758/1758
f 2702/2702 6654/6654 6460/6460
f 6655/6655 6656/6656 3042/3042
f 6032/6032 6031/6031 6657/6657
f 4894/4894 6658/6658 6659/6659
f 65/65 67/67 4909/4909
f 2047/2047 6660/6660 4681/4681
f 5293/5293 1242/1242 1241/1241
f 6626/6626 3103/3103 3102/3102
f 6661/6661 4298/4298 5455/5455
f 3054/3054 6662/6662 6663/6663
f 4438/4438 5960/5960 4858/4858
f 6664/6664 4725/4725 6665/6665
f 4811/4811 1748/1748 1750/1750
f 6221/6221 4736/4736 4743/4743
f 4298/4298 5058/5058 4252/4252
f 4260/4260 6666/6666 4076/4076
f 1776/1776 3878/3878 2312/2312
f 5456/5456 5696/5696 5455/5455
f 6667/6667 6668/6668 6669/6669
f 3068/3068 6570/6570 6569/6569
f 6670/6670 6671/6671 6672/6672
f 6673/6673 6674/6674 6675/6675
f 6676/6676 5148/5148 2553/2553
f 568/568 975/975 974/974
f 3896/3896 3519/3519 6287/6287
f 6677/6677 5665/5665 5667/5667
f 823/823 6678/6678 31/31
f 6679/6679 6230/6230 6680/6680
f 4373/4373 4372/4372 6681/6681
f 6682/6682 5655/5655 6683/6683
f 6684/6684 6301/6301 4534/4534
f 435/435 3717/3717 3716/3716
f 3694/3694 3693/3693 6685/6685
f 6686/6686 6687/6687 5726/5726
f 6688/6688 6689/6689 6690/6690
f 78/78 80/80 6691/6691
f 6692/6692 6386/6386 6693/6693
f 4328/4328 6694/6694 6695/6695
f 5521/5521 6438/6438 3142/3142
f 5036/5036 3985/3985 593/593
f 4683/4683 6696/6696 6697/6697
f 6698/6698 6699/6699 6700/6700
f 6701/6701 6702/6702 6703/6703
f 4544/4544 555/555 554/554
f 6080/6080 5530/5530 4544/4544
f 6704/6704 6705/6705 5025/5025
f 6706/6706 4780/4780 6707/6707
f 6708/6708 2007/2007 2161/2161
f 4166/4166 245/245 244/244
f 959/959 6709/6709 960/960
f 2919/2919 5223/5223 6710/6710
f 6711/6711 5079/5079 1196/1196
f 6712/6712 6713/6713 5513/5513
f 6714/6714 5111/5111 2987/2987
f 6244/6244 6715/6715 6245/6245
f 689/689 691/691 2756/2756
f 5322/5322 259/259 4345/4345
f 6716/6716 6717/6717 5142/5142
f 6007/6007 6718/6718 6719/6719
f 6720/6720 5876/5876 6721/6721
f 6722/6722 6135/6135 6723/6723
f 2242/2242 2828/2828 2240/2240
f 5521/5521 6032/6032 6657/6657
f 6724/6724 1569/1569 6725/6725
f 6726/6726 684/684 683/683
f 491/491 806/806 492/492
f 6702/6702 5888/5888 6727/6727
f 6728/6728 3955/3955 2109/2109
f 6729/6729 6730/6730 6731/6731
f 3690/3690 3776/3776 3688/3688
f 2779/2779 2659/2659 4311/4311
f 4349/4349 6296/6296 4601/4601
f 6732/6732 6733/6733 6734/6734
f 2215/2215 6735/6735 2216/2216
f 6736/6736 4808/4808 6737/6737
f 6738/6738 5837/5837 450/450
f 6165/6165 6164/6164 1520/1520
f 2759/2759 6739/6739 6740/6740
f 5467/5467 4514/4514 4513/4513
f 5689/5689 6741/6741 2213/2213
f 5773/5773 6742/6742 6743/6743
f 5210/5210 5912/5912 5862/5862
f 6744/6744 6264/6264 6745/6745
f 5929/5929 3711/3711 6746/6746
f 6747/6747 363/363 6748/6748
f 6749/6749 4338/4338 3140/3140
f 122/122 6750/6750 6568/6568
f 6136/6136 6135/6135 6751/6751
f 4246/4246 4320/4320 4247/4247
f 4354/4354 5047/5047 916/916
f 5024/5024 6752/6752 6753/6753
f 4217/4217 6754/6754 4215/4215
f 6755/6755 6756/6756 6757/6757
f 6268/6268 4812/4812 6450/6450
f 6758/6758 6759/6759 6760/6760
f 6761/6761 6762/6762 6763/6763
f 403/403 402/402 432/432
f 6764/6764 6391/6391 6765/6765
f 6766/6766 4551/4551 4550/4550
f 6767/6767 5861/5861 6768/6768
f 6769/6769 6770/6770 6771/6771
f 6772/6772 6773/6773 5963/5963
f 6774/6774 2114/2114 4850/4850
f 5425/5425 2716/2716 6775/6775
f 3285/3285 1191/1191 1193/1193
f 4379/4379 4378/4378 6478/6478
f 2541/2541 1279/1279 6776/6776
f 5398/5398 6777/6777 4402/4402
f 6778/6778 5926/5926 6779/6779
f 5781/5781 6780/6780 6781/6781
f 6782/6782 4019/4019 6783/6783
f 6784/6784 6785/6785 6786/6786
f 6787/6787 4550/4550 6788/6788
f 4879/4879 5346/5346 4753/4753
f 6789/6789 6790/6790 6791/6791
f 4731/4731 6792/6792 6793/6793
f 95/95 6794/6794 96/96
f 6795/6795 6796/6796 6797/6797
f 6798/6798 4184/4184 6421/6421
f 1444/1444 5969/5969 3430/3430
f 4669/4669 3628/3628 5533/5533
f 6799/6799 6630/6630 4/4
f 3546/3546 6800/6800 4630/4630
f 5648/5648 6801/6801 5649/5649
f 560/560 4771/4771 5279/5279
f 6802/6802 1340/1340 6803/6803
f 6804/6804 6805/6805 6806/6806
f 6807/6807 6532/6532 6808/6808
f 6809/6809 6810/6810 6811/6811
f 4375/4375 6811/6811 4376/4376
f 6812/6812 6813/6813 4427/4427
f 2152/2152 6814/6814 6815/6815
f 4307/4307 6816/6816 6817/6817
f 5481/5481 6519/6519 6818/6818
f 5932/5932 5934/5934 6389/6389
f 2213/2213 2212/2212 5689/5689
f 2212/2212 6517/6517 6819/6819
f 6820/6820 4225/4225 2178/2178
f 6821/6821 3747/3747 6822/6822
f 3626/3626 3625/3625 6823/6823
f 5899/5899 1340/1340 1339/1339
f 6824/6824 204/204 185/185
f 185/185 6825/6825 6824/6824
f 6826/6826 6827/6827 6828/6828
f 6829/6829 5102/5102 2283/2283
f 6830/6830 1553/1553 6831/6831
f 1683/1683 1052/1052 427/427
f 6832/6832 6833/6833 6834/6834
f 6835/6835 6836/6836 6837/6837
f 6838/6838 6839/6839 6840/6840
f 3127/3127 6841/6841 1112/1112
f 6842/6842 3525/3525 6843/6843
f 2726/2726 6844/6844 6845/6845
f 6846/6846 6560/6560 6562/6562
f 2420/2420 2005/2005 1888/1888
f 6847/6847 93/93 6848/6848
f 6849/6849 4504/4504 6850/6850
f 6851/6851 6852/6852 6853/6853
f 2676/2676 6854/6854 2677/2677
f 6855/6855 6856/6856 1702/1702
f 4481/4481 5397/5397 5930/5930
f 6306/6306 6463/6463 6462/6462
f 1825/1825 256/256 1826/1826
f 1600/1600 6857/6857 2072/2072
f 5425/5425 4688/4688 2716/2716
f 6858/6858 6859/6859 6860/6860
f 4436/4436 4746/4746 5035/5035
f 4245/4245 3519/3519 3895/3895
f 337/337 3719/3719 6861/6861
f 6862/6862 2926/2926 6594/6594
f 6863/6863 6864/6864 6865/6865
f 6866/6866 6280/6280 1195/1195
f 5482/5482 5110/5110 6611/6611
f 2217/2217 5686/5686 6867/6867
f 411/411 410/410 6867/6867
f 2676/2676 2678/2678 3697/3697
f 1058/1058 6868/6868 1056/1056
f 5675/5675 6869/6869 1259/1259
f 4972/4972 6870/6870 4973/4973
f 6777/6777 4403/4403 4402/4402
f 6360/6360 5717/5717 493/493
f 5292/5292 6017/6017 5943/5943
f 3725/3725 3727/3727 3723/3723
f 6871/6871 6872/6872 6873/6873
f 6874/6874 6875/6875 6876/6876
f 6877/6877 1198/1198 1197/1197
f 6878/6878 4294/4294 6879/6879
f 6880/6880 6881/6881 5567/5567
f 6156/6156 2849/2849 6639/6639
f 3787/3787 6882/6882 481/481
f 6232/6232 6883/6883 6572/6572
f 3763/3763 6884/6884 3764/3764
f 6885/6885 6886/6886 6887/6887
f 925/925 2801/2801 283/283
f 5410/5410 1701/1701 6888/6888
f 2052/2052 4532/4532 2053/2053
f 6889/6889 6890/6890 5763/5763
f 6891/6891 6889/6889 5763/5763
f 6892/6892 6893/6893 6894/6894
f 5268/5268 6895/6895 2799/2799
f 6896/6896 6897/6897 6898/6898
f 2336/2336 2335/2335 6899/6899
f 3951/3951 6900/6900 3950/3950
f 6901/6901 3828/3828 4352/4352
f 6856/6856 6902/6902 6903/6903
f 5561/5561 3194/3194 6904/6904
f 1981/1981 3195/3195 5561/5561
f 6905/6905 6906/6906 5558/5558
f 6907/6907 1894/1894 6777/6777
f 484/484 3249/3249 934/934
f 6908/6908 5159/5159 6909/6909
f 6910/6910 3195/3195 3254/3254
f 424/424 2230/2230 1215/1215
f 1118/1118 2630/2630 6911/6911
f 6912/6912 2394/2394 2014/2014
f 4405/4405 2969/2969 6913/6913
f 2354/2354 6912/6912 2016/2016
f 6854/6854 3697/3697 1464/1464
f 6914/6914 5377/5377 6186/6186
f 6915/6915 4804/4804 4803/4803
f 3733/3733 1967/1967 2837/2837
f 6916/6916 6917/6917 6761/6761
f 6918/6918 5806/5806 6919/6919
f 6920/6920 6396/6396 6398/6398
f 3134/3134 2404/2404 2403/2403
f 2733/2733 6921/6921 6922/6922
f 1548/1548 6923/6923 6863/6863
f 2054/2054 5277/5277 1690/1690
f 2806/2806 6924/6924 6925/6925
f 2471/2471 141/141 2474/2474
f 1916/1916 1725/1725 6926/6926
f 4211/4211 4121/4121 4123/4123
f 5333/5333 5986/5986 6927/6927
f 6521/6521 6928/6928 2169/2169
f 6929/6929 6930/6930 1705/1705
f 6931/6931 6932/6932 6933/6933
f 6934/6934 1857/1857 5046/5046
f 6140/6140 1269/1269 4934/4934
f 6935/6935 3197/3197 3365/3365
f 6936/6936 2719/2719 4638/4638
f 3222/3222 5054/5054 5056/5056
f 6289/6289 1368/1368 1367/1367
f 5913/5913 6500/6500 6937/6937
f 6938/6938 6939/6939 6940/6940
f 6941/6941 6942/6942 6943/6943
f 4176/4176 6944/6944 4177/4177
f 134/134 98/98 97/97
f 6945/6945 6946/6946 6947/6947
f 4565/4565 2402/2402 2088/2088
f 6948/6948 5813/5813 1568/1568
f 859/859 861/861 6949/6949
f 4760/4760 6950/6950 6951/6951
f 5319/5319 4006/4006 4008/4008
f 967/967 6952/6952 965/965
f 3700/3700 3699/3699 4679/4679
f 6953/6953 6954/6954 6955/6955
f 5122/5122 6956/6956 1059/1059
f 6957/6957 6742/6742 5685/5685
f 6958/6958 2467/2467 6959/6959
f 6960/6960 4668/4668 6961/6961
f 6962/6962 3321/3321 1940/1940
f 5951/5951 2329/2329 2328/2328
f 6963/6963 4303/4303 6964/6964
f 4296/4296 284/284 4297/4297
f 330/330 329/329 2472/2472
f 6965/6965 2742/2742 5423/5423
f 1600/1600 388/388 1601/1601
f 6966/6966 6967/6967 6968/6968
f 4232/4232 2895/2895 1185/1185
f 6969/6969 6970/6970 6971/6971
f 2602/2602 1985/1985 1984/1984
f 503/503 6972/6972 1010/1010
f 6272/6272 6973/6973 6974/6974
f 6975/6975 5302/5302 6976/6976
f 835/835 2139/2139 2138/2138
f 548/548 394/394 3266/3266
f 4848/4848 5120/5120 1627/1627
f 6977/6977 6978/6978 3067/3067
f 3212/3212 4756/4756 1209/1209
f 1990/1990 5894/5894 6979/6979
f 6980/6980 6981/6981 6982/6982
f 740/740 1594/1594 1595/1595
f 6720/6720 6983/6983 5877/5877
f 5068/5068 1907/1907 5076/5076
f 673/673 6535/6535 6984/6984
f 6521/6521 6985/6985 6986/6986
f 6987/6987 5568/5568 6988/6988
f 6227/6227 6374/6374 4535/4535
f 2035/2035 6340/6340 6947/6947
f 6989/6989 6990/6990 3312/3312
f 2588/2588 6991/6991 6227/6227
f 6992/6992 4654/4654 2533/2533
f 6993/6993 4748/4748 6994/6994
f 2469/2469 1041/1041 6252/6252
f 1781/1781 965/965 6995/6995
f 6996/6996 4569/4569 6997/6997
f 1459/1459 6222/6222 5594/5594
f 6998/6998 5066/5066 6999/6999
f 5791/5791 1996/1996 1998/1998
f 7000/7000 7001/7001 7002/7002
f 414/414 4613/4613 415/415
f 7003/7003 5119/5119 4848/4848
f 5432/5432 1243/1243 5430/5430
f 749/749 748/748 4335/4335
f 6026/6026 4640/4640 7004/7004
f 5123/5123 6641/6641 5018/5018
f 7005/7005 7006/7006 7007/7007
f 5152/5152 2922/2922 7008/7008
f 5714/5714 6556/6556 2228/2228
f 2227/2227 7009/7009 2228/2228
f 3637/3637 6501/6501 5499/5499
f 7010/7010 7011/7011 6257/6257
f 5797/5797 6849/6849 4506/4506
f 2229/2229 6558/6558 7012/7012
f 3525/3525 6842/6842 3526/3526
f 5066/5066 5065/5065 6999/6999
f 5161/5161 3824/3824 4696/4696
f 6966/6966 3434/3434 3433/3433
f 7013/7013 5771/5771 3132/3132
f 7014/7014 5806/5806 6918/6918
f 7015/7015 1519/1519 1521/1521
f 6556/6556 2229/2229 2228/2228
f 7016/7016 3486/3486 7017/7017
f 6138/6138 2769/2769 6139/6139
f 4829/4829 6727/6727 5888/5888
f 7018/7018 3771/3771 5639/5639
f 5431/5431 7019/7019 7018/7018
f 5617/5617 7020/7020 6675/6675
f 7021/7021 7022/7022 6437/6437
f 4839/4839 6327/6327 4469/4469
f 6572/6572 7023/7023 7024/7024
f 7025/7025 7026/7026 7027/7027
f 5464/5464 5549/5549 1796/1796
f 7028/7028 7029/7029 6990/6990
f 2592/2592 2470/2470 2593/2593
f 7030/7030 6763/6763 6762/6762
f 3133/3133 6082/6082 414/414
f 5395/5395 5094/5094 5301/5301
f 5476/5476 5580/5580 7031/7031
f 4855/4855 6694/6694 6217/6217
f 4431/4431 7032/7032 4956/4956
f 3008/3008 7033/7033 7034/7034
f 5676/5676 5678/5678 7035/7035
f 1985/1985 2262/2262 2261/2261
f 5701/5701 5500/5500 570/570
f 769/769 7036/7036 770/770
f 7037/7037 7038/7038 7039/7039
f 7040/7040 7041/7041 7042/7042
f 7043/7043 7040/7040 7042/7042
f 6500/6500 7044/7044 6937/6937
f 6039/6039 1095/1095 1094/1094
f 7045/7045 7046/7046 7047/7047
f 7048/7048 7049/7049 7050/7050
f 2150/2150 7051/7051 7052/7052
f 1980/1980 3195/3195 1981/1981
f 4925/4925 7053/7053 7054/7054
f 7055/7055 7056/7056 7057/7057
f 4536/4536 4533/4533 4532/4532
f 1769/1769 4472/4472 5045/5045
f 6327/6327 6141/6141 6140/6140
f 2168/2168 180/180 7058/7058
f 5573/5573 6787/6787 5118/5118
f 1371/1371 5767/5767 5766/5766
f 3348/3348 3002/3002 3772/3772
f 6337/6337 6336/6336 5543/5543
f 6868/6868 7059/7059 7060/7060
f 3795/3795 6093/6093 7061/7061
f 7062/7062 3462/3462 3461/3461
f 6835/6835 5622/5622 3115/3115
f 5822/5822 7063/7063 6124/6124
f 7064/7064 7065/7065 7066/7066
f 7067/7067 7068/7068 4918/4918
f 2858/2858 2897/2897 2856/2856
f 7069/7069 4743/4743 7070/7070
f 7071/7071 7072/7072 5645/5645
f 2277/2277 4697/4697 7073/7073
f 6001/6001 5998/5998 7074/7074
f 4811/4811 4807/4807 4806/4806
f 710/710 2966/2966 3786/3786
f 7075/7075 5154/5154 2225/2225
f 5615/5615 5614/5614 5613/5613
f 6557/6557 2649/2649 6925/6925
f 7076/7076 6119/6119 6118/6118
f 1094/1094 7077/7077 7078/7078
f 5371/5371 5670/5670 5983/5983
f 7079/7079 7080/7080 7081/7081
f 7082/7082 7083/7083 7084/7084
f 7085/7085 7086/7086 7087/7087
f 2084/2084 216/216 7088/7088
f 7089/7089 800/800 7090/7090
f 1270/1270 7091/7091 7092/7092
f 73/73 7093/7093 74/74
f 259/259 258/258 4345/4345
f 7094/7094 3449/3449 6455/6455
f 7095/7095 7096/7096 7097/7097
f 3440/3440 824/824 434/434
f 2944/2944 2940/2940 2084/2084
f 2888/2888 7098/7098 2889/2889
f 926/926 283/283 285/285
f 7099/7099 1895/1895 1894/1894
f 947/947 1975/1975 4341/4341
f 7100/7100 7101/7101 7102/7102
f 4241/4241 4121/4121 4213/4213
f 2556/2556 2430/2430 1612/1612
f 263/263 360/360 7103/7103
f 6566/6566 3520/3520 4245/4245
f 6559/6559 5713/5713 6290/6290
f 2917/2917 2919/2919 6710/6710
f 7104/7104 7105/7105 7106/7106
f 5122/5122 4316/4316 6956/6956
f 4316/4316 917/917 1040/1040
f 232/232 7107/7107 7108/7108
f 7109/7109 7110/7110 7111/7111
f 164/164 7112/7112 165/165
f 5120/5120 4889/4889 575/575
f 1982/1982 4547/4547 3253/3253
f 3304/3304 7113/7113 3305/3305
f 2029/2029 2031/2031 1061/1061
f 7114/7114 7115/7115 7055/7055
f 7116/7116 7117/7117 7118/7118
f 4849/4849 7119/7119 1746/1746
f 3128/3128 3230/3230 3129/3129
f 2309/2309 4877/4877 2310/2310
f 7120/7120 7121/7121 6560/6560
f 7122/7122 2700/2700 3338/3338
f 7123/7123 2361/2361 2360/2360
f 3709/3709 7124/7124 7125/7125
f 1461/1461 7126/7126 7127/7127
f 5806/5806 5805/5805 7128/7128
f 818/818 7129/7129 819/819
f 7130/7130 3043/3043 7131/7131
f 3043/3043 7132/7132 7133/7133
f 2720/2720 3173/3173 2924/2924
f 3474/3474 7134/7134 3472/3472
f 7135/7135 6791/6791 7136/7136
f 895/895 4572/4572 7137/7137
f 3746/3746 3745/3745 3682/3682
f 4373/4373 5747/5747 4714/4714
f 7138/7138 7139/7139 7140/7140
f 7141/7141 3097/3097 3099/3099
f 6977/6977 6512/6512 6978/6978
f 6398/6398 256/256 6920/6920
f 7142/7142 4297/4297 7143/7143
f 1809/1809 4731/4731 6793/6793
f 7144/7144 6959/6959 2226/2226
f 7145/7145 1875/1875 3429/3429
f 7146/7146 7147/7147 7148/7148
f 7149/7149 4541/4541 4540/4540
f 7150/7150 3190/3190 7151/7151
f 5095/5095 7148/7148 7147/7147
f 7152/7152 7153/7153 7154/7154
f 2944/2944 1953/1953 4615/4615
f 3396/3396 7155/7155 7156/7156
f 2553/2553 6735/6735 7157/7157
f 6294/6294 3430/3430 5969/5969
f 4232/4232 4231/4231 7158/7158
f 7159/7159 7160/7160 5261/5261
f 5562/5562 1836/1836 1835/1835
f 7161/7161 2759/2759 2758/2758
f 821/821 3835/3835 822/822
f 7162/7162 7163/7163 4698/4698
f 7164/7164 2638/2638 7165/7165
f 1284/1284 3115/3115 5622/5622
f 1067/1067 7166/7166 5938/5938
f 6725/6725 5812/5812 7167/7167
f 6292/6292 4437/4437 5480/5480
f 5390/5390 7168/7168 5905/5905
f 7169/7169 5992/5992 5537/5537
f 7170/7170 7171/7171 5030/5030
f 410/410 7172/7172 2600/2600
f 498/498 4062/4062 499/499
f 5526/5526 2679/2679 4765/4765
f 5200/5200 5894/5894 1989/1989
f 6449/6449 2178/2178 7173/7173
f 2654/2654 7174/7174 6428/6428
f 2402/2402 7175/7175 2401/2401
f 7176/7176 7177/7177 7178/7178
f 1498/1498 7179/7179 7180/7180
f 7181/7181 7182/7182 7183/7183
f 2781/2781 4498/4498 2782/2782
f 1105/1105 4487/4487 2729/2729
f 6576/6576 5063/5063 7184/7184
f 4204/4204 4074/4074 6846/6846
f 7172/7172 7185/7185 2600/2600
f 3415/3415 3476/3476 3376/3376
f 7186/7186 7187/7187 7188/7188
f 4068/4068 2413/2413 2412/2412
f 5517/5517 1283/1283 1285/1285
f 7189/7189 6389/6389 7190/7190
f 4491/4491 313/313 7191/7191
f 5449/5449 4043/4043 386/386
f 7192/7192 7193/7193 1700/1700
f 2948/2948 1399/1399 1401/1401
f 7194/7194 6823/6823 4227/4227
f 7195/7195 7196/7196 7197/7197
f 6859/6859 7198/7198 6860/6860
f 5494/5494 5462/5462 5463/5463
f 4924/4924 6544/6544 7199/7199
f 7200/7200 7201/7201 7202/7202
f 4845/4845 7203/7203 7204/7204
f 4843/4843 4845/4845 7204/7204
f 7205/7205 7206/7206 7207/7207
f 1230/1230 7208/7208 2597/2597
f 2648/2648 5821/5821 750/750
f 2838/2838 7209/7209 2839/2839
f 5437/5437 1383/1383 5910/5910
f 7210/7210 6981/6981 5060/5060
f 2382/2382 7211/7211 5001/5001
f 7212/7212 1812/1812 2376/2376
f 887/887 1144/1144 3271/3271
f 6880/6880 4405/4405 6913/6913
f 6553/6553 6555/6555 6133/6133
f 7213/7213 7214/7214 3968/3968
f 7215/7215 7216/7216 7217/7217
f 3806/3806 2312/2312 3879/3879
f 7218/7218 7219/7219 7220/7220
f 7221/7221 7222/7222 7223/7223
f 7224/7224 7225/7225 7226/7226
f 2652/2652 7227/7227 7228/7228
f 6676/6676 2553/2553 7157/7157
f 7229/7229 1593/1593 2872/2872
f 155/155 7230/7230 4422/4422
f 3507/3507 6146/6146 3505/3505
f 3417/3417 1073/1073 3418/3418
f 7231/7231 4810/4810 7232/7232
f 2408/2408 3826/3826 2406/2406
f 2504/2504 7233/7233 7234/7234
f 4273/4273 7235/7235 4377/4377
f 4272/4272 4518/4518 4273/4273
f 1722/1722 4178/4178 6474/6474
f 7236/7236 7237/7237 7238/7238
f 3097/3097 7141/7141 7239/7239
f 7240/7240 7241/7241 7242/7242
f 6576/6576 5060/5060 5062/5062
f 7243/7243 2987/2987 5111/5111
f 5327/5327 2261/2261 2263/2263
f 3781/3781 7244/7244 3782/3782
f 3310/3310 7245/7245 1870/1870
f 7246/7246 7152/7152 7154/7154
f 2304/2304 2567/2567 2606/2606
f 7247/7247 2552/2552 5148/5148
f 1835/1835 1982/1982 1981/1981
f 2836/2836 2905/2905 3088/3088
f 2391/2391 7248/7248 2392/2392
f 55/55 1551/1551 56/56
f 3248/3248 3249/3249 7249/7249
f 7250/7250 4825/4825 4969/4969
f 7251/7251 7252/7252 7253/7253
f 3870/3870 4024/4024 4023/4023
f 7254/7254 4794/4794 4795/4795
f 2225/2225 262/262 3152/3152
f 7255/7255 5035/5035 4745/4745
f 1106/1106 7256/7256 7257/7257
f 6446/6446 6210/6210 7258/7258
f 4019/4019 7259/7259 6783/6783
f 7260/7260 2942/2942 2941/2941
f 3427/3427 4221/4221 3428/3428
f 7261/7261 5782/5782 6781/6781
f 4879/4879 5400/5400 5346/5346
f 6877/6877 362/362 1198/1198
f 5039/5039 1552/1552 4896/4896
f 7262/7262 2305/2305 5509/5509
f 6779/6779 7263/7263 2880/2880
f 7264/7264 1275/1275 2461/2461
f 5274/5274 1684/1684 4066/4066
f 7076/7076 6932/6932 4922/4922
f 7265/7265 6713/6713 7266/7266
f 2960/2960 7267/7267 5256/5256
f 3714/3714 7268/7268 7269/7269
f 7270/7270 6818/6818 6519/6519
f 7271/7271 5416/5416 6656/6656
f 4152/4152 4241/4241 4240/4240
f 6570/6570 2760/2760 2759/2759
f 5149/5149 3699/3699 3947/3947
f 6667/6667 6669/6669 7272/7272
f 7117/7117 6670/6670 6672/6672
f 7273/7273 7274/7274 7275/7275
f 7276/7276 3058/3058 7277/7277
f 2342/2342 7278/7278 2343/2343
f 7279/7279 6848/6848 93/93
f 346/346 4329/4329 7280/7280
f 6923/6923 6864/6864 6863/6863
f 341/341 7281/7281 342/342
f 7282/7282 7283/7283 5879/5879
f 5879/5879 7043/7043 7284/7284
f 1615/1615 7285/7285 2119/2119
f 5565/5565 6881/6881 5564/5564
f 263/263 7103/7103 5191/5191
f 7286/7286 5564/5564 7287/7287
f 5526/5526 5528/5528 6291/6291
f 1039/1039 917/917 916/916
f 4185/4185 43/43 42/42
f 7288/7288 6408/6408 7289/7289
f 7290/7290 1034/1034 5788/5788
f 1517/1517 1094/1094 1096/1096
f 7291/7291 6928/6928 6986/6986
f 1328/1328 1024/1024 1329/1329
f 7095/7095 7097/7097 7292/7292
f 7292/7292 7293/7293 7095/7095
f 2662/2662 2990/2990 2992/2992
f 6034/6034 7294/7294 3561/3561
f 7295/7295 386/386 7296/7296
f 7232/7232 363/363 6747/6747
f 7248/7248 2391/2391 338/338
f 5429/5429 3261/3261 1256/1256
f 425/425 424/424 1215/1215
f 2831/2831 6606/6606 2399/2399
f 7297/7297 4942/4942 4943/4943
f 4545/4545 7298/7298 7299/7299
f 108/108 7300/7300 110/110
f 946/946 984/984 986/986
f 3856/3856 1404/1404 5028/5028
f 2714/2714 5549/5549 4595/4595
f 2504/2504 7301/7301 7111/7111
f 7302/7302 6475/6475 7303/7303
f 4642/4642 7304/7304 4643/4643
f 5434/5434 7305/7305 7306/7306
f 4210/4210 4691/4691 4690/4690
f 1340/1340 7307/7307 1871/1871
f 6681/6681 7308/7308 5747/5747
f 7309/7309 7276/7276 7310/7310
f 674/674 5116/5116 2748/2748
f 5981/5981 7311/7311 6063/6063
f 4510/4510 6449/6449 7173/7173
f 3014/3014 4551/4551 7184/7184
f 6649/6649 5374/5374 5373/5373
f 2490/2490 2529/2529 2491/2491
f 7312/7312 1449/1449 1448/1448
f 1165/1165 1260/1260 1212/1212
f 4801/4801 6754/6754 7313/7313
f 7314/7314 5968/5968 7315/7315
f 7316/7316 7317/7317 7318/7318
f 390/390 2702/2702 6460/6460
f 5631/5631 5933/5933 7319/7319
f 5445/5445 7320/7320 7321/7321
f 7322/7322 7323/7323 7324/7324
f 6519/6519 5903/5903 4437/4437
f 1032/1032 2366/2366 1030/1030
f 6842/6842 808/808 3526/3526
f 4784/4784 2176/2176 4785/4785
f 3756/3756 3710/3710 7325/7325
f 7326/7326 7327/7327 6217/6217
f 6756/6756 7328/7328 6265/6265
f 7329/7329 1977/1977 7330/7330
f 820/820 7331/7331 1607/1607
f 1846/1846 3453/3453 3435/3435
f 7332/7332 5263/5263 7333/7333
f 6210/6210 2665/2665 2667/2667
f 7334/7334 4596/4596 5466/5466
f 2287/2287 3224/3224 2288/2288
f 2952/2952 2989/2989 2896/2896
f 2055/2055 7335/7335 7336/7336
f 7336/7336 7337/7337 7338/7338
f 7339/7339 7336/7336 7338/7338
f 3555/3555 1698/1698 3556/3556
f 1453/1453 5531/5531 1454/1454
f 5931/5931 3071/3071 3070/3070
f 5925/5925 2735/2735 5602/5602
f 7340/7340 7341/7341 7342/7342
f 5045/5045 4471/4471 3292/3292
f 7343/7343 6783/6783 7259/7259
f 7344/7344 7345/7345 7346/7346
f 2341/2341 7063/7063 5822/5822
f 2241/2241 2829/2829 2783/2783
f 5096/5096 5725/5725 5220/5220
f 3583/3583 7347/7347 1899/1899
f 7348/7348 5465/5465 1795/1795
f 3094/3094 2462/2462 3951/3951
f 7349/7349 2771/2771 2770/2770
f 3066/3066 2962/2962 2964/2964
f 3030/3030 7314/7314 7350/7350
f 7351/7351 3120/3120 4296/4296
f 2093/2093 2001/2001 2108/2108
f 7352/7352 6476/6476 6478/6478
f 1919/1919 3868/3868 1920/1920
f 7353/7353 7354/7354 7355/7355
f 6225/6225 319/319 321/321
f 7356/7356 7357/7357 7358/7358
f 4859/4859 4120/4120 4814/4814
f 4814/4814 7359/7359 4859/4859
f 7360/7360 2604/2604 1785/1785
f 7361/7361 7362/7362 7363/7363
f 7364/7364 3139/3139 3138/3138
f 7365/7365 2927/2927 2926/2926
f 6773/6773 7365/7365 7366/7366
f 5114/5114 1007/1007 1009/1009
f 171/171 7367/7367 172/172
f 7308/7308 5748/5748 5747/5747
f 6259/6259 4866/4866 7368/7368
f 7369/7369 5936/5936 5935/5935
f 3991/3991 5634/5634 3992/3992
f 6158/6158 7370/7370 7371/7371
f 674/674 2748/2748 5018/5018
f 2748/2748 5123/5123 5018/5018
f 7372/7372 7373/7373 7374/7374
f 7369/7369 7375/7375 5936/5936
f 551/551 553/553 7376/7376
f 7377/7377 2282/2282 7378/7378
f 4728/4728 2970/2970 5497/5497
f 7379/7379 7380/7380 1449/1449
f 7381/7381 7382/7382 7383/7383
f 2416/2416 724/724 723/723
f 7384/7384 2603/2603 7385/7385
f 7386/7386 7387/7387 7388/7388
f 5935/5935 5630/5630 7389/7389
f 1776/1776 3951/3951 2903/2903
f 4862/4862 4720/4720 6338/6338
f 7390/7390 5277/5277 6374/6374
f 4722/4722 5545/5545 4720/4720
f 6979/6979 6493/6493 5707/5707
f 7043/7043 5879/5879 7391/7391
f 7392/7392 7042/7042 4650/4650
f 5174/5174 7393/7393 4499/4499
f 7394/7394 3769/3769 3771/3771
f 3100/3100 3087/3087 3101/3101
f 4874/4874 6757/6757 6265/6265
f 6140/6140 7243/7243 6327/6327
f 2681/2681 4765/4765 2679/2679
f 4302/4302 6964/6964 4303/4303
f 2849/2849 7395/7395 6639/6639
f 7208/7208 5250/5250 7396/7396
f 7209/7209 5821/5821 2839/2839
f 7397/7397 7355/7355 7262/7262
f 2950/2950 2860/2860 2951/2951
f 7398/7398 6719/6719 5366/5366
f 7399/7399 5366/5366 6718/6718
f 3569/3569 3707/3707 3706/3706
f 5696/5696 6661/6661 5455/5455
f 7400/7400 4830/4830 2890/2890
f 5447/5447 7401/7401 7402/7402
f 7403/7403 1640/1640 198/198
f 5050/5050 4698/4698 4700/4700
f 7404/7404 7405/7405 7406/7406
f 7407/7407 6899/6899 4449/4449
f 6988/6988 7408/7408 7409/7409
f 7410/7410 5986/5986 7411/7411
f 7412/7412 4480/4480 7413/7413
f 7414/7414 7415/7415 818/818
f 4980/4980 2405/2405 7416/7416
f 7417/7417 7418/7418 6638/6638
f 1937/1937 7419/7419 7420/7420
f 7421/7421 7422/7422 7423/7423
f 5824/5824 4872/4872 4871/4871
f 7424/7424 6347/6347 3034/3034
f 6348/6348 6347/6347 7425/7425
f 4596/4596 5464/5464 5466/5466
f 7426/7426 7427/7427 7205/7205
f 6791/6791 7135/7135 7428/7428
f 7429/7429 5546/5546 7430/7430
f 266/266 7431/7431 7432/7432
f 7433/7433 4230/4230 2805/2805
f 6136/6136 7434/7434 7435/7435
f 2736/2736 2735/2735 5925/5925
f 4511/4511 4477/4477 1909/1909
f 7436/7436 654/654 653/653
f 3573/3573 3572/3572 7437/7437
f 2525/2525 4044/4044 2526/2526
f 2395/2395 2397/2397 7438/7438
f 815/815 1666/1666 1665/1665
f 7439/7439 5960/5960 4438/4438
f 4438/4438 7440/7440 4439/4439
f 7441/7441 7442/7442 5557/5557
f 4487/4487 1105/1105 1107/1107
f 6179/6179 7443/7443 4894/4894
f 1146/1146 7444/7444 7445/7445
f 3699/3699 1749/1749 3947/3947
f 3073/3073 4861/4861 3074/3074
f 1813/1813 7446/7446 1814/1814
f 1111/1111 3444/3444 7447/7447
f 7448/7448 7449/7449 7450/7450
f 5345/5345 7451/7451 3720/3720
f 6914/6914 7452/7452 674/674
f 7453/7453 2401/2401 7454/7454
f 893/893 1374/1374 1373/1373
f 3292/3292 3294/3294 5045/5045
f 2137/2137 2136/2136 7455/7455
f 7456/7456 3254/3254 7457/7457
f 4490/4490 5297/5297 5788/5788
f 7458/7458 4731/4731 5084/5084
f 7459/7459 7460/7460 3577/3577
f 7461/7461 3857/3857 2640/2640
f 1656/1656 7462/7462 1657/1657
f 6172/6172 59/59 58/58
f 1771/1771 5517/5517 1772/1772
f 7463/7463 5867/5867 603/603
f 7464/7464 6129/6129 6128/6128
f 7465/7465 7466/7466 7467/7467
f 7468/7468 2737/2737 7469/7469
f 4986/4986 4417/4417 3075/3075
f 5412/5412 5504/5504 1566/1566
f 6324/6324 7470/7470 6092/6092
f 7471/7471 4007/4007 4006/4006
f 4540/4540 1752/1752 7472/7472
f 2769/2769 7473/7473 6139/6139
f 5906/5906 7474/7474 7475/7475
f 7476/7476 5906/5906 7475/7475
f 4966/4966 4411/4411 4410/4410
f 6743/6743 7477/7477 7478/7478
f 3789/3789 1351/1351 1350/1350
f 320/320 7479/7479 321/321
f 3250/3250 4147/4147 3251/3251
f 5342/5342 634/634 486/486
f 7480/7480 956/956 7481/7481
f 7482/7482 381/381 380/380
f 2997/2997 7483/7483 7484/7484
f 2201/2201 5889/5889 6044/6044
f 453/453 3926/3926 7485/7485
f 4034/4034 4033/4033 7486/7486
f 5595/5595 7487/7487 5391/5391
f 7319/7319 2351/2351 5195/5195
f 3088/3088 2905/2905 3086/3086
f 7488/7488 2997/2997 2400/2400
f 1627/1627 1626/1626 4848/4848
f 7489/7489 7490/7490 7491/7491
f 7492/7492 7493/7493 5818/5818
f 4288/4288 7494/7494 7495/7495
f 4694/4694 6892/6892 1035/1035
f 4705/4705 7496/7496 7497/7497
f 4830/4830 7498/7498 4831/4831
f 5280/5280 5279/5279 7499/7499
f 5049/5049 4699/4699 2398/2398
f 7500/7500 3085/3085 1053/1053
f 1571/1571 1514/1514 1515/1515
f 7501/7501 4932/4932 7502/7502
f 1288/1288 915/915 955/955
f 5011/5011 4255/4255 2403/2403
f 5788/5788 5787/5787 4490/4490
f 6480/6480 3237/3237 3236/3236
f 3197/3197 7385/7385 4567/4567
f 4481/4481 2718/2718 1457/1457
f 4311/4311 2918/2918 2779/2779
f 1338/1338 7503/7503 1339/1339
f 2321/2321 3236/3236 3235/3235
f 3848/3848 7504/7504 7505/7505
f 2901/2901 4677/4677 2900/2900
f 6119/6119 7506/7506 6117/6117
f 7507/7507 7508/7508 5644/5644
f 7163/7163 7509/7509 2913/2913
f 1359/1359 1358/1358 1014/1014
f 7510/7510 4436/4436 5035/5035
f 6416/6416 4888/4888 3899/3899
f 2826/2826 2356/2356 2358/2358
f 6679/6679 2299/2299 7511/7511
f 7512/7512 3166/3166 7513/7513
f 2072/2072 6857/6857 2073/2073
f 5660/5660 7514/7514 7515/7515
f 7516/7516 7514/7514 7517/7517
f 2107/2107 2000/2000 7518/7518
f 4814/4814 1637/1637 6450/6450
f 6650/6650 6649/6649 5866/5866
f 555/555 4590/4590 5554/5554
f 7519/7519 7476/7476 6085/6085
f 7520/7520 7521/7521 7049/7049
f 5428/5428 7522/7522 2826/2826
f 53/53 6882/6882 51/51
f 3787/3787 51/51 6882/6882
f 7523/7523 481/481 6882/6882
f 7524/7524 7525/7525 7526/7526
f 3292/3292 4471/4471 7527/7527
f 7528/7528 5823/5823 7200/7200
f 7529/7529 7530/7530 7531/7531
f 4120/4120 4861/4861 3073/3073
f 5792/5792 2309/2309 7106/7106
f 3866/3866 1157/1157 1156/1156
f 6538/6538 6537/6537 7532/7532
f 391/391 6460/6460 7099/7099
f 7533/7533 5085/5085 5087/5087
f 7534/7534 6628/6628 6627/6627
f 5411/5411 4499/4499 7535/7535
f 593/593 7536/7536 519/519
f 64/64 558/558 3422/3422
f 2494/2494 2493/2493 7537/7537
f 7538/7538 7539/7539 6888/6888
f 3533/3533 7540/7540 1621/1621
f 5312/5312 4982/4982 42/42
f 7235/7235 4273/4273 4517/4517
f 7223/7223 7222/7222 6055/6055
f 4417/4417 4986/4986 4988/4988
f 6233/6233 408/408 407/407
f 7541/7541 7542/7542 7543/7543
f 624/624 2540/2540 7544/7544
f 7545/7545 7546/7546 7547/7547
f 3273/3273 1917/1917 1913/1913
f 7548/7548 7549/7549 7550/7550
f 7551/7551 5044/5044 5226/5226
f 7552/7552 4987/4987 1112/1112
f 3514/3514 7553/7553 7554/7554
f 6163/6163 2294/2294 2293/2293
f 7555/7555 3042/3042 6656/6656
f 7175/7175 7454/7454 2401/2401
f 7231/7231 7232/7232 7556/7556
f 7557/7557 2158/2158 2157/2157
f 5534/5534 5535/5535 7558/7558
f 3310/3310 3309/3309 736/736
f 7559/7559 5963/5963 7560/7560
f 3742/3742 6697/6697 6696/6696
f 2504/2504 2493/2493 2495/2495
f 1553/1553 7561/7561 6831/6831
f 7562/7562 2336/2336 7563/7563
f 7564/7564 5254/5254 6069/6069
f 2592/2592 726/726 2470/2470
f 6494/6494 3987/3987 3986/3986
f 7447/7447 7565/7565 3714/3714
f 7566/7566 7498/7498 7567/7567
f 7538/7538 1700/1700 7568/7568
f 7569/7569 7570/7570 1596/1596
f 7571/7571 1477/1477 1476/1476
f 4275/4275 4254/4254 3737/3737
f 7572/7572 4669/4669 5533/5533
f 1687/1687 2445/2445 2444/2444
f 7006/7006 7573/7573 7574/7574
f 7078/7078 1426/1426 1094/1094
f 575/575 574/574 1627/1627
f 7275/7275 6961/6961 4668/4668
f 7575/7575 3512/3512 33/33
f 2115/2115 1764/1764 7576/7576
f 556/556 5342/5342 554/554
f 3068/3068 3067/3067 6978/6978
f 5519/5519 5521/5521 7577/7577
f 7578/7578 7579/7579 7580/7580
f 3550/3550 6874/6874 6876/6876
f 3737/3737 4236/4236 4207/4207
f 4895/4895 4894/4894 7581/7581
f 7287/7287 7582/7582 7583/7583
f 1066/1066 7584/7584 7585/7585
f 7586/7586 7587/7587 1552/1552
f 2691/2691 7588/7588 1320/1320
f 6277/6277 4882/4882 4881/4881
f 2010/2010 123/123 5972/5972
f 6242/6242 6041/6041 2329/2329
f 1461/1461 5196/5196 7589/7589
f 7590/7590 7591/7591 7592/7592
f 2000/2000 7593/7593 7594/7594
f 1144/1144 1143/1143 3271/3271
f 7595/7595 6636/6636 7596/7596
f 1158/1158 122/122 5612/5612
f 5452/5452 7597/7597 7500/7500
f 7598/7598 7500/7500 7599/7599
f 5792/5792 5497/5497 2970/2970
f 7267/7267 6695/6695 4857/4857
f 3801/3801 7600/7600 3799/3799
f 7601/7601 6187/6187 3046/3046
f 7602/7602 4850/4850 7490/7490
f 4951/4951 4950/4950 5996/5996
f 7538/7538 6888/6888 1700/1700
f 7603/7603 3379/3379 3377/3377
f 5993/5993 5579/5579 7604/7604
f 7605/7605 6350/6350 3482/3482
f 6629/6629 5040/5040 7606/7606
f 6374/6374 5699/5699 7607/7607
f 2671/2671 5987/5987 2672/2672
f 5242/5242 4422/4422 5227/5227
f 4437/4437 6598/6598 5133/5133
f 7608/7608 7609/7609 7610/7610
f 5742/5742 4406/4406 6880/6880
f 7416/7416 2404/2404 3103/3103
f 7611/7611 4861/4861 4860/4860
f 5215/5215 7612/7612 7613/7613
f 7612/7612 7614/7614 7613/7613
f 2895/2895 7615/7615 6861/6861
f 7616/7616 7617/7617 5748/5748
f 7375/7375 7369/7369 7389/7389
f 2831/2831 2399/2399 4699/4699
f 490/490 5502/5502 7618/7618
f 4976/4976 4588/4588 4587/4587
f 7619/7619 7553/7553 7620/7620
f 2893/2893 7621/7621 7622/7622
f 4882/4882 6198/6198 7623/7623
f 7624/7624 4959/4959 1336/1336
f 7624/7624 6277/6277 4959/4959
f 6276/6276 4959/4959 6277/6277
f 7625/7625 4803/4803 4805/4805
f 285/285 6411/6411 926/926
f 7626/7626 7627/7627 7628/7628
f 7629/7629 7630/7630 7631/7631
f 6779/6779 4991/4991 7632/7632
f 7633/7633 7509/7509 7163/7163
f 487/487 75/75 488/488
f 7634/7634 1245/1245 1247/1247
f 7143/7143 284/284 283/283
f 3031/3031 3030/3030 7350/7350
f 7635/7635 7636/7636 7637/7637
f 5864/5864 5537/5537 5865/5865
f 6554/6554 5023/5023 5022/5022
f 7638/7638 7639/7639 5344/5344
f 3979/3979 7640/7640 3977/3977
f 7641/7641 3514/3514 7554/7554
f 4879/4879 1813/1813 1815/1815
f 2341/2341 5519/5519 6470/6470
f 5549/5549 1612/1612 4755/4755
f 5737/5737 5915/5915 1197/1197
f 2266/2266 5221/5221 2264/2264
f 7198/7198 3071/3071 6860/6860
f 1305/1305 120/120 5978/5978
f 1824/1824 7642/7642 1825/1825
f 6330/6330 3045/3045 7643/7643
f 7644/7644 5351/5351 5353/5353
f 7645/7645 3901/3901 1787/1787
f 3770/3770 2297/2297 2296/2296
f 5799/5799 7646/7646 7647/7647
f 5799/5799 7647/7647 3505/3505
f 3042/3042 5653/5653 6655/6655
f 6768/6768 4453/4453 7648/7648
f 924/924 6200/6200 6199/6199
f 7649/7649 7160/7160 7650/7650
f 6293/6293 6612/6612 7651/7651
f 3102/3102 4020/4020 4019/4019
f 7652/7652 5232/5232 7054/7054
f 7378/7378 2273/2273 2275/2275
f 7653/7653 6803/6803 7513/7513
f 2235/2235 2322/2322 2236/2236
f 7654/7654 5516/5516 2273/2273
f 7655/7655 7656/7656 5065/5065
f 2289/2289 3163/3163 7657/7657
f 7658/7658 3528/3528 2193/2193
f 4108/4108 7659/7659 6286/6286
f 1104/1104 5121/5121 1102/1102
f 1349/1349 7660/7660 1350/1350
f 7661/7661 7662/7662 7663/7663
f 6340/6340 1917/1917 6354/6354
f 821/821 1608/1608 7664/7664
f 2010/2010 5973/5973 1558/1558
f 6729/6729 4448/4448 5636/5636
f 2003/2003 7665/7665 7666/7666
f 3231/3231 5245/5245 3232/3232
f 5556/5556 7251/7251 5557/5557
f 6087/6087 119/119 6088/6088
f 7352/7352 7667/7667 7668/7668
f 5626/5626 4329/4329 345/345
f 2262/2262 2603/2603 7669/7669
f 6286/6286 7670/7670 6285/6285
f 7671/7671 2693/2693 7494/7494
f 5195/5195 5631/5631 7319/7319
f 957/957 6288/6288 7672/7672
f 1661/1661 1802/1802 2294/2294
f 5068/5068 5076/5076 4476/4476
f 3013/3013 7673/7673 7674/7674
f 7675/7675 6052/6052 7676/7676
f 7677/7677 7678/7678 240/240
f 7679/7679 7680/7680 14/14
f 7681/7681 7682/7682 4268/4268
f 7683/7683 7684/7684 7685/7685
f 7686/7686 785/785 696/696
f 7687/7687 7688/7688 7689/7689
f 721/721 7690/7690 7691/7691
f 6813/6813 7692/7692 4427/4427
f 6130/6130 7693/7693 5797/5797
f 4992/4992 7498/7498 7694/7694
f 2642/2642 7695/7695 7696/7696
f 7697/7697 1050/1050 1049/1049
f 13/13 14/14 7680/7680
f 2104/2104 793/793 3256/3256
f 7698/7698 7699/7699 7700/7700
f 7701/7701 5777/5777 7702/7702
f 4464/4464 6836/6836 1624/1624
f 7385/7385 2602/2602 4567/4567
f 6497/6497 5272/5272 5695/5695
f 7703/7703 7704/7704 7705/7705
f 1188/1188 5682/5682 1189/1189
f 2718/2718 4482/4482 7706/7706
f 7491/7491 6195/6195 7707/7707
f 7708/7708 1804/1804 7709/7709
f 1475/1475 1623/1623 1622/1622
f 7710/7710 5250/5250 5252/5252
f 3163/3163 4221/4221 7657/7657
f 4634/4634 3036/3036 3035/3035
f 7624/7624 6198/6198 6277/6277
f 7357/7357 7356/7356 7711/7711
f 7712/7712 7713/7713 7714/7714
f 3858/3858 7715/7715 7466/7466
f 7716/7716 2978/2978 2980/2980
f 7717/7717 7718/7718 7719/7719
f 2465/2465 2464/2464 5103/5103
f 5554/5554 4590/4590 6235/6235
f 7720/7720 7721/7721 7722/7722
f 3159/3159 2955/2955 7723/7723
f 3221/3221 7724/7724 7725/7725
f 7726/7726 7110/7110 6845/6845
f 5429/5429 6002/6002 7727/7727
f 4247/4247 6191/6191 6566/6566
f 262/262 361/361 263/263
f 6744/6744 7728/7728 5266/5266
f 5821/5821 6551/6551 2839/2839
f 2262/2262 1985/1985 2603/2603
f 1422/1422 4719/4719 1516/1516
f 1337/1337 7729/7729 7215/7215
f 3818/3818 3777/3777 3887/3887
f 2235/2235 1255/1255 7730/7730
f 7731/7731 7732/7732 7410/7410
f 7733/7733 7734/7734 4397/4397
f 4397/4397 3840/3840 7733/7733
f 1860/1860 7735/7735 6912/6912
f 2481/2481 2482/2482 7736/7736
f 4479/4479 7413/7413 4480/4480
f 7737/7737 7037/7037 7738/7738
f 1802/1802 1580/1580 960/960
f 3029/3029 7472/7472 1752/1752
f 1666/1666 814/814 1816/1816
f 3936/3936 6136/6136 6751/6751
f 7739/7739 7740/7740 7741/7741
f 3136/3136 4020/4020 3104/3104
f 3245/3245 7742/7742 3246/3246
f 3266/3266 1418/1418 549/549
f 6521/6521 2169/2169 2168/2168
f 7503/7503 3320/3320 1339/1339
f 7215/7215 7743/7743 1337/1337
f 7508/7508 260/260 2277/2277
f 7744/7744 2527/2527 2526/2526
f 2593/2593 2470/2470 2474/2474
f 7745/7745 1597/1597 7543/7543
f 4444/4444 4443/4443 7746/7746
f 7747/7747 7746/7746 4443/4443
f 7748/7748 2300/2300 7749/7749
f 2912/2912 2832/2832 2831/2831
f 4704/4704 4681/4681 7750/7750
f 4539/4539 5344/5344 6116/6116
f 2063/2063 7751/7751 91/91
f 7752/7752 7753/7753 7754/7754
f 1666/1666 6135/6135 1667/1667
f 7753/7753 7755/7755 1728/1728
f 7756/7756 6194/6194 6445/6445
f 5373/5373 6942/6942 6269/6269
f 5073/5073 5072/5072 7757/7757
f 5072/5072 7758/7758 7757/7757
f 1543/1543 6329/6329 6328/6328
f 749/749 2232/2232 750/750
f 1702/1702 1704/1704 6855/6855
f 7759/7759 7760/7760 4375/4375
f 7761/7761 7760/7760 6809/6809
f 7761/7761 6811/6811 7760/7760
f 5748/5748 5662/5662 5743/5743
f 2594/2594 2704/2704 2592/2592
f 2034/2034 6340/6340 2035/2035
f 1901/1901 1900/1900 3333/3333
f 6146/6146 5798/5798 5799/5799
f 7722/7722 7762/7762 7720/7720
f 1829/1829 7763/7763 1827/1827
f 1741/1741 5704/5704 7764/7764
f 7765/7765 3034/3034 7766/7766
f 7767/7767 1244/1244 7768/7768
f 7769/7769 3340/3340 7770/7770
f 7771/7771 7772/7772 7773/7773
f 6330/6330 3315/3315 2536/2536
f 6980/6980 7673/7673 7774/7774
f 1185/1185 4450/4450 2334/2334
f 7775/7775 3893/3893 3892/3892
f 6791/6791 6790/6790 7776/7776
f 7777/7777 6879/6879 4294/4294
f 7778/7778 7606/7606 5040/5040
f 1544/1544 1543/1543 4840/4840
f 6772/6772 2925/2925 2927/2927
f 1982/1982 7706/7706 4482/4482
f 514/514 592/592 516/516
f 7779/7779 7780/7780 5374/5374
f 4004/4004 4027/4027 4028/4028
f 4466/4466 3259/3259 1289/1289
f 2215/2215 7157/7157 6735/6735
f 3180/3180 7781/7781 3181/3181
f 6484/6484 5198/5198 5092/5092
f 4878/4878 426/426 428/428
f 7782/7782 4034/4034 7783/7783
f 7784/7784 6384/6384 7199/7199
f 7377/7377 6029/6029 6829/6829
f 3126/3126 7785/7785 3127/3127
f 84/84 7786/7786 83/83
f 7787/7787 7788/7788 5948/5948
f 3029/3029 3031/3031 7472/7472
f 7586/7586 5039/5039 5069/5069
f 3362/3362 4167/4167 3363/3363
f 7789/7789 3364/3364 3363/3363
f 7790/7790 7791/7791 7792/7792
f 7793/7793 5986/5986 5795/5795
f 7794/7794 7795/7795 2804/2804
f 7796/7796 7797/7797 7589/7589
f 6831/6831 7798/7798 6830/6830
f 5888/5888 7799/7799 5889/5889
f 7800/7800 7801/7801 6509/6509
f 7163/7163 2913/2913 4698/4698
f 5877/5877 7802/7802 6812/6812
f 2942/2942 4272/4272 2943/2943
f 4067/4067 1664/1664 1663/1663
f 7803/7803 7804/7804 7805/7805
f 268/268 5763/5763 7806/7806
f 1831/1831 1833/1833 7807/7807
f 7575/7575 33/33 4309/4309
f 7808/7808 289/289 3375/3375
f 7809/7809 7810/7810 7811/7811
f 6642/6642 675/675 5018/5018
f 7812/7812 155/155 3381/3381
f 7617/7617 7813/7813 5661/5661
f 7189/7189 7814/7814 2352/2352
f 7815/7815 4594/4594 7816/7816
f 2485/2485 7817/7817 2483/2483
f 3370/3370 7818/7818 5321/5321
f 6360/6360 3805/3805 1903/1903
f 3238/3238 3240/3240 7819/7819
f 3233/3233 3894/3894 3231/3231
f 5504/5504 7820/7820 7821/7821
f 6511/6511 4871/4871 4873/4873
f 3113/3113 4381/4381 7344/7344
f 3370/3370 5322/5322 3371/3371
f 4712/4712 7413/7413 4479/4479
f 2325/2325 3492/3492 3491/3491
f 6569/6569 7822/7822 3066/3066
f 7823/7823 7824/7824 5592/5592
f 5389/5389 7825/7825 7421/7421
f 7144/7144 6592/6592 5844/5844
f 1319/1319 7826/7826 4642/4642
f 7827/7827 1317/1317 1423/1423
f 2578/2578 1064/1064 2577/2577
f 4404/4404 5943/5943 577/577
f 7828/7828 7829/7829 7830/7830
f 1751/1751 3029/3029 1752/1752
f 6971/6971 7831/7831 6969/6969
f 1627/1627 567/567 1628/1628
f 7832/7832 7833/7833 6877/6877
f 6555/6555 2770/2770 2769/2769
f 5149/5149 4679/4679 3699/3699
f 7834/7834 3395/3395 3394/3394
f 4477/4477 4511/4511 7835/7835
f 3563/3563 5765/5765 3561/3561
f 5394/5394 6956/6956 4316/4316
f 1042/1042 5541/5541 1043/1043
f 2822/2822 7836/7836 2794/2794
f 3477/3477 7657/7657 3427/3427
f 1373/1373 6048/6048 893/893
f 3286/3286 7837/7837 7838/7838
f 4107/4107 7032/7032 5486/5486
f 4764/4764 6983/6983 2915/2915
f 1858/1858 7839/7839 7840/7840
f 1485/1485 2460/2460 1486/1486
f 5786/5786 414/414 6082/6082
f 7841/7841 6727/6727 6899/6899
f 7842/7842 3318/3318 936/936
f 2030/2030 7843/7843 5122/5122
f 1039/1039 1965/1965 1964/1964
f 2536/2536 3314/3314 4251/4251
f 1337/1337 7743/7743 7844/7844
f 7845/7845 7829/7829 6763/6763
f 7846/7846 7847/7847 7848/7848
f 4616/4616 33/33 35/35
f 7849/7849 7659/7659 6841/6841
f 7850/7850 7851/7851 7852/7852
f 3126/3126 7853/7853 7851/7851
f 4938/4938 1363/1363 5719/5719
f 778/778 7854/7854 776/776
f 5987/5987 6454/6454 7855/7855
f 7856/7856 6512/6512 6977/6977
f 2988/2988 5364/5364 2989/2989
f 3416/3416 1697/1697 7857/7857
f 7858/7858 3636/3636 3635/3635
f 470/470 468/468 7859/7859
f 7860/7860 7861/7861 7862/7862
f 1940/1940 3322/3322 4793/4793
f 1523/1523 7863/7863 1524/1524
f 7864/7864 3058/3058 3057/3057
f 7865/7865 7866/7866 6927/6927
f 1456/1456 5397/5397 1457/1457
f 7867/7867 7868/7868 7869/7869
f 7107/7107 7870/7870 7871/7871
f 7872/7872 7873/7873 7874/7874
f 2182/2182 7875/7875 5145/5145
f 103/103 3264/3264 7876/7876
f 6593/6593 3676/3676 824/824
f 6606/6606 2400/2400 2399/2399
f 3068/3068 6512/6512 4964/4964
f 1790/1790 2028/2028 728/728
f 1487/1487 2535/2535 1450/1450
f 7877/7877 7130/7130 7131/7131
f 5387/5387 4579/4579 7878/7878
f 5054/5054 2362/2362 2364/2364
f 2005/2005 6708/6708 1889/1889
f 5159/5159 7879/7879 7880/7880
f 1127/1127 7881/7881 1168/1168
f 7882/7882 7883/7883 7884/7884
f 7885/7885 186/186 7880/7880
f 5159/5159 7886/7886 7887/7887
f 7888/7888 4129/4129 4128/4128
f 3444/3444 7889/7889 3445/3445
f 7890/7890 1080/1080 1079/1079
f 7891/7891 5447/5447 5446/5446
f 7114/7114 7892/7892 1138/1138
f 5302/5302 5303/5303 7893/7893
f 1424/1424 1426/1426 7894/7894
f 7895/7895 7896/7896 7897/7897
f 6704/6704 2337/2337 1639/1639
f 5312/5312 7898/7898 5313/5313
f 2538/2538 7899/7899 7526/7526
f 5671/5671 1503/1503 1194/1194
f 1750/1750 1749/1749 7900/7900
f 3588/3588 7901/7901 3589/3589
f 6664/6664 4632/4632 4726/4726
f 7902/7902 7804/7804 5979/5979
f 7139/7139 7805/7805 7140/7140
f 6729/6729 6731/6731 4446/4446
f 2719/2719 5648/5648 1455/1455
f 7903/7903 410/410 412/412
f 1318/1318 7827/7827 7826/7826
f 2108/2108 6368/6368 6370/6370
f 3238/3238 7904/7904 1561/1561
f 7905/7905 363/363 362/362
f 7906/7906 5543/5543 7907/7907
f 5150/5150 4806/4806 5531/5531
f 7279/7279 62/62 63/63
f 7309/7309 7008/7008 4467/4467
f 7908/7908 7909/7909 7377/7377
f 4645/4645 4647/4647 7910/7910
f 7447/7447 3444/3444 3446/3446
f 3488/3488 2689/2689 2688/2688
f 7911/7911 5545/5545 7429/7429
f 3806/3806 3808/3808 2312/2312
f 7912/7912 7913/7913 6843/6843
f 7914/7914 7915/7915 7916/7916
f 3102/3102 7917/7917 3414/3414
f 5440/5440 5205/5205 7918/7918
f 4810/4810 364/364 363/363
f 5494/5494 6859/6859 6858/6858
f 1044/1044 2105/2105 7919/7919
f 508/508 6640/6640 7920/7920
f 5273/5273 6498/6498 6014/6014
f 7921/7921 7922/7922 7923/7923
f 2/2 3645/3645 7924/7924
f 7925/7925 7487/7487 7926/7926
f 2600/2600 2215/2215 2217/2217
f 1696/1696 7857/7857 1697/1697
f 973/973 1022/1022 4936/4936
f 2698/2698 2732/2732 7927/7927
f 6408/6408 7928/7928 7289/7289
f 2018/2018 4131/4131 2019/2019
f 7129/7129 818/818 7717/7717
f 6869/6869 3238/3238 7819/7819
f 1932/1932 1931/1931 3195/3195
f 1466/1466 6854/6854 1464/1464
f 5789/5789 4561/4561 6027/6027
f 7929/7929 6869/6869 5675/5675
f 6027/6027 7930/7930 7931/7931
f 1639/1639 7932/7932 7933/7933
f 5932/5932 7189/7189 2351/2351
f 2708/2708 1231/1231 2596/2596
f 5190/5190 1694/1694 5188/5188
f 7934/7934 7935/7935 7936/7936
f 7937/7937 7938/7938 7939/7939
f 7940/7940 1164/1164 1163/1163
f 7358/7358 4677/4677 7356/7356
f 5969/5969 5968/5968 6294/6294
f 5733/5733 7941/7941 5300/5300
f 7942/7942 7943/7943 7944/7944
f 682/682 646/646 680/680
f 3267/3267 4819/4819 3265/3265
f 3231/3231 3894/3894 5244/5244
f 7945/7945 7946/7946 7947/7947
f 6000/6000 7727/7727 6002/6002
f 5437/5437 1384/1384 1383/1383
f 6052/6052 6053/6053 7676/7676
f 6185/6185 7355/7355 6441/6441
f 7948/7948 6915/6915 7949/7949
f 3087/3087 2907/2907 3101/3101
f 5621/5621 1319/1319 4643/4643
f 7636/7636 7950/7950 5618/5618
f 7951/7951 4440/4440 4442/4442
f 5914/5914 7952/7952 7953/7953
f 1698/1698 1697/1697 3556/3556
f 7807/7807 3532/3532 1831/1831
f 3563/3563 3562/3562 7954/7954
f 1012/1012 7955/7955 7956/7956
f 7957/7957 3638/3638 3639/3639
f 6148/6148 5526/5526 6291/6291
f 7426/7426 5759/5759 7958/7958
f 7959/7959 7239/7239 7960/7960
f 7961/7961 3763/3763 7962/7962
f 5944/5944 7963/7963 7964/7964
f 6287/6287 2922/2922 5151/5151
f 7965/7965 7966/7966 7967/7967
f 3573/3573 6208/6208 2681/2681
f 5553/5553 5856/5856 6410/6410
f 6410/6410 7968/7968 6409/6409
f 2401/2401 3646/3646 2088/2088
f 7785/7785 7849/7849 6841/6841
f 7659/7659 1113/1113 6841/6841
f 4/4 7969/7969 6799/6799
f 1081/1081 7970/7970 3535/3535
f 331/331 3426/3426 329/329
f 5019/5019 2414/2414 5616/5616
f 7522/7522 4744/4744 4746/4746
f 4746/4746 2826/2826 7522/7522
f 3733/3733 2893/2893 3734/3734
f 2986/2986 2985/2985 1268/1268
f 1726/1726 3532/3532 1621/1621
f 7971/7971 5172/5172 5557/5557
f 3769/3769 7972/7972 7973/7973
f 1418/1418 3265/3265 4819/4819
f 7974/7974 7975/7975 3386/3386
f 3116/3116 6836/6836 3115/3115
f 4957/4957 5877/5877 6983/6983
f 1936/1936 2754/2754 1934/1934
f 7697/7697 1049/1049 7976/7976
f 3392/3392 7977/7977 6405/6405
f 4963/4963 831/831 830/830
f 7978/7978 3568/3568 7979/7979
f 5379/5379 6186/6186 5377/5377
f 6327/6327 7980/7980 4469/4469
f 7981/7981 7982/7982 7983/7983
f 6589/6589 7306/7306 6590/6590
f 7984/7984 6588/6588 6590/6590
f 584/584 7985/7985 4321/4321
f 6795/6795 7986/7986 7987/7987
f 7988/7988 7987/7987 7986/7986
f 29/29 7989/7989 7990/7990
f 1195/1195 255/255 257/257
f 7904/7904 7991/7991 1559/1559
f 749/749 2233/2233 2232/2232
f 3237/3237 5429/5429 2236/2236
f 1209/1209 4726/4726 4632/4632
f 5522/5522 5524/5524 7992/7992
f 7644/7644 382/382 4034/4034
f 7993/7993 1285/1285 1341/1341
f 7994/7994 7995/7995 7974/7974
f 7996/7996 2728/2728 2727/2727
f 7997/7997 5148/5148 6676/6676
f 1371/1371 5766/5766 1372/1372
f 7998/7998 2391/2391 2390/2390
f 2508/2508 6374/6374 7999/7999
f 8000/8000 4372/4372 5091/5091
f 3617/3617 498/498 8001/8001
f 5533/5533 3628/3628 2744/2744
f 5445/5445 8002/8002 5539/5539
f 6498/6498 6015/6015 6014/6014
f 5152/5152 2357/2357 4005/4005
f 7984/7984 5435/5435 6588/6588
f 6402/6402 8003/8003 8004/8004
f 4716/4716 8005/8005 8006/8006
f 8007/8007 49/49 8008/8008
f 2625/2625 8009/8009 8010/8010
f 1640/1640 1642/1642 199/199
f 7447/7447 1112/1112 1111/1111
f 8011/8011 2824/2824 2794/2794
f 8012/8012 8013/8013 6300/6300
f 4351/4351 5307/5307 8014/8014
f 5113/5113 5166/5166 5111/5111
f 6496/6496 3987/3987 6494/6494
f 7839/7839 5539/5539 8002/8002
f 2943/2943 4307/4307 8015/8015
f 2874/2874 2042/2042 2671/2671
f 8016/8016 8017/8017 8018/8018
f 6858/6858 5931/5931 8019/8019
f 659/659 808/808 810/810
f 5913/5913 5737/5737 1153/1153
f 8020/8020 5368/5368 5370/5370
f 3918/3918 8021/8021 8022/8022
f 2320/2320 2425/2425 2315/2315
f 6263/6263 5304/5304 1908/1908
f 4570/4570 2632/2632 2631/2631
f 3485/3485 8023/8023 7017/7017
f 8024/8024 5562/5562 5560/5560
f 5039/5039 4898/4898 5173/5173
f 2295/2295 7973/7973 4325/4325
f 8025/8025 6384/6384 8026/8026
f 3614/3614 6126/6126 1131/1131
f 8027/8027 6736/6736 8028/8028
f 4410/4410 2173/2173 2175/2175
f 4699/4699 2913/2913 2831/2831
f 7380/7380 6278/6278 2075/2075
f 8029/8029 8030/8030 4557/4557
f 5915/5915 8031/8031 1197/1197
f 8032/8032 2322/2322 1940/1940
f 1092/1092 510/510 509/509
f 8033/8033 8034/8034 8035/8035
f 8036/8036 8037/8037 8038/8038
f 8039/8039 3313/3313 5341/5341
f 7711/7711 7356/7356 8040/8040
f 7219/7219 6791/6791 7776/7776
f 4249/4249 4248/4248 8041/8041
f 1519/1519 6059/6059 6058/6058
f 8042/8042 8043/8043 8044/8044
f 7275/7275 7274/7274 6961/6961
f 2946/2946 8045/8045 2947/2947
f 1078/1078 1077/1077 8046/8046
f 4576/4576 8047/8047 4810/4810
f 5980/5980 8048/8048 7568/7568
f 5467/5467 6566/6566 8049/8049
f 2961/2961 5255/5255 8050/8050
f 5255/5255 5254/5254 8051/8051
f 8052/8052 4838/4838 4837/4837
f 5255/5255 8051/8051 8050/8050
f 75/75 8053/8053 488/488
f 8054/8054 8055/8055 8056/8056
f 5533/5533 8057/8057 7572/7572
f 8058/8058 1688/1688 5983/5983
f 2368/2368 8059/8059 8060/8060
f 2417/2417 2416/2416 723/723
f 1797/1797 3832/3832 3761/3761
f 2182/2182 5145/5145 2183/2183
f 8061/8061 1763/1763 1765/1765
f 8062/8062 6636/6636 8063/8063
f 8064/8064 4656/4656 8065/8065
f 5978/5978 120/120 1158/1158
f 2776/2776 1094/1094 1426/1426
f 3617/3617 8066/8066 498/498
f 2251/2251 3189/3189 8067/8067
f 7073/7073 8068/8068 5645/5645
f 7156/7156 8069/8069 3396/3396
f 7832/7832 1197/1197 8031/8031
f 8070/8070 8071/8071 8072/8072
f 6474/6474 7303/7303 6475/6475
f 5372/5372 7430/7430 5546/5546
f 8073/8073 2215/2215 7185/7185
f 1039/1039 8074/8074 1040/1040
f 6130/6130 1319/1319 5621/5621
f 4899/4899 6232/6232 6572/6572
f 270/270 272/272 8075/8075
f 945/945 944/944 8076/8076
f 1091/1091 510/510 1092/1092
f 8077/8077 157/157 15/15
f 6290/6290 2095/2095 6559/6559
f 360/360 5438/5438 7103/7103
f 8078/8078 2407/2407 8079/8079
f 4808/4808 4666/4666 5531/5531
f 8080/8080 1330/1330 6617/6617
f 8081/8081 6245/6245 6715/6715
f 8082/8082 3771/3771 7019/7019
f 3431/3431 1689/1689 8083/8083
f 8084/8084 1818/1818 3813/3813
f 4991/4991 4832/4832 4831/4831
f 1657/1657 7462/7462 8085/8085
f 821/821 7664/7664 3834/3834
f 8086/8086 8087/8087 8088/8088
f 8089/8089 5109/5109 2468/2468
f 3277/3277 1101/1101 3278/3278
f 1906/1906 8090/8090 1904/1904
f 4497/4497 7703/7703 4933/4933
f 4767/4767 5526/5526 4765/4765
f 8091/8091 4933/4933 7703/7703
f 2017/2017 4884/4884 4199/4199
f 3119/3119 3118/3118 5224/5224
f 5305/5305 1720/1720 8092/8092
f 3012/3012 7184/7184 5063/5063
f 2178/2178 2177/2177 7173/7173
f 8093/8093 8094/8094 3219/3219
f 3218/3218 8093/8093 3219/3219
f 5892/5892 8095/8095 6483/6483
f 8096/8096 8097/8097 5937/5937
f 8098/8098 7127/7127 8099/8099
f 4828/4828 3077/3077 7563/7563
f 6249/6249 2910/2910 6116/6116
f 8092/8092 8100/8100 5306/5306
f 3166/3166 8101/8101 3164/3164
f 7940/7940 3166/3166 3165/3165
f 6268/6268 2080/2080 3025/3025
f 1107/1107 4488/4488 4487/4487
f 6604/6604 8102/8102 8103/8103
f 8104/8104 8105/8105 8106/8106
f 6342/6342 8107/8107 8108/8108
f 1721/1721 5994/5994 4178/4178
f 8109/8109 8110/8110 8111/8111
f 1059/1059 5393/5393 3025/3025
f 8112/8112 1882/1882 8113/8113
f 4815/4815 25/25 3055/3055
f 3019/3019 4186/4186 5175/5175
f 8114/8114 5398/5398 579/579
f 8115/8115 1960/1960 1959/1959
f 3808/3808 8116/8116 2313/2313
f 8117/8117 8118/8118 8119/8119
f 5518/5518 3347/3347 3348/3348
f 2849/2849 6155/6155 5513/5513
f 1665/1665 8120/8120 815/815
f 5198/5198 5840/5840 5197/5197
f 2764/2764 8121/8121 7890/7890
f 7913/7913 6842/6842 6843/6843
f 8122/8122 3858/3858 8123/8123
f 1720/1720 8124/8124 8125/8125
f 693/693 8126/8126 694/694
f 8019/8019 5329/5329 8127/8127
f 5315/5315 5865/5865 5537/5537
f 8128/8128 8129/8129 8130/8130
f 8131/8131 3386/3386 3385/3385
f 2943/2943 371/371 4305/4305
f 264/264 266/266 8132/8132
f 8133/8133 5458/5458 8134/8134
f 6176/6176 2356/2356 4746/4746
f 8135/8135 3593/3593 4695/4695
f 7462/7462 8136/8136 8085/8085
f 5145/5145 8137/8137 8138/8138
f 4695/4695 8139/8139 8135/8135
f 5432/5432 7965/7965 7768/7768
f 458/458 460/460 2707/2707
f 8140/8140 8141/8141 2124/2124
f 1912/1912 4644/4644 8142/8142
f 6269/6269 6271/6271 603/603
f 7835/7835 8143/8143 8075/8075
f 447/447 8144/8144 8145/8145
f 4920/4920 8146/8146 8147/8147
f 3103/3103 2404/2404 3104/3104
f 8148/8148 8149/8149 8150/8150
f 7512/7512 6751/6751 6722/6722
f 7818/7818 8151/8151 6616/6616
f 8152/8152 8153/8153 5758/5758
f 57/57 59/59 8154/8154
f 8155/8155 1962/1962 546/546
f 8023/8023 2274/2274 6477/6477
f 8156/8156 6693/6693 6573/6573
f 8157/8157 6811/6811 6810/6810
f 5537/5537 5992/5992 3908/3908
f 8158/8158 5901/5901 5902/5902
f 8159/8159 7117/7117 7116/7116
f 2315/2315 2425/2425 2420/2420
f 8160/8160 2338/2338 3223/3223
f 6681/6681 6730/6730 7308/7308
f 6294/6294 3029/3029 3430/3430
f 7493/7493 7492/7492 8161/8161
f 8162/8162 8163/8163 5199/5199
f 4858/4858 8164/8164 4438/4438
f 7022/7022 8165/8165 5386/5386
f 5246/5246 8166/8166 8167/8167
f 8168/8168 4526/4526 4527/4527
f 8169/8169 5576/5576 6743/6743
f 8170/8170 8171/8171 8172/8172
f 5178/5178 2911/2911 5179/5179
f 5566/5566 5563/5563 5743/5743
f 5980/5980 4498/4498 8173/8173
f 8048/8048 8173/8173 4498/4498
f 1044/1044 2106/2106 2105/2105
f 1691/1691 123/123 125/125
f 3241/3241 3243/3243 4169/4169
f 8174/8174 5893/5893 3990/3990
f 8175/8175 8176/8176 8177/8177
f 3896/3896 3895/3895 3519/3519
f 8178/8178 1186/1186 2895/2895
f 2641/2641 3897/3897 8179/8179
f 6171/6171 6945/6945 6947/6947
f 8180/8180 8181/8181 8182/8182
f 8183/8183 3287/3287 1068/1068
f 967/967 8184/8184 6952/6952
f 8185/8185 8184/8184 8186/8186
f 7783/7783 4034/4034 8187/8187
f 7783/7783 3345/3345 834/834
f 4368/4368 4367/4367 8188/8188
f 8189/8189 794/794 2104/2104
f 383/383 8190/8190 3070/3070
f 5283/5283 5614/5614 5615/5615
f 5979/5979 2780/2780 2782/2782
f 8191/8191 3840/3840 7264/7264
f 2657/2657 6583/6583 2658/2658
f 8192/8192 2868/2868 2870/2870
f 8193/8193 8194/8194 5881/5881
f 8195/8195 8196/8196 5880/5880
f 8197/8197 8198/8198 6216/6216
f 8022/8022 3919/3919 3918/3918
f 4751/4751 8199/8199 4752/4752
f 6051/6051 7923/7923 8200/8200
f 3159/3159 8201/8201 5688/5688
f 4694/4694 5788/5788 5297/5297
f 1911/1911 1910/1910 2187/2187
f 8202/8202 2334/2334 8203/8203
f 6563/6563 1927/1927 1926/1926
f 8204/8204 7423/7423 7422/7422
f 8205/8205 5629/5629 5628/5628
f 8206/8206 892/892 891/891
f 8207/8207 8208/8208 8209/8209
f 8210/8210 8211/8211 8212/8212
f 3091/3091 2918/2918 4311/4311
f 6205/6205 8213/8213 8214/8214
f 647/647 5090/5090 8215/8215
f 8216/8216 8217/8217 8218/8218
f 1448/1448 5202/5202 7312/7312
f 2628/2628 6844/6844 3943/3943
f 8219/8219 8220/8220 8221/8221
f 5222/5222 5009/5009 4943/4943
f 2226/2226 2467/2467 6252/6252
f 7349/7349 5022/5022 5021/5021
f 8222/8222 5760/5760 6879/6879
f 8223/8223 3162/3162 3161/3161
f 5948/5948 5947/5947 7787/7787
f 6262/6262 5727/5727 5117/5117
f 5117/5117 1343/1343 6262/6262
f 5446/5446 6406/6406 8224/8224
f 1936/1936 8225/8225 2755/2755
f 4028/4028 5151/5151 4005/4005
f 8226/8226 2424/2424 8227/8227
f 4826/4826 8228/8228 8229/8229
f 8230/8230 7653/7653 1163/1163
f 7143/7143 2801/2801 2800/2800
f 1222/1222 8231/8231 1223/1223
f 3904/3904 924/924 3905/3905
f 2300/2300 7748/7748 2298/2298
f 3995/3995 1161/1161 8232/8232
f 2624/2624 2623/2623 2581/2581
f 5042/5042 5043/5043 1493/1493
f 1331/1331 3675/3675 3676/3676
f 2238/2238 4669/4669 2239/2239
f 1073/1073 7512/7512 3418/3418
f 4290/4290 3700/3700 4889/4889
f 4296/4296 6411/6411 285/285
f 932/932 4813/4813 1944/1944
f 8233/8233 7404/7404 7406/7406
f 5515/5515 5606/5606 5513/5513
f 5038/5038 8133/8133 4778/4778
f 1334/1334 1770/1770 1170/1170
f 7646/7646 4745/4745 5427/5427
f 8234/8234 8235/8235 8236/8236
f 8237/8237 6142/6142 6144/6144
f 8238/8238 8239/8239 8069/8069
f 5166/5166 7980/7980 5111/5111
f 1058/1058 7059/7059 6868/6868
f 8240/8240 7497/7497 5174/5174
f 8241/8241 8242/8242 8243/8243
f 480/480 3787/3787 481/481
f 8244/8244 8245/8245 8246/8246
f 3572/3572 5534/5534 7437/7437
f 4256/4256 8112/8112 8247/8247
f 8248/8248 3808/3808 8249/8249
f 8250/8250 8251/8251 8252/8252
f 7507/7507 6526/6526 4345/4345
f 6939/6939 6043/6043 8253/8253
f 1460/1460 1459/1459 8254/8254
f 8255/8255 242/242 241/241
f 496/496 495/495 8256/8256
f 1604/1604 8257/8257 1605/1605
f 7111/7111 7301/7301 7109/7109
f 7193/7193 8258/8258 8259/8259
f 8260/8260 7011/7011 8261/8261
f 4676/4676 8262/8262 8263/8263
f 8264/8264 8265/8265 977/977
f 6486/6486 6923/6923 1548/1548
f 5230/5230 891/891 893/893
f 5069/5069 5071/5071 7586/7586
f 2887/2887 8266/8266 2888/2888
f 6987/6987 8267/8267 4530/4530
f 229/229 7449/7449 7448/7448
f 4061/4061 3443/3443 499/499
f 8268/8268 8269/8269 8270/8270
f 6746/6746 6251/6251 8271/8271
f 8272/8272 8273/8273 8274/8274
f 8275/8275 2840/2840 6551/6551
f 6431/6431 6791/6791 7428/7428
f 6570/6570 3068/3068 4964/4964
f 8276/8276 1301/1301 8277/8277
f 8278/8278 8279/8279 8280/8280
f 5333/5333 6927/6927 7866/7866
f 8281/8281 4071/4071 8282/8282
f 8283/8283 8284/8284 8285/8285
f 1235/1235 1150/1150 1149/1149
f 1943/1943 5144/5144 7949/7949
f 5177/5177 3020/3020 5175/5175
f 4144/4144 6486/6486 1548/1548
f 286/286 8286/8286 358/358
f 5463/5463 8287/8287 2639/2639
f 2577/2577 7585/7585 8288/8288
f 8289/8289 4510/4510 7173/7173
f 4677/4677 6211/6211 4678/4678
f 2146/2146 2145/2145 8290/8290
f 4966/4966 6493/6493 5894/5894
f 4477/4477 7835/7835 8075/8075
f 8291/8291 455/455 8292/8292
f 8293/8293 6942/6942 8294/8294
f 6934/6934 1681/1681 1680/1680
f 7209/7209 4335/4335 748/748
f 8295/8295 2125/2125 4772/4772
f 7704/7704 8296/8296 8297/8297
f 8298/8298 4974/4974 2159/2159
f 257/257 5671/5671 1194/1194
f 7056/7056 7055/7055 8299/8299
f 4187/4187 4420/4420 4188/4188
f 6633/6633 8300/8300 6634/6634
f 7490/7490 4852/4852 6195/6195
f 8301/8301 8302/8302 1505/1505
f 8303/8303 6251/6251 6250/6250
f 8304/8304 8305/8305 8141/8141
f 4846/4846 6823/6823 3625/3625
f 8273/8273 8306/8306 8271/8271
f 7753/7753 8307/8307 7754/7754
f 6263/6263 1299/1299 8308/8308
f 7620/7620 7553/7553 3550/3550
f 8309/8309 8310/8310 7459/7459
f 7581/7581 7443/7443 3969/3969
f 2806/2806 750/750 2232/2232
f 4132/4132 4134/4134 8311/8311
f 2851/2851 7046/7046 7395/7395
f 8312/8312 8313/8313 8314/8314
f 3448/3448 5181/5181 1348/1348
f 8315/8315 8316/8316 8317/8317
f 808/808 5059/5059 3526/3526
f 4197/4197 4194/4194 8318/8318
f 4093/4093 8319/8319 4094/4094
f 1733/1733 4013/4013 7329/7329
f 3519/3519 2923/2923 6287/6287
f 3075/3075 8320/8320 3125/3125
f 8321/8321 1130/1130 4793/4793
f 883/883 5319/5319 884/884
f 2718/2718 4636/4636 2719/2719
f 1850/1850 1135/1135 5128/5128
f 5976/5976 5551/5551 5550/5550
f 4911/4911 2923/2923 3521/3521
f 429/429 671/671 6158/6158
f 6222/6222 7926/7926 7487/7487
f 8322/8322 8323/8323 5012/5012
f 894/894 4573/4573 895/895
f 5130/5130 2299/2299 2298/2298
f 8324/8324 8325/8325 7637/7637
f 8326/8326 3329/3329 3331/3331
f 575/575 1627/1627 5120/5120
f 8327/8327 2672/2672 5988/5988
f 8328/8328 8329/8329 8330/8330
f 8331/8331 6500/6500 6499/6499
f 3784/3784 8332/8332 1417/1417
f 8333/8333 8334/8334 8335/8335
f 4324/4324 6639/6639 2920/2920
f 2804/2804 7433/7433 2805/2805
f 41/41 8336/8336 39/39
f 574/574 1453/1453 565/565
f 5334/5334 4152/4152 4240/4240
f 3611/3611 8337/8337 3612/3612
f 8338/8338 8339/8339 8340/8340
f 2023/2023 949/949 948/948
f 6674/6674 8341/8341 6647/6647
f 947/947 8342/8342 1516/1516
f 8343/8343 8344/8344 7653/7653
f 6451/6451 4208/4208 4660/4660
f 3772/3772 8345/8345 6087/6087
f 5969/5969 8346/8346 5970/5970
f 1169/1169 1171/1171 8347/8347
f 8348/8348 3830/3830 3829/3829
f 4729/4729 6913/6913 2969/2969
f 455/455 8349/8349 588/588
f 8350/8350 8351/8351 8352/8352
f 8353/8353 8354/8354 8355/8355
f 8356/8356 8357/8357 8358/8358
f 8359/8359 8360/8360 7169/7169
f 8361/8361 4555/4555 2730/2730
f 543/543 8362/8362 544/544
f 7015/7015 6059/6059 1519/1519
f 5429/5429 7727/7727 3261/3261
f 3824/3824 6459/6459 4228/4228
f 1976/1976 2677/2677 8363/8363
f 8364/8364 8365/8365 8366/8366
f 2346/2346 7838/7838 7837/7837
f 8367/8367 7335/7335 2055/2055
f 7337/7337 7336/7336 7335/7335
f 6040/6040 4116/4116 6041/6041
f 6264/6264 8368/8368 688/688
f 5610/5610 688/688 7701/7701
f 3221/3221 2362/2362 3222/3222
f 4564/4564 2087/2087 3503/3503
f 1261/1261 6565/6565 2595/2595
f 8369/8369 5315/5315 5316/5316
f 6752/6752 8370/8370 8371/8371
f 8372/8372 8373/8373 8374/8374
f 8375/8375 6980/6980 6982/6982
f 6855/6855 8376/8376 4217/4217
f 4236/4236 3736/3736 4323/4323
f 1315/1315 1313/1313 1312/1312
f 8377/8377 8378/8378 8379/8379
f 8380/8380 5012/5012 5014/5014
f 8381/8381 1110/1110 1109/1109
f 6846/6846 4737/4737 4398/4398
f 8382/8382 6853/6853 6293/6293
f 7131/7131 3044/3044 8383/8383
f 8384/8384 8385/8385 8386/8386
f 7866/7866 8387/8387 7845/7845
f 420/420 4877/4877 4405/4405
f 968/968 3930/3930 3931/3931
f 4828/4828 7563/7563 6899/6899
f 8388/8388 4612/4612 4613/4613
f 4037/4037 8389/8389 4082/4082
f 4690/4690 4661/4661 4210/4210
f 4202/4202 4201/4201 8390/8390
f 8391/8391 5097/5097 8392/8392
f 8393/8393 7308/7308 6729/6729
f 8196/8196 8195/8195 8394/8394
f 6842/6842 8395/8395 809/809
f 2961/2961 2960/2960 5256/5256
f 8396/8396 7202/7202 3329/3329
f 8397/8397 8398/8398 8399/8399
f 5336/5336 8400/8400 1883/1883
f 4278/4278 8401/8401 4279/4279
f 7759/7759 7235/7235 8402/8402
f 1981/1981 5562/5562 1835/1835
f 5498/5498 1998/1998 4728/4728
f 8403/8403 8404/8404 5597/5597
f 7545/7545 5927/5927 242/242
f 1967/1967 1966/1966 2644/2644
f 8405/8405 8406/8406 438/438
f 8407/8407 8408/8408 32/32
f 5063/5063 8409/8409 7774/7774
f 7395/7395 6316/6316 5552/5552
f 8410/8410 588/588 590/590
f 995/995 994/994 8411/8411
f 5922/5922 4289/4289 4288/4288
f 3043/3043 7130/7130 7132/7132
f 8412/8412 8413/8413 6610/6610
f 8385/8385 5473/5473 8414/8414
f 8308/8308 1299/1299 8276/8276
f 6819/6819 6613/6613 2212/2212
f 3557/3557 635/635 6223/6223
f 8415/8415 3420/3420 4356/4356
f 8416/8416 5922/5922 4288/4288
f 8012/8012 4838/4838 8052/8052
f 6685/6685 8417/8417 8418/8418
f 8418/8418 3694/3694 6685/6685
f 926/926 6414/6414 924/924
f 3887/3887 3993/3993 3886/3886
f 1982/1982 3253/3253 1980/1980
f 5923/5923 344/344 346/346
f 5824/5824 4594/4594 4965/4965
f 8181/8181 8419/8419 8182/8182
f 4699/4699 4698/4698 2913/2913
f 7837/7837 2347/2347 2346/2346
f 570/570 5502/5502 490/490
f 5012/5012 4876/4876 8420/8420
f 6197/6197 8421/8421 7707/7707
f 8422/8422 4269/4269 4271/4271
f 2751/2751 2753/2753 6440/6440
f 2553/2553 2216/2216 6735/6735
f 8423/8423 4269/4269 8424/8424
f 4931/4931 1106/1106 2043/2043
f 101/101 100/100 8425/8425
f 6252/6252 1470/1470 2226/2226
f 5389/5389 5388/5388 8426/8426
f 7706/7706 4636/4636 2718/2718
f 118/118 6311/6311 1624/1624
f 5820/5820 3307/3307 8427/8427
f 5697/5697 4276/4276 5106/5106
f 5218/5218 5484/5484 5483/5483
f 4312/4312 4314/4314 4336/4336
f 8428/8428 6527/6527 8429/8429
f 8430/8430 8431/8431 8432/8432
f 1097/1097 1099/1099 1150/1150
f 3187/3187 8433/8433 4317/4317
f 7770/7770 8434/8434 7769/7769
f 4331/4331 4330/4330 6356/6356
f 2487/2487 1246/1246 1245/1245
f 2597/2597 7419/7419 2420/2420
f 8435/8435 8436/8436 8437/8437
f 4337/4337 8438/8438 4336/4336
f 8438/8438 8439/8439 4336/4336
f 879/879 3167/3167 8440/8440
f 1130/1130 1941/1941 1940/1940
f 2850/2850 5513/5513 8441/8441
f 8442/8442 8443/8443 8444/8444
f 3740/3740 3681/3681 3680/3680
f 6821/6821 8445/8445 8174/8174
f 8446/8446 5175/5175 8191/8191
f 7304/7304 7826/7826 8447/8447
f 3262/3262 8448/8448 7989/7989
f 2149/2149 2617/2617 7051/7051
f 2839/2839 6551/6551 2840/2840
f 7564/7564 8449/8449 8051/8051
f 1335/1335 7623/7623 6198/6198
f 8450/8450 3155/3155 3154/3154
f 4062/4062 498/498 8066/8066
f 3477/3477 3178/3178 3527/3527
f 8451/8451 8452/8452 6381/6381
f 2043/2043 1106/1106 7257/7257
f 8453/8453 8454/8454 8455/8455
f 8050/8050 8453/8453 2961/2961
f 8456/8456 7795/7795 7418/7418
f 2403/2403 2405/2405 5011/5011
f 7866/7866 8457/8457 8458/8458
f 7967/7967 5855/5855 8459/8459
f 1889/1889 4013/4013 2162/2162
f 8459/8459 7768/7768 8460/8460
f 8461/8461 4019/4019 4021/4021
f 5643/5643 8462/8462 4470/4470
f 8463/8463 439/439 8464/8464
f 8465/8465 6608/6608 8466/8466
f 4207/4207 3016/3016 4276/4276
f 8184/8184 1006/1006 8186/8186
f 4349/4349 2701/2701 2703/2703
f 7149/7149 8467/8467 4541/4541
f 8456/8456 6637/6637 8468/8468
f 3419/3419 4354/4354 4355/4355
f 2263/2263 7669/7669 4352/4352
f 6489/6489 5606/5606 5605/5605
f 8119/8119 7978/7978 8117/8117
f 3073/3073 4119/4119 4120/4120
f 8469/8469 8470/8470 8471/8471
f 8472/8472 8091/8091 7703/7703
f 4913/4913 1152/1152 8473/8473
f 6180/6180 7543/7543 1597/1597
f 8474/8474 8046/8046 1077/1077
f 4688/4688 2717/2717 2716/2716
f 727/727 1788/1788 728/728
f 8083/8083 8058/8058 5093/5093
f 3699/3699 3698/3698 8475/8475
f 6000/6000 6157/6157 8476/8476
f 3976/3976 4060/4060 1020/1020
f 3330/3330 7202/7202 7201/7201
f 8031/8031 5914/5914 7953/7953
f 2971/2971 2337/2337 6704/6704
f 1637/1637 1639/1639 2337/2337
f 1061/1061 2081/2081 2029/2029
f 8477/8477 2340/2340 2339/2339
f 8478/8478 8479/8479 7877/7877
f 8480/8480 8481/8481 8482/8482
f 6176/6176 4436/4436 4027/4027
f 8483/8483 2293/2293 1801/1801
f 8484/8484 6965/6965 8452/8452
f 8485/8485 8486/8486 8487/8487
f 7971/7971 8488/8488 8489/8489
f 3434/3434 7611/7611 5355/5355
f 6410/6410 2296/2296 5553/5553
f 5133/5133 6519/6519 4437/4437
f 2781/2781 2049/2049 4704/4704
f 8490/8490 6384/6384 8491/8491
f 7574/7574 4370/4370 4369/4369
f 3999/3999 7690/7690 4000/4000
f 3782/3782 7244/7244 8492/8492
f 8491/8491 6384/6384 6383/6383
f 4557/4557 8493/8493 8029/8029
f 5913/5913 6937/6937 5914/5914
f 5235/5235 4945/4945 929/929
f 8494/8494 8495/8495 8496/8496
f 2147/2147 2253/2253 8497/8497
f 3310/3310 4347/4347 8498/8498
f 7492/7492 7570/7570 7569/7569
f 5411/5411 8499/8499 5410/5410
f 4500/4500 8500/8500 5411/5411
f 5247/5247 8501/8501 8502/8502
f 6727/6727 4828/4828 6899/6899
f 5356/5356 7359/7359 931/931
f 6231/6231 1891/1891 4574/4574
f 1443/1443 8503/8503 994/994
f 273/273 275/275 4820/4820
f 6743/6743 7105/7105 8169/8169
f 4390/4390 7446/7446 1813/1813
f 5097/5097 8504/8504 7053/7053
f 719/719 6468/6468 1686/1686
f 1920/1920 5089/5089 4074/4074
f 609/609 3282/3282 8505/8505
f 5705/5705 1095/1095 6039/6039
f 184/184 183/183 5784/5784
f 6428/6428 1952/1952 6110/6110
f 5172/5172 8489/8489 2564/2564
f 2171/2171 8506/8506 8292/8292
f 8507/8507 7378/7378 2281/2281
f 604/604 6388/6388 922/922
f 1377/1377 1386/1386 1047/1047
f 4000/4000 8289/8289 2177/2177
f 5506/5506 8508/8508 3562/3562
f 4393/4393 8509/8509 4394/4394
f 8096/8096 4918/4918 7068/7068
f 1407/1407 8510/8510 1405/1405
f 7323/7323 8511/8511 7324/7324
f 8499/8499 451/451 5410/5410
f 2541/2541 1011/1011 1013/1013
f 8397/8397 971/971 4936/4936
f 4316/4316 7843/7843 918/918
f 8512/8512 8513/8513 8514/8514
f 8515/8515 1962/1962 8516/8516
f 8516/8516 8407/8407 8517/8517
f 6104/6104 5394/5394 2183/2183
f 4482/4482 4547/4547 1982/1982
f 8518/8518 920/920 919/919
f 4397/4397 7734/7734 4253/4253
f 4398/4398 4736/4736 4399/4399
f 4873/4873 4964/4964 6512/6512
f 8519/8519 4673/4673 7072/7072
f 8520/8520 5143/5143 8138/8138
f 4524/4524 8521/8521 8522/8522
f 8523/8523 8379/8379 8524/8524
f 7848/7848 7847/7847 8522/8522
f 1402/1402 3790/3790 1595/1595
f 8525/8525 5544/5544 6092/6092
f 6913/6913 8526/8526 6880/6880
f 1425/1425 7894/7894 6352/6352
f 1746/1746 8527/8527 1747/1747
f 5200/5200 8163/8163 4967/4967
f 6085/6085 8528/8528 438/438
f 6447/6447 8529/8529 8528/8528
f 8530/8530 8531/8531 8532/8532
f 4657/4657 8533/8533 186/186
f 8534/8534 7911/7911 8535/8535
f 57/57 3202/3202 58/58
f 123/123 2010/2010 124/124
f 149/149 8536/8536 150/150
f 180/180 1244/1244 181/181
f 198/198 1640/1640 199/199
f 216/216 2084/2084 214/214
f 214/214 2984/2984 215/215
f 8537/8537 8538/8538 228/228
f 228/228 6400/6400 229/229
f 229/229 7448/7448 230/230
f 230/230 8537/8537 228/228
f 292/292 8539/8539 293/293
f 293/293 8540/8540 294/294
f 294/294 8541/8541 292/292
f 313/313 3133/3133 314/314
f 316/316 8542/8542 317/317
f 317/317 4338/4338 318/318
f 395/395 1400/1400 396/396
f 437/437 8543/8543 438/438
f 438/438 8528/8528 439/439
f 439/439 8463/8463 437/437
f 61/61 60/60 557/557
f 559/559 4770/4770 560/560
f 485/485 484/484 568/568
f 601/601 8544/8544 8545/8545
f 8545/8545 8546/8546 602/602
f 602/602 8547/8547 603/603
f 603/603 6271/6271 8548/8548
f 8548/8548 8549/8549 601/601
f 601/601 8545/8545 602/602
f 603/603 8548/8548 601/601
f 624/624 7544/7544 625/625
f 686/686 8550/8550 687/687
f 687/687 7701/7701 688/688
f 688/688 8368/8368 686/686
f 739/739 8551/8551 740/740
f 740/740 8552/8552 8553/8553
f 741/741 2192/2192 739/739
f 740/740 8553/8553 741/741
f 924/924 6199/6199 925/925
f 933/933 568/568 484/484
f 977/977 8265/8265 978/978
f 1011/1011 8554/8554 1012/1012
f 314/314 2106/2106 1044/1044
f 1135/1135 1850/1850 1136/1136
f 1169/1169 1333/1333 1170/1170
f 1196/1196 5737/5737 1197/1197
f 1209/1209 4756/4756 1210/1210
f 1240/1240 8555/8555 1241/1241
f 1268/1268 4934/4934 1269/1269
f 1366/1366 8556/8556 1364/1364
f 1364/1364 8557/8557 8558/8558
f 1365/1365 8559/8559 1366/1366
f 1364/1364 8558/8558 1365/1365
f 1402/1402 1595/1595 1403/1403
f 1463/1463 8560/8560 1461/1461
f 1461/1461 5179/5179 1462/1462
f 1462/1462 5928/5928 1463/1463
f 1470/1470 6632/6632 1471/1471
f 8561/8561 8562/8562 1491/1491
f 1491/1491 8563/8563 1492/1492
f 1492/1492 5042/5042 1493/1493
f 1493/1493 8561/8561 1491/1491
f 1505/1505 1791/1791 1506/1506
f 6632/6632 6948/6948 1568/1568
f 1568/1568 5812/5812 1569/1569
f 1569/1569 5842/5842 1570/1570
f 1570/1570 6632/6632 1568/1568
f 1596/1596 7570/7570 1597/1597
f 1609/1609 7138/7138 7140/7140
f 7140/7140 8564/8564 1610/1610
f 1610/1610 8565/8565 1611/1611
f 1611/1611 2931/2931 1609/1609
f 1609/1609 7140/7140 1610/1610
f 1210/1210 4755/4755 1612/1612
f 1612/1612 2430/2430 1613/1613
f 1613/1613 1211/1211 1210/1210
f 1693/1693 5188/5188 1694/1694
f 1701/1701 4742/4742 8566/8566
f 1699/1699 7192/7192 1700/1700
f 1701/1701 8566/8566 1699/1699
f 1700/1700 6888/6888 1701/1701
f 1722/1722 6475/6475 1720/1720
f 1720/1720 5305/5305 1721/1721
f 8567/8567 8568/8568 1727/1727
f 1727/1727 8569/8569 1728/1728
f 1728/1728 7755/7755 1729/1729
f 1729/1729 8567/8567 1727/1727
f 8570/8570 2171/2171 586/586
f 586/586 587/587 1773/1773
f 1774/1774 8570/8570 586/586
f 1806/1806 8571/8571 1804/1804
f 1804/1804 3325/3325 1805/1805
f 1848/1848 8572/8572 1849/1849
f 1868/1868 7114/7114 1869/1869
f 1899/1899 5136/5136 5135/5135
f 1897/1897 5323/5323 1898/1898
f 1899/1899 5135/5135 1897/1897
f 1898/1898 5580/5580 1899/1899
f 1907/1907 1300/1300 1908/1908
f 1925/1925 5937/5937 1926/1926
f 2006/2006 3089/3089 1937/1937
f 1937/1937 6547/6547 1938/1938
f 1938/1938 5729/5729 5731/5731
f 1939/1939 2006/2006 1937/1937
f 1938/1938 5731/5731 1939/1939
f 1956/1956 5441/5441 1957/1957
f 1963/1963 8573/8573 1964/1964
f 1971/1971 4646/4646 1969/1969
f 1969/1969 8097/8097 1970/1970
f 1986/1986 8574/8574 1987/1987
f 2011/2011 5548/5548 2012/2012
f 2041/2041 6061/6061 2040/2040
f 2040/2040 8575/8575 1807/1807
f 2043/2043 1228/1228 1227/1227
f 1227/1227 1226/1226 2042/2042
f 2042/2042 4931/4931 2043/2043
f 2055/2055 7336/7336 2056/2056
f 2095/2095 1367/1367 1369/1369
f 8576/8576 8577/8577 2109/2109
f 2109/2109 3956/3956 8578/8578
f 2110/2110 8378/8378 2111/2111
f 2109/2109 8578/8578 2110/2110
f 2111/2111 8576/8576 2109/2109
f 2132/2132 4041/4041 2133/2133
f 2154/2154 2161/2161 2155/2155
f 2173/2173 5708/5708 2174/2174
f 2201/2201 6045/6045 2202/2202
f 2260/2260 4867/4867 2258/2258
f 2258/2258 8579/8579 2259/2259
f 2259/2259 7010/7010 2260/2260
f 2273/2273 6478/6478 2274/2274
f 2283/2283 5102/5102 2281/2281
f 2281/2281 7378/7378 2282/2282
f 2353/2353 5375/5375 2351/2351
f 2351/2351 7189/7189 2352/2352
f 2362/2362 5655/5655 2363/2363
f 2367/2367 8580/8580 2368/2368
f 2483/2483 7237/7237 2484/2484
f 2551/2551 8581/8581 2549/2549
f 2549/2549 5206/5206 2550/2550
f 2550/2550 1958/1958 2551/2551
f 2557/2557 2047/2047 2558/2558
f 1196/1196 1198/1198 364/364
f 364/364 8047/8047 2601/2601
f 2601/2601 6711/6711 1196/1196
f 2627/2627 6228/6228 2625/2625
f 2625/2625 8010/8010 2626/2626
f 2639/2639 8582/8582 2637/2637
f 2637/2637 8583/8583 2638/2638
f 2638/2638 8584/8584 2639/2639
f 2651/2651 6886/6886 2652/2652
f 2656/2656 3367/3367 2657/2657
f 2679/2679 6148/6148 2680/2680
f 1455/1455 1457/1457 2718/2718
f 2733/2733 8585/8585 2731/2731
f 2731/2731 7927/7927 2732/2732
f 2732/2732 8586/8586 2733/2733
f 2764/2764 7890/7890 1079/1079
f 5228/5228 4421/4421 2766/2766
f 2766/2766 8587/8587 2767/2767
f 2767/2767 8588/8588 2768/2768
f 2768/2768 5228/5228 2766/2766
f 2785/2785 8589/8589 8590/8590
f 8590/8590 5180/5180 8591/8591
f 8592/8592 8593/8593 2786/2786
f 8590/8590 8591/8591 8592/8592
f 2785/2785 8590/8590 8592/8592
f 2786/2786 8038/8038 8594/8594
f 8594/8594 8595/8595 2784/2784
f 2785/2785 8592/8592 2786/2786
f 2786/2786 8594/8594 2784/2784
f 2787/2787 6061/6061 2788/2788
f 2798/2798 7701/7701 687/687
f 598/598 597/597 1136/1136
f 2358/2358 4558/4558 2825/2825
f 2862/2862 8596/8596 2863/2863
f 2909/2909 6116/6116 2910/2910
f 2925/2925 5242/5242 2926/2926
f 2961/2961 8453/8453 8597/8597
f 2959/2959 4327/4327 2960/2960
f 2961/2961 8597/8597 2959/2959
f 2949/2949 5010/5010 396/396
f 1117/1117 897/897 2630/2630
f 3005/3005 5681/5681 3003/3003
f 3003/3003 8598/8598 3004/3004
f 3004/3004 8599/8599 3005/3005
f 788/788 598/598 2802/2802
f 3090/3090 2919/2919 2918/2918
f 2292/2292 4512/4512 2977/2977
f 3113/3113 3112/3112 3108/3108
f 3108/3108 3145/3145 2292/2292
f 2292/2292 2977/2977 3107/3107
f 3107/3107 3113/3113 3108/3108
f 3120/3120 7351/7351 3037/3037
f 3000/3000 3002/3002 3137/3137
f 1012/1012 7956/7956 3178/3178
f 3179/3179 8600/8600 3180/3180
f 3199/3199 8601/8601 3200/3200
f 3234/3234 566/566 565/565
f 3246/3246 7742/7742 3282/3282
f 3282/3282 609/609 6619/6619
f 3283/3283 8602/8602 3246/3246
f 3282/3282 6619/6619 3283/3283
f 937/937 936/936 3318/3318
f 8603/8603 8604/8604 3323/3323
f 3323/3323 8605/8605 5080/5080
f 3323/3323 5080/5080 3124/3124
f 8606/8606 8603/8603 3323/3323
f 8607/8607 8606/8606 3323/3323
f 3323/3323 3124/3124 3123/3123
f 3123/3123 8608/8608 3324/3324
f 3324/3324 8607/8607 3323/3323
f 3342/3342 8115/8115 3343/3343
f 3349/3349 3822/3822 3350/3350
f 5767/5767 1371/1371 2307/2307
f 2307/2307 2308/2308 8609/8609
f 3392/3392 8610/8610 3393/3393
f 2307/2307 8609/8609 3392/3392
f 3393/3393 5767/5767 2307/2307
f 3420/3420 8415/8415 1963/1963
f 1963/1963 1965/1965 3419/3419
f 3419/3419 4355/4355 3420/3420
f 3481/3481 7605/7605 3482/3482
f 3482/3482 8611/8611 3483/3483
f 3483/3483 8612/8612 3481/3481
f 3486/3486 8613/8613 3484/3484
f 3484/3484 8614/8614 3485/3485
f 3485/3485 7017/7017 3486/3486
f 3505/3505 7647/7647 3506/3506
f 2995/2995 2997/2997 2999/2999
f 3578/3578 6181/6181 3576/3576
f 3576/3576 8615/8615 3577/3577
f 3591/3591 1565/1565 1567/1567
f 3621/3621 7728/7728 3622/3622
f 3711/3711 8616/8616 5928/5928
f 1462/1462 5179/5179 2911/2911
f 3711/3711 5928/5928 1462/1462
f 3769/3769 7973/7973 3770/3770
f 1114/1114 1116/1116 3786/3786
f 927/927 1903/1903 3805/3805
f 3805/3805 261/261 263/263
f 3855/3855 3791/3791 1402/1402
f 2730/2730 2729/2729 3908/3908
f 3820/3820 6136/6136 3936/3936
f 2357/2357 6176/6176 4004/4004
f 4018/4018 8617/8617 4016/4016
f 4016/4016 3070/3070 4017/4017
f 4017/4017 8190/8190 4018/4018
f 4062/4062 6563/6563 4060/4060
f 4060/4060 3976/3976 4061/4061
f 4061/4061 499/499 4062/4062
f 8618/8618 3969/3969 3968/3968
f 3968/3968 7214/7214 4099/4099
f 4100/4100 8618/8618 3968/3968
f 4109/4109 6114/6114 4107/4107
f 4107/4107 5487/5487 4108/4108
f 4210/4210 4660/4660 4208/4208
f 4208/4208 8619/8619 4209/4209
f 4229/4229 5338/5338 2805/2805
f 4245/4245 3895/3895 4246/4246
f 4263/4263 5328/5328 4016/4016
f 4016/4016 8617/8617 4264/4264
f 4264/4264 8620/8620 4263/4263
f 1777/1777 2870/2870 3980/3980
f 3018/3018 3020/3020 3094/3094
f 1777/1777 3980/3980 3018/3018
f 3018/3018 3094/3094 1775/1775
f 4324/4324 2295/2295 4325/4325
f 4332/4332 8621/8621 4333/4333
f 4333/4333 8622/8622 2766/2766
f 2766/2766 4421/4421 4332/4332
f 4340/4340 1649/1649 2560/2560
f 3369/3369 3371/3371 4345/4345
f 4351/4351 982/982 981/981
f 4352/4352 5042/5042 4353/4353
f 918/918 7843/7843 2030/2030
f 4409/4409 8623/8623 4407/4407
f 4407/4407 8624/8624 4408/4408
f 4413/4413 8625/8625 4414/4414
f 3076/3076 3075/3075 4417/4417
f 4419/4419 4206/4206 4188/4188
f 8626/8626 8627/8627 4421/4421
f 4421/4421 5227/5227 4422/4422
f 4422/4422 8628/8628 4423/4423
f 4423/4423 8626/8626 4421/4421
f 956/956 7480/7480 4424/4424
f 4424/4424 888/888 4425/4425
f 4426/4426 7575/7575 4309/4309
f 4429/4429 8629/8629 4427/4427
f 4427/4427 7692/7692 4428/4428
f 1111/1111 5486/5486 4431/4431
f 4431/4431 8630/8630 4432/4432
f 4432/4432 7889/7889 1111/1111
f 2121/2121 2123/2123 4434/4434
f 4434/4434 6094/6094 4435/4435
f 4436/4436 5244/5244 3894/3894
f 4439/4439 7440/7440 8631/8631
f 8631/8631 6598/6598 4437/4437
f 4437/4437 7439/7439 4438/4438
f 4439/4439 8631/8631 4437/4437
f 4440/4440 8632/8632 4441/4441
f 4452/4452 8633/8633 4451/4451
f 4451/4451 8634/8634 1141/1141
f 1141/1141 1140/1140 4452/4452
f 2489/2489 8635/8635 54/54
f 8636/8636 8637/8637 6167/6167
f 8636/8636 6167/6167 2100/2100
f 65/65 4909/4909 8636/8636
f 2102/2102 8638/8638 65/65
f 65/65 8636/8636 2100/2100
f 1727/1727 8568/8568 4467/4467
f 4467/4467 2921/2921 4468/4468
f 4840/4840 4839/4839 4469/4469
f 4469/4469 5643/5643 4470/4470
f 4470/4470 2181/2181 2180/2180
f 2180/2180 4840/4840 4469/4469
f 272/272 8639/8639 4476/4476
f 4476/4476 5076/5076 4477/4477
f 4477/4477 8075/8075 272/272
f 4478/4478 8640/8640 4479/4479
f 544/544 3202/3202 2577/2577
f 2577/2577 6095/6095 1328/1328
f 1328/1328 545/545 544/544
f 4481/4481 4547/4547 4482/4482
f 4487/4487 4488/4488 1247/1247
f 1247/1247 1246/1246 4486/4486
f 2873/2873 5282/5282 4488/4488
f 5816/5816 8641/8641 4492/4492
f 4492/4492 6249/6249 4493/4493
f 4494/4494 5816/5816 4492/4492
f 4933/4933 7501/7501 7502/7502
f 7502/7502 4932/4932 3939/3939
f 3939/3939 3938/3938 6548/6548
f 4495/4495 6547/6547 1937/1937
f 3939/3939 6548/6548 4495/4495
f 4497/4497 4933/4933 7502/7502
f 7502/7502 3939/3939 4495/4495
f 4495/4495 1937/1937 8642/8642
f 4495/4495 8642/8642 8643/8643
f 4497/4497 7502/7502 4495/4495
f 4496/4496 8644/8644 4497/4497
f 4495/4495 8643/8643 4496/4496
f 7539/7539 8048/8048 4498/4498
f 4498/4498 8240/8240 4499/4499
f 4499/4499 8500/8500 4500/4500
f 4500/4500 7539/7539 4498/4498
f 2765/2765 4502/4502 4501/4501
f 2765/2765 1079/1079 3536/3536
f 4503/4503 6411/6411 3120/3120
f 4506/4506 6849/6849 6850/6850
f 4504/4504 8645/8645 4505/4505
f 4506/4506 6850/6850 4504/4504
f 4505/4505 4719/4719 4506/4506
f 4507/4507 5812/5812 4508/4508
f 4444/4444 7746/7746 3258/3258
f 8646/8646 4790/4790 4521/4521
f 4521/4521 4520/4520 4524/4524
f 4524/4524 8647/8647 4523/4523
f 4523/4523 8646/8646 4521/4521
f 4525/4525 4420/4420 4187/4187
f 4187/4187 3019/3019 4029/4029
f 4029/4029 2869/2869 4525/4525
f 4526/4526 1009/1009 1008/1008
f 1755/1755 5785/5785 4528/4528
f 4529/4529 8648/8648 4530/4530
f 6481/6481 5551/5551 4824/4824
f 4824/4824 4836/4836 6684/6684
f 4534/4534 6301/6301 2625/2625
f 4824/4824 6684/6684 4534/4534
f 8649/8649 6481/6481 4824/4824
f 4536/4536 4532/4532 8649/8649
f 7607/7607 5699/5699 4536/4536
f 2625/2625 6228/6228 4535/4535
f 4535/4535 7607/7607 4536/4536
f 4536/4536 8649/8649 4824/4824
f 4534/4534 2625/2625 4535/4535
f 4536/4536 4824/4824 4534/4534
f 2909/2909 5178/5178 4537/4537
f 4537/4537 4607/4607 4538/4538
f 4539/4539 2909/2909 4537/4537
f 3578/3578 3577/3577 4542/4542
f 4546/4546 6080/6080 4544/4544
f 4544/4544 554/554 5342/5342
f 4545/4545 8650/8650 4546/4546
f 4544/4544 5342/5342 4545/4545
f 4549/4549 6788/6788 4550/4550
f 4553/4553 5696/5696 5185/5185
f 5185/5185 5184/5184 4552/4552
f 4552/4552 5187/5187 2055/2055
f 2055/2055 2057/2057 4553/4553
f 4553/4553 5185/5185 4552/4552
f 4555/4555 1106/1106 1105/1105
f 4486/4486 1246/1246 1189/1189
f 3327/3327 8651/8651 4566/4566
f 4566/4566 7166/7166 1069/1069
f 4567/4567 2602/2602 4568/4568
f 4572/4572 895/895 4573/4573
f 3258/3258 8652/8652 4575/4575
f 3119/3119 5224/5224 2919/2919
f 6129/6129 8653/8653 4578/4578
f 4578/4578 8654/8654 4579/4579
f 4579/4579 5387/5387 3557/3557
f 4580/4580 6129/6129 4578/4578
f 4579/4579 3557/3557 4580/4580
f 4581/4581 6071/6071 4582/4582
f 4586/4586 8655/8655 4584/4584
f 4584/4584 8656/8656 8657/8657
f 4585/4585 8658/8658 4586/4586
f 4584/4584 8657/8657 4585/4585
f 4592/4592 6235/6235 4590/4590
f 4590/4590 5530/5530 4591/4591
f 4593/4593 4965/4965 4594/4594
f 4271/4271 4270/4270 4602/4602
f 4603/4603 8659/8659 4271/4271
f 4604/4604 8660/8660 4605/4605
f 4607/4607 4537/4537 4608/4608
f 2894/2894 1400/1400 395/395
f 395/395 8661/8661 4610/4610
f 4610/4610 8662/8662 4611/4611
f 4611/4611 7201/7201 7200/7200
f 2894/2894 395/395 4610/4610
f 4611/4611 7200/7200 2894/2894
f 54/54 8663/8663 4614/4614
f 4622/4622 8238/8238 4623/4623
f 8664/8664 8665/8665 8666/8666
f 4628/4628 8667/8667 8664/8664
f 8668/8668 8669/8669 4628/4628
f 219/219 8670/8670 8668/8668
f 8671/8671 220/220 219/219
f 4627/4627 8671/8671 219/219
f 219/219 8668/8668 4628/4628
f 4628/4628 8664/8664 8666/8666
f 4628/4628 8666/8666 8672/8672
f 4627/4627 219/219 4628/4628
f 4628/4628 8672/8672 4626/4626
f 4629/4629 8673/8673 4630/4630
f 4632/4632 5908/5908 4396/4396
f 4636/4636 7706/7706 1835/1835
f 1835/1835 1834/1834 8674/8674
f 8674/8674 8675/8675 4637/4637
f 4637/4637 254/254 253/253
f 311/311 312/312 4638/4638
f 4637/4637 253/253 311/311
f 1835/1835 8674/8674 4637/4637
f 4638/4638 2719/2719 4636/4636
f 4636/4636 1835/1835 4637/4637
f 4637/4637 311/311 4638/4638
f 4645/4645 1969/1969 4646/4646
f 4648/4648 5358/5358 4649/4649
f 4645/4645 7910/7910 8676/8676
f 4645/4645 8676/8676 4651/4651
f 8677/8677 340/340 4645/4645
f 6666/6666 8678/8678 8677/8677
f 4077/4077 4076/4076 6666/6666
f 4653/4653 8175/8175 8679/8679
f 4077/4077 6666/6666 8677/8677
f 8679/8679 4077/4077 8677/8677
f 8677/8677 4645/4645 4651/4651
f 4652/4652 5435/5435 7578/7578
f 8679/8679 8677/8677 4651/4651
f 4652/4652 7578/7578 4653/4653
f 4653/4653 8679/8679 4651/4651
f 2276/2276 260/260 4655/4655
f 4655/4655 3839/3839 3838/3838
f 3838/3838 4697/4697 2276/2276
f 4656/4656 8680/8680 4657/4657
f 4661/4661 6203/6203 4659/4659
f 4659/4659 8681/8681 4660/4660
f 4660/4660 4210/4210 4661/4661
f 1454/1454 5531/5531 4666/4666
f 8682/8682 8683/8683 4672/4672
f 4672/4672 8684/8684 4673/4673
f 4673/4673 5575/5575 4671/4671
f 4671/4671 8682/8682 4672/4672
f 4676/4676 8685/8685 4674/4674
f 4674/4674 8686/8686 4675/4675
f 2898/2898 2900/2900 4677/4677
f 4680/4680 7750/7750 4681/4681
f 4686/4686 4568/4568 1984/1984
f 4691/4691 8079/8079 2407/2407
f 2407/2407 8687/8687 4690/4690
f 4692/4692 3248/3248 4693/4693
f 4693/4693 6893/6893 4694/4694
f 4694/4694 5297/5297 4692/4692
f 8688/8688 8689/8689 8690/8690
f 8688/8688 8690/8690 8691/8691
f 2715/2715 8692/8692 8688/8688
f 8693/8693 2716/2716 2715/2715
f 4703/4703 8694/8694 8693/8693
f 8541/8541 294/294 4703/4703
f 8695/8695 8696/8696 8697/8697
f 8697/8697 8541/8541 4703/4703
f 4703/4703 8693/8693 2715/2715
f 2715/2715 8688/8688 8691/8691
f 4703/4703 2715/2715 8691/8691
f 8695/8695 8697/8697 4703/4703
f 4702/4702 8695/8695 4703/4703
f 4703/4703 8691/8691 4701/4701
f 4705/4705 8698/8698 4704/4704
f 4704/4704 2423/2423 2422/2422
f 4706/4706 8699/8699 4707/4707
f 4708/4708 8700/8700 4706/4706
f 1820/1820 1959/1959 3814/3814
f 4374/4374 4373/4373 4714/4714
f 4714/4714 7286/7286 4715/4715
f 4716/4716 7304/7304 4717/4717
f 4720/4720 1527/1527 4721/4721
f 2540/2540 2539/2539 583/583
f 583/583 585/585 4724/4724
f 4725/4725 6664/6664 4726/4726
f 1809/1809 1808/1808 4730/4730
f 8701/8701 7229/7229 2872/2872
f 2872/2872 5242/5242 2925/2925
f 2925/2925 5964/5964 4732/4732
f 4732/4732 8701/8701 2872/2872
f 4735/4735 5118/5118 4733/4733
f 4734/4734 8702/8702 4735/4735
f 5911/5911 3673/3673 3674/3674
f 3674/3674 8703/8703 4736/4736
f 4737/4737 5911/5911 3674/3674
f 887/887 6549/6549 4739/4739
f 4739/4739 1184/1184 1144/1144
f 4743/4743 4736/4736 8703/8703
f 4743/4743 8703/8703 2675/2675
f 2674/2674 3498/3498 4743/4743
f 2192/2192 741/741 3758/3758
f 3758/3758 3757/3757 2190/2190
f 4744/4744 5427/5427 4745/4745
f 4747/4747 6994/6994 4748/4748
f 4750/4750 8399/8399 4751/4751
f 4755/4755 1210/1210 4756/4756
f 372/372 4957/4957 4757/4757
f 4757/4757 4764/4764 373/373
f 807/807 885/885 887/887
f 4760/4760 8704/8704 4758/4758
f 4758/4758 8705/8705 4759/4759
f 4759/4759 7381/7381 4760/4760
f 4761/4761 5782/5782 4762/4762
f 371/371 373/373 4764/4764
f 4764/4764 2914/2914 4306/4306
f 4306/4306 4305/4305 371/371
f 4765/4765 6446/6446 4766/4766
f 4768/4768 4520/4520 4519/4519
f 4779/4779 8706/8706 4780/4780
f 4782/4782 8707/8707 3257/3257
f 716/716 715/715 4783/4783
f 4782/4782 3257/3257 716/716
f 4788/4788 5147/5147 4786/4786
f 4786/4786 1753/1753 4787/4787
f 4789/4789 4521/4521 4790/4790
f 3647/3647 4772/4772 2934/2934
f 2934/2934 3602/3602 3648/3648
f 3322/3322 7730/7730 4792/4792
f 4794/4794 7155/7155 3395/3395
f 4798/4798 2281/2281 4799/4799
f 4810/4810 3117/3117 3119/3119
f 2417/2417 1551/1551 92/92
f 4812/4812 5393/5393 4813/4813
f 4813/4813 931/931 4814/4814
f 4814/4814 6450/6450 4812/4812
f 55/55 4614/4614 26/26
f 26/26 25/25 4815/4815
f 91/91 55/55 26/26
f 4816/4816 5008/5008 4817/4817
f 4466/4466 1289/1289 4820/4820
f 75/75 77/77 2050/2050
f 4823/4823 4836/4836 4824/4824
f 4827/4827 8708/8708 2422/2422
f 2422/2422 2424/2424 4826/4826
f 4835/4835 2382/2382 2982/2982
f 1542/1542 6062/6062 4841/4841
f 4843/4843 8709/8709 4844/4844
f 4847/4847 7003/7003 4848/4848
f 5790/5790 4845/4845 4844/4844
f 4844/4844 8710/8710 1199/1199
f 1199/1199 1201/1201 4849/4849
f 4849/4849 5790/5790 4844/4844
f 4850/4850 8711/8711 4851/4851
f 4854/4854 4705/4705 2422/2422
f 2422/2422 8708/8708 4853/4853
f 2967/2967 8712/8712 8713/8713
f 8713/8713 8164/8164 4858/4858
f 4858/4858 5768/5768 2930/2930
f 2967/2967 8713/8713 4858/4858
f 4859/4859 7359/7359 4860/4860
f 2260/2260 7368/7368 4866/4866
f 4876/4876 8323/8323 4874/4874
f 4874/4874 6267/6267 4875/4875
f 4877/4877 8714/8714 2970/2970
f 4883/4883 1684/1684 1815/1815
f 4884/4884 1762/1762 1761/1761
f 2121/2121 4435/4435 2364/2364
f 4915/4915 4914/4914 2504/2504
f 2504/2504 7111/7111 7110/7110
f 7110/7110 7726/7726 6844/6844
f 6844/6844 2628/2628 1830/1830
f 1830/1830 1276/1276 737/737
f 737/737 1785/1785 2141/2141
f 737/737 2141/2141 3903/3903
f 6844/6844 1830/1830 737/737
f 2504/2504 7110/7110 6844/6844
f 8715/8715 4915/4915 2504/2504
f 8716/8716 8715/8715 2504/2504
f 2504/2504 6844/6844 737/737
f 737/737 3903/3903 2127/2127
f 737/737 2127/2127 6815/6815
f 4886/4886 8716/8716 2504/2504
f 737/737 6815/6815 4886/4886
f 4887/4887 715/715 714/714
f 4889/4889 3700/3700 4679/4679
f 4896/4896 8717/8717 4897/4897
f 4906/4906 5104/5104 4904/4904
f 4904/4904 5163/5163 4905/4905
f 4909/4909 8718/8718 4907/4907
f 4907/4907 8719/8719 4908/4908
f 4908/4908 8636/8636 4909/4909
f 511/511 510/510 127/127
f 4513/4513 5284/5284 4911/4911
f 1759/1759 4131/4131 2018/2018
f 2018/2018 6568/6568 4912/4912
f 4912/4912 2098/2098 1759/1759
f 2430/2430 2429/2429 4917/4917
f 4917/4917 8720/8720 1613/1613
f 1927/1927 264/264 4918/4918
f 4918/4918 8096/8096 4919/4919
f 4919/4919 1925/1925 1927/1927
f 4920/4920 4118/4118 4921/4921
f 5231/5231 7954/7954 3562/3562
f 3562/3562 6807/6807 4924/4924
f 4924/4924 5095/5095 4925/4925
f 4925/4925 5231/5231 3562/3562
f 2873/2873 1107/1107 4931/4931
f 4933/4933 8091/8091 8721/8721
f 8722/8722 6/6 5/5
f 4933/4933 8721/8721 8722/8722
f 4932/4932 7501/7501 4933/4933
f 5/5 3939/3939 4932/4932
f 4933/4933 8722/8722 5/5
f 2985/2985 7243/7243 4934/4934
f 4941/4941 8723/8723 5477/5477
f 5477/5477 8724/8724 4939/4939
f 4939/4939 8725/8725 4940/4940
f 4940/4940 8726/8726 4941/4941
f 4941/4941 5477/5477 4939/4939
f 4942/4942 1009/1009 4526/4526
f 4944/4944 1668/1668 4945/4945
f 4955/4955 8630/8630 4431/4431
f 4957/4957 372/372 4273/4273
f 4273/4273 4377/4377 4376/4376
f 4376/4376 8727/8727 4957/4957
f 4958/4958 1337/1337 1336/1336
f 4960/4960 8728/8728 4961/4961
f 4593/4593 6570/6570 4964/4964
f 4964/4964 4872/4872 4965/4965
f 4966/4966 5200/5200 4967/4967
f 4825/4825 4824/4824 1780/1780
f 1907/1907 6053/6053 4970/4970
f 4976/4976 4587/4587 4977/4977
f 4977/4977 8729/8729 4978/4978
f 4979/4979 395/395 397/397
f 4982/4982 4466/4466 4821/4821
f 4986/4986 3127/3127 4987/4987
f 2812/2812 729/729 2028/2028
f 3002/3002 3347/3347 1771/1771
f 1771/1771 1770/1770 3137/3137
f 4989/4989 2563/2563 2562/2562
f 8730/8730 7632/7632 4991/4991
f 4991/4991 4831/4831 7566/7566
f 7566/7566 7567/7567 4992/4992
f 4992/4992 8731/8731 8732/8732
f 8732/8732 8733/8733 4993/4993
f 4993/4993 8730/8730 4991/4991
f 4991/4991 7566/7566 4992/4992
f 4992/4992 8732/8732 4993/4993
f 4994/4994 6870/6870 4995/4995
f 5000/5000 8734/8734 4998/4998
f 4998/4998 7445/7445 4999/4999
f 5004/5004 8735/8735 5002/5002
f 5002/5002 8736/8736 5003/5003
f 5003/5003 8737/8737 5004/5004
f 5024/5024 2029/2029 2971/2971
f 5029/5029 7151/7151 3190/3190
f 3190/3190 3856/3856 5028/5028
f 2459/2459 1485/1485 5030/5030
f 5030/5030 7171/7171 5031/5031
f 8738/8738 8210/8210 5032/5032
f 5032/5032 6383/6383 5033/5033
f 5033/5033 8739/8739 5034/5034
f 5034/5034 8738/8738 5032/5032
f 521/521 595/595 532/532
f 532/532 534/534 5036/5036
f 3092/3092 1862/1862 5040/5040
f 5051/5051 8740/8740 2682/2682
f 8741/8741 8742/8742 3095/3095
f 2333/2333 2332/2332 5052/5052
f 5053/5053 8741/8741 3095/3095
f 3095/3095 2333/2333 5052/5052
f 5054/5054 6094/6094 5055/5055
f 5064/5064 7655/7655 5065/5065
f 4476/4476 8743/8743 5067/5067
f 1153/1153 5737/5737 5079/5079
f 5079/5079 2659/2659 1154/1154
f 5080/5080 8605/8605 5081/5081
f 4731/4731 4730/4730 5083/5083
f 3868/3868 2091/2091 5089/5089
f 5092/5092 8083/8083 5093/5093
f 5097/5097 4925/4925 5095/5095
f 5095/5095 7147/7147 5096/5096
f 5096/5096 8392/8392 5097/5097
f 5647/5647 5588/5588 8744/8744
f 5647/5647 8744/8744 8745/8745
f 8746/8746 6483/6483 5098/5098
f 5098/5098 5647/5647 8745/8745
f 8747/8747 8748/8748 5099/5099
f 5098/5098 8745/8745 8747/8747
f 5100/5100 8746/8746 5098/5098
f 5099/5099 8749/8749 5100/5100
f 5098/5098 8747/8747 5099/5099
f 5101/5101 5588/5588 4799/4799
f 4799/4799 2281/2281 5102/5102
f 5102/5102 8750/8750 5101/5101
f 4906/4906 2465/2465 5103/5103
f 5105/5105 5697/5697 5106/5106
f 5111/5111 6714/6714 5112/5112
f 5114/5114 8751/8751 5115/5115
f 4735/4735 1344/1344 5117/5117
f 5119/5119 8752/8752 4889/4889
f 4723/4723 5058/5058 4398/4398
f 4398/4398 4397/4397 4253/4253
f 1292/1292 1102/1102 5121/5121
f 5121/5121 2551/2551 1958/1958
f 2031/2031 2030/2030 5122/5122
f 5126/5126 8753/8753 715/715
f 5128/5128 8754/8754 5127/5127
f 5127/5127 1848/1848 1850/1850
f 2298/2298 7748/7748 5129/5129
f 5133/5133 8755/8755 5131/5131
f 5131/5131 8756/8756 5132/5132
f 5132/5132 8757/8757 5133/5133
f 5138/5138 1742/1742 1744/1744
f 5142/5142 6717/6717 5140/5140
f 5140/5140 8758/8758 5141/5141
f 5143/5143 7949/7949 5144/5144
f 1453/1453 576/576 5149/5149
f 5151/5151 2922/2922 5152/5152
f 1814/1814 7446/7446 5153/5153
f 2521/2521 2492/2492 2524/2524
f 5157/5157 7487/7487 5155/5155
f 5155/5155 8759/8759 5156/5156
f 5162/5162 2692/2692 2691/2691
f 2691/2691 5422/5422 5161/5161
f 5163/5163 4904/4904 5164/5164
f 2304/2304 6185/6185 5172/5172
f 5172/5172 2564/2564 2566/2566
f 5173/5173 5226/5226 5069/5069
f 4854/4854 8760/8760 5174/5174
f 5175/5175 8446/8446 5176/5176
f 2729/2729 4486/4486 4556/4556
f 2329/2329 6041/6041 4116/4116
f 4116/4116 8147/8147 2330/2330
f 5180/5180 8590/8590 5181/5181
f 928/928 927/927 263/263
f 1687/1687 2444/2444 718/718
f 1635/1635 8761/8761 5982/5982
f 1687/1687 718/718 1635/1635
f 5192/5192 1688/1688 1687/1687
f 1635/1635 5982/5982 5192/5192
f 5193/5193 6073/6073 5194/5194
f 8758/8758 8762/8762 5196/5196
f 5196/5196 8560/8560 5142/5142
f 5141/5141 8758/8758 5196/5196
f 3884/3884 4173/4173 4172/4172
f 5197/5197 8083/8083 5092/5092
f 5201/5201 7312/7312 5202/5202
f 5142/5142 8560/8560 1463/1463
f 5748/5748 8393/8393 5636/5636
f 8763/8763 8133/8133 8134/8134
f 5748/5748 5636/5636 8763/8763
f 7616/7616 5748/5748 8763/8763
f 8134/8134 5458/5458 5457/5457
f 7616/7616 8763/8763 8134/8134
f 7813/7813 7616/7616 8134/8134
f 8134/8134 5457/5457 5209/5209
f 5209/5209 8764/8764 8765/8765
f 8765/8765 8766/8766 8767/8767
f 8767/8767 8768/8768 8769/8769
f 5577/5577 2311/2311 5912/5912
f 5577/5577 5912/5912 8770/8770
f 8765/8765 8767/8767 8769/8769
f 8769/8769 5577/5577 8770/8770
f 5210/5210 422/422 5661/5661
f 8769/8769 8770/8770 5210/5210
f 5209/5209 8765/8765 8769/8769
f 7813/7813 8134/8134 5209/5209
f 5210/5210 5661/5661 5211/5211
f 5211/5211 7813/7813 5209/5209
f 5209/5209 8769/8769 5210/5210
f 2179/2179 8771/8771 5212/5212
f 5212/5212 4840/4840 2180/2180
f 8772/8772 8773/8773 5213/5213
f 5213/5213 8774/8774 5214/5214
f 5214/5214 7612/7612 5215/5215
f 5215/5215 8772/8772 5213/5213
f 5218/5218 5483/5483 5216/5216
f 5216/5216 8775/8775 5217/5217
f 5220/5220 8776/8776 5219/5219
f 5219/5219 8392/8392 5096/5096
f 2377/2377 2378/2378 2264/2264
f 5070/5070 5069/5069 5044/5044
f 5223/5223 2919/2919 5224/5224
f 5229/5229 8321/8321 4793/4793
f 2461/2461 1275/1275 1274/1274
f 5233/5233 8777/8777 3659/3659
f 929/929 5191/5191 5234/5234
f 5236/5236 8778/8778 5237/5237
f 5238/5238 8779/8779 5236/5236
f 5239/5239 8780/8780 4557/4557
f 5241/5241 8781/8781 2759/2759
f 2759/2759 8782/8782 5240/5240
f 5242/5242 5227/5227 5228/5228
f 5228/5228 6594/6594 2926/2926
f 5243/5243 4721/4721 1527/1527
f 5247/5247 8502/8502 5248/5248
f 5250/5250 5257/5257 5251/5251
f 7267/7267 4857/4857 6069/6069
f 7267/7267 6069/6069 5254/5254
f 5255/5255 2961/2961 5256/5256
f 5256/5256 7267/7267 5254/5254
f 5259/5259 8783/8783 5260/5260
f 2046/2046 8784/8784 5262/5262
f 5262/5262 7333/7333 5263/5263
f 5263/5263 2044/2044 2046/2046
f 3437/3437 3439/3439 5264/5264
f 5264/5264 8785/8785 5265/5265
f 5268/5268 2799/2799 687/687
f 5266/5266 3621/3621 5267/5267
f 5268/5268 687/687 5266/5266
f 5271/5271 8786/8786 5269/5269
f 5269/5269 8787/8787 5270/5270
f 5270/5270 8518/8518 5271/5271
f 5272/5272 6498/6498 5273/5273
f 275/275 42/42 4821/4821
f 5205/5205 1956/1956 1958/1958
f 1958/1958 2550/2550 5206/5206
f 5276/5276 1691/1691 1690/1690
f 1624/1624 6311/6311 4465/4465
f 561/561 560/560 5279/5279
f 3125/3125 3127/3127 4986/4986
f 5283/5283 7634/7634 1247/1247
f 5282/5282 2875/2875 2647/2647
f 5283/5283 1247/1247 5282/5282
f 2647/2647 8788/8788 5283/5283
f 4468/4468 2921/2921 4911/4911
f 5285/5285 8789/8789 5286/5286
f 5288/5288 8437/8437 8790/8790
f 5289/5289 8791/8791 8792/8792
f 5288/5288 8790/8790 5289/5289
f 5290/5290 8435/8435 5288/5288
f 5289/5289 8792/8792 5290/5290
f 5291/5291 6033/6033 1565/1565
f 1241/1241 6016/6016 5292/5292
f 5297/5297 5529/5529 934/934
f 934/934 3248/3248 4692/4692
f 5299/5299 5861/5861 229/229
f 229/229 6399/6399 5298/5298
f 5093/5093 5671/5671 5301/5301
f 5302/5302 4997/4997 902/902
f 5315/5315 4556/4556 1189/1189
f 5318/5318 4136/4136 4135/4135
f 5317/5317 5918/5918 5318/5318
f 2382/2382 2384/2384 5320/5320
f 5321/5321 4655/4655 260/260
f 4353/4353 5042/5042 1492/1492
f 1492/1492 8793/8793 5327/5327
f 5327/5327 2263/2263 4353/4353
f 5058/5058 6661/6661 4553/4553
f 4553/4553 2057/2057 2056/2056
f 2056/2056 6560/6560 4398/4398
f 4398/4398 5058/5058 4553/4553
f 5328/5328 8794/8794 5329/5329
f 282/282 1100/1100 5330/5330
f 5330/5330 8735/8735 5004/5004
f 5004/5004 281/281 282/282
f 5333/5333 7866/7866 5331/5331
f 5331/5331 8795/8795 5332/5332
f 5338/5338 8796/8796 5337/5337
f 5337/5337 2803/2803 2805/2805
f 1116/1116 6318/6318 5339/5339
f 3891/3891 3893/3893 3996/3996
f 4538/4538 4607/4607 5343/5343
f 5343/5343 8797/8797 5344/5344
f 2041/2041 1807/1807 1809/1809
f 1809/1809 6793/6793 5354/5354
f 5357/5357 8798/8798 5355/5355
f 5355/5355 7611/7611 5356/5356
f 5359/5359 3010/3010 3009/3009
f 3009/3009 8799/8799 1842/1842
f 1842/1842 5358/5358 4648/4648
f 4648/4648 8800/8800 5359/5359
f 3009/3009 1842/1842 4648/4648
f 28/28 3361/3361 5361/5361
f 5361/5361 8801/8801 5362/5362
f 5362/5362 8802/8802 8803/8803
f 5363/5363 8804/8804 28/28
f 5362/5362 8803/8803 5363/5363
f 5363/5363 28/28 5361/5361
f 5372/5372 5546/5546 4722/4722
f 4268/4268 6939/6939 5373/5373
f 5377/5377 8805/8805 5378/5378
f 4601/4601 6296/6296 5385/5385
f 5387/5387 7878/7878 5388/5388
f 5390/5390 5595/5595 5391/5391
f 615/615 614/614 5395/5395
f 4402/4402 4404/4404 577/577
f 5399/5399 497/497 499/499
f 1715/1715 1717/1717 3141/3141
f 3143/3143 6438/6438 6653/6653
f 1715/1715 3141/3141 3143/3143
f 5406/5406 8806/8806 1715/1715
f 3143/3143 6653/6653 5406/5406
f 5407/5407 8807/8807 5408/5408
f 5410/5410 7539/7539 4500/4500
f 5412/5412 8503/8503 1443/1443
f 4732/4732 5964/5964 5417/5417
f 5417/5417 2811/2811 5418/5418
f 382/382 7644/7644 5353/5353
f 5419/5419 5114/5114 1009/1009
f 7455/7455 2136/2136 2788/2788
f 2788/2788 8808/8808 5420/5420
f 5421/5421 7455/7455 2788/2788
f 5423/5423 884/884 4008/4008
f 4008/4008 5161/5161 5422/5422
f 2910/2910 6251/6251 5426/5426
f 5426/5426 3711/3711 2911/2911
f 5430/5430 2169/2169 5431/5431
f 5435/5435 4652/4652 4651/4651
f 8809/8809 7276/7276 5433/5433
f 5435/5435 4651/4651 8809/8809
f 5434/5434 6588/6588 5435/5435
f 5433/5433 7277/7277 5434/5434
f 5435/5435 8809/8809 5433/5433
f 5439/5439 5234/5234 5191/5191
f 5191/5191 7103/7103 5438/5438
f 5444/5444 8810/8810 5442/5442
f 5442/5442 6490/6490 5443/5443
f 5445/5445 5766/5766 5446/5446
f 2073/2073 6857/6857 5448/5448
f 8811/8811 8812/8812 2112/2112
f 2112/2112 2114/2114 5404/5404
f 5404/5404 8813/8813 8814/8814
f 5450/5450 8811/8811 2112/2112
f 5404/5404 8814/8814 5450/5450
f 5452/5452 7500/7500 1053/1053
f 5453/5453 131/131 130/130
f 5455/5455 4298/4298 4275/4275
f 5340/5340 5407/5407 5409/5409
f 4862/4862 8815/8815 5457/5457
f 5458/5458 5037/5037 1527/1527
f 1529/1529 4862/4862 5457/5457
f 5458/5458 1527/1527 1529/1529
f 5459/5459 8287/8287 5460/5460
f 5462/5462 8019/8019 5460/5460
f 5464/5464 1795/1795 5465/5465
f 3521/3521 3520/3520 5467/5467
f 8816/8816 8817/8817 5471/5471
f 5471/5471 8818/8818 5472/5472
f 5472/5472 7234/7234 8819/8819
f 5470/5470 8816/8816 5471/5471
f 5472/5472 8819/8819 5470/5470
f 3772/3772 6088/6088 1625/1625
f 1625/1625 5518/5518 3348/3348
f 5476/5476 5993/5993 1721/1721
f 1721/1721 5305/5305 5307/5307
f 5479/5479 8724/8724 5477/5477
f 5477/5477 8723/8723 5478/5478
f 5482/5482 6612/6612 5480/5480
f 5480/5480 5903/5903 5481/5481
f 635/635 3557/3557 77/77
f 5487/5487 4107/4107 5486/5486
f 5486/5486 1111/1111 1113/1113
f 1113/1113 7659/7659 5487/5487
f 1308/1308 8820/8820 5488/5488
f 5488/5488 1419/1419 1421/1421
f 1292/1292 1958/1958 1957/1957
f 5489/5489 8821/8821 5490/5490
f 5504/5504 7821/7821 5505/5505
f 6258/6258 8260/8260 5507/5507
f 5507/5507 8822/8822 8823/8823
f 8823/8823 8824/8824 5508/5508
f 5508/5508 7262/7262 5509/5509
f 5509/5509 6258/6258 5507/5507
f 5507/5507 8823/8823 5508/5508
f 8825/8825 8826/8826 8827/8827
f 8827/8827 8828/8828 8829/8829
f 8829/8829 8830/8830 8831/8831
f 8831/8831 8832/8832 8833/8833
f 8833/8833 8834/8834 8835/8835
f 8835/8835 8836/8836 8837/8837
f 8837/8837 8838/8838 8839/8839
f 8839/8839 8840/8840 8841/8841
f 8841/8841 8842/8842 8843/8843
f 8843/8843 8844/8844 6699/6699
f 5510/5510 8845/8845 8846/8846
f 8843/8843 6699/6699 5510/5510
f 8839/8839 8841/8841 8843/8843
f 8835/8835 8837/8837 8839/8839
f 8831/8831 8833/8833 8835/8835
f 8827/8827 8829/8829 8831/8831
f 3798/3798 8825/8825 8827/8827
f 8847/8847 3796/3796 3798/3798
f 7944/7944 8848/8848 8847/8847
f 8849/8849 7942/7942 7944/7944
f 3400/3400 3402/3402 8849/8849
f 5570/5570 4833/4833 3400/3400
f 8850/8850 5571/5571 5570/5570
f 8851/8851 8852/8852 8850/8850
f 8853/8853 8854/8854 8855/8855
f 8856/8856 8857/8857 8853/8853
f 8858/8858 8859/8859 8856/8856
f 5511/5511 8860/8860 8858/8858
f 8861/8861 8862/8862 5511/5511
f 8863/8863 8864/8864 8861/8861
f 8865/8865 8866/8866 8863/8863
f 8867/8867 8868/8868 8865/8865
f 8869/8869 8870/8870 8867/8867
f 8871/8871 8872/8872 8869/8869
f 5510/5510 8846/8846 8871/8871
f 8839/8839 8843/8843 5510/5510
f 8831/8831 8835/8835 8839/8839
f 3798/3798 8827/8827 8831/8831
f 7944/7944 8847/8847 3798/3798
f 3400/3400 8849/8849 7944/7944
f 8850/8850 5570/5570 3400/3400
f 8855/8855 8851/8851 8850/8850
f 8856/8856 8853/8853 8855/8855
f 5511/5511 8858/8858 8856/8856
f 8863/8863 8861/8861 5511/5511
f 8867/8867 8865/8865 8863/8863
f 8871/8871 8869/8869 8867/8867
f 8831/8831 8839/8839 5510/5510
f 5510/5510 8871/8871 8867/8867
f 8867/8867 8863/8863 5511/5511
f 5511/5511 8856/8856 8855/8855
f 8855/8855 8850/8850 3400/3400
f 3400/3400 7944/7944 3798/3798
f 3798/3798 8831/8831 5510/5510
f 5510/5510 8867/8867 5511/5511
f 5511/5511 8855/8855 3400/3400
f 3400/3400 3798/3798 5510/5510
f 4412/4412 8873/8873 5512/5512
f 5516/5516 8874/8874 4379/4379
f 4379/4379 6478/6478 2273/2273
f 5517/5517 1771/1771 3347/3347
f 5528/5528 5525/5525 5527/5527
f 5527/5527 8875/8875 1368/1368
f 4591/4591 8876/8876 2786/2786
f 2786/2786 5959/5959 4592/4592
f 4490/4490 4489/4489 933/933
f 933/933 934/934 5529/5529
f 555/555 4544/4544 5530/5530
f 541/541 8877/8877 5532/5532
f 5532/5532 8057/8057 5533/5533
f 5533/5533 2744/2744 541/541
f 5045/5045 3294/3294 4501/4501
f 5536/5536 1768/1768 5045/5045
f 4556/4556 5315/5315 5537/5537
f 5538/5538 4306/4306 2914/2914
f 5540/5540 5482/5482 5481/5481
f 5542/5542 7907/7907 5543/5543
f 5543/5543 6336/6336 5544/5544
f 5551/5551 6481/6481 4962/4962
f 4962/4962 4961/4961 5550/5550
f 2296/2296 2920/2920 5552/5552
f 3557/3557 6223/6223 5554/5554
f 5554/5554 6129/6129 4580/4580
f 2218/2218 8878/8878 5555/5555
f 5172/5172 6185/6185 5556/5556
f 5560/5560 5561/5561 5558/5558
f 5558/5558 6906/6906 5559/5559
f 5559/5559 8879/8879 5560/5560
f 1449/1449 7380/7380 2075/2075
f 5563/5563 5565/5565 5564/5564
f 5565/5565 5563/5563 5566/5566
f 3830/3830 6988/6988 5568/5568
f 5118/5118 8880/8880 5572/5572
f 5572/5572 2724/2724 5573/5573
f 5574/5574 8881/8881 5575/5575
f 8882/8882 7477/7477 5576/5576
f 5576/5576 8169/8169 7104/7104
f 7104/7104 2311/2311 5577/5577
f 5577/5577 8769/8769 5578/5578
f 5578/5578 8882/8882 5576/5576
f 5576/5576 7104/7104 5577/5577
f 1898/1898 6120/6120 5579/5579
f 5579/5579 7031/7031 5580/5580
f 5584/5584 8883/8883 5585/5585
f 1702/1702 6856/6856 5587/5587
f 5588/5588 5647/5647 5589/5589
f 5593/5593 8884/8884 7823/7823
f 5592/5592 7824/7824 8451/8451
f 5593/5593 7823/7823 5592/5592
f 1321/1321 8885/8885 5593/5593
f 5592/5592 8451/8451 1321/1321
f 5597/5597 5234/5234 5439/5439
f 5439/5439 8886/8886 5596/5596
f 4563/4563 4388/4388 5598/5598
f 3655/3655 3654/3654 5600/5600
f 8887/8887 5926/5926 5602/5602
f 5602/5602 8888/8888 8889/8889
f 5602/5602 8889/8889 8890/8890
f 5604/5604 8887/8887 5602/5602
f 5603/5603 8891/8891 5604/5604
f 5602/5602 8890/8890 5603/5603
f 5540/5540 1042/1042 5108/5108
f 5610/5610 5142/5142 5204/5204
f 5283/5283 8788/8788 5324/5324
f 5324/5324 5326/5326 5613/5613
f 5614/5614 5283/5283 5324/5324
f 8892/8892 8893/8893 5617/5617
f 5617/5617 8324/8324 7637/7637
f 5618/5618 8894/8894 8895/8895
f 5617/5617 7637/7637 5618/5618
f 5619/5619 8892/8892 5617/5617
f 5618/5618 8895/8895 5619/5619
f 5622/5622 8896/8896 1342/1342
f 1292/1292 1294/1294 5623/5623
f 5623/5623 2247/2247 1102/1102
f 5627/5627 8897/8897 5628/5628
f 5637/5637 6597/6597 5638/5638
f 4469/4469 7980/7980 5166/5166
f 4673/4673 8684/8684 5644/5644
f 5644/5644 7508/7508 5645/5645
f 5645/5645 7072/7072 4673/4673
f 5098/5098 6483/6483 5646/5646
f 5653/5653 3042/3042 1353/1353
f 1613/1613 8720/8720 4727/4727
f 4727/4727 4726/4726 1211/1211
f 5657/5657 8898/8898 5655/5655
f 5655/5655 2362/2362 5656/5656
f 8899/8899 8900/8900 8901/8901
f 5658/5658 8902/8902 8903/8903
f 8899/8899 8901/8901 5658/5658
f 5660/5660 7515/7515 8899/8899
f 5659/5659 7517/7517 5660/5660
f 5658/5658 8903/8903 5659/5659
f 5660/5660 8899/8899 5658/5658
f 8904/8904 7568/7568 1700/1700
f 1700/1700 7193/7193 5663/5663
f 5663/5663 6625/6625 5897/5897
f 5664/5664 8904/8904 1700/1700
f 5663/5663 5897/5897 5664/5664
f 5149/5149 3947/3947 1748/1748
f 5669/5669 7954/7954 5231/5231
f 5231/5231 8905/8905 5668/5668
f 5668/5668 8906/8906 5669/5669
f 5093/5093 8058/8058 5670/5670
f 5672/5672 6345/6345 5673/5673
f 5676/5676 6604/6604 5677/5677
f 5681/5681 3005/3005 5679/5679
f 5679/5679 2558/2558 5680/5680
f 8907/8907 5904/5904 3052/3052
f 3052/3052 3054/3054 6663/6663
f 3052/3052 6663/6663 6201/6201
f 5684/5684 8907/8907 3052/3052
f 5683/5683 6202/6202 5684/5684
f 3052/3052 6201/6201 5683/5683
f 4582/4582 5791/5791 5685/5685
f 2552/2552 5690/5690 5686/5686
f 2414/2414 2413/2413 1662/1662
f 1662/1662 3159/3159 5688/5688
f 5688/5688 6741/6741 5689/5689
f 5689/5689 2414/2414 1662/1662
f 1943/1943 7625/7625 5693/5693
f 5693/5693 5134/5134 932/932
f 1793/1793 8908/8908 5694/5694
f 5105/5105 5185/5185 5696/5696
f 570/570 6314/6314 5700/5700
f 8909/8909 8910/8910 5711/5711
f 5711/5711 380/380 5353/5353
f 5711/5711 5353/5353 5709/5709
f 5710/5710 8909/8909 5711/5711
f 5712/5712 6290/6290 5713/5713
f 5715/5715 6641/6641 5124/5124
f 5717/5717 6360/6360 1903/1903
f 5725/5725 8911/8911 5726/5726
f 5726/5726 6687/6687 5220/5220
f 5118/5118 5117/5117 5727/5727
f 5728/5728 8880/8880 5118/5118
f 5321/5321 7818/7818 6616/6616
f 1275/1275 7264/7264 3839/3839
f 5321/5321 6616/6616 1275/1275
f 1760/1760 2097/2097 2302/2302
f 8912/8912 3567/3567 1067/1067
f 1067/1067 5940/5940 8913/8913
f 5735/5735 8914/8914 8915/8915
f 1067/1067 8913/8913 5735/5735
f 5736/5736 8912/8912 1067/1067
f 5735/5735 8915/8915 5736/5736
f 5739/5739 8916/8916 5738/5738
f 5738/5738 8396/8396 3329/3329
f 3329/3329 8326/8326 5739/5739
f 5166/5166 5168/5168 5740/5740
f 5740/5740 8462/8462 5643/5643
f 5186/5186 8917/8917 2055/2055
f 5662/5662 8918/8918 5742/5742
f 3088/3088 3087/3087 3100/3100
f 3100/3100 8919/8919 5753/5753
f 5753/5753 2836/2836 3088/3088
f 7086/7086 8920/8920 5754/5754
f 5754/5754 228/228 8538/8538
f 8538/8538 8921/8921 5755/5755
f 5755/5755 8922/8922 5756/5756
f 5756/5756 7086/7086 5754/5754
f 5754/5754 8538/8538 5755/5755
f 5757/5757 8923/8923 5758/5758
f 5758/5758 8153/8153 8924/8924
f 8924/8924 8925/8925 5759/5759
f 5759/5759 8926/8926 8927/8927
f 5759/5759 8927/8927 8928/8928
f 5758/5758 8924/8924 5759/5759
f 5759/5759 8928/8928 5757/5757
f 4063/4063 2187/2187 1910/1910
f 5760/5760 8929/8929 8930/8930
f 8930/8930 8931/8931 5761/5761
f 5761/5761 6777/6777 1894/1894
f 1894/1894 1896/1896 6878/6878
f 5760/5760 8930/8930 5761/5761
f 1894/1894 6878/6878 5760/5760
f 5762/5762 6891/6891 5763/5763
f 5763/5763 268/268 267/267
f 5764/5764 6034/6034 3561/3561
f 3393/3393 5446/5446 5766/5766
f 5195/5195 5375/5375 5769/5769
f 5771/5771 6628/6628 3131/3131
f 5775/5775 8932/8932 5773/5773
f 5773/5773 6743/6743 5774/5774
f 5777/5777 2798/2798 2799/2799
f 2799/2799 8933/8933 5776/5776
f 4406/4406 8918/8918 5662/5662
f 5662/5662 421/421 420/420
f 5778/5778 8934/8934 5779/5779
f 5781/5781 6781/6781 5782/5782
f 4001/4001 722/722 5783/5783
f 619/619 4528/4528 5785/5785
f 5788/5788 1034/1034 5786/5786
f 5786/5786 6082/6082 5787/5787
f 5789/5789 7203/7203 5790/5790
f 2174/2174 5708/5708 5707/5707
f 5707/5707 6493/6493 2175/2175
f 1422/1422 1317/1317 5797/5797
f 5802/5802 8935/8935 5803/5803
f 8936/8936 4508/4508 5812/5812
f 5812/5812 1568/1568 5813/5813
f 5813/5813 7270/7270 5814/5814
f 5814/5814 8936/8936 5812/5812
f 5815/5815 8937/8937 8938/8938
f 8938/8938 8939/8939 5816/5816
f 5816/5816 4494/4494 8940/8940
f 8940/8940 7639/7639 5817/5817
f 5817/5817 8941/8941 5815/5815
f 5815/5815 8938/8938 5816/5816
f 5816/5816 8940/8940 5817/5817
f 1597/1597 7570/7570 5818/5818
f 397/397 396/396 5011/5011
f 3107/3107 2976/2976 5820/5820
f 5822/5822 5520/5520 5519/5519
f 5828/5828 8587/8587 2766/2766
f 2766/2766 8622/8622 5827/5827
f 5829/5829 8942/8942 5830/5830
f 5830/5830 8943/8943 5831/5831
f 5837/5837 6738/6738 5835/5835
f 5835/5835 8944/8944 5074/5074
f 5073/5073 7757/7757 5836/5836
f 5835/5835 5074/5074 5073/5073
f 5836/5836 8945/8945 5837/5837
f 5835/5835 5073/5073 5836/5836
f 5838/5838 8946/8946 5839/5839
f 3027/3027 3026/3026 5840/5840
f 6592/6592 1570/1570 5842/5842
f 5842/5842 6724/6724 5843/5843
f 5843/5843 6358/6358 5844/5844
f 5844/5844 6592/6592 5842/5842
f 5517/5517 5518/5518 5854/5854
f 5854/5854 3116/3116 1283/1283
f 5553/5553 7045/7045 5855/5855
f 5855/5855 7966/7966 5856/5856
f 5859/5859 8947/8947 5857/5857
f 5857/5857 8948/8948 5858/5858
f 5860/5860 6768/6768 5861/5861
f 5865/5865 8369/8369 5863/5863
f 5863/5863 8949/8949 5864/5864
f 5866/5866 5373/5373 5867/5867
f 5872/5872 4787/4787 1753/1753
f 1753/1753 4541/4541 5871/5871
f 5873/5873 5876/5876 5874/5874
f 1040/1040 8074/8074 5878/5878
f 8194/8194 7391/7391 5879/5879
f 5879/5879 7283/7283 5880/5880
f 5881/5881 8194/8194 5879/5879
f 1852/1852 1851/1851 5882/5882
f 5882/5882 8950/8950 5883/5883
f 5885/5885 1301/1301 1300/1300
f 1300/1300 4970/4970 5884/5884
f 5887/5887 8951/8951 1298/1298
f 1298/1298 1297/1297 5886/5886
f 5886/5886 8952/8952 5887/5887
f 5892/5892 8746/8746 5100/5100
f 5100/5100 8953/8953 5890/5890
f 5890/5890 8954/8954 5891/5891
f 5891/5891 8955/8955 5892/5892
f 5892/5892 5100/5100 5890/5890
f 8904/8904 5664/5664 5897/5897
f 5897/5897 6625/6625 1611/1611
f 1611/1611 8565/8565 5898/5898
f 5898/5898 8904/8904 5897/5897
f 3319/3319 3936/3936 5899/5899
f 5901/5901 1486/1486 2460/2460
f 5905/5905 7474/7474 5906/5906
f 3719/3719 8956/8956 8957/8957
f 8957/8957 8958/8958 5909/5909
f 5909/5909 8959/8959 2895/2895
f 2895/2895 6861/6861 3719/3719
f 3719/3719 8957/8957 5909/5909
f 893/893 892/892 5910/5910
f 5910/5910 1383/1383 1385/1385
f 3723/3723 3727/3727 3729/3729
f 3729/3729 3673/3673 5911/5911
f 5911/5911 5089/5089 2091/2091
f 2091/2091 3877/3877 3723/3723
f 3723/3723 3729/3729 5911/5911
f 2311/2311 2310/2310 5862/5862
f 5916/5916 3220/3220 3222/3222
f 5918/5918 8960/8960 5919/5919
f 5921/5921 8961/8961 5920/5920
f 5920/5920 6453/6453 1505/1505
f 1320/1320 4289/4289 5922/5922
f 5922/5922 8885/8885 1321/1321
f 346/346 7280/7280 5385/5385
f 5926/5926 8962/8962 5924/5924
f 5924/5924 8963/8963 5349/5349
f 5349/5349 5348/5348 5925/5925
f 5925/5925 5602/5602 5926/5926
f 5924/5924 5349/5349 5925/5925
f 5204/5204 1463/1463 5928/5928
f 5928/5928 8616/8616 5929/5929
f 5929/5929 6425/6425 5204/5204
f 4548/4548 4547/4547 4481/4481
f 4016/4016 5329/5329 5931/5931
f 5932/5932 7319/7319 5933/5933
f 5937/5937 1020/1020 4060/4060
f 5293/5293 5292/5292 5943/5943
f 5943/5943 4403/4403 5761/5761
f 5761/5761 8964/8964 5296/5296
f 5295/5295 5293/5293 5943/5943
f 5761/5761 5296/5296 5295/5295
f 5944/5944 4928/4928 4927/4927
f 4927/4927 6474/6474 4180/4180
f 4180/4180 7963/7963 5944/5944
f 2552/2552 8965/8965 3008/3008
f 3008/3008 3007/3007 5945/5945
f 5945/5945 5691/5691 2552/2552
f 1029/1029 1028/1028 5950/5950
f 5950/5950 6242/6242 5951/5951
f 5087/5087 8966/8966 5952/5952
f 5959/5959 6131/6131 5958/5958
f 5958/5958 6235/6235 4592/4592
f 5960/5960 6293/6293 5961/5961
f 5964/5964 6772/6772 5963/5963
f 5963/5963 8967/8967 5417/5417
f 5965/5965 8968/8968 5966/5966
f 4302/4302 4284/4284 3390/3390
f 3390/3390 3389/3389 5977/5977
f 6063/6063 8969/8969 5979/5979
f 5979/5979 2782/2782 5980/5980
f 5981/5981 6063/6063 5979/5979
f 5982/5982 5371/5371 5983/5983
f 5680/5680 2558/2558 2047/2047
f 2047/2047 2049/2049 5979/5979
f 5984/5984 5680/5680 2047/2047
f 2680/2680 5534/5534 3572/3572
f 5333/5333 5332/5332 5985/5985
f 5985/5985 7411/7411 5986/5986
f 5987/5987 7855/7855 5988/5988
f 3428/3428 4221/4221 1277/1277
f 5991/5991 1348/1348 1347/1347
f 5989/5989 8970/8970 5990/5990
f 5991/5991 1347/1347 5989/5989
f 5990/5990 8971/8971 5991/5991
f 6000/6000 6004/6004 8972/8972
f 5998/5998 6001/6001 4480/4480
f 6000/6000 8972/8972 5998/5998
f 5998/5998 4480/4480 5999/5999
f 6004/6004 6000/6000 6002/6002
f 6002/6002 3237/3237 6003/6003
f 6006/6006 6412/6412 5934/5934
f 5934/5934 5933/5933 5936/5936
f 5936/5936 7375/7375 6005/6005
f 6005/6005 8973/8973 6006/6006
f 6006/6006 5934/5934 5936/5936
f 6009/6009 6550/6550 6007/6007
f 6007/6007 8974/8974 6008/6008
f 960/960 6709/6709 6010/6010
f 6011/6011 4518/4518 4272/4272
f 422/422 5862/5862 2310/2310
f 1088/1088 1090/1090 6021/6021
f 6021/6021 8975/8975 6022/6022
f 5372/5372 4721/4721 5243/5243
f 5243/5243 4778/4778 6026/6026
f 6029/6029 7909/7909 3485/3485
f 3485/3485 8614/8614 6028/6028
f 1185/1185 1187/1187 6030/6030
f 6030/6030 6236/6236 5895/5895
f 1716/1716 1715/1715 4719/4719
f 4719/4719 4505/4505 6031/6031
f 6031/6031 3142/3142 1716/1716
f 1567/1567 7294/7294 6034/6034
f 6035/6035 3592/3592 1567/1567
f 6036/6036 6621/6621 6037/6037
f 6037/6037 2193/2193 6038/6038
f 6041/6041 6242/6242 1948/1948
f 1948/1948 1950/1950 6040/6040
f 4268/4268 4267/4267 6042/6042
f 6046/6046 1190/1190 1189/1189
f 1189/1189 1246/1246 2486/2486
f 1792/1792 1791/1791 6047/6047
f 6048/6048 8976/8976 1235/1235
f 5550/5550 8977/8977 1327/1327
f 1327/1327 8978/8978 6054/6054
f 6054/6054 5976/5976 5550/5550
f 6055/6055 8979/8979 6056/6056
f 6057/6057 7223/7223 6055/6055
f 2261/2261 6220/6220 2435/2435
f 1610/1610 8564/8564 6063/6063
f 6063/6063 7311/7311 8904/8904
f 5898/5898 8565/8565 1610/1610
f 6063/6063 8904/8904 5898/5898
f 6067/6067 1437/1437 1439/1439
f 1439/1439 8980/8980 6066/6066
f 6068/6068 1261/1261 1165/1165
f 6070/6070 3239/3239 3238/3238
f 3238/3238 1561/1561 1560/1560
f 1560/1560 8981/8981 6070/6070
f 1996/1996 4582/4582 6071/6071
f 5632/5632 5194/5194 6073/6073
f 6081/6081 8036/8036 6080/6080
f 4546/4546 8982/8982 6081/6081
f 3133/3133 4491/4491 4490/4490
f 4490/4490 5787/5787 6082/6082
f 6083/6083 3133/3133 4490/4490
f 5857/5857 7165/7165 2638/2638
f 2638/2638 8583/8583 6084/6084
f 6084/6084 8948/8948 5857/5857
f 1625/1625 1624/1624 5854/5854
f 6077/6077 5635/5635 5692/5692
f 8983/8983 2732/2732 2697/2697
f 2697/2697 2699/2699 3043/3043
f 3043/3043 7133/7133 6090/6090
f 6090/6090 8983/8983 2697/2697
f 6091/6091 8984/8984 2076/2076
f 2127/2127 3903/3903 3902/3902
f 3794/3794 5779/5779 6093/6093
f 4276/4276 5697/5697 5456/5456
f 6059/6059 7015/7015 6103/6103
f 6103/6103 8985/8985 6060/6060
f 2183/2183 5145/5145 5144/5144
f 5144/5144 1944/1944 6104/6104
f 2130/2130 8986/8986 5424/5424
f 5424/5424 5425/5425 1839/1839
f 6106/6106 8987/8987 6107/6107
f 6109/6109 389/389 391/391
f 579/579 578/578 6017/6017
f 6109/6109 391/391 579/579
f 1241/1241 8555/8555 6109/6109
f 579/579 6017/6017 6016/6016
f 6016/6016 1241/1241 6109/6109
f 8988/8988 8989/8989 6111/6111
f 6111/6111 8990/8990 6112/6112
f 6112/6112 8991/8991 6113/6113
f 6113/6113 8988/8988 6111/6111
f 6115/6115 4107/4107 6114/6114
f 6114/6114 8656/8656 4584/4584
f 5344/5344 8940/8940 4494/4494
f 4493/4493 6249/6249 6116/6116
f 5344/5344 4494/4494 4493/4493
f 6117/6117 6933/6933 6118/6118
f 119/119 118/118 1625/1625
f 7604/7604 5579/5579 6120/6120
f 6120/6120 6247/6247 6121/6121
f 6121/6121 8992/8992 6122/6122
f 6122/6122 7604/7604 6120/6120
f 6123/6123 6653/6653 5822/5822
f 6129/6129 6235/6235 5958/5958
f 5958/5958 6131/6131 6128/6128
f 1317/1317 1319/1319 6130/6130
f 6134/6134 8993/8993 5023/5023
f 5023/5023 6554/6554 6133/6133
f 6133/6133 8994/8994 6134/6134
f 6136/6136 7435/7435 3774/3774
f 3774/3774 1667/1667 6135/6135
f 6009/6009 6008/6008 6140/6140
f 2942/2942 8995/8995 6145/6145
f 6149/6149 8996/8996 6147/6147
f 6147/6147 2680/2680 6148/6148
f 1703/1703 8997/8997 6150/6150
f 986/986 985/985 1057/1057
f 5547/5547 8998/8998 6151/6151
f 1659/1659 2294/2294 6163/6163
f 8999/8999 7922/7922 6170/6170
f 6170/6170 1844/1844 1843/1843
f 6169/6169 8999/8999 6170/6170
f 544/544 8362/8362 6171/6171
f 6171/6171 6354/6354 6172/6172
f 6172/6172 58/58 544/544
f 6173/6173 6897/6897 6174/6174
f 4997/4997 564/564 900/900
f 4370/4370 2878/2878 2877/2877
f 2246/2246 5222/5222 4943/4943
f 6183/6183 3576/3576 6181/6181
f 6181/6181 9000/9000 6182/6182
f 6184/6184 3821/3821 3936/3936
f 5116/5116 7452/7452 6186/6186
f 6187/6187 9001/9001 7072/7072
f 7071/7071 7069/7069 6188/6188
f 6187/6187 7072/7072 7071/7071
f 9002/9002 3046/3046 6187/6187
f 6189/6189 9002/9002 6187/6187
f 6187/6187 7071/7071 6188/6188
f 6192/6192 9003/9003 6193/6193
f 6195/6195 4852/4852 6196/6196
f 5713/5713 6559/6559 6199/6199
f 6205/6205 8214/8214 6206/6206
f 6208/6208 3573/3573 6209/6209
f 4786/4786 1446/1446 1445/1445
f 1780/1780 5975/5975 5974/5974
f 6214/6214 7269/7269 9004/9004
f 6214/6214 9004/9004 9005/9005
f 4417/4417 4988/4988 6214/6214
f 6213/6213 4418/4418 4417/4417
f 6212/6212 9006/9006 6213/6213
f 6214/6214 9005/9005 6212/6212
f 6213/6213 4417/4417 6214/6214
f 4788/4788 9007/9007 6215/6215
f 6218/6218 9008/9008 6216/6216
f 6216/6216 8198/8198 6217/6217
f 6217/6217 7327/7327 6218/6218
f 4399/4399 4736/4736 6221/6221
f 6221/6221 4697/4697 3838/3838
f 2627/2627 2588/2588 6227/6227
f 6227/6227 4535/4535 6228/6228
f 6229/6229 6680/6680 6230/6230
f 6230/6230 1784/1784 1783/1783
f 4450/4450 5895/5895 6236/6236
f 9009/9009 9010/9010 9011/9011
f 9011/9011 9012/9012 9013/9013
f 9011/9011 9013/9013 9014/9014
f 5311/5311 9009/9009 9011/9011
f 6239/6239 5312/5312 5311/5311
f 9015/9015 7090/7090 6239/6239
f 9016/9016 9017/9017 9018/9018
f 9018/9018 9015/9015 6239/6239
f 6239/6239 5311/5311 9011/9011
f 9011/9011 9014/9014 6237/6237
f 6237/6237 9019/9019 9020/9020
f 6238/6238 9016/9016 9018/9018
f 6237/6237 9020/9020 6238/6238
f 6239/6239 9011/9011 6237/6237
f 6238/6238 9018/9018 6239/6239
f 2400/2400 2997/2997 2995/2995
f 6247/6247 6120/6120 1898/1898
f 6251/6251 2910/2910 6249/6249
f 6249/6249 4492/4492 6250/6250
f 6254/6254 4332/4332 4421/4421
f 4421/4421 8627/8627 6253/6253
f 9021/9021 9022/9022 6255/6255
f 6255/6255 8621/8621 4332/4332
f 4332/4332 9023/9023 6256/6256
f 6256/6256 9021/9021 6255/6255
f 7368/7368 2260/2260 6257/6257
f 6257/6257 8260/8260 6258/6258
f 6258/6258 5509/5509 6259/6259
f 6259/6259 7368/7368 6257/6257
f 3121/3121 2448/2448 6260/6260
f 6260/6260 9024/9024 6261/6261
f 6261/6261 9025/9025 3121/3121
f 886/886 493/493 5717/5717
f 6263/6263 1908/1908 1300/1300
f 6267/6267 4874/4874 6265/6265
f 6265/6265 9026/9026 6266/6266
f 5393/5393 4812/4812 6268/6268
f 6269/6269 6942/6942 6270/6270
f 2442/2442 2441/2441 6272/6272
f 5990/5990 8970/8970 6273/6273
f 6273/6273 9027/9027 6274/6274
f 6277/6277 4881/4881 6275/6275
f 6275/6275 9028/9028 6276/6276
f 6091/6091 2075/2075 6278/6278
f 6281/6281 9029/9029 6282/6282
f 5975/5975 1780/1780 4824/4824
f 6711/6711 2601/2601 4576/4576
f 4576/4576 2919/2919 3090/3090
f 3090/3090 2659/2659 5079/5079
f 5079/5079 6711/6711 4576/4576
f 6285/6285 6585/6585 4108/4108
f 3233/3233 4246/4246 3895/3895
f 4028/4028 3894/3894 3896/3896
f 957/957 956/956 4425/4425
f 4425/4425 8484/8484 6288/6288
f 5528/5528 1368/1368 6289/6289
f 6289/6289 9030/9030 6291/6291
f 6292/6292 5480/5480 6293/6293
f 6297/6297 9031/9031 5923/5923
f 5923/5923 5385/5385 6296/6296
f 5188/5188 9032/9032 6298/6298
f 6298/6298 9033/9033 5189/5189
f 4836/4836 4838/4838 6300/6300
f 6300/6300 2625/2625 6301/6301
f 6301/6301 6684/6684 4836/4836
f 9034/9034 9035/9035 9036/9036
f 9036/9036 9037/9037 6302/6302
f 6302/6302 6974/6974 9038/9038
f 9039/9039 9040/9040 6303/6303
f 6302/6302 9038/9038 9039/9039
f 9034/9034 9036/9036 6302/6302
f 6304/6304 9041/9041 9042/9042
f 9042/9042 9034/9034 6302/6302
f 6302/6302 9039/9039 6303/6303
f 6304/6304 9042/9042 6302/6302
f 6306/6306 6462/6462 5170/5170
f 5170/5170 6307/6307 6305/6305
f 6305/6305 9043/9043 6306/6306
f 806/806 805/805 6314/6314
f 3287/3287 7550/7550 6315/6315
f 6316/6316 7045/7045 5553/5553
f 6318/6318 1116/1116 1115/1115
f 9044/9044 9045/9045 9046/9046
f 9046/9046 9047/9047 6322/6322
f 9044/9044 9046/9046 6322/6322
f 8812/8812 9048/9048 9049/9049
f 2112/2112 8812/8812 9049/9049
f 6323/6323 9050/9050 2112/2112
f 9051/9051 7946/7946 6323/6323
f 9052/9052 9051/9051 6323/6323
f 2112/2112 9049/9049 9044/9044
f 6322/6322 9052/9052 6323/6323
f 2112/2112 9044/9044 6322/6322
f 4662/4662 5249/5249 5248/5248
f 6326/6326 4663/4663 4662/4662
f 3288/3288 1524/1524 6333/6333
f 6333/6333 9053/9053 3317/3317
f 3677/3677 3679/3679 4167/4167
f 6335/6335 6092/6092 6336/6336
f 6338/6338 4720/4720 5545/5545
f 1717/1717 1716/1716 3142/3142
f 3491/3491 3493/3493 6342/6342
f 6342/6342 8108/8108 2326/2326
f 9054/9054 5086/5086 5085/5085
f 5085/5085 2841/2841 2265/2265
f 2265/2265 2264/2264 9055/9055
f 2265/2265 9055/9055 9056/9056
f 9054/9054 5085/5085 2265/2265
f 9057/9057 9054/9054 2265/2265
f 2265/2265 9056/9056 9058/9058
f 9058/9058 9059/9059 9060/9060
f 6344/6344 9061/9061 9062/9062
f 9058/9058 9060/9060 6344/6344
f 6343/6343 9057/9057 2265/2265
f 6344/6344 9062/9062 6343/6343
f 2265/2265 9058/9058 6344/6344
f 5672/5672 2115/2115 1520/1520
f 1520/1520 9063/9063 6345/6345
f 6346/6346 7766/7766 6347/6347
f 6352/6352 8181/8181 6353/6353
f 6355/6355 9064/9064 4331/4331
f 6357/6357 9065/9065 2202/2202
f 4117/4117 4116/4116 6040/6040
f 4399/4399 3838/3838 3840/3840
f 6127/6127 3614/3614 6361/6361
f 6367/6367 710/710 3786/3786
f 6374/6374 2507/2507 2568/2568
f 2568/2568 9066/9066 6373/6373
f 6375/6375 9026/9026 6265/6265
f 6265/6265 7328/7328 6376/6376
f 2683/2683 2682/2682 6377/6377
f 6380/6380 9067/9067 370/370
f 370/370 9068/9068 6379/6379
f 6379/6379 9069/9069 6380/6380
f 6385/6385 6693/6693 6386/6386
f 2141/2141 1787/1787 3901/3901
f 6391/6391 7190/7190 6389/6389
f 6389/6389 5934/5934 6390/6390
f 3783/3783 3782/3782 6392/6392
f 6395/6395 8223/8223 3161/3161
f 3161/3161 9070/9070 6394/6394
f 6394/6394 9071/9071 6395/6395
f 6396/6396 9072/9072 6397/6397
f 6399/6399 229/229 6400/6400
f 3393/3393 8610/8610 6405/6405
f 4079/4079 4081/4081 4189/4189
f 1595/1595 3790/3790 3792/3792
f 5431/5431 7018/7018 5639/5639
f 5639/5639 9073/9073 6409/6409
f 6409/6409 5432/5432 5431/5431
f 1624/1624 6836/6836 3116/3116
f 4634/4634 6414/6414 6411/6411
f 6390/6390 5934/5934 6412/6412
f 6419/6419 4011/4011 4010/4010
f 4010/4010 9074/9074 6418/6418
f 6280/6280 9075/9075 256/256
f 6243/6243 6242/6242 5950/5950
f 5929/5929 6745/6745 6264/6264
f 6264/6264 5611/5611 5204/5204
f 6425/6425 5929/5929 6264/6264
f 6427/6427 9076/9076 9077/9077
f 9077/9077 9078/9078 6426/6426
f 6426/6426 6402/6402 6404/6404
f 6427/6427 9077/9077 6426/6426
f 6348/6348 9079/9079 6429/6429
f 2913/2913 7509/7509 6430/6430
f 6431/6431 7428/7428 6432/6432
f 2469/2469 2468/2468 5108/5108
f 9080/9080 9081/9081 6434/6434
f 6434/6434 9082/9082 9083/9083
f 9083/9083 6977/6977 3067/3067
f 3067/3067 2964/2964 6435/6435
f 6435/6435 9080/9080 6434/6434
f 6434/6434 9083/9083 3067/3067
f 6436/6436 4293/4293 7021/7021
f 6437/6437 5626/5626 5625/5625
f 6436/6436 7021/7021 6437/6437
f 6443/6443 7251/7251 6441/6441
f 6441/6441 7354/7354 6442/6442
f 6442/6442 9084/9084 6443/6443
f 1145/1145 1184/1184 1324/1324
f 6444/6444 3272/3272 3271/3271
f 5013/5013 5012/5012 6445/6445
f 6447/6447 8528/8528 6085/6085
f 6085/6085 7476/7476 6448/6448
f 6448/6448 8529/8529 6447/6447
f 4001/4001 1019/1019 6449/6449
f 2337/2337 6268/6268 6450/6450
f 6047/6047 1791/1791 1505/1505
f 6319/6319 6321/6321 6455/6455
f 4007/4007 9085/9085 6459/6459
f 6461/6461 4274/4274 1138/1138
f 6465/6465 9086/9086 6466/6466
f 6469/6469 4800/4800 4799/4799
f 4799/4799 5589/5589 6105/6105
f 6470/6470 3436/3436 1881/1881
f 6471/6471 782/782 784/784
f 4216/4216 7872/7872 6473/6473
f 4129/4129 9087/9087 6479/6479
f 6482/6482 4962/4962 6481/6481
f 6481/6481 8649/8649 4532/4532
f 6483/6483 9088/9088 6105/6105
f 5094/5094 614/614 6484/6484
f 2628/2628 2728/2728 6388/6388
f 4144/4144 9089/9089 6485/6485
f 6488/6488 2851/2851 2850/2850
f 6490/6490 5442/5442 6491/6491
f 6494/6494 9090/9090 6495/6495
f 4913/4913 8473/8473 6499/6499
f 9091/9091 9092/9092 8926/8926
f 8926/8926 9093/9093 6504/6504
f 6504/6504 7205/7205 1146/1146
f 1146/1146 1148/1148 3915/3915
f 3914/3914 9094/9094 6503/6503
f 1146/1146 3915/3915 3914/3914
f 9091/9091 8926/8926 6504/6504
f 1146/1146 3914/3914 6503/6503
f 6503/6503 9091/9091 6504/6504
f 2212/2212 2214/2214 6516/6516
f 6519/6519 8757/8757 5132/5132
f 5132/5132 9095/9095 6518/6518
f 6518/6518 8936/8936 5814/5814
f 5814/5814 7270/7270 6519/6519
f 6519/6519 5132/5132 6518/6518
f 6520/6520 6985/6985 6521/6521
f 6523/6523 7507/7507 5644/5644
f 5644/5644 8684/8684 6522/6522
f 6522/6522 9096/9096 6523/6523
f 6524/6524 9097/9097 4713/4713
f 5689/5689 2212/2212 5496/5496
f 5496/5496 5555/5555 2414/2414
f 6529/6529 4920/4920 4922/4922
f 4922/4922 6931/6931 6528/6528
f 6052/6052 6614/6614 5884/5884
f 6536/6536 9098/9098 6537/6537
f 2161/2161 2007/2007 2006/2006
f 2006/2006 1939/1939 5730/5730
f 5730/5730 5729/5729 7495/7495
f 7495/7495 2692/2692 6102/6102
f 6102/6102 4696/4696 2156/2156
f 2155/2155 2161/2161 2006/2006
f 6102/6102 2156/2156 2155/2155
f 5730/5730 7495/7495 6102/6102
f 2155/2155 2006/2006 5730/5730
f 6546/6546 7495/7495 5729/5729
f 5729/5729 1938/1938 6547/6547
f 6547/6547 4495/4495 6548/6548
f 6548/6548 3938/3938 8416/8416
f 6546/6546 5729/5729 6547/6547
f 6548/6548 8416/8416 6546/6546
f 6351/6351 8275/8275 6551/6551
f 6551/6551 2648/2648 6552/6552
f 6553/6553 6133/6133 6554/6554
f 6554/6554 5022/5022 6555/6555
f 3904/3904 6558/6558 6556/6556
f 6351/6351 6552/6552 2648/2648
f 2648/2648 2650/2650 6557/6557
f 6557/6557 6349/6349 6351/6351
f 925/925 6199/6199 6559/6559
f 6559/6559 2095/2095 2801/2801
f 6560/6560 9099/9099 6561/6561
f 6564/6564 7835/7835 4511/4511
f 6068/6068 9100/9100 6565/6565
f 709/709 708/708 2434/2434
f 6568/6568 2018/2018 4199/4199
f 6571/6571 9101/9101 2132/2132
f 6572/6572 7024/7024 440/440
f 440/440 442/442 4899/4899
f 5475/5475 8156/8156 6573/6573
f 5091/5091 4374/4374 6574/6574
f 4550/4550 5573/5573 2724/2724
f 2724/2724 2723/2723 6576/6576
f 6576/6576 6766/6766 4550/4550
f 9102/9102 1785/1785 737/737
f 737/737 736/736 3309/3309
f 3309/3309 4274/4274 1308/1308
f 1421/1421 9102/9102 737/737
f 3309/3309 1308/1308 1421/1421
f 2053/2053 5699/5699 6374/6374
f 5277/5277 2054/2054 2053/2053
f 1010/1010 6972/6972 6580/6580
f 555/555 5554/5554 6223/6223
f 6584/6584 4109/4109 4108/4108
f 6585/6585 6285/6285 9103/9103
f 6584/6584 4108/4108 6585/6585
f 8656/8656 6114/6114 6584/6584
f 6586/6586 9104/9104 8656/8656
f 9103/9103 9105/9105 6586/6586
f 6585/6585 9103/9103 6586/6586
f 6586/6586 8656/8656 6584/6584
f 4633/4633 3905/3905 6414/6414
f 6588/6588 5434/5434 6589/6589
f 6591/6591 8014/8014 5307/5307
f 4842/4842 7399/7399 6141/6141
f 6141/6141 6327/6327 6328/6328
f 6596/6596 6989/6989 3312/3312
f 6194/6194 6193/6193 6597/6597
f 8755/8755 5133/5133 6598/6598
f 6598/6598 8631/8631 6599/6599
f 6600/6600 8755/8755 6598/6598
f 5198/5198 9106/9106 6601/6601
f 5138/5138 5591/5591 6602/6602
f 6603/6603 5677/5677 6604/6604
f 6607/6607 9107/9107 1004/1004
f 1004/1004 1003/1003 1327/1327
f 1327/1327 8977/8977 6607/6607
f 6610/6610 8466/8466 6608/6608
f 6608/6608 9108/9108 9109/9109
f 6609/6609 8412/8412 6610/6610
f 6608/6608 9109/9109 6609/6609
f 6611/6611 7651/7651 6612/6612
f 6614/6614 9110/9110 5885/5885
f 1273/1273 1275/1275 6616/6616
f 6616/6616 8151/8151 6617/6617
f 6617/6617 1330/1330 6615/6615
f 6615/6615 1273/1273 6616/6616
f 9111/9111 9112/9112 6619/6619
f 6619/6619 609/609 608/608
f 6078/6078 6079/6079 9113/9113
f 6619/6619 608/608 6078/6078
f 6620/6620 9111/9111 6619/6619
f 6078/6078 9113/9113 6620/6620
f 6621/6621 6036/6036 6622/6622
f 6624/6624 6308/6308 6307/6307
f 6307/6307 5170/5170 5169/5169
f 6464/6464 7914/7914 5170/5170
f 5713/5713 6200/6200 6556/6556
f 5663/5663 2932/2932 1611/1611
f 6630/6630 8416/8416 3938/3938
f 3938/3938 5/5 4/4
f 5593/5593 8885/8885 5922/5922
f 5922/5922 6630/6630 6631/6631
f 5541/5541 5481/5481 5813/5813
f 5813/5813 6948/6948 6632/6632
f 6632/6632 1470/1470 1041/1041
f 1043/1043 5541/5541 5813/5813
f 6632/6632 1041/1041 1043/1043
f 9114/9114 7596/7596 6636/6636
f 6636/6636 9115/9115 8468/8468
f 6637/6637 7417/7417 6638/6638
f 6636/6636 8468/8468 6637/6637
f 6638/6638 9114/9114 6636/6636
f 1668/1668 1669/1669 927/927
f 6646/6646 8324/8324 5617/5617
f 6650/6650 5866/5866 5868/5868
f 6652/6652 4771/4771 4770/4770
f 4770/4770 4434/4434 2123/2123
f 5520/5520 5822/5822 6653/6653
f 6655/6655 7271/7271 6656/6656
f 6659/6659 9116/9116 4894/4894
f 4894/4894 4893/4893 6658/6658
f 6658/6658 9117/9117 6659/6659
f 4681/4681 2048/2048 2047/2047
f 2047/2047 2557/2557 6660/6660
f 5293/5293 9118/9118 1242/1242
f 6626/6626 9119/9119 3103/3103
f 6661/6661 5058/5058 4298/4298
f 4260/4260 9120/9120 6666/6666
f 2312/2312 1777/1777 1776/1776
f 1776/1776 2904/2904 3878/3878
f 5456/5456 5697/5697 5696/5696
f 6673/6673 9121/9121 9122/9122
f 9122/9122 9123/9123 6674/6674
f 6674/6674 6647/6647 6675/6675
f 6675/6675 9124/9124 6673/6673
f 6673/6673 9122/9122 6674/6674
f 568/568 933/933 975/975
f 823/823 9125/9125 6678/6678
f 6679/6679 7511/7511 6230/6230
f 6682/6682 2363/2363 5655/5655
f 6695/6695 5253/5253 4328/4328
f 4328/4328 9126/9126 6694/6694
f 3142/3142 6032/6032 5521/5521
f 5521/5521 5520/5520 6438/6438
f 593/593 521/521 5036/5036
f 5036/5036 3983/3983 3985/3985
f 4683/4683 4685/4685 6696/6696
f 9127/9127 9128/9128 9129/9129
f 9129/9129 9130/9130 9131/9131
f 9131/9131 9132/9132 9133/9133
f 9133/9133 9134/9134 9135/9135
f 9135/9135 9136/9136 6698/6698
f 6698/6698 9137/9137 9138/9138
f 9138/9138 9139/9139 9140/9140
f 9140/9140 9141/9141 8845/8845
f 8845/8845 5510/5510 6699/6699
f 6699/6699 9142/9142 9143/9143
f 9143/9143 9144/9144 9145/9145
f 9145/9145 9146/9146 9147/9147
f 9147/9147 9148/9148 6700/6700
f 6700/6700 9149/9149 9150/9150
f 9150/9150 9127/9127 9129/9129
f 9129/9129 9131/9131 9133/9133
f 9133/9133 9135/9135 6698/6698
f 6698/6698 9138/9138 9140/9140
f 9140/9140 8845/8845 6699/6699
f 6699/6699 9143/9143 9145/9145
f 9145/9145 9147/9147 6700/6700
f 6700/6700 9150/9150 9129/9129
f 9129/9129 9133/9133 6698/6698
f 6698/6698 9140/9140 6699/6699
f 6699/6699 9145/9145 6700/6700
f 6700/6700 9129/9129 6698/6698
f 6704/6704 1639/1639 7933/7933
f 6705/6705 9151/9151 7608/7608
f 6704/6704 7933/7933 6705/6705
f 5025/5025 2971/2971 6704/6704
f 6705/6705 7608/7608 5025/5025
f 6706/6706 4781/4781 4780/4780
f 2161/2161 2160/2160 6708/6708
f 6708/6708 2005/2005 2007/2007
f 5513/5513 6155/6155 6712/6712
f 6712/6712 9152/9152 6713/6713
f 4345/4345 3371/3371 5322/5322
f 5322/5322 260/260 259/259
f 5142/5142 5610/5610 6716/6716
f 6716/6716 7702/7702 6717/6717
f 6719/6719 9153/9153 6007/6007
f 6007/6007 6550/6550 6718/6718
f 6718/6718 9154/9154 6719/6719
f 6721/6721 9155/9155 6720/6720
f 6720/6720 5877/5877 5876/5876
f 6722/6722 6751/6751 6135/6135
f 6724/6724 5842/5842 1569/1569
f 6726/6726 979/979 684/684
f 6702/6702 6701/6701 5888/5888
f 6729/6729 7308/7308 6730/6730
f 4349/4349 4348/4348 6296/6296
f 450/450 9156/9156 9157/9157
f 450/450 9157/9157 5835/5835
f 5837/5837 451/451 450/450
f 450/450 5835/5835 6738/6738
f 1520/1520 1519/1519 6058/6058
f 1520/1520 6058/6058 6165/6165
f 6164/6164 9063/9063 1520/1520
f 6740/6740 6569/6569 2759/2759
f 2759/2759 8781/8781 6739/6739
f 5467/5467 8049/8049 4514/4514
f 5210/5210 8770/8770 5912/5912
f 6744/6744 8368/8368 6264/6264
f 8306/8306 8272/8272 6745/6745
f 5929/5929 8616/8616 3711/3711
f 8306/8306 6745/6745 5929/5929
f 3711/3711 5426/5426 6746/6746
f 6746/6746 8306/8306 5929/5929
f 6749/6749 4339/4339 4338/4338
f 4338/4338 3138/3138 3140/3140
f 6568/6568 1761/1761 122/122
f 122/122 121/121 6750/6750
f 916/916 918/918 4354/4354
f 4354/4354 3419/3419 5047/5047
f 5024/5024 5025/5025 7608/7608
f 7610/7610 7609/7609 9158/9158
f 5024/5024 7608/7608 7610/7610
f 2030/2030 2029/2029 5024/5024
f 9159/9159 4355/4355 4354/4354
f 4354/4354 2030/2030 5024/5024
f 5024/5024 7610/7610 9158/9158
f 9160/9160 8370/8370 6752/6752
f 5024/5024 9158/9158 9160/9160
f 9159/9159 4354/4354 5024/5024
f 8371/8371 9161/9161 6753/6753
f 6753/6753 9159/9159 5024/5024
f 5024/5024 9160/9160 6752/6752
f 6752/6752 8371/8371 6753/6753
f 4217/4217 8376/8376 6754/6754
f 6758/6758 9162/9162 6759/6759
f 6761/6761 6917/6917 6762/6762
f 6765/6765 9163/9163 6764/6764
f 6764/6764 7190/7190 6391/6391
f 6766/6766 7184/7184 4551/4551
f 6767/6767 7449/7449 5861/5861
f 6772/6772 2927/2927 6773/6773
f 9164/9164 9165/9165 6774/6774
f 6774/6774 5405/5405 2114/2114
f 2114/2114 8711/8711 4850/4850
f 4850/4850 9164/9164 6774/6774
f 2541/2541 3428/3428 1279/1279
f 5398/5398 8114/8114 6777/6777
f 6778/6778 8962/8962 5926/5926
f 5781/5781 9166/9166 6780/6780
f 6782/6782 7917/7917 4019/4019
f 6784/6784 9167/9167 6785/6785
f 4731/4731 7458/7458 6792/6792
f 6797/6797 9168/9168 6795/6795
f 6795/6795 7987/7987 6796/6796
f 6798/6798 94/94 4184/4184
f 1444/1444 8346/8346 5969/5969
f 4630/4630 8673/8673 3546/3546
f 3546/3546 6177/6177 6800/6800
f 9169/9169 9170/9170 6802/6802
f 6802/6802 9171/9171 9172/9172
f 9172/9172 7307/7307 1340/1340
f 1340/1340 5899/5899 6803/6803
f 6803/6803 9169/9169 6802/6802
f 6802/6802 9172/9172 1340/1340
f 6804/6804 9173/9173 6805/6805
f 6808/6808 9174/9174 9175/9175
f 9175/9175 6544/6544 6807/6807
f 6807/6807 3562/3562 6532/6532
f 6532/6532 9176/9176 6808/6808
f 6808/6808 9175/9175 6807/6807
f 6811/6811 7761/7761 6809/6809
f 6809/6809 6813/6813 6810/6810
f 4375/4375 7760/7760 6811/6811
f 4427/4427 9177/9177 6812/6812
f 6812/6812 7802/7802 6813/6813
f 6815/6815 2127/2127 2152/2152
f 2152/2152 9178/9178 6814/6814
f 6817/6817 9179/9179 4307/4307
f 4307/4307 9180/9180 6816/6816
f 5481/5481 5903/5903 6519/6519
f 6818/6818 5813/5813 5481/5481
f 1018/1018 5937/5937 6820/6820
f 6820/6820 8097/8097 1969/1969
f 1969/1969 4645/4645 340/340
f 340/340 339/339 4226/4226
f 4225/4225 4227/4227 6823/6823
f 340/340 4226/4226 4225/4225
f 6820/6820 1969/1969 340/340
f 6449/6449 1018/1018 6820/6820
f 6823/6823 4846/4846 2178/2178
f 2178/2178 6449/6449 6820/6820
f 6820/6820 340/340 4225/4225
f 4225/4225 6823/6823 2178/2178
f 6821/6821 3745/3745 3747/3747
f 6829/6829 8750/8750 5102/5102
f 1683/1683 5273/5273 1052/1052
f 6835/6835 3115/3115 6836/6836
f 6836/6836 6299/6299 6837/6837
f 6837/6837 9181/9181 6835/6835
f 9182/9182 4987/4987 3127/3127
f 3127/3127 7785/7785 6841/6841
f 6841/6841 1113/1113 1112/1112
f 1112/1112 9182/9182 3127/3127
f 6845/6845 9183/9183 2726/2726
f 2726/2726 3943/3943 6844/6844
f 6844/6844 7726/7726 6845/6845
f 1888/1888 2315/2315 2420/2420
f 2420/2420 3089/3089 2005/2005
f 2005/2005 1889/1889 1888/1888
f 4436/4436 6176/6176 4746/4746
f 337/337 336/336 3719/3719
f 6594/6594 9184/9184 6862/6862
f 6862/6862 7365/7365 2926/2926
f 1194/1194 1504/1504 6866/6866
f 6866/6866 9185/9185 6280/6280
f 1195/1195 1194/1194 6866/6866
f 5482/5482 5540/5540 5110/5110
f 6867/6867 410/410 2217/2217
f 2217/2217 2216/2216 5686/5686
f 5686/5686 9186/9186 6867/6867
f 4972/4972 4995/4995 6870/6870
f 6777/6777 5761/5761 4403/4403
f 6873/6873 9187/9187 6871/6871
f 6871/6871 9188/9188 6872/6872
f 6878/6878 4389/4389 4294/4294
f 6880/6880 8526/8526 6881/6881
f 6885/6885 2652/2652 6886/6886
f 6888/6888 7539/7539 5410/5410
f 5410/5410 451/451 1701/1701
f 2052/2052 6482/6482 4532/4532
f 5268/5268 9189/9189 6895/6895
f 6896/6896 6174/6174 6897/6897
f 3951/3951 2462/2462 6900/6900
f 4352/4352 7669/7669 7384/7384
f 4352/4352 7384/7384 9190/9190
f 3830/3830 5042/5042 4352/4352
f 3828/3828 3830/3830 4352/4352
f 4352/4352 9190/9190 6901/6901
f 6856/6856 6855/6855 6902/6902
f 6904/6904 5558/5558 5561/5561
f 5561/5561 3195/3195 3194/3194
f 6908/6908 9191/9191 5159/5159
f 5159/5159 7887/7887 6909/6909
f 6910/6910 1932/1932 3195/3195
f 4405/4405 4877/4877 2969/2969
f 2354/2354 2355/2355 9192/9192
f 9192/9192 9193/9193 6912/6912
f 6912/6912 2014/2014 2016/2016
f 2354/2354 9192/9192 6912/6912
f 6854/6854 2676/2676 3697/3697
f 6761/6761 7828/7828 6916/6916
f 6916/6916 9194/9194 6917/6917
f 3134/3134 3104/3104 2404/2404
f 6922/6922 8585/8585 2733/2733
f 2733/2733 9195/9195 9196/9196
f 9196/9196 9197/9197 6921/6921
f 6921/6921 9198/9198 9199/9199
f 9199/9199 9200/9200 6922/6922
f 2733/2733 9196/9196 6921/6921
f 6921/6921 9199/9199 6922/6922
f 6925/6925 2649/2649 2806/2806
f 2806/2806 2808/2808 6924/6924
f 1916/1916 7329/7329 2160/2160
f 2160/2160 5946/5946 1725/1725
f 1725/1725 9201/9201 6926/6926
f 6926/6926 1914/1914 1916/1916
f 1916/1916 2160/2160 1725/1725
f 4211/4211 4213/4213 4121/4121
f 6929/6929 9202/9202 6930/6930
f 6930/6930 1706/1706 1705/1705
f 9203/9203 9204/9204 6931/6931
f 6931/6931 4922/4922 6932/6932
f 6932/6932 6118/6118 6933/6933
f 6933/6933 9203/9203 6931/6931
f 6140/6140 6008/6008 1269/1269
f 3365/3365 9205/9205 6935/6935
f 6935/6935 7385/7385 3197/3197
f 6936/6936 5648/5648 2719/2719
f 5913/5913 4913/4913 6500/6500
f 9206/9206 9207/9207 6943/6943
f 6938/6938 6942/6942 6939/6939
f 9206/9206 6943/6943 6938/6938
f 6939/6939 8253/8253 6940/6940
f 6940/6940 9206/9206 6938/6938
f 6941/6941 8294/8294 6942/6942
f 6942/6942 6938/6938 6943/6943
f 4760/4760 9193/9193 6950/6950
f 6951/6951 8704/8704 4760/4760
f 5791/5791 5792/5792 6957/6957
f 6957/6957 7105/7105 6742/6742
f 6742/6742 5773/5773 4583/4583
f 5685/5685 5791/5791 6957/6957
f 6742/6742 4583/4583 5685/5685
f 6961/6961 9208/9208 6960/6960
f 6960/6960 2239/2239 4668/4668
f 6962/6962 2322/2322 3321/3321
f 3321/3321 3322/3322 1940/1940
f 2328/2328 1029/1029 5951/5951
f 5951/5951 6242/6242 2329/2329
f 6963/6963 9209/9209 4303/4303
f 2691/2691 1322/1322 6381/6381
f 6965/6965 4425/4425 888/888
f 2691/2691 6381/6381 6965/6965
f 5423/5423 5422/5422 2691/2691
f 882/882 884/884 5423/5423
f 888/888 890/890 2742/2742
f 2742/2742 882/882 5423/5423
f 5423/5423 2691/2691 6965/6965
f 6965/6965 888/888 2742/2742
f 1600/1600 2072/2072 388/388
f 4232/4232 9210/9210 2895/2895
f 6974/6974 9211/9211 6272/6272
f 6272/6272 2441/2441 6973/6973
f 6973/6973 9038/9038 6974/6974
f 6975/6975 4997/4997 5302/5302
f 3266/3266 549/549 548/548
f 548/548 392/392 394/394
f 394/394 2433/2433 3266/3266
f 4848/4848 5119/5119 5120/5120
f 1990/1990 1989/1989 5894/5894
f 6980/6980 8409/8409 6981/6981
f 740/740 8551/8551 1594/1594
f 6720/6720 2915/2915 6983/6983
f 5068/5068 6053/6053 1907/1907
f 9212/9212 671/671 673/673
f 673/673 6533/6533 6535/6535
f 6984/6984 9212/9212 673/673
f 6988/6988 7409/7409 6987/6987
f 6987/6987 9213/9213 5568/5568
f 6227/6227 7999/7999 6374/6374
f 6989/6989 7028/7028 6990/6990
f 2588/2588 2587/2587 6991/6991
f 6996/6996 4618/4618 4569/4569
f 5594/5594 9214/9214 1459/1459
f 6222/6222 5595/5595 5594/5594
f 5791/5791 4582/4582 1996/1996
f 9215/9215 9216/9216 7000/7000
f 7000/7000 9217/9217 7001/7001
f 7001/7001 9218/9218 7002/7002
f 7002/7002 9215/9215 7000/7000
f 7003/7003 9219/9219 5119/5119
f 6026/6026 4778/4778 4640/4640
f 4640/4640 9220/9220 7004/7004
f 7004/7004 5372/5372 6026/6026
f 5123/5123 5124/5124 6641/6641
f 6257/6257 2260/2260 7010/7010
f 7010/7010 9221/9221 7011/7011
f 5797/5797 7693/7693 6849/6849
f 6102/6102 5162/5162 5161/5161
f 5161/5161 4008/4008 4007/4007
f 3824/3824 1725/1725 5946/5946
f 5161/5161 4007/4007 3824/3824
f 4696/4696 6102/6102 5161/5161
f 3824/3824 5946/5946 4696/4696
f 6966/6966 6968/6968 3434/3434
f 7014/7014 5807/5807 5806/5806
f 6138/6138 9222/9222 2769/2769
f 4829/4829 4828/4828 6727/6727
f 6675/6675 6647/6647 5617/5617
f 5617/5617 8893/8893 7020/7020
f 7021/7021 8165/8165 7022/7022
f 6572/6572 6883/6883 7023/7023
f 1796/1796 1795/1795 5464/5464
f 5464/5464 4595/4595 5549/5549
f 7028/7028 9223/9223 7029/7029
f 6762/6762 9224/9224 7030/7030
f 7030/7030 8457/8457 6763/6763
f 414/414 2106/2106 3133/3133
f 3133/3133 6083/6083 6082/6082
f 5395/5395 614/614 5094/5094
f 7031/7031 5993/5993 5476/5476
f 5476/5476 1899/1899 5580/5580
f 6217/6217 8198/8198 4855/4855
f 4855/4855 4857/4857 6695/6695
f 6694/6694 9126/9126 6217/6217
f 4855/4855 6695/6695 6694/6694
f 4431/4431 5486/5486 7032/7032
f 3008/3008 8965/8965 7033/7033
f 7037/7037 7041/7041 7038/7038
f 7039/7039 9225/9225 7037/7037
f 6500/6500 9226/9226 7044/7044
f 7045/7045 6316/6316 7046/7046
f 7050/7050 9227/9227 9228/9228
f 9228/9228 9229/9229 7048/7048
f 9230/9230 9231/9231 7049/7049
f 7050/7050 9228/9228 7048/7048
f 7048/7048 9230/9230 7049/7049
f 2150/2150 2149/2149 7051/7051
f 4925/4925 5097/5097 7053/7053
f 4536/4536 5699/5699 4533/4533
f 1769/1769 6325/6325 4472/4472
f 7058/7058 9232/9232 2168/2168
f 2168/2168 1243/1243 180/180
f 5573/5573 4550/4550 6787/6787
f 6835/6835 9233/9233 5622/5622
f 7066/7066 9234/9234 7064/7064
f 7065/7065 9235/9235 7066/7066
f 264/264 8132/8132 7067/7067
f 7067/7067 9236/9236 7068/7068
f 4918/4918 264/264 7067/7067
f 7069/7069 7071/7071 8068/8068
f 8068/8068 6221/6221 4743/4743
f 4743/4743 3498/3498 7070/7070
f 7070/7070 6188/6188 7069/7069
f 7069/7069 8068/8068 4743/4743
f 4811/4811 9237/9237 4807/4807
f 6557/6557 2650/2650 2649/2649
f 1094/1094 1518/1518 7077/7077
f 5371/5371 1503/1503 5670/5670
f 7087/7087 9238/9238 7085/7085
f 7085/7085 8920/8920 7086/7086
f 9239/9239 9240/9240 7089/7089
f 7089/7089 9241/9241 881/881
f 800/800 481/481 7523/7523
f 7089/7089 881/881 800/800
f 9242/9242 9239/9239 7089/7089
f 7090/7090 9015/9015 9242/9242
f 800/800 7523/7523 7090/7090
f 7090/7090 9242/9242 7089/7089
f 7092/7092 9243/9243 1270/1270
f 1270/1270 1269/1269 7091/7091
f 73/73 27/27 7093/7093
f 7094/7094 3450/3450 3449/3449
f 7095/7095 9244/9244 7096/7096
f 3440/3440 6593/6593 824/824
f 926/926 925/925 283/283
f 1894/1894 6907/6907 7099/7099
f 7099/7099 6460/6460 1895/1895
f 7100/7100 9245/9245 7101/7101
f 7102/7102 9246/9246 7100/7100
f 4241/4241 4152/4152 4121/4121
f 263/263 361/361 360/360
f 6566/6566 5467/5467 3520/3520
f 7106/7106 2309/2309 2311/2311
f 7104/7104 8169/8169 7105/7105
f 7106/7106 2311/2311 7104/7104
f 5122/5122 7843/7843 4316/4316
f 7108/7108 233/233 232/232
f 232/232 9247/9247 7107/7107
f 7109/7109 6845/6845 7110/7110
f 7055/7055 7057/7057 7114/7114
f 7114/7114 1868/1868 7115/7115
f 1746/1746 1745/1745 4849/4849
f 4849/4849 1201/1201 7119/7119
f 2309/2309 8714/8714 4877/4877
f 7339/7339 9248/9248 9249/9249
f 7336/7336 7339/7339 9249/9249
f 6560/6560 2056/2056 7336/7336
f 9250/9250 9099/9099 6560/6560
f 9251/9251 9250/9250 6560/6560
f 6560/6560 7336/7336 9249/9249
f 6560/6560 9249/9249 7120/7120
f 7121/7121 9251/9251 6560/6560
f 7122/7122 368/368 370/370
f 370/370 9067/9067 2700/2700
f 2700/2700 209/209 3338/3338
f 3338/3338 3337/3337 7122/7122
f 7122/7122 370/370 2700/2700
f 3709/3709 3708/3708 7124/7124
f 7127/7127 4608/4608 4537/4537
f 4537/4537 5179/5179 1461/1461
f 1461/1461 9252/9252 7126/7126
f 7126/7126 9253/9253 8099/8099
f 7126/7126 8099/8099 9254/9254
f 7127/7127 4537/4537 1461/1461
f 7126/7126 9254/9254 7127/7127
f 3474/3474 9255/9255 7134/7134
f 4373/4373 6681/6681 5747/5747
f 7138/7138 9256/9256 7139/7139
f 6398/6398 1826/1826 256/256
f 256/256 9075/9075 6920/6920
f 7142/7142 4295/4295 4297/4297
f 7146/7146 5096/5096 7147/7147
f 7150/7150 3191/3191 3190/3190
f 3396/3396 3395/3395 7155/7155
f 5261/5261 5260/5260 7159/7159
f 7159/7159 7650/7650 7160/7160
f 5562/5562 9257/9257 1836/1836
f 7165/7165 9258/9258 7164/7164
f 7164/7164 8584/8584 2638/2638
f 1284/1284 1283/1283 3115/3115
f 1067/1067 1069/1069 7166/7166
f 7167/7167 9259/9259 6725/6725
f 6725/6725 1569/1569 5812/5812
f 5812/5812 4507/4507 7167/7167
f 6292/6292 7439/7439 4437/4437
f 5390/5390 5392/5392 7168/7168
f 7170/7170 9260/9260 7171/7171
f 410/410 7903/7903 7172/7172
f 2654/2654 1115/1115 7174/7174
f 7180/7180 1499/1499 1498/1498
f 1498/1498 9261/9261 7179/7179
f 7183/7183 9262/9262 7181/7181
f 7181/7181 9263/9263 7182/7182
f 2781/2781 7497/7497 4498/4498
f 4498/4498 5980/5980 2782/2782
f 7184/7184 6766/6766 6576/6576
f 6576/6576 5062/5062 5063/5063
f 6846/6846 6562/6562 6567/6567
f 9264/9264 9265/9265 4204/4204
f 6846/6846 6567/6567 9264/9264
f 5089/5089 5911/5911 6846/6846
f 4204/4204 4141/4141 4074/4074
f 4074/4074 5089/5089 6846/6846
f 6846/6846 9264/9264 4204/4204
f 3415/3415 2740/2740 3476/3476
f 7188/7188 9266/9266 7186/7186
f 7186/7186 9267/9267 7187/7187
f 4068/4068 1663/1663 2413/2413
f 7190/7190 6764/6764 7189/7189
f 7189/7189 5932/5932 6389/6389
f 7191/7191 4489/4489 4491/4491
f 4491/4491 3133/3133 313/313
f 386/386 2073/2073 5449/5449
f 5449/5449 2133/2133 4041/4041
f 4043/4043 7296/7296 386/386
f 5449/5449 4041/4041 4043/4043
f 7192/7192 9268/9268 7193/7193
f 7194/7194 9269/9269 6823/6823
f 7195/7195 9270/9270 7196/7196
f 5494/5494 6858/6858 5462/5462
f 7199/7199 5725/5725 7146/7146
f 7148/7148 5095/5095 4924/4924
f 7199/7199 7146/7146 7148/7148
f 9271/9271 9272/9272 7199/7199
f 6544/6544 6543/6543 9271/9271
f 4924/4924 6807/6807 6544/6544
f 7199/7199 7148/7148 4924/4924
f 6544/6544 9271/9271 7199/7199
f 4845/4845 5790/5790 7203/7203
f 7207/7207 1146/1146 7205/7205
f 7205/7205 7427/7427 7206/7206
f 2597/2597 1231/1231 1230/1230
f 1230/1230 9273/9273 7208/7208
f 2648/2648 6551/6551 5821/5821
f 2723/2723 2725/2725 7210/7210
f 7210/7210 6982/6982 6981/6981
f 6981/6981 8409/8409 5061/5061
f 5060/5060 2723/2723 7210/7210
f 6981/6981 5061/5061 5060/5060
f 2382/2382 4835/4835 7211/7211
f 6880/6880 4406/4406 4405/4405
f 7215/7215 7729/7729 7216/7216
f 7218/7218 7136/7136 7219/7219
f 7221/7221 9274/9274 7222/7222
f 7228/7228 2653/2653 2652/2652
f 2652/2652 9275/9275 7227/7227
f 5242/5242 2872/2872 155/155
f 155/155 7812/7812 9276/9276
f 155/155 9276/9276 9277/9277
f 4422/4422 5242/5242 155/155
f 155/155 9277/9277 7230/7230
f 7231/7231 3117/3117 4810/4810
f 7537/7537 2493/2493 2504/2504
f 2504/2504 4914/4914 9278/9278
f 7233/7233 8819/8819 7234/7234
f 2504/2504 9278/9278 7233/7233
f 7234/7234 7537/7537 2504/2504
f 1722/1722 1721/1721 4178/4178
f 4178/4178 4180/4180 6474/6474
f 7236/7236 2484/2484 7237/7237
f 6576/6576 2723/2723 5060/5060
f 5111/5111 7980/7980 7243/7243
f 7243/7243 2985/2985 2987/2987
f 5327/5327 6220/6220 2261/2261
f 3781/3781 9279/9279 7244/7244
f 3310/3310 8498/8498 7245/7245
f 2304/2304 2566/2566 2567/2567
f 7247/7247 8965/8965 2552/2552
f 7253/7253 7441/7441 7251/7251
f 7251/7251 6443/6443 7252/7252
f 4023/4023 9280/9280 3870/3870
f 3870/3870 3869/3869 4024/4024
f 4745/4745 5798/5798 7255/7255
f 7255/7255 7510/7510 5035/5035
f 1106/1106 4555/4555 7256/7256
f 2941/2941 8107/8107 7260/7260
f 7260/7260 8995/8995 2942/2942
f 3427/3427 7657/7657 4221/4221
f 6877/6877 7833/7833 362/362
f 7262/7262 2306/2306 2305/2305
f 2880/2880 2882/2882 9281/9281
f 9281/9281 9282/9282 4832/4832
f 4832/4832 9283/9283 6779/6779
f 6779/6779 5926/5926 8887/8887
f 8887/8887 9284/9284 9285/9285
f 9286/9286 9287/9287 9288/9288
f 6779/6779 8887/8887 9285/9285
f 9286/9286 9288/9288 7263/7263
f 6779/6779 9285/9285 9286/9286
f 9281/9281 4832/4832 6779/6779
f 7263/7263 9289/9289 2880/2880
f 2880/2880 9281/9281 6779/6779
f 6779/6779 9286/9286 7263/7263
f 4066/4066 1652/1652 1651/1651
f 1651/1651 5272/5272 5274/5274
f 5274/5274 1683/1683 1684/1684
f 1684/1684 4883/4883 4066/4066
f 4066/4066 1651/1651 5274/5274
f 4922/4922 4921/4921 7076/7076
f 7076/7076 6118/6118 6932/6932
f 7265/7265 5515/5515 5514/5514
f 5514/5514 5513/5513 6713/6713
f 6713/6713 9152/9152 7266/7266
f 7266/7266 9290/9290 7265/7265
f 7265/7265 5514/5514 6713/6713
f 2960/2960 5253/5253 7267/7267
f 7269/7269 6214/6214 3714/3714
f 3714/3714 3713/3713 7268/7268
f 7270/7270 5813/5813 6818/6818
f 7271/7271 5414/5414 5416/5416
f 6672/6672 9291/9291 7117/7117
f 7117/7117 8159/8159 6670/6670
f 7273/7273 9292/9292 7274/7274
f 7277/7277 5433/5433 7276/7276
f 7276/7276 3059/3059 3058/3058
f 3058/3058 5434/5434 7277/7277
f 5565/5565 5567/5567 6881/6881
f 7286/7286 4714/4714 5564/5564
f 5526/5526 5525/5525 5528/5528
f 7288/7288 3762/3762 6408/6408
f 7290/7290 1035/1035 1034/1034
f 6986/6986 9293/9293 7291/7291
f 7291/7291 8082/8082 6928/6928
f 6928/6928 6521/6521 6986/6986
f 7299/7299 8650/8650 4545/4545
f 4545/4545 5342/5342 7298/7298
f 108/108 9294/9294 7300/7300
f 946/946 945/945 984/984
f 3856/3856 1402/1402 1404/1404
f 2714/2714 1612/1612 5549/5549
f 2504/2504 2505/2505 7301/7301
f 7302/7302 1720/1720 6475/6475
f 7306/7306 6589/6589 5434/5434
f 5434/5434 7864/7864 7305/7305
f 4210/4210 4209/4209 4691/4691
f 7309/7309 7752/7752 7276/7276
f 674/674 7452/7452 5116/5116
f 5981/5981 5980/5980 7311/7311
f 3014/3014 3013/3013 4551/4551
f 6649/6649 9295/9295 5374/5374
f 4801/4801 4215/4215 6754/6754
f 7314/7314 6294/6294 5968/5968
f 390/390 2703/2703 2702/2702
f 5631/5631 5935/5935 5933/5933
f 1372/1372 5766/5766 5445/5445
f 5445/5445 7383/7383 9296/9296
f 7320/7320 9297/9297 7321/7321
f 5445/5445 9296/9296 7320/7320
f 7321/7321 1372/1372 5445/5445
f 6842/6842 809/809 808/808
f 4784/4784 9298/9298 2176/2176
f 6265/6265 6757/6757 6756/6756
f 6756/6756 9299/9299 7328/7328
f 7329/7329 1916/1916 1977/1977
f 6210/6210 6209/6209 2665/2665
f 2287/2287 3101/3101 3224/3224
f 2896/2896 2950/2950 2952/2952
f 2952/2952 2953/2953 2989/2989
f 2989/2989 2897/2897 2896/2896
f 1453/1453 5150/5150 5531/5531
f 5931/5931 6860/6860 3071/3071
f 5045/5045 4472/4472 4471/4471
f 2341/2341 1880/1880 7063/7063
f 5096/5096 7146/7146 5725/5725
f 5476/5476 5307/5307 3583/3583
f 3583/3583 9300/9300 9301/9301
f 7347/7347 5136/5136 1899/1899
f 3583/3583 9301/9301 7347/7347
f 1899/1899 5476/5476 3583/3583
f 3094/3094 2463/2463 2462/2462
f 3030/3030 6294/6294 7314/7314
f 7353/7353 9302/9302 7354/7354
f 7354/7354 6441/6441 7355/7355
f 7355/7355 9303/9303 7353/7353
f 1785/1785 9102/9102 7360/7360
f 7360/7360 9304/9304 2604/2604
f 7361/7361 9305/9305 7362/7362
f 7365/7365 6773/6773 2927/2927
f 7378/7378 7908/7908 7377/7377
f 7377/7377 2283/2283 2282/2282
f 4728/4728 2968/2968 2970/2970
f 7379/7379 6278/6278 7380/7380
f 5539/5539 4760/4760 7381/7381
f 7381/7381 4759/4759 7382/7382
f 7382/7382 9296/9296 7383/7383
f 7383/7383 5539/5539 7381/7381
f 7385/7385 6935/6935 7384/7384
f 7384/7384 7669/7669 2603/2603
f 7389/7389 7369/7369 5935/5935
f 5935/5935 5631/5631 5630/5630
f 1776/1776 3094/3094 3951/3951
f 4862/4862 1528/1528 4720/4720
f 6374/6374 6373/6373 7390/7390
f 7390/7390 9306/9306 5277/5277
f 6979/6979 5894/5894 6493/6493
f 4650/4650 9307/9307 9308/9308
f 9308/9308 9309/9309 7392/7392
f 7392/7392 7284/7284 7043/7043
f 7042/7042 7041/7041 7037/7037
f 7392/7392 7043/7043 7042/7042
f 4650/4650 9308/9308 7392/7392
f 7042/7042 7037/7037 4650/4650
f 5174/5174 8760/8760 7393/7393
f 4874/4874 8322/8322 6757/6757
f 6140/6140 4934/4934 7243/7243
f 4302/4302 9310/9310 6964/6964
f 2849/2849 2851/2851 7395/7395
f 7420/7420 7419/7419 7208/7208
f 7208/7208 5258/5258 5250/5250
f 7396/7396 7420/7420 7208/7208
f 7209/7209 748/748 5821/5821
f 7262/7262 5508/5508 7397/7397
f 7397/7397 9303/9303 7355/7355
f 7355/7355 2306/2306 7262/7262
f 7399/7399 4842/4842 5366/5366
f 5366/5366 6719/6719 9154/9154
f 6718/6718 6550/6550 6141/6141
f 5366/5366 9154/9154 6718/6718
f 6718/6718 6141/6141 7399/7399
f 3706/3706 3570/3570 3569/3569
f 3569/3569 3568/3568 3707/3707
f 5696/5696 4553/4553 6661/6661
f 9311/9311 9312/9312 9313/9313
f 9313/9313 9314/9314 9315/9315
f 7400/7400 9316/9316 7491/7491
f 9313/9313 9315/9315 7400/7400
f 2890/2890 2892/2892 9311/9311
f 9311/9311 9313/9313 7400/7400
f 7400/7400 7491/7491 4830/4830
f 4830/4830 4832/4832 9282/9282
f 2890/2890 9311/9311 7400/7400
f 4830/4830 9282/9282 2890/2890
f 7402/7402 8002/8002 5447/5447
f 5447/5447 9317/9317 7401/7401
f 7403/7403 2796/2796 1640/1640
f 5050/5050 7162/7162 4698/4698
f 7407/7407 7841/7841 6899/6899
f 6899/6899 2335/2335 4449/4449
f 7411/7411 9318/9318 7410/7410
f 7410/7410 7732/7732 5986/5986
f 7412/7412 6157/6157 4480/4480
f 818/818 9319/9319 7414/7414
f 7414/7414 7739/7739 7415/7415
f 7415/7415 9320/9320 818/818
f 7416/7416 9321/9321 4980/4980
f 4980/4980 397/397 2405/2405
f 7417/7417 8456/8456 7418/7418
f 7420/7420 8642/8642 1937/1937
f 1937/1937 3089/3089 7419/7419
f 7423/7423 9322/9322 7421/7421
f 7421/7421 7825/7825 7422/7422
f 4871/4871 5825/5825 5824/5824
f 5824/5824 4965/4965 4872/4872
f 3034/3034 9323/9323 7424/7424
f 7424/7424 7425/7425 6347/6347
f 4596/4596 4595/4595 5464/5464
f 7429/7429 5545/5545 5546/5546
f 7432/7432 9324/9324 9325/9325
f 9325/9325 8132/8132 266/266
f 266/266 9326/9326 7431/7431
f 7431/7431 9327/9327 7432/7432
f 7432/7432 9325/9325 266/266
f 6136/6136 3820/3820 7434/7434
f 2525/2525 4045/4045 4044/4044
f 815/815 814/814 1666/1666
f 7439/7439 6292/6292 5960/5960
f 4438/4438 8164/8164 7440/7440
f 5557/5557 7251/7251 7441/7441
f 7441/7441 9328/9328 7442/7442
f 9329/9329 1147/1147 1146/1146
f 1146/1146 7207/7207 7444/7444
f 7444/7444 9330/9330 9331/9331
f 9331/9331 9332/9332 9333/9333
f 7445/7445 4998/4998 9329/9329
f 7444/7444 9331/9331 9333/9333
f 7445/7445 9329/9329 1146/1146
f 7444/7444 9333/9333 7445/7445
f 3699/3699 8475/8475 1749/1749
f 1111/1111 7889/7889 3444/3444
f 674/674 676/676 6914/6914
f 6914/6914 6186/6186 7452/7452
f 7453/7453 3779/3779 2401/2401
f 893/893 1398/1398 1374/1374
f 7457/7457 9334/9334 7456/7456
f 7456/7456 6910/6910 3254/3254
f 4490/4490 5529/5529 5297/5297
f 3577/3577 8309/8309 7459/7459
f 7459/7459 8310/8310 7460/7460
f 7460/7460 4542/4542 3577/3577
f 1656/1656 3076/3076 7462/7462
f 603/603 9335/9335 7463/7463
f 7463/7463 5868/5868 5867/5867
f 5867/5867 6269/6269 603/603
f 6128/6128 9336/9336 7464/7464
f 7464/7464 8653/8653 6129/6129
f 7465/7465 8123/8123 7466/7466
f 7468/7468 2789/2789 2737/2737
f 6033/6033 8503/8503 5412/5412
f 5412/5412 7820/7820 5504/5504
f 1566/1566 6033/6033 5412/5412
f 6092/6092 4472/4472 6324/6324
f 6324/6324 9337/9337 7470/7470
f 7471/7471 9085/9085 4007/4007
f 2769/2769 2771/2771 7473/7473
f 4410/4410 2175/2175 4966/4966
f 4966/4966 4968/4968 4411/4411
f 7478/7478 5774/5774 6743/6743
f 6743/6743 5576/5576 7477/7477
f 7477/7477 9338/9338 7478/7478
f 3789/3789 1500/1500 1351/1351
f 2201/2201 4829/4829 5889/5889
f 5595/5595 6222/6222 7487/7487
f 7487/7487 5157/5157 5391/5391
f 7319/7319 5932/5932 2351/2351
f 7488/7488 7483/7483 2997/2997
f 9339/9339 7602/7602 7490/7490
f 7491/7491 9316/9316 9340/9340
f 962/962 964/964 7489/7489
f 7491/7491 9340/9340 962/962
f 7489/7489 9339/9339 7490/7490
f 7491/7491 962/962 7489/7489
f 7495/7495 6546/6546 4288/4288
f 4288/4288 1320/1320 7588/7588
f 4288/4288 7588/7588 7671/7671
f 2693/2693 2692/2692 7495/7495
f 4288/4288 7671/7671 7494/7494
f 7494/7494 2693/2693 7495/7495
f 1035/1035 7290/7290 4694/4694
f 4694/4694 6893/6893 6892/6892
f 7497/7497 8698/8698 4705/4705
f 4705/4705 5174/5174 7496/7496
f 4830/4830 7491/7491 7498/7498
f 5049/5049 4700/4700 4699/4699
f 7500/7500 3083/3083 3085/3085
f 1288/1288 1287/1287 915/915
f 5011/5011 5010/5010 4255/4255
f 6480/6480 6003/6003 3237/3237
f 7505/7505 9341/9341 3848/3848
f 3848/3848 3850/3850 7504/7504
f 2901/2901 7356/7356 4677/4677
f 6119/6119 9342/9342 7506/7506
f 7507/7507 258/258 7508/7508
f 7510/7510 5244/5244 4436/4436
f 2826/2826 4746/4746 2356/2356
f 7512/7512 1075/1075 3166/3166
f 5660/5660 7517/7517 7514/7514
f 2107/2107 2001/2001 2000/2000
f 4814/4814 4120/4120 1637/1637
f 6085/6085 9343/9343 7519/7519
f 7519/7519 5906/5906 7476/7476
f 7049/7049 9231/9231 7520/7520
f 7520/7520 7741/7741 7521/7521
f 5428/5428 4744/4744 7522/7522
f 7202/7202 8396/8396 5738/5738
f 7528/7528 9344/9344 5823/5823
f 7202/7202 5738/5738 7528/7528
f 5823/5823 2894/2894 7200/7200
f 7200/7200 7202/7202 7528/7528
f 4120/4120 4859/4859 4861/4861
f 7105/7105 6957/6957 5792/5792
f 5792/5792 8714/8714 2309/2309
f 7106/7106 7105/7105 5792/5792
f 3866/3866 3865/3865 1157/1157
f 5087/5087 5953/5953 7533/7533
f 7533/7533 2841/2841 5085/5085
f 5411/5411 8500/8500 4499/4499
f 4499/4499 7393/7393 7535/7535
f 7535/7535 8499/8499 5411/5411
f 3422/3422 4777/4777 64/64
f 64/64 61/61 558/558
f 7538/7538 8048/8048 7539/7539
f 42/42 44/44 5312/5312
f 5312/5312 6239/6239 4982/4982
f 407/407 9345/9345 6233/6233
f 6233/6233 4899/4899 408/408
f 7550/7550 3287/3287 7548/7548
f 7548/7548 9346/9346 7549/7549
f 7551/7551 966/966 5044/5044
f 1112/1112 7447/7447 7552/7552
f 7552/7552 3714/3714 6214/6214
f 6214/6214 4988/4988 4987/4987
f 4987/4987 9182/9182 1112/1112
f 7552/7552 6214/6214 4987/4987
f 3514/3514 3550/3550 7553/7553
f 7559/7559 9347/9347 5963/5963
f 5963/5963 6773/6773 7560/7560
f 3742/3742 3744/3744 6697/6697
f 1553/1553 1555/1555 7561/7561
f 7562/7562 8203/8203 2336/2336
f 2336/2336 6899/6899 7563/7563
f 7563/7563 9348/9348 7562/7562
f 6069/6069 9349/9349 7564/7564
f 7564/7564 8051/8051 5254/5254
f 3714/3714 7552/7552 7447/7447
f 7447/7447 3446/3446 9350/9350
f 7565/7565 3712/3712 3714/3714
f 7447/7447 9350/9350 7565/7565
f 7566/7566 4831/4831 7498/7498
f 4275/4275 4298/4298 4254/4254
f 3737/3737 4207/4207 4275/4275
f 7574/7574 4369/4369 7006/7006
f 7006/7006 7005/7005 7573/7573
f 7078/7078 7894/7894 1426/1426
f 7576/7576 5811/5811 2115/2115
f 2115/2115 5672/5672 1764/1764
f 1764/1764 1763/1763 7576/7576
f 7578/7578 5435/5435 9351/9351
f 9351/9351 9352/9352 7579/7579
f 7579/7579 9353/9353 9354/9354
f 9354/9354 8176/8176 7580/7580
f 7580/7580 8175/8175 4653/4653
f 7578/7578 9351/9351 7579/7579
f 7580/7580 4653/4653 7578/7578
f 7579/7579 9354/9354 7580/7580
f 6876/6876 7620/7620 3550/3550
f 3550/3550 3549/3549 6874/6874
f 3737/3737 3736/3736 4236/4236
f 4715/4715 7286/7286 7287/7287
f 7287/7287 5564/5564 6881/6881
f 6881/6881 8526/8526 7582/7582
f 7583/7583 4715/4715 7287/7287
f 7287/7287 6881/6881 7582/7582
f 7585/7585 1064/1064 1066/1066
f 1066/1066 9355/9355 7584/7584
f 7586/7586 5071/5071 7587/7587
f 1320/1320 1322/1322 2691/2691
f 2691/2691 2693/2693 7588/7588
f 6277/6277 6198/6198 4882/4882
f 7589/7589 9252/9252 1461/1461
f 1461/1461 8560/8560 5196/5196
f 5196/5196 8762/8762 7589/7589
f 7594/7594 7518/7518 2000/2000
f 2000/2000 9356/9356 7593/7593
f 7596/7596 9357/9357 7595/7595
f 7595/7595 8063/8063 6636/6636
f 5452/5452 9358/9358 7597/7597
f 9359/9359 9360/9360 7598/7598
f 7598/7598 9361/9361 9362/9362
f 9362/9362 3083/3083 7500/7500
f 7500/7500 9363/9363 7599/7599
f 7599/7599 9359/9359 7598/7598
f 7598/7598 9362/9362 7500/7500
f 2970/2970 8714/8714 5792/5792
f 5792/5792 5498/5498 5497/5497
f 7267/7267 5253/5253 6695/6695
f 3801/3801 9364/9364 7600/7600
f 3046/3046 6330/6330 7601/7601
f 7601/7601 9001/9001 6187/6187
f 7602/7602 9164/9164 4850/4850
f 7604/7604 5994/5994 5993/5993
f 5993/5993 7031/7031 5579/5579
f 7605/7605 6351/6351 6350/6350
f 6880/6880 5567/5567 5742/5742
f 5742/5742 8918/8918 4406/4406
f 7416/7416 2405/2405 2404/2404
f 7611/7611 3074/3074 4861/4861
f 2895/2895 9210/9210 7615/7615
f 7619/7619 7554/7554 7553/7553
f 7622/7622 5971/5971 2893/2893
f 2893/2893 879/879 7621/7621
f 7621/7621 9365/9365 7622/7622
f 7625/7625 1943/1943 4803/4803
f 7632/7632 6778/6778 6779/6779
f 6779/6779 9283/9283 4991/4991
f 7163/7163 9366/9366 7633/7633
f 7633/7633 9367/9367 7509/7509
f 7143/7143 4297/4297 284/284
f 7635/7635 8723/8723 7636/7636
f 5864/5864 8359/8359 5537/5537
f 7638/7638 9368/9368 7639/7639
f 7639/7639 8940/8940 5344/5344
f 5344/5344 8797/8797 7638/7638
f 7641/7641 9369/9369 3514/3514
f 7643/7643 6331/6331 6330/6330
f 6330/6330 3046/3046 3045/3045
f 7644/7644 7782/7782 5351/5351
f 3770/3770 7973/7973 2297/2297
f 7648/7648 6767/6767 6768/6768
f 6768/6768 9370/9370 4453/4453
f 4453/4453 4455/4455 7648/7648
f 924/924 3904/3904 6200/6200
f 7651/7651 9371/9371 6293/6293
f 6293/6293 5480/5480 6612/6612
f 3102/3102 3104/3104 4020/4020
f 7652/7652 8905/8905 5231/5231
f 5232/5232 4925/4925 7054/7054
f 7652/7652 5231/5231 5232/5232
f 7054/7054 9372/9372 7652/7652
f 2275/2275 7908/7908 7378/7378
f 7378/7378 7654/7654 2273/2273
f 7653/7653 9373/9373 6803/6803
f 6803/6803 5899/5899 3936/3936
f 3936/3936 6751/6751 7513/7513
f 7513/7513 3166/3166 7940/7940
f 7513/7513 7940/7940 1163/1163
f 6803/6803 3936/3936 7513/7513
f 7513/7513 1163/1163 7653/7653
f 2235/2235 3321/3321 2322/2322
f 7654/7654 8507/8507 5516/5516
f 6037/6037 9374/9374 7658/7658
f 7658/7658 7657/7657 3477/3477
f 3528/3528 3527/3527 2194/2194
f 7658/7658 3477/3477 3528/3528
f 2193/2193 6037/6037 7658/7658
f 3528/3528 2194/2194 2193/2193
f 4108/4108 5487/5487 7659/7659
f 1349/1349 9375/9375 7660/7660
f 6171/6171 6947/6947 6340/6340
f 6340/6340 2032/2032 1917/1917
f 6354/6354 6171/6171 6340/6340
f 5636/5636 8393/8393 6729/6729
f 6729/6729 4446/4446 4448/4448
f 2003/2003 2002/2002 7665/7665
f 5556/5556 6441/6441 7251/7251
f 7352/7352 6478/6478 7667/7667
f 6286/6286 7659/7659 7670/7670
f 7671/7671 7588/7588 2693/2693
f 5195/5195 5194/5194 5631/5631
f 6288/6288 8484/8484 9376/9376
f 7672/7672 958/958 957/957
f 6288/6288 9376/9376 7672/7672
f 2294/2294 9377/9377 1661/1661
f 1661/1661 1581/1581 1802/1802
f 1802/1802 1801/1801 2294/2294
f 7674/7674 9378/9378 3013/3013
f 3013/3013 3012/3012 7673/7673
f 7676/7676 9379/9379 7675/7675
f 7675/7675 6614/6614 6052/6052
f 7677/7677 9380/9380 7678/7678
f 7678/7678 241/241 240/240
f 7679/7679 9381/9381 7680/7680
f 4268/4268 5374/5374 7780/7780
f 7780/7780 8412/8412 6609/6609
f 6609/6609 9109/9109 9382/9382
f 7681/7681 9383/9383 9384/9384
f 6609/6609 9382/9382 7681/7681
f 4268/4268 7780/7780 6609/6609
f 9385/9385 5380/5380 4268/4268
f 9384/9384 9386/9386 7682/7682
f 7682/7682 9385/9385 4268/4268
f 4268/4268 6609/6609 7681/7681
f 7681/7681 9384/9384 7682/7682
f 7686/7686 866/866 785/785
f 7691/7691 9387/9387 721/721
f 721/721 8289/8289 7690/7690
f 9388/9388 9389/9389 4992/4992
f 4992/4992 7567/7567 7498/7498
f 7498/7498 7707/7707 9390/9390
f 7694/7694 9388/9388 4992/4992
f 7498/7498 9390/9390 7694/7694
f 2642/2642 2641/2641 7695/7695
f 7702/7702 6716/6716 7701/7701
f 7701/7701 2798/2798 5777/5777
f 4464/4464 6299/6299 6836/6836
f 7385/7385 2603/2603 2602/2602
f 7703/7703 5609/5609 7704/7704
f 7707/7707 7498/7498 7491/7491
f 7491/7491 7490/7490 6195/6195
f 7708/7708 3326/3326 1804/1804
f 3163/3163 3225/3225 4221/4221
f 3035/3035 9391/9391 4634/4634
f 4634/4634 4503/4503 3036/3036
f 7624/7624 1336/1336 6198/6198
f 7466/7466 8123/8123 3858/3858
f 3858/3858 3857/3857 7715/7715
f 7716/7716 9392/9392 2978/2978
f 4605/4605 8660/8660 7717/7717
f 7717/7717 818/818 9320/9320
f 7717/7717 9320/9320 9393/9393
f 9394/9394 4605/4605 7717/7717
f 7719/7719 9394/9394 7717/7717
f 7717/7717 9393/9393 7718/7718
f 7720/7720 9395/9395 7721/7721
f 3221/3221 3220/3220 7724/7724
f 262/262 2224/2224 361/361
f 8550/8550 686/686 8368/8368
f 6744/6744 6745/6745 9396/9396
f 8550/8550 8368/8368 6744/6744
f 5266/5266 687/687 8550/8550
f 7728/7728 3621/3621 5266/5266
f 9397/9397 3622/3622 7728/7728
f 6744/6744 9396/9396 9397/9397
f 5266/5266 8550/8550 6744/6744
f 6744/6744 9397/9397 7728/7728
f 1422/1422 4506/4506 4719/4719
f 1337/1337 4958/4958 7729/7729
f 7730/7730 3322/3322 2235/2235
f 2235/2235 1256/1256 1255/1255
f 7410/7410 9398/9398 7731/7731
f 7731/7731 5795/5795 7732/7732
f 9193/9193 4760/4760 1860/1860
f 1860/1860 1859/1859 7735/7735
f 7735/7735 9399/9399 9400/9400
f 9400/9400 2394/2394 6912/6912
f 6912/6912 9193/9193 1860/1860
f 7735/7735 9400/9400 6912/6912
f 7737/7737 9401/9401 4648/4648
f 4648/4648 4650/4650 7037/7037
f 7037/7037 9225/9225 7738/7738
f 7737/7737 4648/4648 7037/7037
f 1802/1802 1581/1581 1580/1580
f 7741/7741 7520/7520 7739/7739
f 7739/7739 7414/7414 7740/7740
f 3104/3104 3134/3134 3136/3136
f 3136/3136 9402/9402 4020/4020
f 3266/3266 3265/3265 1418/1418
f 2277/2277 7073/7073 5645/5645
f 7508/7508 258/258 260/260
f 2277/2277 5645/5645 7508/7508
f 2424/2424 2423/2423 4704/4704
f 4704/4704 2048/2048 4681/4681
f 7750/7750 2424/2424 4704/4704
f 6116/6116 2909/2909 4539/4539
f 4539/4539 4538/4538 5344/5344
f 91/91 4815/4815 2063/2063
f 2063/2063 2062/2062 7751/7751
f 7752/7752 7755/7755 7753/7753
f 1666/1666 1816/1816 6135/6135
f 9403/9403 9404/9404 7756/7756
f 7756/7756 9405/9405 6192/6192
f 6194/6194 5637/5637 6445/6445
f 7756/7756 6192/6192 6194/6194
f 6445/6445 9403/9403 7756/7756
f 6269/6269 5867/5867 5373/5373
f 5373/5373 6939/6939 6942/6942
f 6328/6328 4839/4839 1543/1543
f 1543/1543 1542/1542 6329/6329
f 4375/4375 4377/4377 7759/7759
f 7759/7759 9406/9406 7760/7760
f 5743/5743 5749/5749 5748/5748
f 5748/5748 7617/7617 5662/5662
f 7765/7765 3032/3032 3034/3034
f 3034/3034 6347/6347 7766/7766
f 7767/7767 181/181 1244/1244
f 7769/7769 3341/3341 3340/3340
f 6330/6330 6332/6332 3315/3315
f 7774/7774 8409/8409 6980/6980
f 6980/6980 9407/9407 7673/7673
f 7673/7673 3012/3012 7774/7774
f 7778/7778 9408/9408 7606/7606
f 6772/6772 5964/5964 2925/2925
f 1982/1982 1835/1835 7706/7706
f 5374/5374 9295/9295 7779/7779
f 7779/7779 8412/8412 7780/7780
f 3180/3180 9409/9409 7781/7781
f 6484/6484 9106/9106 5198/5198
f 7783/7783 834/834 7782/7782
f 7782/7782 7644/7644 4034/4034
f 9410/9410 9411/9411 9412/9412
f 9412/9412 9413/9413 7784/7784
f 7784/7784 9414/9414 8739/8739
f 8739/8739 5033/5033 6384/6384
f 6384/6384 8025/8025 8911/8911
f 8911/8911 5725/5725 7199/7199
f 7199/7199 9415/9415 9410/9410
f 9410/9410 9412/9412 7784/7784
f 7784/7784 8739/8739 6384/6384
f 6384/6384 8911/8911 7199/7199
f 7199/7199 9410/9410 7784/7784
f 6829/6829 2283/2283 7377/7377
f 7377/7377 7909/7909 6029/6029
f 3126/3126 7851/7851 7785/7785
f 7586/7586 1552/1552 5039/5039
f 7793/7793 6927/6927 5986/5986
f 5986/5986 7732/7732 5795/5795
f 5795/5795 5794/5794 7793/7793
f 7796/7796 9416/9416 9417/9417
f 7797/7797 7126/7126 9252/9252
f 7796/7796 9417/9417 7797/7797
f 7589/7589 8762/8762 7796/7796
f 7797/7797 9252/9252 7589/7589
f 6831/6831 7561/7561 7798/7798
f 5888/5888 6701/6701 7799/7799
f 6509/6509 6508/6508 9418/9418
f 6509/6509 9418/9418 7800/7800
f 7801/7801 9419/9419 6509/6509
f 5875/5875 5874/5874 5877/5877
f 5877/5877 8727/8727 4376/4376
f 5877/5877 4376/4376 8157/8157
f 6812/6812 5875/5875 5877/5877
f 5877/5877 8157/8157 7802/7802
f 2942/2942 6012/6012 4272/4272
f 7803/7803 9420/9420 3003/3003
f 3003/3003 5681/5681 5680/5680
f 5680/5680 5984/5984 7804/7804
f 9421/9421 7902/7902 7805/7805
f 3003/3003 5680/5680 7804/7804
f 7804/7804 9421/9421 7805/7805
f 7805/7805 7139/7139 7803/7803
f 7803/7803 3003/3003 7804/7804
f 7810/7810 9422/9422 9423/9423
f 9423/9423 9424/9424 7811/7811
f 7811/7811 9425/9425 9426/9426
f 7811/7811 9426/9426 7809/7809
f 7810/7810 9423/9423 7811/7811
f 6642/6642 9427/9427 675/675
f 5661/5661 5662/5662 7617/7617
f 7617/7617 7616/7616 7813/7813
f 7813/7813 5211/5211 5661/5661
f 7189/7189 6764/6764 7814/7814
f 7815/7815 2760/2760 4594/4594
f 2485/2485 9428/9428 7817/7817
f 6360/6360 9429/9429 3805/3805
f 3113/3113 3107/3107 3424/3424
f 4381/4381 4383/4383 7345/7345
f 3113/3113 3424/3424 4381/4381
f 7344/7344 3114/3114 3113/3113
f 4381/4381 7345/7345 7344/7344
f 3370/3370 5321/5321 5322/5322
f 2325/2325 6587/6587 3492/3492
f 3066/3066 3068/3068 6569/6569
f 6569/6569 6740/6740 7822/7822
f 5389/5389 8426/8426 7825/7825
f 7144/7144 2226/2226 6592/6592
f 1319/1319 1318/1318 7826/7826
f 2578/2578 1065/1065 1064/1064
f 4404/4404 4403/4403 5943/5943
f 7828/7828 6761/6761 7829/7829
f 1751/1751 1445/1445 3029/3029
f 1627/1627 574/574 567/567
f 2769/2769 9222/9222 6555/6555
f 6555/6555 5022/5022 2770/2770
f 5149/5149 576/576 4679/4679
f 7834/7834 4795/4795 3395/3395
f 3563/3563 7954/7954 5765/5765
f 1040/1040 2183/2183 5394/5394
f 5394/5394 1059/1059 6956/6956
f 4316/4316 1040/1040 5394/5394
f 1042/1042 5540/5540 5541/5541
f 2793/2793 2823/2823 2822/2822
f 2822/2822 9430/9430 7836/7836
f 2794/2794 2793/2793 2822/2822
f 1373/1373 1375/1375 6048/6048
f 6048/6048 5230/5230 893/893
f 7838/7838 9431/9431 3286/3286
f 3286/3286 1193/1193 7837/7837
f 4107/4107 6115/6115 7032/7032
f 2915/2915 2914/2914 4764/4764
f 4764/4764 4757/4757 6983/6983
f 1858/1858 1860/1860 7839/7839
f 5786/5786 4613/4613 414/414
f 7841/7841 6702/6702 6727/6727
f 1964/1964 9432/9432 1039/1039
f 1039/1039 916/916 1965/1965
f 6763/6763 8457/8457 7845/7845
f 7845/7845 9433/9433 7829/7829
f 7829/7829 6761/6761 6763/6763
f 7846/7846 9434/9434 7847/7847
f 4616/4616 4309/4309 33/33
f 7849/7849 7670/7670 7659/7659
f 7850/7850 7849/7849 7851/7851
f 4938/4938 1361/1361 1363/1363
f 5987/5987 2042/2042 6454/6454
f 7856/7856 6511/6511 6512/6512
f 7857/7857 9435/9435 3416/3416
f 3416/3416 3418/3418 1697/1697
f 7859/7859 9436/9436 470/470
f 470/470 469/469 468/468
f 7860/7860 9437/9437 7861/7861
f 1523/1523 9438/9438 7863/7863
f 3057/3057 9439/9439 7864/7864
f 7864/7864 5434/5434 3058/3058
f 7865/7865 8387/8387 7866/7866
f 7871/7871 9440/9440 7107/7107
f 7107/7107 9247/9247 7870/7870
f 7874/7874 6473/6473 7872/7872
f 7872/7872 9441/9441 7873/7873
f 2182/2182 5878/5878 7875/7875
f 7876/7876 102/102 103/103
f 103/103 704/704 3264/3264
f 6593/6593 1331/1331 3676/3676
f 6606/6606 7488/7488 2400/2400
f 3068/3068 6978/6978 6512/6512
f 728/728 1788/1788 1790/1790
f 1790/1790 1653/1653 2028/2028
f 1487/1487 1253/1253 2535/2535
f 7877/7877 8428/8428 7130/7130
f 2364/2364 4435/4435 5054/5054
f 5054/5054 3222/3222 2362/2362
f 9442/9442 9443/9443 8153/8153
f 8153/8153 9444/9444 9445/9445
f 9445/9445 5160/5160 5159/5159
f 5159/5159 9191/9191 9446/9446
f 5159/5159 9446/9446 9447/9447
f 8153/8153 9445/9445 5159/5159
f 7880/7880 9442/9442 8153/8153
f 9448/9448 9449/9449 7880/7880
f 5159/5159 9447/9447 7879/7879
f 7879/7879 9448/9448 7880/7880
f 7880/7880 8153/8153 5159/5159
f 1127/1127 1126/1126 7881/7881
f 7880/7880 9449/9449 7885/7885
f 7885/7885 1992/1992 186/186
f 5159/5159 5158/5158 7886/7886
f 7891/7891 9317/9317 5447/5447
f 3309/3309 1869/1869 7114/7114
f 7114/7114 7057/7057 7056/7056
f 8989/8989 8988/8988 7892/7892
f 7114/7114 7056/7056 8989/8989
f 4274/4274 3309/3309 7114/7114
f 7892/7892 1139/1139 1138/1138
f 1138/1138 4274/4274 7114/7114
f 7114/7114 8989/8989 7892/7892
f 5312/5312 44/44 7898/7898
f 7526/7526 7525/7525 2538/2538
f 2538/2538 6089/6089 7899/7899
f 5671/5671 5670/5670 1503/1503
f 6664/6664 5907/5907 4632/4632
f 8969/8969 6063/6063 8564/8564
f 8564/8564 7140/7140 7805/7805
f 7902/7902 9421/9421 7804/7804
f 8564/8564 7805/7805 7902/7902
f 5979/5979 8969/8969 8564/8564
f 7804/7804 5984/5984 5979/5979
f 5979/5979 8564/8564 7902/7902
f 1318/1318 1317/1317 7827/7827
f 6370/6370 2093/2093 2108/2108
f 2108/2108 6371/6371 6368/6368
f 3238/3238 6869/6869 7904/7904
f 7905/7905 6748/6748 363/363
f 5150/5150 1748/1748 4806/4806
f 7279/7279 93/93 62/62
f 7755/7755 7752/7752 7309/7309
f 7309/7309 7310/7310 8809/8809
f 8809/8809 4651/4651 8676/8676
f 9450/9450 8780/8780 5239/5239
f 7309/7309 8809/8809 8676/8676
f 8676/8676 9450/9450 5239/5239
f 5239/5239 9451/9451 5152/5152
f 7008/7008 2922/2922 2921/2921
f 5239/5239 5152/5152 7008/7008
f 7309/7309 8676/8676 5239/5239
f 1729/1729 7755/7755 7309/7309
f 4467/4467 8568/8568 8567/8567
f 8567/8567 1729/1729 7309/7309
f 7309/7309 5239/5239 7008/7008
f 7008/7008 2921/2921 4467/4467
f 4467/4467 8567/8567 7309/7309
f 7908/7908 2275/2275 7909/7909
f 3488/3488 3487/3487 2689/2689
f 7430/7430 8535/8535 7911/7911
f 7911/7911 6339/6339 5545/5545
f 7429/7429 7430/7430 7911/7911
f 7914/7914 6464/6464 7915/7915
f 3102/3102 4019/4019 7917/7917
f 5440/5440 1956/1956 5205/5205
f 363/363 7232/7232 4810/4810
f 4810/4810 8047/8047 364/364
f 7921/7921 6170/6170 7922/7922
f 7924/7924 3542/3542 3/3
f 2/2 3643/3643 3645/3645
f 7924/7924 3/3 2/2
f 7925/7925 5155/5155 7487/7487
f 2600/2600 7185/7185 2215/2215
f 4936/4936 971/971 973/973
f 973/973 1023/1023 1022/1022
f 2698/2698 2697/2697 2732/2732
f 5789/5789 4559/4559 4561/4561
f 4561/4561 7930/7930 6027/6027
f 6027/6027 5443/5443 5789/5789
f 7929/7929 7904/7904 6869/6869
f 1639/1639 1638/1638 7932/7932
f 7940/7940 9452/9452 1164/1164
f 5300/5300 2840/2840 5733/5733
f 5733/5733 5732/5732 7941/7941
f 7942/7942 9453/9453 7943/7943
f 7947/7947 9454/9454 7945/7945
f 7945/7945 6323/6323 7946/7946
f 6000/6000 8476/8476 7727/7727
f 6441/6441 5556/5556 6185/6185
f 6185/6185 2306/2306 7355/7355
f 7949/7949 5143/5143 7948/7948
f 7948/7948 4804/4804 6915/6915
f 3087/3087 3086/3086 2907/2907
f 7636/7636 8723/8723 4941/4941
f 4941/4941 8726/8726 7950/7950
f 7950/7950 9455/9455 9456/9456
f 9456/9456 8894/8894 5618/5618
f 5618/5618 7637/7637 7636/7636
f 7636/7636 4941/4941 7950/7950
f 7950/7950 9456/9456 5618/5618
f 7951/7951 9457/9457 4440/4440
f 5914/5914 6937/6937 7952/7952
f 7807/7807 3533/3533 3532/3532
f 6148/6148 2679/2679 5526/5526
f 7958/7958 9458/9458 9459/9459
f 9459/9459 9460/9460 7426/7426
f 7426/7426 7205/7205 6504/6504
f 9093/9093 8926/8926 5759/5759
f 7426/7426 6504/6504 9093/9093
f 7958/7958 9459/9459 7426/7426
f 5759/5759 9461/9461 7958/7958
f 7426/7426 9093/9093 5759/5759
f 7959/7959 3097/3097 7239/7239
f 7961/7961 6884/6884 3763/3763
f 6287/6287 2923/2923 2922/2922
f 8459/8459 8460/8460 7965/7965
f 7965/7965 7968/7968 7966/7966
f 7967/7967 8459/8459 7965/7965
f 9073/9073 5639/5639 6410/6410
f 6410/6410 5856/5856 7966/7966
f 7968/7968 7965/7965 5432/5432
f 6410/6410 7966/7966 7968/7968
f 6409/6409 9073/9073 6410/6410
f 7968/7968 5432/5432 6409/6409
f 2401/2401 3779/3779 3646/3646
f 7785/7785 7851/7851 7849/7849
f 4/4 6/6 7969/7969
f 1081/1081 4368/4368 7970/7970
f 5019/5019 2412/2412 2414/2414
f 5557/5557 7442/7442 7971/7971
f 7971/7971 8489/8489 5172/5172
f 7974/7974 7995/7995 9462/9462
f 9462/9462 9463/9463 7975/7975
f 7975/7975 3387/3387 3386/3386
f 7974/7974 9462/9462 7975/7975
f 6983/6983 4757/4757 4957/4957
f 4957/4957 8727/8727 5877/5877
f 6405/6405 8610/8610 3392/3392
f 3392/3392 8609/8609 7977/7977
f 7977/7977 9464/9464 6405/6405
f 7979/7979 8117/8117 7978/7978
f 7978/7978 3707/3707 3568/3568
f 6327/6327 7243/7243 7980/7980
f 7983/7983 9465/9465 7981/7981
f 7981/7981 9466/9466 7982/7982
f 584/584 583/583 7985/7985
f 29/29 3262/3262 7989/7989
f 1559/1559 1561/1561 7904/7904
f 7904/7904 7929/7929 7991/7991
f 2236/2236 3235/3235 3237/3237
f 3237/3237 6002/6002 5429/5429
f 1209/1209 1211/1211 4726/4726
f 7996/7996 6388/6388 2728/2728
f 2508/2508 2507/2507 6374/6374
f 8000/8000 6730/6730 4372/4372
f 5539/5539 7383/7383 5445/5445
f 5445/5445 5447/5447 8002/8002
f 6498/6498 6497/6497 6015/6015
f 5152/5152 9451/9451 2357/2357
f 7984/7984 9351/9351 5435/5435
f 8004/8004 9467/9467 9468/9468
f 9468/9468 6403/6403 6402/6402
f 6402/6402 9218/9218 7001/7001
f 7001/7001 9469/9469 8003/8003
f 8003/8003 9470/9470 8004/8004
f 8004/8004 9468/9468 6402/6402
f 6402/6402 7001/7001 8003/8003
f 4716/4716 4718/4718 8005/8005
f 8007/8007 50/50 49/49
f 2625/2625 6300/6300 8009/8009
f 4351/4351 3583/3583 5307/5307
f 5113/5113 5167/5167 5166/5166
f 8002/8002 7402/7402 7839/7839
f 7839/7839 1860/1860 5539/5539
f 8107/8107 2941/2941 2943/2943
f 2943/2943 4305/4305 4307/4307
f 4307/4307 9179/9179 8015/8015
f 8015/8015 8107/8107 2943/2943
f 2874/2874 2873/2873 2042/2042
f 8019/8019 5462/5462 6858/6858
f 6858/6858 6860/6860 5931/5931
f 1153/1153 4913/4913 5913/5913
f 5913/5913 5915/5915 5737/5737
f 3485/3485 7909/7909 8023/8023
f 5560/5560 9471/9471 8024/8024
f 8024/8024 9472/9472 9473/9473
f 9473/9473 9257/9257 5562/5562
f 5562/5562 5561/5561 5560/5560
f 8024/8024 9473/9473 5562/5562
f 2295/2295 2297/2297 7973/7973
f 3614/3614 6127/6127 6126/6126
f 8027/8027 4666/4666 6736/6736
f 5915/5915 5914/5914 8031/8031
f 1940/1940 1942/1942 8032/8032
f 8032/8032 2321/2321 2322/2322
f 2322/2322 6962/6962 1940/1940
f 5530/5530 6080/6080 8036/8036
f 8036/8036 6081/6081 8982/8982
f 9474/9474 2062/2062 2064/2064
f 8036/8036 8982/8982 9474/9474
f 4591/4591 5530/5530 8036/8036
f 8038/8038 2786/2786 8876/8876
f 8876/8876 4591/4591 8036/8036
f 8036/8036 9474/9474 2064/2064
f 7895/7895 7897/7897 8037/8037
f 8036/8036 2064/2064 7895/7895
f 8038/8038 8876/8876 8036/8036
f 8037/8037 9475/9475 8038/8038
f 8036/8036 7895/7895 8037/8037
f 8039/8039 3311/3311 3313/3313
f 7219/7219 7136/7136 6791/6791
f 4576/4576 2601/2601 8047/8047
f 8904/8904 7311/7311 5980/5980
f 5980/5980 8173/8173 8048/8048
f 8048/8048 7538/7538 7568/7568
f 7568/7568 8904/8904 5980/5980
f 5983/5983 5670/5670 8058/8058
f 8058/8058 1689/1689 1688/1688
f 1688/1688 5192/5192 5983/5983
f 2368/2368 8580/8580 8059/8059
f 8062/8062 9115/9115 6636/6636
f 6224/6224 321/321 8064/8064
f 8064/8064 8680/8680 4656/4656
f 8065/8065 6224/6224 8064/8064
f 2776/2776 6039/6039 1094/1094
f 3617/3617 3616/3616 8066/8066
f 2251/2251 2250/2250 3189/3189
f 7073/7073 4697/4697 6221/6221
f 8068/8068 7071/7071 5645/5645
f 7073/7073 6221/6221 8068/8068
f 7156/7156 9476/9476 8069/8069
f 7832/7832 6877/6877 1197/1197
f 8072/8072 9477/9477 8070/8070
f 8071/8071 9478/9478 8072/8072
f 6474/6474 4927/4927 7303/7303
f 1039/1039 9432/9432 8074/8074
f 4899/4899 6233/6233 6232/6232
f 15/15 17/17 912/912
f 8077/8077 158/158 157/157
f 15/15 912/912 8077/8077
f 157/157 9479/9479 15/15
f 6290/6290 1367/1367 2095/2095
f 8078/8078 2408/2408 2407/2407
f 4808/4808 6736/6736 4666/4666
f 8080/8080 1331/1331 1330/1330
f 7019/7019 5431/5431 2169/2169
f 2169/2169 6928/6928 8082/8082
f 8082/8082 7394/7394 3771/3771
f 3771/3771 7018/7018 7019/7019
f 7019/7019 2169/2169 8082/8082
f 8083/8083 5197/5197 3431/3431
f 3431/3431 1687/1687 1689/1689
f 8084/8084 1819/1819 1818/1818
f 4991/4991 9283/9283 4832/4832
f 8086/8086 9480/9480 8087/8087
f 2468/2468 9481/9481 8089/8089
f 8089/8089 6611/6611 5110/5110
f 5109/5109 5108/5108 2468/2468
f 8089/8089 5110/5110 5109/5109
f 3277/3277 1023/1023 1101/1101
f 4497/4497 5609/5609 7703/7703
f 8092/8092 5306/5306 5305/5305
f 1720/1720 8125/8125 8092/8092
f 5063/5063 7774/7774 3012/3012
f 3012/3012 3014/3014 7184/7184
f 6483/6483 8746/8746 5892/5892
f 5892/5892 9482/9482 8095/8095
f 5937/5937 1925/1925 4919/4919
f 8096/8096 7068/7068 8097/8097
f 5937/5937 4919/4919 8096/8096
f 8097/8097 6820/6820 5937/5937
f 9253/9253 9483/9483 9484/9484
f 8098/8098 4608/4608 7127/7127
f 9253/9253 9484/9484 8098/8098
f 7127/7127 9254/9254 8099/8099
f 8099/8099 9253/9253 8098/8098
f 4828/4828 3078/3078 3077/3077
f 8092/8092 8125/8125 8100/8100
f 6268/6268 2337/2337 2080/2080
f 8103/8103 9485/9485 9486/9486
f 9486/9486 6605/6605 6604/6604
f 6604/6604 5676/5676 8102/8102
f 8103/8103 9486/9486 6604/6604
f 6342/6342 7260/7260 8107/8107
f 8107/8107 8015/8015 8108/8108
f 3025/3025 1060/1060 1059/1059
f 1059/1059 5394/5394 5393/5393
f 8112/8112 4256/4256 1882/1882
f 1882/1882 9487/9487 8113/8113
f 5175/5175 3020/3020 3019/3019
f 3019/3019 4187/4187 4186/4186
f 4186/4186 5941/5941 5175/5175
f 1959/1959 5468/5468 8115/8115
f 8115/8115 3342/3342 1960/1960
f 3808/3808 8248/8248 8116/8116
f 8117/8117 9488/9488 8118/8118
f 2849/2849 6156/6156 6155/6155
f 1665/1665 9489/9489 8120/8120
f 7913/7913 9490/9490 6842/6842
f 1720/1720 7302/7302 8124/8124
f 5461/5461 5460/5460 8019/8019
f 8019/8019 5931/5931 5329/5329
f 5329/5329 8794/8794 9491/9491
f 8127/8127 5461/5461 8019/8019
f 5329/5329 9491/9491 8127/8127
f 2943/2943 372/372 371/371
f 8133/8133 5037/5037 5458/5458
f 6176/6176 2357/2357 2356/2356
f 7462/7462 9492/9492 8136/8136
f 8138/8138 5143/5143 5145/5145
f 5145/5145 7875/7875 8137/8137
f 7768/7768 1244/1244 5432/5432
f 7965/7965 8460/8460 7768/7768
f 2124/2124 2126/2126 9493/9493
f 8140/8140 9494/9494 8304/8304
f 2124/2124 9493/9493 8140/8140
f 8141/8141 9495/9495 2124/2124
f 8140/8140 8304/8304 8141/8141
f 8142/8142 9496/9496 1912/1912
f 1912/1912 1911/1911 4644/4644
f 447/447 446/446 8144/8144
f 8147/8147 4116/4116 4920/4920
f 4920/4920 6529/6529 8146/8146
f 6722/6722 3418/3418 7512/7512
f 7512/7512 7513/7513 6751/6751
f 5758/5758 9497/9497 8152/8152
f 8152/8152 9444/9444 8153/8153
f 4216/4216 4215/4215 8023/8023
f 8023/8023 7909/7909 2275/2275
f 2274/2274 6478/6478 6477/6477
f 8023/8023 2275/2275 2274/2274
f 6477/6477 4216/4216 8023/8023
f 8156/8156 6692/6692 6693/6693
f 8157/8157 4376/4376 6811/6811
f 8158/8158 9498/9498 5901/5901
f 6681/6681 4372/4372 6730/6730
f 8167/8167 9499/9499 5246/5246
f 5246/5246 2369/2369 8166/8166
f 8168/8168 1109/1109 4526/4526
f 5178/5178 2909/2909 2911/2911
f 5563/5563 4714/4714 5747/5747
f 5743/5743 5742/5742 5567/5567
f 5743/5743 5567/5567 5566/5566
f 5563/5563 5747/5747 5743/5743
f 125/125 1692/1692 1691/1691
f 1691/1691 5972/5972 123/123
f 8174/8174 8445/8445 5893/5893
f 4077/4077 8679/8679 8175/8175
f 8175/8175 7580/7580 8176/8176
f 8176/8176 9500/9500 9501/9501
f 8177/8177 4077/4077 8175/8175
f 8176/8176 9501/9501 8177/8177
f 2895/2895 8959/8959 8178/8178
f 8178/8178 1187/1187 1186/1186
f 9502/9502 9503/9503 2641/2641
f 2641/2641 2640/2640 3897/3897
f 8179/8179 9502/9502 2641/2641
f 1068/1068 9504/9504 8183/8183
f 8183/8183 7548/7548 3287/3287
f 3287/3287 1069/1069 1068/1068
f 8186/8186 9505/9505 8185/8185
f 8185/8185 6952/6952 8184/8184
f 383/383 385/385 8190/8190
f 8190/8190 4017/4017 3070/3070
f 5979/5979 2049/2049 2780/2780
f 8191/8191 7733/7733 3840/3840
f 3840/3840 3839/3839 7264/7264
f 7264/7264 8446/8446 8191/8191
f 8192/8192 9506/9506 2868/2868
f 9507/9507 9508/9508 8118/8118
f 8118/8118 9488/9488 9509/9509
f 9510/9510 9511/9511 9512/9512
f 8118/8118 9509/9509 9510/9510
f 9513/9513 9507/9507 8118/8118
f 9514/9514 5881/5881 5880/5880
f 9515/9515 9516/9516 9514/9514
f 9517/9517 9518/9518 9515/9515
f 3109/3109 3111/3111 9517/9517
f 3185/3185 4317/4317 3109/3109
f 8196/8196 9519/9519 3185/3185
f 3109/3109 9517/9517 9515/9515
f 9515/9515 9514/9514 5880/5880
f 5880/5880 9513/9513 8118/8118
f 8118/8118 9510/9510 9512/9512
f 9520/9520 9521/9521 9522/9522
f 8118/8118 9512/9512 9520/9520
f 3109/3109 9515/9515 5880/5880
f 3185/3185 3109/3109 5880/5880
f 5880/5880 8118/8118 9520/9520
f 9520/9520 9522/9522 8195/8195
f 8196/8196 3185/3185 5880/5880
f 5880/5880 9520/9520 8195/8195
f 8197/8197 4855/4855 8198/8198
f 9523/9523 6049/6049 6051/6051
f 6051/6051 7921/7921 7923/7923
f 8200/8200 9523/9523 6051/6051
f 3159/3159 7723/7723 8201/8201
f 4694/4694 7290/7290 5788/5788
f 8202/8202 4231/4231 2334/2334
f 2334/2334 2336/2336 8203/8203
f 6563/6563 265/265 1927/1927
f 8212/8212 9524/9524 8210/8210
f 8210/8210 8738/8738 8211/8211
f 647/647 469/469 5090/5090
f 8603/8603 8606/8606 9525/9525
f 9525/9525 9526/9526 9527/9527
f 8603/8603 9525/9525 9527/9527
f 8218/8218 9528/9528 8603/8603
f 8510/8510 1407/1407 8218/8218
f 9529/9529 9530/9530 9531/9531
f 9531/9531 8510/8510 8218/8218
f 8218/8218 8603/8603 9527/9527
f 8218/8218 9527/9527 9532/9532
f 9529/9529 9531/9531 8218/8218
f 8217/8217 9529/9529 8218/8218
f 8218/8218 9532/9532 8216/8216
f 1448/1448 1447/1447 5202/5202
f 2226/2226 6959/6959 2467/2467
f 7349/7349 2770/2770 5022/5022
f 8222/8222 8929/8929 5760/5760
f 5760/5760 6878/6878 6879/6879
f 6879/6879 7777/7777 8222/8222
f 8224/8224 7891/7891 5446/5446
f 5446/5446 3393/3393 6406/6406
f 4005/4005 4004/4004 4028/4028
f 4028/4028 6287/6287 5151/5151
f 8226/8226 4826/4826 2424/2424
f 2424/2424 7750/7750 4680/4680
f 8227/8227 9533/9533 8226/8226
f 2424/2424 4680/4680 8227/8227
f 8229/8229 9534/9534 4826/4826
f 4826/4826 8226/8226 8228/8228
f 1163/1163 3069/3069 8230/8230
f 8230/8230 8343/8343 7653/7653
f 7143/7143 283/283 2801/2801
f 1331/1331 8080/8080 3675/3675
f 1073/1073 1075/1075 7512/7512
f 285/285 284/284 4296/4296
f 4296/4296 3120/3120 6411/6411
f 932/932 931/931 4813/4813
f 5515/5515 5607/5607 5606/5606
f 4778/4778 5243/5243 5038/5038
f 5038/5038 5037/5037 8133/8133
f 8133/8133 4641/4641 4778/4778
f 1334/1334 3137/3137 1770/1770
f 7646/7646 5799/5799 4745/4745
f 8069/8069 9476/9476 8238/8238
f 8238/8238 4622/4622 8239/8239
f 8240/8240 4498/4498 7497/7497
f 7497/7497 7496/7496 5174/5174
f 5174/5174 4499/4499 8240/8240
f 4345/4345 258/258 7507/7507
f 7507/7507 6523/6523 6526/6526
f 6939/6939 4268/4268 6043/6043
f 8259/8259 5663/5663 7193/7193
f 7193/7193 9268/9268 8258/8258
f 8261/8261 5507/5507 8260/8260
f 8260/8260 6257/6257 7011/7011
f 7011/7011 9535/9535 8261/8261
f 8263/8263 9536/9536 4676/4676
f 4676/4676 4675/4675 8262/8262
f 8264/8264 9537/9537 8265/8265
f 2887/2887 9538/9538 8266/8266
f 4530/4530 8648/8648 6987/6987
f 6987/6987 7409/7409 8267/8267
f 229/229 5861/5861 7449/7449
f 8271/8271 8306/8306 6746/6746
f 6746/6746 5426/5426 6251/6251
f 8274/8274 9396/9396 6745/6745
f 8272/8272 8306/8306 8273/8273
f 8274/8274 6745/6745 8272/8272
f 8273/8273 9539/9539 8274/8274
f 8275/8275 5733/5733 2840/2840
f 8276/8276 1299/1299 1301/1301
f 8281/8281 4069/4069 4071/4071
f 8283/8283 9540/9540 8284/8284
f 6915/6915 4803/4803 1943/1943
f 1943/1943 1944/1944 5144/5144
f 7949/7949 6915/6915 1943/1943
f 2639/2639 8584/8584 7164/7164
f 5495/5495 5494/5494 5463/5463
f 2639/2639 7164/7164 5495/5495
f 8287/8287 9541/9541 2639/2639
f 5463/5463 5460/5460 8287/8287
f 2639/2639 5495/5495 5463/5463
f 8288/8288 6095/6095 2577/2577
f 2577/2577 1064/1064 7585/7585
f 7173/7173 2177/2177 8289/8289
f 8289/8289 721/721 4510/4510
f 4677/4677 7358/7358 6211/6211
f 8291/8291 456/456 455/455
f 455/455 586/586 8292/8292
f 8293/8293 6270/6270 6942/6942
f 6934/6934 5046/5046 1681/1681
f 4772/4772 3647/3647 3649/3649
f 8295/8295 2126/2126 2125/2125
f 4772/4772 3649/3649 8295/8295
f 8297/8297 9542/9542 7704/7704
f 7704/7704 5609/5609 8296/8296
f 2159/2159 2158/2158 8298/8298
f 8298/8298 9543/9543 4974/4974
f 257/257 5301/5301 5671/5671
f 7490/7490 4850/4850 4852/4852
f 8301/8301 9544/9544 8302/8302
f 8302/8302 5921/5921 1505/1505
f 1505/1505 1507/1507 8301/8301
f 8303/8303 8271/8271 6251/6251
f 7753/7753 1728/1728 8307/8307
f 3969/3969 8618/8618 7581/7581
f 7581/7581 4894/4894 7443/7443
f 2806/2806 2649/2649 750/750
f 8312/8312 9545/9545 8313/8313
f 3448/3448 3450/3450 9546/9546
f 9546/9546 9547/9547 5182/5182
f 5181/5181 8590/8590 1346/1346
f 9546/9546 5182/5182 5181/5181
f 1348/1348 5991/5991 3448/3448
f 3448/3448 9546/9546 5181/5181
f 5181/5181 1346/1346 1348/1348
f 8315/8315 9548/9548 8316/8316
f 8318/8318 9549/9549 4197/4197
f 4197/4197 4195/4195 4194/4194
f 4194/4194 4223/4223 8318/8318
f 7330/7330 1978/1978 1733/1733
f 1733/1733 711/711 2071/2071
f 2071/2071 2070/2070 4013/4013
f 4013/4013 1889/1889 6708/6708
f 6708/6708 2160/2160 7329/7329
f 7329/7329 7330/7330 1733/1733
f 1733/1733 2071/2071 4013/4013
f 4013/4013 6708/6708 7329/7329
f 3519/3519 3521/3521 2923/2923
f 3075/3075 1656/1656 8320/8320
f 8321/8321 3614/3614 1130/1130
f 5976/5976 5975/5975 5551/5551
f 429/429 672/672 671/671
f 671/671 7370/7370 6158/6158
f 6158/6158 430/430 429/429
f 6222/6222 1458/1458 7926/7926
f 8322/8322 4874/4874 8323/8323
f 5130/5130 7511/7511 2299/2299
f 8324/8324 6646/6646 8325/8325
f 9550/9550 9551/9551 6509/6509
f 6509/6509 9419/9419 9552/9552
f 6509/6509 9552/9552 8333/8333
f 9553/9553 9550/9550 6509/6509
f 9228/9228 9227/9227 8335/8335
f 8335/8335 9553/9553 6509/6509
f 8335/8335 6509/6509 8333/8333
f 8334/8334 9228/9228 8335/8335
f 2920/2920 2295/2295 4324/4324
f 4324/4324 6156/6156 6639/6639
f 2804/2804 7795/7795 7433/7433
f 574/574 576/576 1453/1453
f 5334/5334 4151/4151 4152/4152
f 6674/6674 9554/9554 8341/8341
f 5406/5406 948/948 947/947
f 947/947 4341/4341 2560/2560
f 1515/1515 1512/1512 8342/8342
f 947/947 2560/2560 1515/1515
f 8806/8806 5406/5406 947/947
f 1516/1516 1715/1715 8806/8806
f 8342/8342 1423/1423 1516/1516
f 947/947 1515/1515 8342/8342
f 1516/1516 8806/8806 947/947
f 3772/3772 3001/3001 8345/8345
f 4729/4729 9555/9555 6913/6913
f 7169/7169 5537/5537 8359/8359
f 8359/8359 9556/9556 8360/8360
f 8361/8361 9557/9557 4555/4555
f 2055/2055 8917/8917 8367/8367
f 8367/8367 9558/9558 7335/7335
f 7701/7701 6716/6716 5610/5610
f 5610/5610 5611/5611 688/688
f 3503/3503 9559/9559 4564/4564
f 4564/4564 2088/2088 2087/2087
f 8369/8369 5865/5865 5315/5315
f 9560/9560 9561/9561 8372/8372
f 8372/8372 8784/8784 2046/2046
f 2046/2046 5078/5078 8373/8373
f 8373/8373 9562/9562 8374/8374
f 8374/8374 9560/9560 8372/8372
f 8372/8372 2046/2046 8373/8373
f 6982/6982 9563/9563 8375/8375
f 8375/8375 9407/9407 6980/6980
f 6855/6855 1704/1704 8376/8376
f 8377/8377 2111/2111 8378/8378
f 5014/5014 9564/9564 8380/8380
f 8380/8380 8322/8322 5012/5012
f 8381/8381 9565/9565 1110/1110
f 6846/6846 5911/5911 4737/4737
f 4737/4737 4736/4736 4398/4398
f 4398/4398 6560/6560 6846/6846
f 8382/8382 9566/9566 9567/9567
f 9567/9567 6851/6851 6853/6853
f 9568/9568 5961/5961 6293/6293
f 8382/8382 9567/9567 6853/6853
f 6853/6853 9568/9568 6293/6293
f 6293/6293 9371/9371 8382/8382
f 8383/8383 9569/9569 7131/7131
f 7131/7131 3043/3043 3044/3044
f 8384/8384 9570/9570 8385/8385
f 420/420 2310/2310 4877/4877
f 4690/4690 8687/8687 4661/4661
f 8392/8392 5219/5219 8391/8391
f 8391/8391 9571/9571 5097/5097
f 8393/8393 5748/5748 7308/7308
f 6842/6842 9490/9490 8395/8395
f 8399/8399 4750/4750 8397/8397
f 8397/8397 4936/4936 8398/8398
f 5336/5336 9572/9572 8400/8400
f 7759/7759 4377/4377 7235/7235
f 5498/5498 5791/5791 1998/1998
f 5597/5597 5596/5596 8403/8403
f 8403/8403 9573/9573 8404/8404
f 7545/7545 7547/7547 5927/5927
f 438/438 8543/8543 8405/8405
f 8406/8406 6086/6086 438/438
f 32/32 9574/9574 8407/8407
f 8407/8407 9575/9575 8408/8408
f 8408/8408 30/30 32/32
f 5063/5063 5061/5061 8409/8409
f 5552/5552 6639/6639 7395/7395
f 7395/7395 7046/7046 6316/6316
f 8410/8410 587/587 588/588
f 8412/8412 7779/7779 8413/8413
f 8385/8385 9570/9570 5473/5473
f 5473/5473 6573/6573 8414/8414
f 8414/8414 8386/8386 8385/8385
f 4288/4288 6546/6546 8416/8416
f 8416/8416 6630/6630 5922/5922
f 8012/8012 6300/6300 4838/4838
f 926/926 6411/6411 6414/6414
f 8181/8181 6352/6352 8419/8419
f 570/570 5500/5500 5502/5502
f 8420/8420 9576/9576 9403/9403
f 9403/9403 6445/6445 5012/5012
f 5012/5012 8323/8323 4876/4876
f 8420/8420 9403/9403 5012/5012
f 7707/7707 6195/6195 6197/6197
f 8421/8421 9390/9390 7707/7707
f 8422/8422 8424/8424 4269/4269
f 4931/4931 1107/1107 1106/1106
f 5820/5820 2976/2976 3308/3308
f 3307/3307 3328/3328 8427/8427
f 5820/5820 3308/3308 3307/3307
f 8427/8427 9577/9577 5820/5820
f 5218/5218 5522/5522 5484/5484
f 8428/8428 7877/7877 6527/6527
f 2597/2597 7208/7208 7419/7419
f 7419/7419 3089/3089 2420/2420
f 8437/8437 5288/5288 8435/8435
f 8435/8435 9578/9578 8436/8436
f 8436/8436 9579/9579 8437/8437
f 1130/1130 1129/1129 1941/1941
f 2850/2850 2849/2849 5513/5513
f 5513/5513 5606/5606 8441/8441
f 8441/8441 6489/6489 2850/2850
f 8444/8444 9580/9580 8442/8442
f 8442/8442 9581/9581 8443/8443
f 3740/3740 3741/3741 3681/3681
f 6821/6821 6822/6822 8445/8445
f 8447/8447 4717/4717 7304/7304
f 7304/7304 4642/4642 7826/7826
f 3262/3262 9582/9582 8448/8448
f 3477/3477 2542/2542 3178/3178
f 3178/3178 9583/9583 3527/3527
f 6381/6381 1321/1321 8451/8451
f 8451/8451 7824/7824 8452/8452
f 8455/8455 8597/8597 8453/8453
f 8453/8453 9584/9584 8454/8454
f 8456/8456 7433/7433 7795/7795
f 8458/8458 5331/5331 7866/7866
f 7866/7866 7845/7845 8457/8457
f 8457/8457 7030/7030 8458/8458
f 7967/7967 7966/7966 5855/5855
f 8461/8461 7259/7259 4019/4019
f 8184/8184 967/967 1006/1006
f 1006/1006 9585/9585 8186/8186
f 7149/7149 9586/9586 8467/8467
f 8468/8468 9587/9587 8456/8456
f 8456/8456 7417/7417 6637/6637
f 2263/2263 2262/2262 7669/7669
f 5605/5605 9588/9588 6489/6489
f 6489/6489 8441/8441 5606/5606
f 3073/3073 3072/3072 4119/4119
f 9589/9589 9590/9590 9591/9591
f 9591/9591 8340/8340 8339/8339
f 8469/8469 9592/9592 9593/9593
f 9591/9591 8339/8339 8469/8469
f 9594/9594 9595/9595 9589/9589
f 9589/9589 9591/9591 8469/8469
f 8469/8469 9593/9593 9596/9596
f 9596/9596 9597/9597 9598/9598
f 9598/9598 8512/8512 8514/8514
f 9599/9599 9600/9600 9601/9601
f 9598/9598 8514/8514 9599/9599
f 8469/8469 9596/9596 9598/9598
f 9594/9594 9589/9589 8469/8469
f 9602/9602 9594/9594 8469/8469
f 8469/8469 9598/9598 9599/9599
f 9599/9599 9601/9601 9603/9603
f 9599/9599 9603/9603 8470/8470
f 9604/9604 9602/9602 8469/8469
f 9605/9605 9604/9604 8469/8469
f 8469/8469 9599/9599 8470/8470
f 8471/8471 9605/9605 8469/8469
f 7703/7703 7705/7705 8472/8472
f 8472/8472 8721/8721 8091/8091
f 6180/6180 7541/7541 7543/7543
f 8083/8083 1689/1689 8058/8058
f 6000/6000 5999/5999 6157/6157
f 3330/3330 3329/3329 7202/7202
f 2971/2971 2081/2081 2337/2337
f 1061/1061 1060/1060 2081/2081
f 9569/9569 8383/8383 9606/9606
f 8478/8478 9607/9607 9608/9608
f 9569/9569 9606/9606 8478/8478
f 7877/7877 7131/7131 9569/9569
f 4602/4602 6527/6527 7877/7877
f 8478/8478 9608/9608 8479/8479
f 8479/8479 4602/4602 7877/7877
f 7877/7877 9569/9569 8478/8478
f 8480/8480 9609/9609 8481/8481
f 8452/8452 9376/9376 8484/8484
f 8484/8484 4425/4425 6965/6965
f 6965/6965 6381/6381 8452/8452
f 5355/5355 3432/3432 3434/3434
f 3434/3434 3074/3074 7611/7611
f 6410/6410 3770/3770 2296/2296
f 5133/5133 8757/8757 6519/6519
f 8698/8698 7497/7497 2781/2781
f 2781/2781 2780/2780 2049/2049
f 2049/2049 2048/2048 4704/4704
f 4704/4704 8698/8698 2781/2781
f 8490/8490 8026/8026 6384/6384
f 4557/4557 8780/8780 8493/8493
f 3310/3310 738/738 4347/4347
f 7492/7492 5818/5818 7570/7570
f 931/931 930/930 5357/5357
f 5356/5356 7611/7611 4860/4860
f 931/931 5357/5357 5356/5356
f 7359/7359 4814/4814 931/931
f 5356/5356 4860/4860 7359/7359
f 6231/6231 1892/1892 1891/1891
f 6743/6743 6742/6742 7105/7105
f 5097/5097 9571/9571 8504/8504
f 8292/8292 586/586 2171/2171
f 2171/2171 2170/2170 8506/8506
f 2281/2281 6424/6424 8507/8507
f 8507/8507 7654/7654 7378/7378
f 4000/4000 7690/7690 8289/8289
f 7294/7294 1567/1567 1566/1566
f 1566/1566 5504/5504 5506/5506
f 5506/5506 9610/9610 9611/9611
f 9612/9612 9613/9613 8508/8508
f 5506/5506 9611/9611 9612/9612
f 7294/7294 1566/1566 5506/5506
f 3562/3562 3561/3561 7294/7294
f 6530/6530 6532/6532 3562/3562
f 8508/8508 9614/9614 9615/9615
f 9615/9615 6530/6530 3562/3562
f 3562/3562 7294/7294 5506/5506
f 5506/5506 9612/9612 8508/8508
f 8508/8508 9615/9615 3562/3562
f 8499/8499 449/449 451/451
f 142/142 144/144 1962/1962
f 1962/1962 9616/9616 8516/8516
f 8516/8516 8517/8517 8515/8515
f 8515/8515 142/142 1962/1962
f 8516/8516 9575/9575 8407/8407
f 6104/6104 4813/4813 5394/5394
f 8518/8518 5270/5270 920/920
f 4873/4873 4872/4872 4964/4964
f 7072/7072 9001/9001 8519/8519
f 8519/8519 5574/5574 4673/4673
f 8520/8520 7948/7948 5143/5143
f 4524/4524 4520/4520 4768/4768
f 4768/4768 9617/9617 8521/8521
f 8521/8521 7848/7848 8522/8522
f 8522/8522 8647/8647 4524/4524
f 4524/4524 4768/4768 8521/8521
f 8523/8523 8377/8377 8379/8379
f 8525/8525 9618/9618 5544/5544
f 5544/5544 6336/6336 6092/6092
f 6092/6092 7470/7470 8525/8525
f 6913/6913 9555/9555 8526/8526
f 1425/1425 1424/1424 7894/7894
f 5200/5200 5199/5199 8163/8163
f 186/186 188/188 9619/9619
f 9619/9619 4658/4658 4657/4657
f 4657/4657 9620/9620 8533/8533
f 8533/8533 7880/7880 186/186
f 186/186 9619/9619 4657/4657
