# Blender 5.2.1 LTS
# www.blender.org
mtllib ScorBunny.mtl
o pm0954_00_00_BodyBSkin
v 0.075225 0.000000 0.240858 1.0000 1.0000 1.0000
v 0.077281 -0.014011 0.242204 1.0000 1.0000 1.0000
v 0.069074 0.000000 0.255425 1.0000 1.0000 1.0000
v 0.071924 -0.015305 0.256079 1.0000 1.0000 1.0000
v 0.081629 -0.024094 0.245145 1.0000 1.0000 1.0000
v 0.079958 -0.027786 0.255754 1.0000 1.0000 1.0000
v 0.072279 -0.016464 0.271555 1.0000 1.0000 1.0000
v 0.080982 -0.029506 0.269839 1.0000 1.0000 1.0000
v 0.068935 0.000000 0.272215 1.0000 1.0000 1.0000
v 0.077827 -0.015305 0.286008 1.0000 1.0000 1.0000
v 0.075438 -0.000000 0.287695 1.0000 1.0000 1.0000
v 0.085382 -0.027786 0.283259 1.0000 1.0000 1.0000
v 0.090956 -0.024094 0.292439 1.0000 1.0000 1.0000
v 0.088050 -0.014011 0.296810 1.0000 1.0000 1.0000
v 0.086659 -0.000000 0.298836 1.0000 1.0000 1.0000
v 0.101225 -0.000000 0.304987 1.0000 1.0000 1.0000
v 0.101869 -0.015266 0.302151 1.0000 1.0000 1.0000
v 0.101569 -0.027790 0.294144 1.0000 1.0000 1.0000
v 0.117361 -0.016446 0.301805 1.0000 1.0000 1.0000
v 0.115648 -0.029547 0.293119 1.0000 1.0000 1.0000
v 0.118016 -0.000000 0.305126 1.0000 1.0000 1.0000
v 0.131824 -0.015266 0.296243 1.0000 1.0000 1.0000
v 0.133496 -0.000000 0.298623 1.0000 1.0000 1.0000
v 0.129062 -0.027790 0.288723 1.0000 1.0000 1.0000
v 0.138233 -0.024094 0.283116 1.0000 1.0000 1.0000
v 0.142580 -0.014011 0.286056 1.0000 1.0000 1.0000
v 0.144636 -0.000000 0.287402 1.0000 1.0000 1.0000
v 0.150788 -0.000000 0.272836 1.0000 1.0000 1.0000
v 0.147937 -0.015305 0.272181 1.0000 1.0000 1.0000
v 0.139904 -0.027786 0.272507 1.0000 1.0000 1.0000
v 0.147583 -0.016464 0.256705 1.0000 1.0000 1.0000
v 0.138880 -0.029506 0.258421 1.0000 1.0000 1.0000
v 0.150927 0.000000 0.256045 1.0000 1.0000 1.0000
v 0.142034 -0.015305 0.242252 1.0000 1.0000 1.0000
v 0.144424 0.000000 0.240565 1.0000 1.0000 1.0000
v 0.134479 -0.027786 0.245001 1.0000 1.0000 1.0000
v 0.128905 -0.024094 0.235821 1.0000 1.0000 1.0000
v 0.131811 -0.014011 0.231450 1.0000 1.0000 1.0000
v 0.133202 0.000000 0.229425 1.0000 1.0000 1.0000
v 0.118636 0.000000 0.223273 1.0000 1.0000 1.0000
v 0.117993 -0.015266 0.226109 1.0000 1.0000 1.0000
v 0.118293 -0.027790 0.234116 1.0000 1.0000 1.0000
v 0.102501 -0.016446 0.226455 1.0000 1.0000 1.0000
v 0.104214 -0.029547 0.235142 1.0000 1.0000 1.0000
v 0.101846 0.000000 0.223134 1.0000 1.0000 1.0000
v 0.088038 -0.015266 0.232017 1.0000 1.0000 1.0000
v 0.086365 0.000000 0.229637 1.0000 1.0000 1.0000
v 0.090800 -0.027790 0.239538 1.0000 1.0000 1.0000
v 0.091964 -0.035730 0.252127 1.0000 1.0000 1.0000
v 0.106749 -0.038401 0.247995 1.0000 1.0000 1.0000
v 0.109931 -0.041786 0.264130 1.0000 1.0000 1.0000
v 0.093778 -0.038377 0.267316 1.0000 1.0000 1.0000
v 0.121995 -0.035730 0.246204 1.0000 1.0000 1.0000
v 0.126083 -0.038377 0.260945 1.0000 1.0000 1.0000
v 0.127897 -0.035730 0.276133 1.0000 1.0000 1.0000
v 0.113113 -0.038401 0.280266 1.0000 1.0000 1.0000
v 0.097866 -0.035730 0.282056 1.0000 1.0000 1.0000
v 0.075225 0.000000 0.240858 1.0000 1.0000 1.0000
v 0.069074 0.000000 0.255425 1.0000 1.0000 1.0000
v 0.077281 0.014011 0.242204 1.0000 1.0000 1.0000
v 0.071924 0.015305 0.256079 1.0000 1.0000 1.0000
v 0.081629 0.024094 0.245145 1.0000 1.0000 1.0000
v 0.079958 0.027786 0.255754 1.0000 1.0000 1.0000
v 0.072279 0.016464 0.271555 1.0000 1.0000 1.0000
v 0.080982 0.029506 0.269839 1.0000 1.0000 1.0000
v 0.068935 0.000000 0.272215 1.0000 1.0000 1.0000
v 0.075438 -0.000000 0.287695 1.0000 1.0000 1.0000
v 0.077827 0.015305 0.286008 1.0000 1.0000 1.0000
v 0.085382 0.027786 0.283259 1.0000 1.0000 1.0000
v 0.088050 0.014011 0.296810 1.0000 1.0000 1.0000
v 0.090956 0.024094 0.292439 1.0000 1.0000 1.0000
v 0.086659 -0.000000 0.298836 1.0000 1.0000 1.0000
v 0.101225 -0.000000 0.304987 1.0000 1.0000 1.0000
v 0.101869 0.015266 0.302151 1.0000 1.0000 1.0000
v 0.101569 0.027790 0.294144 1.0000 1.0000 1.0000
v 0.117361 0.016446 0.301805 1.0000 1.0000 1.0000
v 0.115648 0.029547 0.293119 1.0000 1.0000 1.0000
v 0.118016 -0.000000 0.305126 1.0000 1.0000 1.0000
v 0.133496 -0.000000 0.298623 1.0000 1.0000 1.0000
v 0.131824 0.015266 0.296243 1.0000 1.0000 1.0000
v 0.129062 0.027790 0.288723 1.0000 1.0000 1.0000
v 0.142580 0.014011 0.286056 1.0000 1.0000 1.0000
v 0.138233 0.024094 0.283116 1.0000 1.0000 1.0000
v 0.144636 -0.000000 0.287402 1.0000 1.0000 1.0000
v 0.150788 -0.000000 0.272836 1.0000 1.0000 1.0000
v 0.147937 0.015305 0.272181 1.0000 1.0000 1.0000
v 0.139904 0.027786 0.272507 1.0000 1.0000 1.0000
v 0.147583 0.016464 0.256705 1.0000 1.0000 1.0000
v 0.138880 0.029506 0.258421 1.0000 1.0000 1.0000
v 0.150927 0.000000 0.256045 1.0000 1.0000 1.0000
v 0.144424 0.000000 0.240565 1.0000 1.0000 1.0000
v 0.142034 0.015305 0.242252 1.0000 1.0000 1.0000
v 0.134479 0.027786 0.245001 1.0000 1.0000 1.0000
v 0.131811 0.014011 0.231450 1.0000 1.0000 1.0000
v 0.128905 0.024094 0.235821 1.0000 1.0000 1.0000
v 0.133202 0.000000 0.229425 1.0000 1.0000 1.0000
v 0.118636 0.000000 0.223273 1.0000 1.0000 1.0000
v 0.117993 0.015266 0.226109 1.0000 1.0000 1.0000
v 0.118293 0.027790 0.234116 1.0000 1.0000 1.0000
v 0.102501 0.016446 0.226455 1.0000 1.0000 1.0000
v 0.104214 0.029547 0.235142 1.0000 1.0000 1.0000
v 0.101846 0.000000 0.223134 1.0000 1.0000 1.0000
v 0.086365 0.000000 0.229637 1.0000 1.0000 1.0000
v 0.088038 0.015266 0.232017 1.0000 1.0000 1.0000
v 0.090800 0.027790 0.239538 1.0000 1.0000 1.0000
v 0.091964 0.035730 0.252127 1.0000 1.0000 1.0000
v 0.106749 0.038401 0.247995 1.0000 1.0000 1.0000
v 0.093778 0.038377 0.267316 1.0000 1.0000 1.0000
v 0.109931 0.041786 0.264130 1.0000 1.0000 1.0000
v 0.121995 0.035730 0.246204 1.0000 1.0000 1.0000
v 0.126083 0.038377 0.260945 1.0000 1.0000 1.0000
v 0.113113 0.038401 0.280266 1.0000 1.0000 1.0000
v 0.127897 0.035730 0.276133 1.0000 1.0000 1.0000
v 0.097866 0.035730 0.282056 1.0000 1.0000 1.0000
v 0.062105 -0.000000 0.384234 1.0000 1.0000 1.0000
v 0.058266 -0.024880 0.384265 1.0000 1.0000 1.0000
v 0.055350 -0.000000 0.375577 1.0000 1.0000 1.0000
v 0.051550 -0.022955 0.375565 1.0000 1.0000 1.0000
v -0.051132 -0.041160 0.377095 1.0000 1.0000 1.0000
v -0.045798 -0.040181 0.370609 1.0000 1.0000 1.0000
v -0.045765 -0.052829 0.379462 1.0000 1.0000 1.0000
v -0.039381 -0.050027 0.371518 1.0000 1.0000 1.0000
v -0.055076 -0.018651 0.370545 1.0000 1.0000 1.0000
v -0.052058 -0.028384 0.369856 1.0000 1.0000 1.0000
v -0.055936 -0.022037 0.373797 1.0000 1.0000 1.0000
v -0.055107 -0.029067 0.374685 1.0000 1.0000 1.0000
v 0.032670 -0.064794 0.384353 1.0000 1.0000 1.0000
v 0.028913 -0.057986 0.375569 1.0000 1.0000 1.0000
v 0.047473 -0.048140 0.384328 1.0000 1.0000 1.0000
v 0.041927 -0.043646 0.375591 1.0000 1.0000 1.0000
v 0.011935 -0.066010 0.375521 1.0000 1.0000 1.0000
v 0.013563 -0.074051 0.384379 1.0000 1.0000 1.0000
v -0.004065 -0.068683 0.375594 1.0000 1.0000 1.0000
v -0.004248 -0.076755 0.384462 1.0000 1.0000 1.0000
v -0.018850 -0.065033 0.374713 1.0000 1.0000 1.0000
v -0.021924 -0.072129 0.383563 1.0000 1.0000 1.0000
v -0.034819 -0.064321 0.382057 1.0000 1.0000 1.0000
v -0.029487 -0.059178 0.373188 1.0000 1.0000 1.0000
v 0.059949 0.000000 0.408163 1.0000 1.0000 1.0000
v 0.044402 0.000000 0.411009 1.0000 1.0000 1.0000
v 0.055631 -0.023723 0.408286 1.0000 1.0000 1.0000
v 0.040391 -0.018932 0.411216 1.0000 1.0000 1.0000
v -0.043667 -0.044293 0.403001 1.0000 1.0000 1.0000
v -0.033197 -0.034736 0.404570 1.0000 1.0000 1.0000
v -0.048943 -0.034654 0.397301 1.0000 1.0000 1.0000
v -0.039422 -0.027763 0.399402 1.0000 1.0000 1.0000
v -0.052820 -0.039836 0.387746 1.0000 1.0000 1.0000
v -0.047964 -0.051205 0.391824 1.0000 1.0000 1.0000
v -0.045802 -0.020650 0.391679 1.0000 1.0000 1.0000
v -0.050597 -0.015143 0.382578 1.0000 1.0000 1.0000
v -0.053337 -0.024887 0.389978 1.0000 1.0000 1.0000
v -0.054926 -0.018657 0.382976 1.0000 1.0000 1.0000
v -0.057154 -0.018971 0.378066 1.0000 1.0000 1.0000
v -0.056146 -0.028248 0.382597 1.0000 1.0000 1.0000
v 0.033291 -0.065357 0.397804 1.0000 1.0000 1.0000
v 0.048596 -0.048923 0.397370 1.0000 1.0000 1.0000
v 0.030609 -0.059664 0.409806 1.0000 1.0000 1.0000
v 0.044697 -0.045528 0.408892 1.0000 1.0000 1.0000
v 0.008355 -0.050324 0.412138 1.0000 1.0000 1.0000
v -0.003745 -0.051888 0.412120 1.0000 1.0000 1.0000
v 0.012657 -0.067380 0.410036 1.0000 1.0000 1.0000
v -0.004470 -0.069794 0.410085 1.0000 1.0000 1.0000
v -0.004386 -0.077026 0.398266 1.0000 1.0000 1.0000
v 0.013791 -0.074413 0.398123 1.0000 1.0000 1.0000
v -0.015379 -0.048719 0.411189 1.0000 1.0000 1.0000
v -0.021411 -0.064340 0.409689 1.0000 1.0000 1.0000
v -0.023337 -0.072065 0.397317 1.0000 1.0000 1.0000
v -0.034416 -0.054254 0.407679 1.0000 1.0000 1.0000
v -0.037421 -0.062929 0.395557 1.0000 1.0000 1.0000
v -0.057154 -0.018971 0.378066 1.0000 1.0000 1.0000
v -0.056146 -0.028248 0.382597 1.0000 1.0000 1.0000
v -0.052820 -0.039836 0.387746 1.0000 1.0000 1.0000
v -0.047964 -0.051205 0.391824 1.0000 1.0000 1.0000
v -0.037421 -0.062929 0.395557 1.0000 1.0000 1.0000
v -0.023337 -0.072065 0.397317 1.0000 1.0000 1.0000
v -0.004386 -0.077026 0.398266 1.0000 1.0000 1.0000
v 0.013791 -0.074413 0.398123 1.0000 1.0000 1.0000
v 0.033291 -0.065357 0.397804 1.0000 1.0000 1.0000
v 0.048596 -0.048923 0.397370 1.0000 1.0000 1.0000
v 0.060087 -0.025262 0.396923 1.0000 1.0000 1.0000
v -0.031940 -0.012553 0.388484 1.0000 1.0000 1.0000
v -0.037258 -0.008513 0.382688 1.0000 1.0000 1.0000
v -0.021553 -0.020960 0.397576 1.0000 1.0000 1.0000
v -0.026764 -0.016872 0.393658 1.0000 1.0000 1.0000
v -0.015417 -0.025045 0.400316 1.0000 1.0000 1.0000
v -0.025842 -0.041395 0.408789 1.0000 1.0000 1.0000
v -0.009600 -0.028318 0.402008 1.0000 1.0000 1.0000
v -0.003337 -0.030032 0.402603 1.0000 1.0000 1.0000
v 0.003826 -0.029857 0.403027 1.0000 1.0000 1.0000
v 0.021751 -0.045152 0.412160 1.0000 1.0000 1.0000
v 0.032021 -0.035717 0.411643 1.0000 1.0000 1.0000
v 0.011326 -0.026691 0.403461 1.0000 1.0000 1.0000
v 0.016645 -0.021669 0.403548 1.0000 1.0000 1.0000
v 0.022435 -0.011951 0.403885 1.0000 1.0000 1.0000
v 0.025173 0.000000 0.404119 1.0000 1.0000 1.0000
v 0.023669 -0.026688 0.369112 1.0000 1.0000 1.0000
v 0.028527 -0.014822 0.369553 1.0000 1.0000 1.0000
v 0.015692 -0.036168 0.368885 1.0000 1.0000 1.0000
v 0.006517 -0.040865 0.368671 1.0000 1.0000 1.0000
v -0.003878 -0.042220 0.368506 1.0000 1.0000 1.0000
v -0.010869 -0.040309 0.367917 1.0000 1.0000 1.0000
v -0.016872 -0.036911 0.366687 1.0000 1.0000 1.0000
v -0.029662 -0.025960 0.365188 1.0000 1.0000 1.0000
v -0.023257 -0.031987 0.365745 1.0000 1.0000 1.0000
v -0.039375 -0.010569 0.363457 1.0000 1.0000 1.0000
v -0.035677 -0.017765 0.363819 1.0000 1.0000 1.0000
v -0.053650 -0.013977 0.374967 1.0000 1.0000 1.0000
v -0.053650 -0.013977 0.374967 1.0000 1.0000 1.0000
v -0.040307 -0.007672 0.371983 1.0000 1.0000 1.0000
v -0.040307 -0.007672 0.371983 1.0000 1.0000 1.0000
v 0.060087 -0.025262 0.396923 1.0000 1.0000 1.0000
v 0.064075 -0.000000 0.396714 1.0000 1.0000 1.0000
v 0.064075 -0.000000 0.396714 1.0000 1.0000 1.0000
v 0.030907 -0.000000 0.369620 1.0000 1.0000 1.0000
v 0.058266 0.024880 0.384265 1.0000 1.0000 1.0000
v 0.051550 0.022955 0.375565 1.0000 1.0000 1.0000
v -0.051132 0.041160 0.377095 1.0000 1.0000 1.0000
v -0.045765 0.052829 0.379462 1.0000 1.0000 1.0000
v -0.045798 0.040181 0.370609 1.0000 1.0000 1.0000
v -0.039381 0.050027 0.371518 1.0000 1.0000 1.0000
v -0.055107 0.029067 0.374685 1.0000 1.0000 1.0000
v -0.052058 0.028384 0.369856 1.0000 1.0000 1.0000
v -0.055936 0.022037 0.373797 1.0000 1.0000 1.0000
v -0.055076 0.018651 0.370545 1.0000 1.0000 1.0000
v 0.032670 0.064794 0.384353 1.0000 1.0000 1.0000
v 0.047473 0.048140 0.384328 1.0000 1.0000 1.0000
v 0.028913 0.057986 0.375569 1.0000 1.0000 1.0000
v 0.041927 0.043646 0.375591 1.0000 1.0000 1.0000
v -0.004248 0.076755 0.384462 1.0000 1.0000 1.0000
v 0.013563 0.074051 0.384379 1.0000 1.0000 1.0000
v -0.004065 0.068683 0.375594 1.0000 1.0000 1.0000
v 0.011935 0.066010 0.375521 1.0000 1.0000 1.0000
v -0.021924 0.072129 0.383563 1.0000 1.0000 1.0000
v -0.018850 0.065033 0.374713 1.0000 1.0000 1.0000
v -0.034819 0.064321 0.382057 1.0000 1.0000 1.0000
v -0.029487 0.059178 0.373188 1.0000 1.0000 1.0000
v 0.055631 0.023723 0.408286 1.0000 1.0000 1.0000
v 0.040391 0.018932 0.411216 1.0000 1.0000 1.0000
v -0.043667 0.044293 0.403001 1.0000 1.0000 1.0000
v -0.048943 0.034654 0.397301 1.0000 1.0000 1.0000
v -0.033197 0.034736 0.404570 1.0000 1.0000 1.0000
v -0.039422 0.027763 0.399402 1.0000 1.0000 1.0000
v -0.047964 0.051205 0.391824 1.0000 1.0000 1.0000
v -0.052820 0.039836 0.387746 1.0000 1.0000 1.0000
v -0.045802 0.020650 0.391679 1.0000 1.0000 1.0000
v -0.053337 0.024887 0.389978 1.0000 1.0000 1.0000
v -0.050597 0.015143 0.382578 1.0000 1.0000 1.0000
v -0.054926 0.018657 0.382976 1.0000 1.0000 1.0000
v -0.056146 0.028248 0.382597 1.0000 1.0000 1.0000
v -0.057154 0.018971 0.378066 1.0000 1.0000 1.0000
v 0.044697 0.045528 0.408892 1.0000 1.0000 1.0000
v 0.048596 0.048923 0.397370 1.0000 1.0000 1.0000
v 0.030609 0.059664 0.409806 1.0000 1.0000 1.0000
v 0.033291 0.065357 0.397804 1.0000 1.0000 1.0000
v 0.008355 0.050324 0.412138 1.0000 1.0000 1.0000
v 0.012657 0.067380 0.410036 1.0000 1.0000 1.0000
v -0.003745 0.051888 0.412120 1.0000 1.0000 1.0000
v -0.004470 0.069794 0.410085 1.0000 1.0000 1.0000
v -0.004386 0.077026 0.398266 1.0000 1.0000 1.0000
v 0.013791 0.074413 0.398123 1.0000 1.0000 1.0000
v -0.021411 0.064340 0.409689 1.0000 1.0000 1.0000
v -0.015379 0.048719 0.411189 1.0000 1.0000 1.0000
v -0.023337 0.072065 0.397317 1.0000 1.0000 1.0000
v -0.037421 0.062929 0.395557 1.0000 1.0000 1.0000
v -0.034416 0.054254 0.407679 1.0000 1.0000 1.0000
v -0.057154 0.018971 0.378066 1.0000 1.0000 1.0000
v -0.056146 0.028248 0.382597 1.0000 1.0000 1.0000
v -0.047964 0.051205 0.391824 1.0000 1.0000 1.0000
v -0.052820 0.039836 0.387746 1.0000 1.0000 1.0000
v -0.023337 0.072065 0.397317 1.0000 1.0000 1.0000
v -0.037421 0.062929 0.395557 1.0000 1.0000 1.0000
v -0.004386 0.077026 0.398266 1.0000 1.0000 1.0000
v 0.013791 0.074413 0.398123 1.0000 1.0000 1.0000
v 0.033291 0.065357 0.397804 1.0000 1.0000 1.0000
v 0.048596 0.048923 0.397370 1.0000 1.0000 1.0000
v 0.060087 0.025262 0.396923 1.0000 1.0000 1.0000
v -0.037258 0.008513 0.382688 1.0000 1.0000 1.0000
v -0.031940 0.012553 0.388484 1.0000 1.0000 1.0000
v -0.021553 0.020960 0.397576 1.0000 1.0000 1.0000
v -0.026764 0.016872 0.393658 1.0000 1.0000 1.0000
v -0.025842 0.041395 0.408789 1.0000 1.0000 1.0000
v -0.009600 0.028318 0.402008 1.0000 1.0000 1.0000
v -0.015417 0.025045 0.400316 1.0000 1.0000 1.0000
v -0.003337 0.030032 0.402603 1.0000 1.0000 1.0000
v 0.003826 0.029857 0.403027 1.0000 1.0000 1.0000
v 0.016645 0.021669 0.403548 1.0000 1.0000 1.0000
v 0.032021 0.035717 0.411643 1.0000 1.0000 1.0000
v 0.011326 0.026691 0.403461 1.0000 1.0000 1.0000
v 0.021751 0.045152 0.412160 1.0000 1.0000 1.0000
v 0.022435 0.011951 0.403885 1.0000 1.0000 1.0000
v 0.028527 0.014822 0.369553 1.0000 1.0000 1.0000
v 0.023669 0.026688 0.369112 1.0000 1.0000 1.0000
v 0.015692 0.036168 0.368885 1.0000 1.0000 1.0000
v -0.003878 0.042220 0.368506 1.0000 1.0000 1.0000
v 0.006517 0.040865 0.368671 1.0000 1.0000 1.0000
v -0.010869 0.040309 0.367917 1.0000 1.0000 1.0000
v -0.016872 0.036911 0.366687 1.0000 1.0000 1.0000
v -0.023257 0.031987 0.365745 1.0000 1.0000 1.0000
v -0.029662 0.025960 0.365188 1.0000 1.0000 1.0000
v -0.035677 0.017765 0.363819 1.0000 1.0000 1.0000
v -0.039375 0.010569 0.363457 1.0000 1.0000 1.0000
v -0.053650 0.013977 0.374967 1.0000 1.0000 1.0000
v -0.053650 0.013977 0.374967 1.0000 1.0000 1.0000
v -0.040307 0.007672 0.371983 1.0000 1.0000 1.0000
v -0.040307 0.007672 0.371983 1.0000 1.0000 1.0000
v 0.060087 0.025262 0.396923 1.0000 1.0000 1.0000
vn -0.8309 -0.0000 -0.5564
vn -0.7921 -0.3011 -0.5309
vn -0.9831 -0.0000 -0.1828
vn -0.9268 -0.3392 -0.1612
vn -0.6783 -0.5776 -0.4542
vn -0.7199 -0.6745 -0.1640
vn -0.9112 -0.3706 0.1797
vn -0.6935 -0.7073 0.1367
vn -0.9811 -0.0001 0.1936
vn -0.7961 -0.3392 0.5012
vn -0.8402 -0.0000 0.5423
vn -0.6037 -0.6745 0.4249
vn -0.4551 -0.5776 0.6777
vn -0.5308 -0.3011 0.7922
vn -0.5573 -0.0000 0.8303
vn -0.1827 -0.0000 0.9832
vn -0.1616 -0.3380 0.9272
vn -0.1648 -0.6744 0.7197
vn 0.1797 -0.3694 0.9117
vn 0.1369 -0.7076 0.6932
vn 0.1935 -0.0000 0.9811
vn 0.5015 -0.3379 0.7965
vn 0.5423 -0.0001 0.8402
vn 0.4258 -0.6744 0.6032
vn 0.6783 -0.5776 0.4541
vn 0.7921 -0.3011 0.5309
vn 0.8309 -0.0000 0.5564
vn 0.9831 -0.0000 0.1828
vn 0.9268 -0.3392 0.1612
vn 0.7199 -0.6745 0.1637
vn 0.9112 -0.3706 -0.1797
vn 0.6937 -0.7071 -0.1368
vn 0.9811 -0.0001 -0.1935
vn 0.7961 -0.3392 -0.5012
vn 0.8402 -0.0001 -0.5422
vn 0.6037 -0.6745 -0.4250
vn 0.4551 -0.5776 -0.6777
vn 0.5309 -0.3011 -0.7922
vn 0.5572 -0.0000 -0.8304
vn 0.1826 -0.0000 -0.9832
vn 0.1616 -0.3380 -0.9272
vn 0.1648 -0.6743 -0.7198
vn -0.1798 -0.3694 -0.9117
vn -0.1368 -0.7073 -0.6936
vn -0.1935 -0.0000 -0.9811
vn -0.5015 -0.3379 -0.7964
vn -0.5423 -0.0000 -0.8402
vn -0.4260 -0.6745 -0.6030
vn -0.3981 -0.8781 -0.2654
vn -0.0715 -0.9293 -0.3624
vn -0.0000 -1.0000 -0.0000
vn -0.3636 -0.9288 0.0716
vn 0.2673 -0.8781 -0.3968
vn 0.3636 -0.9288 -0.0715
vn 0.3982 -0.8781 0.2652
vn 0.0715 -0.9293 0.3624
vn -0.2674 -0.8781 0.3969
vn -0.7921 0.3011 -0.5309
vn -0.9268 0.3392 -0.1612
vn -0.6783 0.5776 -0.4541
vn -0.7199 0.6745 -0.1640
vn -0.9112 0.3706 0.1797
vn -0.6937 0.7071 0.1368
vn -0.9811 0.0001 0.1936
vn -0.7961 0.3392 0.5012
vn -0.6037 0.6745 0.4249
vn -0.5308 0.3011 0.7922
vn -0.4551 0.5776 0.6777
vn -0.1616 0.3380 0.9272
vn -0.1648 0.6744 0.7197
vn 0.1797 0.3694 0.9117
vn 0.1369 0.7076 0.6932
vn 0.5423 0.0001 0.8402
vn 0.5015 0.3379 0.7965
vn 0.4258 0.6744 0.6032
vn 0.7921 0.3011 0.5309
vn 0.6783 0.5776 0.4541
vn 0.9268 0.3392 0.1612
vn 0.7199 0.6745 0.1637
vn 0.9112 0.3706 -0.1797
vn 0.6937 0.7071 -0.1368
vn 0.9811 0.0001 -0.1935
vn 0.8402 0.0001 -0.5422
vn 0.7961 0.3392 -0.5012
vn 0.6037 0.6745 -0.4250
vn 0.5309 0.3011 -0.7922
vn 0.4551 0.5776 -0.6777
vn 0.1827 -0.0000 -0.9832
vn 0.1616 0.3380 -0.9272
vn 0.1648 0.6743 -0.7198
vn -0.1798 0.3694 -0.9117
vn -0.1368 0.7073 -0.6936
vn -0.5015 0.3379 -0.7964
vn -0.4260 0.6745 -0.6030
vn -0.3981 0.8781 -0.2654
vn -0.0715 0.9293 -0.3624
vn -0.3636 0.9288 0.0717
vn -0.0000 1.0000 -0.0000
vn 0.2673 0.8781 -0.3968
vn 0.3636 0.9288 -0.0715
vn 0.0714 0.9293 0.3624
vn 0.3982 0.8781 0.2652
vn -0.2674 0.8781 0.3969
vn 0.9297 -0.0000 -0.3682
vn 0.8910 -0.2772 -0.3595
vn 0.4801 -0.0000 -0.8772
vn 0.4658 -0.1381 -0.8741
vn -0.8476 -0.4138 -0.3323
vn -0.3308 -0.2860 -0.8993
vn -0.7341 -0.5994 -0.3189
vn -0.2777 -0.3710 -0.8861
vn -0.5538 0.2131 -0.8049
vn -0.3752 -0.2237 -0.8995
vn -0.9507 -0.0772 -0.3004
vn -0.8957 -0.3079 -0.3209
vn 0.5598 -0.7581 -0.3346
vn 0.2996 -0.3844 -0.8732
vn 0.7845 -0.5158 -0.3443
vn 0.4163 -0.2615 -0.8708
vn 0.1481 -0.4491 -0.8811
vn 0.2832 -0.9001 -0.3311
vn 0.0049 -0.4870 -0.8734
vn -0.0436 -0.9498 -0.3097
vn -0.1024 -0.4831 -0.8695
vn -0.3378 -0.8935 -0.2958
vn -0.5651 -0.7700 -0.2963
vn -0.1900 -0.4479 -0.8737
vn 0.6424 -0.0000 0.7664
vn -0.0406 -0.0000 0.9992
vn 0.6061 -0.1868 0.7731
vn -0.0510 0.0325 0.9982
vn -0.6494 -0.1068 0.7529
vn -0.2282 0.3742 0.8988
vn -0.7160 0.0972 0.6913
vn -0.2838 0.4863 0.8264
vn -0.9422 -0.2781 0.1871
vn -0.8372 -0.4943 0.2340
vn -0.3363 0.5964 0.7288
vn -0.4146 0.7829 0.4638
vn -0.7497 0.2421 0.6159
vn -0.7409 0.4621 0.4874
vn -0.9627 0.2493 0.1051
vn -0.9762 -0.1597 0.1465
vn 0.5769 -0.7938 0.1928
vn 0.8233 -0.5489 0.1448
vn 0.3639 -0.4828 0.7965
vn 0.5339 -0.3380 0.7750
vn -0.0279 0.0981 0.9948
vn -0.0242 0.1008 0.9946
vn 0.1685 -0.5411 0.8239
vn -0.0616 -0.5669 0.8214
vn -0.0673 -0.9632 0.2601
vn 0.2867 -0.9290 0.2341
vn -0.0618 0.1466 0.9873
vn -0.3040 -0.4719 0.8276
vn -0.4075 -0.8708 0.2750
vn -0.4947 -0.2891 0.8195
vn -0.6601 -0.6976 0.2785
vn -0.9627 0.2492 0.1051
vn -0.9762 -0.1597 0.1464
vn -0.9422 -0.2782 0.1870
vn -0.8372 -0.4943 0.2339
vn -0.6601 -0.6977 0.2784
vn -0.4075 -0.8708 0.2749
vn -0.0673 -0.9632 0.2600
vn 0.2867 -0.9290 0.2340
vn 0.5769 -0.7938 0.1927
vn 0.8233 -0.5489 0.1447
vn 0.9476 -0.2992 0.1118
vn -0.2464 0.6625 0.7074
vn -0.3519 0.7909 0.5007
vn -0.0920 0.5203 0.8490
vn -0.1666 0.5960 0.7855
vn -0.0075 0.4543 0.8908
vn -0.1360 0.2579 0.9566
vn 0.0377 0.4096 0.9115
vn -0.0106 0.3995 0.9167
vn -0.1126 0.3773 0.9192
vn -0.0248 0.0748 0.9969
vn -0.0267 0.0548 0.9981
vn -0.2019 0.3235 0.9244
vn -0.2885 0.2217 0.9315
vn -0.3325 0.1249 0.9348
vn -0.3447 -0.0000 0.9387
vn 0.2209 -0.1238 -0.9674
vn 0.2375 -0.0629 -0.9694
vn 0.1646 -0.1949 -0.9669
vn 0.0851 -0.2424 -0.9664
vn 0.0215 -0.2589 -0.9657
vn 0.0023 -0.2678 -0.9635
vn -0.0311 -0.2616 -0.9647
vn -0.1578 -0.2058 -0.9658
vn -0.0966 -0.2273 -0.9690
vn -0.4515 0.2378 -0.8600
vn -0.2403 -0.1677 -0.9561
vn -0.5553 0.8264 -0.0937
vn -0.5553 0.8263 -0.0937
vn -0.4870 0.8686 -0.0918
vn -0.4869 0.8686 -0.0917
vn 0.9476 -0.2992 0.1119
vn 0.9953 -0.0000 0.0966
vn 0.2386 -0.0000 -0.9711
vn 0.8910 0.2772 -0.3595
vn 0.4658 0.1381 -0.8741
vn -0.8476 0.4138 -0.3323
vn -0.7341 0.5994 -0.3189
vn -0.3308 0.2860 -0.8993
vn -0.2777 0.3710 -0.8861
vn -0.8957 0.3079 -0.3209
vn -0.3752 0.2237 -0.8995
vn -0.9507 0.0772 -0.3004
vn -0.5538 -0.2131 -0.8049
vn 0.5598 0.7581 -0.3346
vn 0.7845 0.5158 -0.3443
vn 0.2996 0.3844 -0.8732
vn 0.4163 0.2615 -0.8708
vn -0.0436 0.9498 -0.3097
vn 0.2832 0.9001 -0.3311
vn 0.0049 0.4870 -0.8734
vn 0.1481 0.4491 -0.8811
vn -0.3378 0.8935 -0.2958
vn -0.1024 0.4831 -0.8695
vn -0.5651 0.7700 -0.2963
vn -0.1900 0.4479 -0.8737
vn 0.6061 0.1868 0.7731
vn -0.0510 -0.0325 0.9982
vn -0.6494 0.1068 0.7529
vn -0.7160 -0.0972 0.6913
vn -0.2282 -0.3742 0.8988
vn -0.2838 -0.4863 0.8264
vn -0.8372 0.4943 0.2340
vn -0.9422 0.2781 0.1871
vn -0.3363 -0.5964 0.7288
vn -0.7497 -0.2421 0.6159
vn -0.4146 -0.7829 0.4638
vn -0.7409 -0.4620 0.4874
vn -0.9762 0.1597 0.1465
vn -0.9627 -0.2493 0.1052
vn 0.5339 0.3380 0.7750
vn 0.8232 0.5489 0.1448
vn 0.3639 0.4828 0.7965
vn 0.5769 0.7938 0.1928
vn -0.0279 -0.0981 0.9948
vn 0.1685 0.5411 0.8239
vn -0.0242 -0.1008 0.9946
vn -0.0616 0.5669 0.8214
vn -0.0673 0.9632 0.2601
vn 0.2867 0.9290 0.2341
vn -0.3040 0.4719 0.8276
vn -0.0618 -0.1466 0.9873
vn -0.4075 0.8708 0.2750
vn -0.6601 0.6976 0.2785
vn -0.4947 0.2891 0.8195
vn -0.9627 -0.2492 0.1051
vn -0.9762 0.1597 0.1464
vn -0.8372 0.4943 0.2339
vn -0.9422 0.2782 0.1870
vn -0.4075 0.8708 0.2749
vn -0.6601 0.6977 0.2784
vn -0.0673 0.9632 0.2600
vn 0.2867 0.9290 0.2340
vn 0.5769 0.7938 0.1927
vn 0.8233 0.5489 0.1447
vn 0.9476 0.2992 0.1118
vn -0.3519 -0.7909 0.5007
vn -0.2464 -0.6625 0.7074
vn -0.0920 -0.5203 0.8490
vn -0.1666 -0.5960 0.7855
vn -0.1360 -0.2579 0.9566
vn 0.0377 -0.4096 0.9115
vn -0.0075 -0.4543 0.8908
vn -0.0106 -0.3995 0.9167
vn -0.1126 -0.3773 0.9192
vn -0.2885 -0.2217 0.9315
vn -0.0267 -0.0548 0.9981
vn -0.2019 -0.3235 0.9244
vn -0.0248 -0.0749 0.9969
vn -0.3325 -0.1249 0.9348
vn 0.2375 0.0629 -0.9694
vn 0.2209 0.1238 -0.9674
vn 0.1646 0.1949 -0.9669
vn 0.0215 0.2589 -0.9657
vn 0.0851 0.2424 -0.9664
vn 0.0023 0.2678 -0.9635
vn -0.0311 0.2616 -0.9647
vn -0.0966 0.2273 -0.9690
vn -0.1578 0.2058 -0.9658
vn -0.2403 0.1677 -0.9561
vn -0.4515 -0.2378 -0.8600
vn -0.5553 -0.8263 -0.0937
vn -0.4870 -0.8686 -0.0918
vn -0.4869 -0.8686 -0.0917
vn 0.9476 0.2992 0.1119
vt 0.557582 0.459931
vt 0.563072 0.465389
vt 0.550026 0.470781
vt 0.558130 0.474243
vt 0.567370 0.469711
vt 0.565859 0.476173
vt 0.556861 0.484375
vt 0.565380 0.484375
vt 0.546967 0.484375
vt 0.558130 0.494507
vt 0.550026 0.497969
vt 0.565859 0.492577
vt 0.567370 0.499039
vt 0.563072 0.503361
vt 0.557582 0.508819
vt 0.568434 0.516382
vt 0.571883 0.508297
vt 0.573834 0.500563
vt 0.582031 0.509563
vt 0.582031 0.501027
vt 0.582031 0.519443
vt 0.592180 0.508297
vt 0.595628 0.516382
vt 0.590229 0.500563
vt 0.596692 0.499039
vt 0.600991 0.503361
vt 0.606480 0.508819
vt 0.614036 0.497969
vt 0.605932 0.494507
vt 0.598203 0.492577
vt 0.607202 0.484375
vt 0.598682 0.484375
vt 0.617095 0.484375
vt 0.605932 0.474243
vt 0.614036 0.470781
vt 0.598203 0.476173
vt 0.596692 0.469711
vt 0.600991 0.465389
vt 0.606480 0.459931
vt 0.595628 0.452368
vt 0.592180 0.460453
vt 0.590229 0.468187
vt 0.582031 0.459187
vt 0.582031 0.467723
vt 0.582031 0.449307
vt 0.571883 0.460453
vt 0.568434 0.452368
vt 0.573834 0.468187
vt 0.573754 0.476128
vt 0.582031 0.475744
vt 0.582031 0.484375
vt 0.573385 0.484375
vt 0.590309 0.476128
vt 0.590678 0.484375
vt 0.590309 0.492622
vt 0.582031 0.493006
vt 0.573754 0.492622
vt 0.442418 0.459931
vt 0.449973 0.470781
vt 0.436928 0.465389
vt 0.441870 0.474243
vt 0.432630 0.469711
vt 0.434141 0.476173
vt 0.443139 0.484375
vt 0.434620 0.484375
vt 0.453033 0.484375
vt 0.449973 0.497969
vt 0.441870 0.494507
vt 0.434141 0.492577
vt 0.436928 0.503361
vt 0.432630 0.499039
vt 0.442418 0.508819
vt 0.431566 0.516382
vt 0.428117 0.508297
vt 0.426166 0.500563
vt 0.417969 0.509563
vt 0.417969 0.501027
vt 0.417969 0.519443
vt 0.404372 0.516382
vt 0.407820 0.508297
vt 0.409771 0.500563
vt 0.399009 0.503361
vt 0.403308 0.499039
vt 0.393520 0.508819
vt 0.385964 0.497969
vt 0.394068 0.494507
vt 0.401796 0.492577
vt 0.392798 0.484375
vt 0.401318 0.484375
vt 0.382905 0.484375
vt 0.385964 0.470781
vt 0.394068 0.474243
vt 0.401796 0.476173
vt 0.399009 0.465389
vt 0.403308 0.469711
vt 0.393520 0.459931
vt 0.404372 0.452368
vt 0.407820 0.460453
vt 0.409771 0.468187
vt 0.417969 0.459187
vt 0.417969 0.467723
vt 0.417969 0.449307
vt 0.431566 0.452368
vt 0.428117 0.460453
vt 0.426166 0.468187
vt 0.426246 0.476128
vt 0.417969 0.475744
vt 0.426615 0.484375
vt 0.417969 0.484375
vt 0.409691 0.476128
vt 0.409322 0.484375
vt 0.417969 0.493006
vt 0.409691 0.492622
vt 0.426246 0.492622
vt 0.500000 0.525549
vt 0.511553 0.527051
vt 0.500000 0.530434
vt 0.510158 0.532047
vt 0.525437 0.580410
vt 0.522741 0.577579
vt 0.530058 0.575934
vt 0.526174 0.573068
vt 0.515622 0.586593
vt 0.518748 0.582735
vt 0.517691 0.586912
vt 0.520529 0.584639
vt 0.530472 0.537900
vt 0.525966 0.541223
vt 0.522457 0.531605
vt 0.519417 0.535931
vt 0.529931 0.548375
vt 0.535203 0.546251
vt 0.531936 0.555236
vt 0.537478 0.554061
vt 0.531248 0.562116
vt 0.536856 0.562598
vt 0.534346 0.569353
vt 0.529314 0.567457
vt 0.500000 0.458899
vt 0.500000 0.451255
vt 0.511497 0.457144
vt 0.509399 0.449370
vt 0.529493 0.409481
vt 0.523621 0.413340
vt 0.525571 0.405073
vt 0.521052 0.408939
vt 0.528979 0.400558
vt 0.534551 0.405023
vt 0.518133 0.403793
vt 0.515355 0.398844
vt 0.521172 0.400642
vt 0.517824 0.397465
vt 0.517484 0.394695
vt 0.522867 0.396856
vt 0.535095 0.450684
vt 0.525701 0.457937
vt 0.529808 0.446560
vt 0.522366 0.452603
vt 0.526657 0.435179
vt 0.528460 0.429554
vt 0.534804 0.438617
vt 0.537336 0.430729
vt 0.543931 0.431526
vt 0.541242 0.441070
vt 0.528141 0.423741
vt 0.536286 0.422330
vt 0.543346 0.420862
vt 0.532950 0.415319
vt 0.539915 0.412168
vt 0.517484 0.589680
vt 0.522867 0.587519
vt 0.528979 0.583817
vt 0.534551 0.579352
vt 0.539915 0.572207
vt 0.543346 0.563514
vt 0.543931 0.552849
vt 0.541242 0.543306
vt 0.535095 0.533691
vt 0.525701 0.526438
vt 0.513121 0.521234
vt 0.511261 0.408103
vt 0.509654 0.403826
vt 0.514427 0.416014
vt 0.512936 0.412215
vt 0.515675 0.420021
vt 0.525910 0.417936
vt 0.516605 0.423582
vt 0.516737 0.427013
vt 0.515992 0.430663
vt 0.523134 0.441247
vt 0.517970 0.445771
vt 0.513960 0.434341
vt 0.511193 0.436853
vt 0.506134 0.439559
vt 0.500000 0.440681
vt 0.511613 0.545235
vt 0.506426 0.543112
vt 0.515820 0.548647
vt 0.518002 0.552739
vt 0.518868 0.557630
vt 0.518314 0.561187
vt 0.517049 0.564578
vt 0.513422 0.572830
vt 0.515350 0.568512
vt 0.508355 0.581093
vt 0.510674 0.577597
vt 0.513845 0.395115
vt 0.513845 0.589260
vt 0.507126 0.585581
vt 0.507126 0.398794
vt 0.513121 0.463141
vt 0.500000 0.464844
vt 0.500000 0.519531
vt 0.500000 0.541782
vt 0.488447 0.527051
vt 0.489842 0.532047
vt 0.474563 0.580410
vt 0.469942 0.575934
vt 0.477259 0.577579
vt 0.473826 0.573068
vt 0.479471 0.584639
vt 0.481252 0.582735
vt 0.482309 0.586912
vt 0.484378 0.586593
vt 0.469528 0.537900
vt 0.477544 0.531605
vt 0.474034 0.541223
vt 0.480583 0.535931
vt 0.462522 0.554061
vt 0.464797 0.546251
vt 0.468064 0.555236
vt 0.470069 0.548375
vt 0.463144 0.562598
vt 0.468752 0.562116
vt 0.465654 0.569353
vt 0.470686 0.567457
vt 0.488503 0.457144
vt 0.490601 0.449370
vt 0.470507 0.409481
vt 0.474429 0.405073
vt 0.476379 0.413340
vt 0.478948 0.408939
vt 0.465449 0.405023
vt 0.471021 0.400558
vt 0.481867 0.403793
vt 0.478828 0.400642
vt 0.484645 0.398844
vt 0.482176 0.397465
vt 0.477133 0.396856
vt 0.482516 0.394695
vt 0.477634 0.452603
vt 0.474299 0.457937
vt 0.470192 0.446560
vt 0.464905 0.450684
vt 0.473343 0.435179
vt 0.465196 0.438617
vt 0.471540 0.429554
vt 0.462664 0.430729
vt 0.456069 0.431526
vt 0.458758 0.441070
vt 0.463714 0.422330
vt 0.471859 0.423741
vt 0.456654 0.420862
vt 0.460085 0.412168
vt 0.467050 0.415319
vt 0.482516 0.589680
vt 0.477133 0.587519
vt 0.465449 0.579352
vt 0.471021 0.583817
vt 0.456654 0.563514
vt 0.460085 0.572207
vt 0.456069 0.552849
vt 0.458758 0.543306
vt 0.464905 0.533691
vt 0.474299 0.526438
vt 0.486879 0.521234
vt 0.490346 0.403826
vt 0.488739 0.408103
vt 0.485573 0.416014
vt 0.487064 0.412215
vt 0.474090 0.417936
vt 0.483395 0.423582
vt 0.484325 0.420021
vt 0.483263 0.427013
vt 0.484008 0.430663
vt 0.488807 0.436853
vt 0.482030 0.445771
vt 0.486041 0.434341
vt 0.476866 0.441247
vt 0.493866 0.439559
vt 0.493574 0.543112
vt 0.488387 0.545235
vt 0.484180 0.548647
vt 0.481132 0.557630
vt 0.481998 0.552739
vt 0.481685 0.561187
vt 0.482951 0.564578
vt 0.484650 0.568512
vt 0.486578 0.572830
vt 0.489326 0.577597
vt 0.491645 0.581093
vt 0.486155 0.395115
vt 0.486155 0.589260
vt 0.492874 0.585581
vt 0.492874 0.398794
vt 0.486879 0.463141
s 1
g pm0954_00_00_BodyBSkin_BodyVco00
usemtl BodyVco00
f 1/1/1 2/2/2 3/3/3
f 3/3/3 2/2/2 4/4/4
f 2/2/2 5/5/5 4/4/4
f 4/4/4 5/5/5 6/6/6
f 4/4/4 6/6/6 7/7/7
f 7/7/7 6/6/6 8/8/8
f 3/3/3 4/4/4 9/9/9
f 9/9/9 4/4/4 7/7/7
f 7/7/7 10/10/10 9/9/9
f 9/9/9 10/10/10 11/11/11
f 8/8/8 12/12/12 7/7/7
f 7/7/7 12/12/12 10/10/10
f 12/12/12 13/13/13 10/10/10
f 10/10/10 13/13/13 14/14/14
f 10/10/10 14/14/14 11/11/11
f 11/11/11 14/14/14 15/15/15
f 15/15/15 14/14/14 16/16/16
f 16/16/16 14/14/14 17/17/17
f 14/14/14 13/13/13 17/17/17
f 17/17/17 13/13/13 18/18/18
f 17/17/17 18/18/18 19/19/19
f 19/19/19 18/18/18 20/20/20
f 16/16/16 17/17/17 21/21/21
f 21/21/21 17/17/17 19/19/19
f 19/19/19 22/22/22 21/21/21
f 21/21/21 22/22/22 23/23/23
f 20/20/20 24/24/24 19/19/19
f 19/19/19 24/24/24 22/22/22
f 24/24/24 25/25/25 22/22/22
f 22/22/22 25/25/25 26/26/26
f 22/22/22 26/26/26 23/23/23
f 23/23/23 26/26/26 27/27/27
f 27/27/27 26/26/26 28/28/28
f 28/28/28 26/26/26 29/29/29
f 26/26/26 25/25/25 29/29/29
f 29/29/29 25/25/25 30/30/30
f 29/29/29 30/30/30 31/31/31
f 31/31/31 30/30/30 32/32/32
f 28/28/28 29/29/29 33/33/33
f 33/33/33 29/29/29 31/31/31
f 31/31/31 34/34/34 33/33/33
f 33/33/33 34/34/34 35/35/35
f 32/32/32 36/36/36 31/31/31
f 31/31/31 36/36/36 34/34/34
f 36/36/36 37/37/37 34/34/34
f 34/34/34 37/37/37 38/38/38
f 34/34/34 38/38/38 35/35/35
f 35/35/35 38/38/38 39/39/39
f 39/39/39 38/38/38 40/40/40
f 40/40/40 38/38/38 41/41/41
f 38/38/38 37/37/37 41/41/41
f 41/41/41 37/37/37 42/42/42
f 41/41/41 42/42/42 43/43/43
f 43/43/43 42/42/42 44/44/44
f 40/40/40 41/41/41 45/45/45
f 45/45/45 41/41/41 43/43/43
f 43/43/43 46/46/46 45/45/45
f 45/45/45 46/46/46 47/47/47
f 44/44/44 48/48/48 43/43/43
f 43/43/43 48/48/48 46/46/46
f 48/48/48 5/5/5 46/46/46
f 46/46/46 5/5/5 2/2/2
f 46/46/46 2/2/2 47/47/47
f 47/47/47 2/2/2 1/1/1
f 48/48/48 49/49/49 5/5/5
f 5/5/5 49/49/49 6/6/6
f 44/44/44 50/50/50 48/48/48
f 48/48/48 50/50/50 49/49/49
f 50/50/50 51/51/51 49/49/49
f 49/49/49 51/51/51 52/52/52
f 49/49/49 52/52/52 6/6/6
f 6/6/6 52/52/52 8/8/8
f 44/44/44 42/42/42 50/50/50
f 50/50/50 42/42/42 53/53/53
f 42/42/42 37/37/37 53/53/53
f 53/53/53 37/37/37 36/36/36
f 53/53/53 36/36/36 54/54/54
f 54/54/54 36/36/36 32/32/32
f 50/50/50 53/53/53 51/51/51
f 51/51/51 53/53/53 54/54/54
f 54/54/54 55/55/55 51/51/51
f 51/51/51 55/55/55 56/56/56
f 32/32/32 30/30/30 54/54/54
f 54/54/54 30/30/30 55/55/55
f 30/30/30 25/25/25 55/55/55
f 55/55/55 25/25/25 24/24/24
f 55/55/55 24/24/24 56/56/56
f 56/56/56 24/24/24 20/20/20
f 8/8/8 52/52/52 12/12/12
f 12/12/12 52/52/52 57/57/57
f 52/52/52 51/51/51 57/57/57
f 57/57/57 51/51/51 56/56/56
f 57/57/57 56/56/56 18/18/18
f 18/18/18 56/56/56 20/20/20
f 12/12/12 57/57/57 13/13/13
f 13/13/13 57/57/57 18/18/18
f 58/58/1 59/59/3 60/60/58
f 60/60/58 59/59/3 61/61/59
f 60/60/58 61/61/59 62/62/60
f 62/62/60 61/61/59 63/63/61
f 61/61/59 64/64/62 63/63/61
f 63/63/61 64/64/62 65/65/63
f 59/59/3 66/66/64 61/61/59
f 61/61/59 66/66/64 64/64/62
f 67/67/11 68/68/65 66/66/64
f 66/66/64 68/68/65 64/64/62
f 68/68/65 69/69/66 64/64/62
f 64/64/62 69/69/66 65/65/63
f 70/70/67 71/71/68 68/68/65
f 68/68/65 71/71/68 69/69/66
f 72/72/15 70/70/67 67/67/11
f 67/67/11 70/70/67 68/68/65
f 72/72/15 73/73/16 70/70/67
f 70/70/67 73/73/16 74/74/69
f 70/70/67 74/74/69 71/71/68
f 71/71/68 74/74/69 75/75/70
f 74/74/69 76/76/71 75/75/70
f 75/75/70 76/76/71 77/77/72
f 73/73/16 78/78/21 74/74/69
f 74/74/69 78/78/21 76/76/71
f 79/79/73 80/80/74 78/78/21
f 78/78/21 80/80/74 76/76/71
f 80/80/74 81/81/75 76/76/71
f 76/76/71 81/81/75 77/77/72
f 82/82/76 83/83/77 80/80/74
f 80/80/74 83/83/77 81/81/75
f 84/84/27 82/82/76 79/79/73
f 79/79/73 82/82/76 80/80/74
f 84/84/27 85/85/28 82/82/76
f 82/82/76 85/85/28 86/86/78
f 82/82/76 86/86/78 83/83/77
f 83/83/77 86/86/78 87/87/79
f 86/86/78 88/88/80 87/87/79
f 87/87/79 88/88/80 89/89/81
f 85/85/28 90/90/82 86/86/78
f 86/86/78 90/90/82 88/88/80
f 91/91/83 92/92/84 90/90/82
f 90/90/82 92/92/84 88/88/80
f 92/92/84 93/93/85 88/88/80
f 88/88/80 93/93/85 89/89/81
f 94/94/86 95/95/87 92/92/84
f 92/92/84 95/95/87 93/93/85
f 96/96/39 94/94/86 91/91/83
f 91/91/83 94/94/86 92/92/84
f 96/96/39 97/97/88 94/94/86
f 94/94/86 97/97/88 98/98/89
f 94/94/86 98/98/89 95/95/87
f 95/95/87 98/98/89 99/99/90
f 98/98/89 100/100/91 99/99/90
f 99/99/90 100/100/91 101/101/92
f 97/97/88 102/102/45 98/98/89
f 98/98/89 102/102/45 100/100/91
f 103/103/47 104/104/93 102/102/45
f 102/102/45 104/104/93 100/100/91
f 104/104/93 105/105/94 100/100/91
f 100/100/91 105/105/94 101/101/92
f 60/60/58 62/62/60 104/104/93
f 104/104/93 62/62/60 105/105/94
f 58/58/1 60/60/58 103/103/47
f 103/103/47 60/60/58 104/104/93
f 63/63/61 106/106/95 62/62/60
f 62/62/60 106/106/95 105/105/94
f 106/106/95 107/107/96 105/105/94
f 105/105/94 107/107/96 101/101/92
f 108/108/97 109/109/98 106/106/95
f 106/106/95 109/109/98 107/107/96
f 65/65/63 108/108/97 63/63/61
f 63/63/61 108/108/97 106/106/95
f 101/101/92 107/107/96 99/99/90
f 99/99/90 107/107/96 110/110/99
f 99/99/90 110/110/99 95/95/87
f 95/95/87 110/110/99 93/93/85
f 110/110/99 111/111/100 93/93/85
f 93/93/85 111/111/100 89/89/81
f 107/107/96 109/109/98 110/110/99
f 110/110/99 109/109/98 111/111/100
f 112/112/101 113/113/102 109/109/98
f 109/109/98 113/113/102 111/111/100
f 113/113/102 87/87/79 111/111/100
f 111/111/100 87/87/79 89/89/81
f 81/81/75 83/83/77 113/113/102
f 113/113/102 83/83/77 87/87/79
f 77/77/72 81/81/75 112/112/101
f 112/112/101 81/81/75 113/113/102
f 65/65/63 69/69/66 108/108/97
f 108/108/97 69/69/66 114/114/103
f 108/108/97 114/114/103 109/109/98
f 109/109/98 114/114/103 112/112/101
f 114/114/103 75/75/70 112/112/101
f 112/112/101 75/75/70 77/77/72
f 69/69/66 71/71/68 114/114/103
f 114/114/103 71/71/68 75/75/70
g pm0954_00_00_BodyBSkin_BodyVco01
usemtl BodyVco01
f 115/115/104 116/116/105 117/117/106
f 117/117/106 116/116/105 118/118/107
f 119/119/108 120/120/109 121/121/110
f 121/121/110 120/120/109 122/122/111
f 123/123/112 124/124/113 125/125/114
f 125/125/114 124/124/113 126/126/115
f 127/127/116 128/128/117 129/129/118
f 129/129/118 128/128/117 130/130/119
f 131/131/120 132/132/121 133/133/122
f 133/133/122 132/132/121 134/134/123
f 135/135/124 133/133/122 136/136/125
f 136/136/125 133/133/122 134/134/123
f 136/136/125 137/137/126 135/135/124
f 135/135/124 137/137/126 138/138/127
f 139/139/128 140/140/129 141/141/130
f 141/141/130 140/140/129 142/142/131
f 143/143/132 144/144/133 145/145/134
f 145/145/134 144/144/133 146/146/135
f 147/147/136 148/148/137 145/145/134
f 145/145/134 148/148/137 143/143/132
f 149/149/138 150/150/139 151/151/140
f 151/151/140 150/150/139 152/152/141
f 153/153/142 154/154/143 152/152/141
f 152/152/141 154/154/143 151/151/140
f 155/155/144 156/156/145 157/157/146
f 157/157/146 156/156/145 158/158/147
f 159/159/148 160/160/149 161/161/150
f 161/161/150 160/160/149 162/162/151
f 163/163/152 164/164/153 162/162/151
f 162/162/151 164/164/153 161/161/150
f 165/165/154 166/166/155 160/160/149
f 160/160/149 166/166/155 162/162/151
f 166/166/155 167/167/156 162/162/151
f 162/162/151 167/167/156 163/163/152
f 168/168/157 169/169/158 166/166/155
f 166/166/155 169/169/158 167/167/156
f 170/170/159 125/125/114 171/171/160
f 171/171/160 125/125/114 126/126/115
f 119/119/108 121/121/110 172/172/161
f 172/172/161 121/121/110 173/173/162
f 174/174/163 137/137/126 175/175/164
f 175/175/164 137/137/126 136/136/125
f 175/175/164 136/136/125 176/176/165
f 176/176/165 136/136/125 134/134/123
f 132/132/121 177/177/166 134/134/123
f 134/134/123 177/177/166 176/176/165
f 178/178/167 127/127/116 179/179/168
f 179/179/168 127/127/116 129/129/118
f 179/179/168 129/129/118 180/180/169
f 180/180/169 129/129/118 116/116/105
f 181/181/170 182/182/171 149/149/138
f 149/149/138 182/182/171 150/150/139
f 144/144/133 183/183/172 146/146/135
f 146/146/135 183/183/172 184/184/173
f 185/185/174 186/186/175 187/187/176
f 187/187/176 186/186/175 165/165/154
f 160/160/149 188/188/177 165/165/154
f 165/165/154 188/188/177 187/187/176
f 159/159/148 189/189/178 160/160/149
f 160/160/149 189/189/178 188/188/177
f 190/190/179 191/191/180 192/192/181
f 192/192/181 191/191/180 193/193/182
f 194/194/183 142/142/131 195/195/184
f 195/195/184 142/142/131 140/140/129
f 130/130/119 196/196/185 118/118/107
f 118/118/107 196/196/185 197/197/186
f 128/128/117 198/198/187 130/130/119
f 130/130/119 198/198/187 196/196/185
f 199/199/188 131/131/120 200/200/189
f 200/200/189 131/131/120 133/133/122
f 201/201/190 200/200/189 135/135/124
f 135/135/124 200/200/189 133/133/122
f 135/135/124 138/138/127 201/201/190
f 201/201/190 138/138/127 202/202/191
f 203/203/192 204/204/193 120/120/109
f 120/120/109 204/204/193 122/122/111
f 205/205/194 206/206/195 123/123/112
f 123/123/112 206/206/195 124/124/113
f 152/152/141 150/150/139 153/153/142
f 153/153/142 150/150/139 207/207/196
f 125/125/114 170/170/159 123/123/112
f 123/123/112 170/170/159 208/208/197
f 208/208/197 209/209/198 123/123/112
f 123/123/112 209/209/198 205/205/194
f 182/182/171 210/210/199 150/150/139
f 150/150/139 210/210/199 207/207/196
f 146/146/135 149/149/138 145/145/134
f 145/145/134 149/149/138 151/151/140
f 154/154/143 147/147/136 151/151/140
f 151/151/140 147/147/136 145/145/134
f 126/126/115 119/119/108 171/171/160
f 171/171/160 119/119/108 172/172/161
f 120/120/109 119/119/108 124/124/113
f 124/124/113 119/119/108 126/126/115
f 206/206/195 203/203/192 124/124/113
f 124/124/113 203/203/192 120/120/109
f 146/146/135 184/184/173 149/149/138
f 149/149/138 184/184/173 181/181/170
f 142/142/131 191/191/180 141/141/130
f 141/141/130 191/191/180 158/158/147
f 141/141/130 211/211/200 139/139/128
f 139/139/128 211/211/200 212/212/201
f 213/213/201 180/180/169 115/115/104
f 115/115/104 180/180/169 116/116/105
f 194/194/183 193/193/182 142/142/131
f 142/142/131 193/193/182 191/191/180
f 118/118/107 197/197/186 117/117/106
f 117/117/106 197/197/186 214/214/202
f 129/129/118 130/130/119 116/116/105
f 116/116/105 130/130/119 118/118/107
f 156/156/145 211/211/200 158/158/147
f 158/158/147 211/211/200 141/141/130
f 157/157/146 158/158/147 190/190/179
f 190/190/179 158/158/147 191/191/180
f 198/198/187 128/128/117 199/199/188
f 199/199/188 128/128/117 131/131/120
f 159/159/148 190/190/179 189/189/178
f 189/189/178 190/190/179 192/192/181
f 157/157/146 190/190/179 161/161/150
f 161/161/150 190/190/179 159/159/148
f 164/164/153 155/155/144 161/161/150
f 161/161/150 155/155/144 157/157/146
f 132/132/121 127/127/116 177/177/166
f 177/177/166 127/127/116 178/178/167
f 132/132/121 131/131/120 127/127/116
f 127/127/116 131/131/120 128/128/117
f 166/166/155 165/165/154 168/168/157
f 168/168/157 165/165/154 186/186/175
f 168/168/157 186/186/175 143/143/132
f 143/143/132 186/186/175 144/144/133
f 138/138/127 137/137/126 122/122/111
f 122/122/111 137/137/126 121/121/110
f 204/204/193 202/202/191 122/122/111
f 122/122/111 202/202/191 138/138/127
f 186/186/175 185/185/174 144/144/133
f 144/144/133 185/185/174 183/183/172
f 173/173/162 121/121/110 174/174/163
f 174/174/163 121/121/110 137/137/126
f 168/168/157 143/143/132 169/169/158
f 169/169/158 143/143/132 148/148/137
f 115/115/104 117/117/106 215/215/203
f 215/215/203 117/117/106 216/216/204
f 217/217/205 218/218/206 219/219/207
f 219/219/207 218/218/206 220/220/208
f 221/221/209 222/222/210 223/223/211
f 223/223/211 222/222/210 224/224/212
f 225/225/213 226/226/214 227/227/215
f 227/227/215 226/226/214 228/228/216
f 229/229/217 230/230/218 231/231/219
f 231/231/219 230/230/218 232/232/220
f 229/229/217 231/231/219 233/233/221
f 233/233/221 231/231/219 234/234/222
f 233/233/221 234/234/222 235/235/223
f 235/235/223 234/234/222 236/236/224
f 139/139/128 237/237/225 140/140/129
f 140/140/129 237/237/225 238/238/226
f 239/239/227 240/240/228 241/241/229
f 241/241/229 240/240/228 242/242/230
f 239/239/227 243/243/231 240/240/228
f 240/240/228 243/243/231 244/244/232
f 245/245/233 246/246/234 247/247/235
f 247/247/235 246/246/234 248/248/236
f 246/246/234 249/249/237 248/248/236
f 248/248/236 249/249/237 250/250/238
f 251/251/239 252/252/240 253/253/241
f 253/253/241 252/252/240 254/254/242
f 255/255/243 256/256/244 257/257/245
f 257/257/245 256/256/244 258/258/246
f 259/259/247 258/258/246 260/260/248
f 260/260/248 258/258/246 256/256/244
f 258/258/246 261/261/249 257/257/245
f 257/257/245 261/261/249 262/262/250
f 261/261/249 258/258/246 263/263/251
f 263/263/251 258/258/246 259/259/247
f 263/263/251 264/264/252 261/261/249
f 261/261/249 264/264/252 265/265/253
f 266/266/254 267/267/255 223/223/211
f 223/223/211 267/267/255 221/221/209
f 268/268/256 218/218/206 269/269/257
f 269/269/257 218/218/206 217/217/205
f 233/233/221 235/235/223 270/270/258
f 270/270/258 235/235/223 271/271/259
f 270/270/258 272/272/260 233/233/221
f 233/233/221 272/272/260 229/229/217
f 272/272/260 273/273/261 229/229/217
f 229/229/217 273/273/261 230/230/218
f 274/274/262 275/275/263 225/225/213
f 225/225/213 275/275/263 226/226/214
f 215/215/203 226/226/214 276/276/264
f 276/276/264 226/226/214 275/275/263
f 247/247/235 277/277/265 245/245/233
f 245/245/233 277/277/265 278/278/266
f 241/241/229 242/242/230 279/279/267
f 279/279/267 242/242/230 280/280/268
f 262/262/250 281/281/269 282/282/270
f 282/282/270 281/281/269 283/283/271
f 257/257/245 262/262/250 284/284/272
f 284/284/272 262/262/250 282/282/270
f 255/255/243 257/257/245 285/285/273
f 285/285/273 257/257/245 284/284/272
f 286/286/274 287/287/275 288/288/276
f 288/288/276 287/287/275 289/289/277
f 140/140/129 238/238/226 195/195/184
f 195/195/184 238/238/226 290/290/278
f 291/291/279 292/292/280 216/216/204
f 216/216/204 292/292/280 228/228/216
f 292/292/280 293/293/281 228/228/216
f 228/228/216 293/293/281 227/227/215
f 231/231/219 232/232/220 294/294/282
f 294/294/282 232/232/220 295/295/283
f 231/231/219 294/294/282 234/234/222
f 234/234/222 294/294/282 296/296/284
f 234/234/222 296/296/284 236/236/224
f 236/236/224 296/296/284 297/297/285
f 220/220/208 298/298/286 219/219/207
f 219/219/207 298/298/286 299/299/287
f 222/222/210 300/300/288 224/224/212
f 224/224/212 300/300/288 301/301/289
f 248/248/236 250/250/238 247/247/235
f 247/247/235 250/250/238 302/302/290
f 223/223/211 224/224/212 266/266/254
f 266/266/254 224/224/212 303/303/290
f 303/303/290 224/224/212 304/304/291
f 304/304/291 224/224/212 301/301/289
f 277/277/265 247/247/235 305/305/292
f 305/305/292 247/247/235 302/302/290
f 246/246/234 245/245/233 240/240/228
f 240/240/228 245/245/233 242/242/230
f 249/249/237 246/246/234 244/244/232
f 244/244/232 246/246/234 240/240/228
f 221/221/209 267/267/255 217/217/205
f 217/217/205 267/267/255 269/269/257
f 221/221/209 217/217/205 222/222/210
f 222/222/210 217/217/205 219/219/207
f 300/300/288 222/222/210 299/299/287
f 299/299/287 222/222/210 219/219/207
f 242/242/230 245/245/233 280/280/268
f 280/280/268 245/245/233 278/278/266
f 251/251/239 287/287/275 237/237/225
f 237/237/225 287/287/275 238/238/226
f 212/212/201 306/306/293 139/139/128
f 139/139/128 306/306/293 237/237/225
f 213/213/201 115/115/104 276/276/264
f 276/276/264 115/115/104 215/215/203
f 287/287/275 286/286/274 238/238/226
f 238/238/226 286/286/274 290/290/278
f 216/216/204 117/117/106 291/291/279
f 291/291/279 117/117/106 214/214/202
f 226/226/214 215/215/203 228/228/216
f 228/228/216 215/215/203 216/216/204
f 237/237/225 306/306/293 251/251/239
f 251/251/239 306/306/293 252/252/240
f 287/287/275 251/251/239 289/289/277
f 289/289/277 251/251/239 253/253/241
f 293/293/281 295/295/283 227/227/215
f 227/227/215 295/295/283 232/232/220
f 288/288/276 289/289/277 285/285/273
f 285/285/273 289/289/277 255/255/243
f 255/255/243 289/289/277 256/256/244
f 256/256/244 289/289/277 253/253/241
f 253/253/241 254/254/242 256/256/244
f 256/256/244 254/254/242 260/260/248
f 274/274/262 225/225/213 273/273/261
f 273/273/261 225/225/213 230/230/218
f 230/230/218 225/225/213 232/232/220
f 232/232/220 225/225/213 227/227/215
f 261/261/249 265/265/253 262/262/250
f 262/262/250 265/265/253 281/281/269
f 265/265/253 239/239/227 281/281/269
f 281/281/269 239/239/227 241/241/229
f 236/236/224 220/220/208 235/235/223
f 235/235/223 220/220/208 218/218/206
f 298/298/286 220/220/208 297/297/285
f 297/297/285 220/220/208 236/236/224
f 281/281/269 241/241/229 283/283/271
f 283/283/271 241/241/229 279/279/267
f 235/235/223 218/218/206 271/271/259
f 271/271/259 218/218/206 268/268/256
f 265/265/253 264/264/252 239/239/227
f 239/239/227 264/264/252 243/243/231
o pm0954_00_00_BodyASkin
v -0.165422 0.009069 0.467846 1.0000 1.0000 1.0000
v -0.165143 0.004579 0.468172 1.0000 1.0000 1.0000
v -0.164327 0.003758 0.465421 1.0000 1.0000 1.0000
v -0.164098 0.001904 0.465628 1.0000 1.0000 1.0000
v -0.165098 -0.000000 0.468232 1.0000 1.0000 1.0000
v -0.164080 -0.000000 0.465689 1.0000 1.0000 1.0000
v -0.165518 -0.000000 0.464173 1.0000 1.0000 1.0000
v -0.168628 -0.000000 0.465122 1.0000 1.0000 1.0000
v -0.165338 0.001840 0.464404 1.0000 1.0000 1.0000
v -0.168353 0.005073 0.465364 1.0000 1.0000 1.0000
v -0.165072 0.003513 0.464664 1.0000 1.0000 1.0000
v -0.167362 0.009144 0.466035 1.0000 1.0000 1.0000
v -0.164649 0.005064 0.465045 1.0000 1.0000 1.0000
v -0.166191 0.012034 0.467030 1.0000 1.0000 1.0000
v -0.166191 0.012034 0.467030 1.0000 1.0000 1.0000
v -0.164649 0.005064 0.465045 1.0000 1.0000 1.0000
v -0.167120 0.015184 0.471285 1.0000 1.0000 1.0000
v -0.166802 0.007404 0.471711 1.0000 1.0000 1.0000
v -0.166762 -0.000000 0.471821 1.0000 1.0000 1.0000
v -0.172197 -0.000000 0.467535 1.0000 1.0000 1.0000
v -0.171707 0.008504 0.467837 1.0000 1.0000 1.0000
v -0.170522 0.016123 0.468629 1.0000 1.0000 1.0000
v -0.168480 0.019543 0.470133 1.0000 1.0000 1.0000
v -0.168480 0.019543 0.470133 1.0000 1.0000 1.0000
v -0.170593 0.023045 0.477469 1.0000 1.0000 1.0000
v -0.170038 0.011333 0.478204 1.0000 1.0000 1.0000
v -0.169901 -0.000000 0.478400 1.0000 1.0000 1.0000
v -0.178517 -0.000000 0.473076 1.0000 1.0000 1.0000
v -0.177522 0.014308 0.473547 1.0000 1.0000 1.0000
v -0.176018 0.027061 0.474293 1.0000 1.0000 1.0000
v -0.172625 0.030926 0.475879 1.0000 1.0000 1.0000
v -0.172625 0.030926 0.475879 1.0000 1.0000 1.0000
v -0.182755 0.039141 0.495270 1.0000 1.0000 1.0000
v -0.194916 0.048194 0.513072 1.0000 1.0000 1.0000
v -0.184365 0.020255 0.499938 1.0000 1.0000 1.0000
v -0.198692 0.025457 0.521672 1.0000 1.0000 1.0000
v -0.185005 0.000000 0.500098 1.0000 1.0000 1.0000
v -0.200109 -0.000000 0.521796 1.0000 1.0000 1.0000
v -0.185294 0.000000 0.479875 1.0000 1.0000 1.0000
v -0.192072 -0.000000 0.486673 1.0000 1.0000 1.0000
v -0.183857 0.019814 0.481059 1.0000 1.0000 1.0000
v -0.190193 0.022092 0.488572 1.0000 1.0000 1.0000
v -0.182766 0.037517 0.483811 1.0000 1.0000 1.0000
v -0.189513 0.041855 0.493328 1.0000 1.0000 1.0000
v -0.181990 0.045976 0.488272 1.0000 1.0000 1.0000
v -0.191354 0.053232 0.500664 1.0000 1.0000 1.0000
v -0.181990 0.045976 0.488272 1.0000 1.0000 1.0000
v -0.191354 0.053232 0.500664 1.0000 1.0000 1.0000
v -0.163919 -0.000000 0.464281 1.0000 1.0000 1.0000
v -0.163919 -0.000000 0.464281 1.0000 1.0000 1.0000
v -0.164098 -0.001904 0.465628 1.0000 1.0000 1.0000
v -0.165143 -0.004579 0.468172 1.0000 1.0000 1.0000
v -0.164327 -0.003758 0.465421 1.0000 1.0000 1.0000
v -0.165422 -0.009069 0.467846 1.0000 1.0000 1.0000
v -0.164080 -0.000000 0.465689 1.0000 1.0000 1.0000
v -0.165098 -0.000000 0.468232 1.0000 1.0000 1.0000
v -0.165518 -0.000000 0.464173 1.0000 1.0000 1.0000
v -0.165338 -0.001840 0.464404 1.0000 1.0000 1.0000
v -0.168628 -0.000000 0.465122 1.0000 1.0000 1.0000
v -0.168353 -0.005073 0.465364 1.0000 1.0000 1.0000
v -0.165072 -0.003513 0.464664 1.0000 1.0000 1.0000
v -0.167362 -0.009144 0.466035 1.0000 1.0000 1.0000
v -0.164649 -0.005064 0.465045 1.0000 1.0000 1.0000
v -0.166191 -0.012034 0.467030 1.0000 1.0000 1.0000
v -0.164649 -0.005064 0.465045 1.0000 1.0000 1.0000
v -0.166191 -0.012034 0.467030 1.0000 1.0000 1.0000
v -0.166802 -0.007404 0.471711 1.0000 1.0000 1.0000
v -0.167120 -0.015184 0.471285 1.0000 1.0000 1.0000
v -0.166762 -0.000000 0.471821 1.0000 1.0000 1.0000
v -0.172197 -0.000000 0.467535 1.0000 1.0000 1.0000
v -0.171707 -0.008504 0.467837 1.0000 1.0000 1.0000
v -0.170522 -0.016123 0.468629 1.0000 1.0000 1.0000
v -0.168480 -0.019543 0.470133 1.0000 1.0000 1.0000
v -0.168480 -0.019543 0.470133 1.0000 1.0000 1.0000
v -0.170038 -0.011333 0.478204 1.0000 1.0000 1.0000
v -0.170593 -0.023045 0.477469 1.0000 1.0000 1.0000
v -0.169901 -0.000000 0.478400 1.0000 1.0000 1.0000
v -0.178517 -0.000000 0.473076 1.0000 1.0000 1.0000
v -0.177522 -0.014308 0.473547 1.0000 1.0000 1.0000
v -0.176018 -0.027061 0.474293 1.0000 1.0000 1.0000
v -0.172625 -0.030926 0.475879 1.0000 1.0000 1.0000
v -0.172625 -0.030926 0.475879 1.0000 1.0000 1.0000
v -0.182755 -0.039141 0.495270 1.0000 1.0000 1.0000
v -0.184365 -0.020255 0.499938 1.0000 1.0000 1.0000
v -0.194916 -0.048194 0.513072 1.0000 1.0000 1.0000
v -0.198692 -0.025457 0.521672 1.0000 1.0000 1.0000
v -0.185005 0.000000 0.500098 1.0000 1.0000 1.0000
v -0.200109 -0.000000 0.521796 1.0000 1.0000 1.0000
v -0.185294 0.000000 0.479875 1.0000 1.0000 1.0000
v -0.183857 -0.019814 0.481059 1.0000 1.0000 1.0000
v -0.192072 -0.000000 0.486673 1.0000 1.0000 1.0000
v -0.190193 -0.022092 0.488572 1.0000 1.0000 1.0000
v -0.182766 -0.037517 0.483811 1.0000 1.0000 1.0000
v -0.189513 -0.041856 0.493328 1.0000 1.0000 1.0000
v -0.181990 -0.045976 0.488272 1.0000 1.0000 1.0000
v -0.191354 -0.053232 0.500664 1.0000 1.0000 1.0000
v -0.181990 -0.045976 0.488272 1.0000 1.0000 1.0000
v -0.191354 -0.053232 0.500664 1.0000 1.0000 1.0000
v -0.163919 -0.000000 0.464281 1.0000 1.0000 1.0000
v -0.163919 -0.000000 0.464281 1.0000 1.0000 1.0000
v -0.226322 0.017465 0.538327 1.0000 1.0000 1.0000
v -0.224687 0.012402 0.534154 1.0000 1.0000 1.0000
v -0.229383 0.007940 0.536670 1.0000 1.0000 1.0000
v -0.225404 0.006666 0.532046 1.0000 1.0000 1.0000
v -0.228338 0.008897 0.543282 1.0000 1.0000 1.0000
v -0.226706 0.017630 0.543243 1.0000 1.0000 1.0000
v -0.229928 0.008503 0.540465 1.0000 1.0000 1.0000
v -0.226707 0.019361 0.541713 1.0000 1.0000 1.0000
v -0.217215 0.022709 0.546732 1.0000 1.0000 1.0000
v -0.224283 0.021394 0.544246 1.0000 1.0000 1.0000
v -0.217555 0.009552 0.547302 1.0000 1.0000 1.0000
v -0.225217 0.009412 0.544795 1.0000 1.0000 1.0000
v -0.214062 0.018214 0.535832 1.0000 1.0000 1.0000
v -0.212527 0.009055 0.529256 1.0000 1.0000 1.0000
v -0.221413 0.017335 0.534810 1.0000 1.0000 1.0000
v -0.220484 0.008392 0.528999 1.0000 1.0000 1.0000
v -0.215427 0.024034 0.541576 1.0000 1.0000 1.0000
v -0.222554 0.023124 0.540346 1.0000 1.0000 1.0000
v -0.223417 0.024383 0.543682 1.0000 1.0000 1.0000
v -0.216224 0.025541 0.544706 1.0000 1.0000 1.0000
v -0.225736 0.000000 0.545026 1.0000 1.0000 1.0000
v -0.217777 0.000000 0.547664 1.0000 1.0000 1.0000
v -0.231179 0.000000 0.540061 1.0000 1.0000 1.0000
v -0.229084 0.000000 0.543361 1.0000 1.0000 1.0000
v -0.230649 0.000000 0.535919 1.0000 1.0000 1.0000
v -0.225936 0.000000 0.530447 1.0000 1.0000 1.0000
v -0.211960 0.000000 0.525660 1.0000 1.0000 1.0000
v -0.219678 0.000000 0.525519 1.0000 1.0000 1.0000
v -0.225404 -0.006666 0.532046 1.0000 1.0000 1.0000
v -0.224687 -0.012402 0.534154 1.0000 1.0000 1.0000
v -0.229383 -0.007940 0.536670 1.0000 1.0000 1.0000
v -0.226322 -0.017465 0.538327 1.0000 1.0000 1.0000
v -0.228338 -0.008897 0.543282 1.0000 1.0000 1.0000
v -0.229928 -0.008503 0.540465 1.0000 1.0000 1.0000
v -0.226706 -0.017630 0.543243 1.0000 1.0000 1.0000
v -0.226707 -0.019361 0.541713 1.0000 1.0000 1.0000
v -0.225217 -0.009412 0.544795 1.0000 1.0000 1.0000
v -0.224283 -0.021394 0.544246 1.0000 1.0000 1.0000
v -0.217555 -0.009552 0.547302 1.0000 1.0000 1.0000
v -0.217215 -0.022709 0.546732 1.0000 1.0000 1.0000
v -0.220484 -0.008392 0.528999 1.0000 1.0000 1.0000
v -0.212527 -0.009055 0.529256 1.0000 1.0000 1.0000
v -0.221413 -0.017335 0.534810 1.0000 1.0000 1.0000
v -0.214062 -0.018214 0.535832 1.0000 1.0000 1.0000
v -0.222554 -0.023124 0.540346 1.0000 1.0000 1.0000
v -0.215427 -0.024034 0.541576 1.0000 1.0000 1.0000
v -0.223417 -0.024383 0.543682 1.0000 1.0000 1.0000
v -0.216224 -0.025541 0.544706 1.0000 1.0000 1.0000
v -0.021378 0.043491 0.397221 1.0000 1.0000 1.0000
v -0.029399 0.045113 0.385368 1.0000 1.0000 1.0000
v -0.032890 0.034672 0.396882 1.0000 1.0000 1.0000
v -0.036936 0.037249 0.386086 1.0000 1.0000 1.0000
v -0.015405 0.076105 0.347016 1.0000 1.0000 1.0000
v -0.008268 0.068641 0.360629 1.0000 1.0000 1.0000
v -0.001479 0.077619 0.346969 1.0000 1.0000 1.0000
v -0.000332 0.070547 0.358810 1.0000 1.0000 1.0000
v -0.050003 0.064707 0.333766 1.0000 1.0000 1.0000
v -0.043608 0.058901 0.349447 1.0000 1.0000 1.0000
v -0.034827 0.075751 0.333748 1.0000 1.0000 1.0000
v -0.028791 0.068537 0.350558 1.0000 1.0000 1.0000
v -0.022958 0.050405 0.384179 1.0000 1.0000 1.0000
v -0.015994 0.049959 0.390312 1.0000 1.0000 1.0000
v -0.069717 0.062540 0.241193 1.0000 1.0000 1.0000
v -0.077814 0.042280 0.240442 1.0000 1.0000 1.0000
v -0.075260 0.062616 0.263270 1.0000 1.0000 1.0000
v -0.083468 0.041506 0.263092 1.0000 1.0000 1.0000
v -0.046073 0.077849 0.223991 1.0000 1.0000 1.0000
v -0.057868 0.061400 0.222388 1.0000 1.0000 1.0000
v -0.057184 0.079752 0.242095 1.0000 1.0000 1.0000
v -0.061434 0.079959 0.262836 1.0000 1.0000 1.0000
v -0.075271 0.061218 0.282894 1.0000 1.0000 1.0000
v -0.083517 0.040573 0.282816 1.0000 1.0000 1.0000
v -0.071133 0.058255 0.302710 1.0000 1.0000 1.0000
v -0.079697 0.038947 0.302789 1.0000 1.0000 1.0000
v -0.061537 0.078060 0.282795 1.0000 1.0000 1.0000
v -0.059007 0.073689 0.302732 1.0000 1.0000 1.0000
v 0.071532 0.064463 0.283133 1.0000 1.0000 1.0000
v 0.065932 0.060899 0.302950 1.0000 1.0000 1.0000
v 0.079863 0.041212 0.283075 1.0000 1.0000 1.0000
v 0.074347 0.039303 0.302992 1.0000 1.0000 1.0000
v 0.001741 0.021328 0.193581 1.0000 1.0000 1.0000
v 0.001270 0.035964 0.195923 1.0000 1.0000 1.0000
v 0.026727 0.021599 0.198422 1.0000 1.0000 1.0000
v 0.026018 0.044431 0.201301 1.0000 1.0000 1.0000
v 0.018148 0.100761 0.282795 1.0000 1.0000 1.0000
v -0.003661 0.102304 0.282707 1.0000 1.0000 1.0000
v 0.016432 0.095389 0.302758 1.0000 1.0000 1.0000
v -0.003538 0.097014 0.302696 1.0000 1.0000 1.0000
v -0.060414 0.051801 0.333779 1.0000 1.0000 1.0000
v -0.053699 0.048104 0.349006 1.0000 1.0000 1.0000
v -0.066149 0.055274 0.318544 1.0000 1.0000 1.0000
v -0.068231 0.035691 0.333846 1.0000 1.0000 1.0000
v -0.074655 0.037508 0.318616 1.0000 1.0000 1.0000
v -0.054820 0.069487 0.318488 1.0000 1.0000 1.0000
v 0.059775 0.034911 0.333516 1.0000 1.0000 1.0000
v 0.067347 0.037094 0.318418 1.0000 1.0000 1.0000
v 0.053147 0.052716 0.333536 1.0000 1.0000 1.0000
v 0.059206 0.056910 0.318568 1.0000 1.0000 1.0000
v -0.002635 0.084463 0.333656 1.0000 1.0000 1.0000
v -0.001479 0.077619 0.346969 1.0000 1.0000 1.0000
v 0.013206 0.082740 0.333585 1.0000 1.0000 1.0000
v 0.011479 0.076004 0.347328 1.0000 1.0000 1.0000
v 0.014810 0.089387 0.318335 1.0000 1.0000 1.0000
v -0.003363 0.091088 0.318438 1.0000 1.0000 1.0000
v 0.017212 0.096588 0.228743 1.0000 1.0000 1.0000
v -0.001343 0.098908 0.228525 1.0000 1.0000 1.0000
v 0.018715 0.102230 0.242609 1.0000 1.0000 1.0000
v -0.002091 0.103672 0.242677 1.0000 1.0000 1.0000
v 0.018805 0.103264 0.262321 1.0000 1.0000 1.0000
v -0.003221 0.104757 0.262231 1.0000 1.0000 1.0000
v -0.000382 0.091862 0.219436 1.0000 1.0000 1.0000
v 0.016789 0.089179 0.219954 1.0000 1.0000 1.0000
v -0.034012 0.076671 0.215040 1.0000 1.0000 1.0000
v -0.041403 0.061160 0.210708 1.0000 1.0000 1.0000
v 0.053636 0.032828 0.348444 1.0000 1.0000 1.0000
v 0.047023 0.048920 0.348450 1.0000 1.0000 1.0000
v -0.021315 0.042277 0.199727 1.0000 1.0000 1.0000
v 0.001270 0.035964 0.195923 1.0000 1.0000 1.0000
v -0.021546 0.020576 0.196954 1.0000 1.0000 1.0000
v 0.001741 0.021328 0.193581 1.0000 1.0000 1.0000
v -0.018200 0.079561 0.211696 1.0000 1.0000 1.0000
v -0.013297 0.074606 0.206559 1.0000 1.0000 1.0000
v -0.027446 0.060565 0.205817 1.0000 1.0000 1.0000
v -0.018791 0.061018 0.203716 1.0000 1.0000 1.0000
v -0.040218 0.025091 0.396906 1.0000 1.0000 1.0000
v -0.044344 0.026854 0.386896 1.0000 1.0000 1.0000
v 0.048789 0.021054 0.209022 1.0000 1.0000 1.0000
v 0.046103 0.044542 0.210795 1.0000 1.0000 1.0000
v 0.077322 0.020491 0.244081 1.0000 1.0000 1.0000
v 0.066026 0.020975 0.226093 1.0000 1.0000 1.0000
v 0.073046 0.043259 0.244267 1.0000 1.0000 1.0000
v 0.061687 0.043815 0.225893 1.0000 1.0000 1.0000
v -0.001360 0.050237 0.398317 1.0000 1.0000 1.0000
v 0.018460 0.047653 0.397330 1.0000 1.0000 1.0000
v 0.008002 0.052277 0.393778 1.0000 1.0000 1.0000
v 0.014696 0.052379 0.390651 1.0000 1.0000 1.0000
v -0.000759 0.052167 0.394671 1.0000 1.0000 1.0000
v 0.032025 0.056908 0.363777 1.0000 1.0000 1.0000
v 0.035535 0.062655 0.349120 1.0000 1.0000 1.0000
v 0.024553 0.060533 0.365607 1.0000 1.0000 1.0000
v 0.023309 0.069862 0.350651 1.0000 1.0000 1.0000
v -0.000332 0.070547 0.358810 1.0000 1.0000 1.0000
v 0.007607 0.068863 0.360629 1.0000 1.0000 1.0000
v 0.013511 0.065962 0.364015 1.0000 1.0000 1.0000
v 0.031583 0.038410 0.398168 1.0000 1.0000 1.0000
v 0.025047 0.049128 0.386545 1.0000 1.0000 1.0000
v 0.034567 0.040177 0.386817 1.0000 1.0000 1.0000
v 0.000539 0.042388 0.196808 1.0000 1.0000 1.0000
v -0.013211 0.047695 0.199309 1.0000 1.0000 1.0000
v 0.014302 0.047886 0.198710 1.0000 1.0000 1.0000
v 0.000539 0.042388 0.196808 1.0000 1.0000 1.0000
v 0.027881 0.060705 0.206502 1.0000 1.0000 1.0000
v 0.020009 0.061210 0.202626 1.0000 1.0000 1.0000
v 0.020865 0.077541 0.212217 1.0000 1.0000 1.0000
v 0.014369 0.074606 0.206559 1.0000 1.0000 1.0000
v -0.000405 0.085122 0.213426 1.0000 1.0000 1.0000
v 0.000529 0.080176 0.208245 1.0000 1.0000 1.0000
v -0.000405 0.085122 0.213426 1.0000 1.0000 1.0000
v 0.000529 0.080176 0.208245 1.0000 1.0000 1.0000
v -0.030334 0.033363 0.403487 1.0000 1.0000 1.0000
v -0.037732 0.024088 0.403704 1.0000 1.0000 1.0000
v -0.018395 0.042350 0.403470 1.0000 1.0000 1.0000
v -0.002154 0.048106 0.403779 1.0000 1.0000 1.0000
v -0.001360 0.050237 0.398317 1.0000 1.0000 1.0000
v -0.002154 0.048106 0.403779 1.0000 1.0000 1.0000
v 0.016310 0.045728 0.403779 1.0000 1.0000 1.0000
v 0.029653 0.037359 0.403782 1.0000 1.0000 1.0000
v 0.040575 0.026093 0.398495 1.0000 1.0000 1.0000
v 0.039356 0.025759 0.403782 1.0000 1.0000 1.0000
v 0.071211 0.065588 0.263210 1.0000 1.0000 1.0000
v 0.079219 0.042746 0.262705 1.0000 1.0000 1.0000
v -0.008435 0.050618 0.393435 1.0000 1.0000 1.0000
v -0.000759 0.052167 0.394671 1.0000 1.0000 1.0000
v 0.020225 0.052930 0.384818 1.0000 1.0000 1.0000
v -0.061345 0.033512 0.348946 1.0000 1.0000 1.0000
v -0.054480 0.030853 0.364288 1.0000 1.0000 1.0000
v -0.046936 0.043561 0.364058 1.0000 1.0000 1.0000
v -0.001343 0.098908 0.228525 1.0000 1.0000 1.0000
v -0.000382 0.091862 0.219436 1.0000 1.0000 1.0000
v -0.020090 0.095513 0.227507 1.0000 1.0000 1.0000
v -0.018072 0.088797 0.218586 1.0000 1.0000 1.0000
v -0.002091 0.103672 0.242677 1.0000 1.0000 1.0000
v -0.022449 0.100903 0.242669 1.0000 1.0000 1.0000
v -0.003221 0.104757 0.262231 1.0000 1.0000 1.0000
v -0.023904 0.102160 0.262276 1.0000 1.0000 1.0000
v -0.003661 0.102304 0.282707 1.0000 1.0000 1.0000
v -0.024035 0.099822 0.282713 1.0000 1.0000 1.0000
v -0.003538 0.097014 0.302696 1.0000 1.0000 1.0000
v -0.022924 0.094735 0.302771 1.0000 1.0000 1.0000
v -0.003363 0.091088 0.318438 1.0000 1.0000 1.0000
v -0.021367 0.088914 0.318528 1.0000 1.0000 1.0000
v -0.002635 0.084463 0.333656 1.0000 1.0000 1.0000
v -0.019082 0.082374 0.333718 1.0000 1.0000 1.0000
v -0.033632 0.088794 0.226229 1.0000 1.0000 1.0000
v -0.041180 0.092613 0.242455 1.0000 1.0000 1.0000
v -0.044022 0.093259 0.262459 1.0000 1.0000 1.0000
v -0.043957 0.091213 0.282744 1.0000 1.0000 1.0000
v -0.042204 0.086393 0.302772 1.0000 1.0000 1.0000
v -0.038993 0.081271 0.318527 1.0000 1.0000 1.0000
v -0.027537 0.083923 0.217690 1.0000 1.0000 1.0000
v 0.028518 0.084504 0.220433 1.0000 1.0000 1.0000
v 0.033447 0.088998 0.228290 1.0000 1.0000 1.0000
v 0.038791 0.094997 0.242779 1.0000 1.0000 1.0000
v 0.039641 0.096843 0.262384 1.0000 1.0000 1.0000
v 0.037677 0.094326 0.282759 1.0000 1.0000 1.0000
v 0.033923 0.088938 0.302721 1.0000 1.0000 1.0000
v 0.030129 0.083191 0.318402 1.0000 1.0000 1.0000
v 0.026546 0.077354 0.333585 1.0000 1.0000 1.0000
v 0.053401 0.082898 0.243411 1.0000 1.0000 1.0000
v 0.044944 0.079125 0.226814 1.0000 1.0000 1.0000
v 0.056495 0.084332 0.262686 1.0000 1.0000 1.0000
v 0.055480 0.082825 0.282883 1.0000 1.0000 1.0000
v 0.050241 0.077947 0.302769 1.0000 1.0000 1.0000
v 0.045078 0.072671 0.318344 1.0000 1.0000 1.0000
v 0.040346 0.067453 0.333534 1.0000 1.0000 1.0000
v 0.041347 0.061977 0.213422 1.0000 1.0000 1.0000
v 0.064835 0.065200 0.243497 1.0000 1.0000 1.0000
v 0.054425 0.063746 0.226053 1.0000 1.0000 1.0000
v -0.047187 -0.000000 0.397121 1.0000 1.0000 1.0000
v -0.044987 -0.000000 0.403684 1.0000 1.0000 1.0000
v -0.044651 0.013051 0.397016 1.0000 1.0000 1.0000
v -0.042343 0.012740 0.403782 1.0000 1.0000 1.0000
v -0.048556 0.013783 0.386931 1.0000 1.0000 1.0000
v -0.050852 -0.000000 0.386962 1.0000 1.0000 1.0000
v -0.061029 -0.000000 0.364310 1.0000 1.0000 1.0000
v -0.055055 -0.000000 0.377208 1.0000 1.0000 1.0000
v -0.058662 0.015972 0.364303 1.0000 1.0000 1.0000
v -0.052832 0.014680 0.377208 1.0000 1.0000 1.0000
v -0.068018 -0.000000 0.348931 1.0000 1.0000 1.0000
v -0.065590 0.017355 0.348934 1.0000 1.0000 1.0000
v -0.074816 -0.000000 0.333856 1.0000 1.0000 1.0000
v -0.072535 0.017990 0.333843 1.0000 1.0000 1.0000
v -0.078846 0.018892 0.318590 1.0000 1.0000 1.0000
v -0.081197 -0.000000 0.318603 1.0000 1.0000 1.0000
v -0.086147 -0.000000 0.302753 1.0000 1.0000 1.0000
v -0.083951 0.019363 0.302759 1.0000 1.0000 1.0000
v -0.089827 0.000000 0.282731 1.0000 1.0000 1.0000
v -0.088085 0.020003 0.282795 1.0000 1.0000 1.0000
v -0.087850 0.020471 0.262864 1.0000 1.0000 1.0000
v -0.089731 0.000000 0.262786 1.0000 1.0000 1.0000
v -0.084306 0.000000 0.239827 1.0000 1.0000 1.0000
v -0.082740 0.020716 0.240026 1.0000 1.0000 1.0000
v -0.068818 0.020616 0.220746 1.0000 1.0000 1.0000
v -0.070891 0.000000 0.220575 1.0000 1.0000 1.0000
v -0.045113 0.000000 0.203826 1.0000 1.0000 1.0000
v -0.044534 0.020485 0.204582 1.0000 1.0000 1.0000
v -0.022384 0.000000 0.196078 1.0000 1.0000 1.0000
v 0.001328 0.000000 0.192274 1.0000 1.0000 1.0000
v 0.001328 0.000000 0.192274 1.0000 1.0000 1.0000
v 0.026933 0.000000 0.197156 1.0000 1.0000 1.0000
v 0.048996 0.000000 0.208322 1.0000 1.0000 1.0000
v 0.078380 0.000000 0.243661 1.0000 1.0000 1.0000
v 0.067360 0.000000 0.226141 1.0000 1.0000 1.0000
v 0.085013 0.000000 0.262214 1.0000 1.0000 1.0000
v 0.083648 0.019937 0.262168 1.0000 1.0000 1.0000
v 0.085580 0.000000 0.282891 1.0000 1.0000 1.0000
v 0.084118 0.019664 0.282843 1.0000 1.0000 1.0000
v 0.078091 0.018707 0.303040 1.0000 1.0000 1.0000
v 0.079485 -0.000000 0.302997 1.0000 1.0000 1.0000
v 0.072614 -0.000000 0.318402 1.0000 1.0000 1.0000
v 0.070966 0.017606 0.318383 1.0000 1.0000 1.0000
v 0.063630 0.016778 0.333537 1.0000 1.0000 1.0000
v 0.065195 -0.000000 0.333495 1.0000 1.0000 1.0000
v 0.057204 0.015868 0.348410 1.0000 1.0000 1.0000
v 0.058869 -0.000000 0.348403 1.0000 1.0000 1.0000
v 0.046334 0.013307 0.386998 1.0000 1.0000 1.0000
v 0.048080 0.000000 0.386980 1.0000 1.0000 1.0000
v 0.048560 0.013801 0.376635 1.0000 1.0000 1.0000
v 0.050188 0.000000 0.376612 1.0000 1.0000 1.0000
v 0.044458 0.012873 0.398504 1.0000 1.0000 1.0000
v 0.046378 0.000000 0.398492 1.0000 1.0000 1.0000
v 0.045601 0.000000 0.403782 1.0000 1.0000 1.0000
v 0.043592 0.013368 0.403764 1.0000 1.0000 1.0000
v -0.048724 0.028519 0.377188 1.0000 1.0000 1.0000
v 0.052235 0.014706 0.363850 1.0000 1.0000 1.0000
v 0.048660 0.030330 0.363873 1.0000 1.0000 1.0000
v 0.042572 0.027056 0.387002 1.0000 1.0000 1.0000
v 0.044901 0.028273 0.376655 1.0000 1.0000 1.0000
v 0.041686 0.045184 0.363753 1.0000 1.0000 1.0000
v -0.013772 0.065394 0.364118 1.0000 1.0000 1.0000
v 0.053854 -0.000000 0.363832 1.0000 1.0000 1.0000
v 0.037709 0.042003 0.376606 1.0000 1.0000 1.0000
v 0.028759 0.051905 0.376606 1.0000 1.0000 1.0000
v 0.023721 0.055659 0.376323 1.0000 1.0000 1.0000
v -0.038523 0.053047 0.364175 1.0000 1.0000 1.0000
v -0.028932 0.059231 0.365564 1.0000 1.0000 1.0000
v -0.034215 0.048602 0.375394 1.0000 1.0000 1.0000
v -0.041512 0.040107 0.376091 1.0000 1.0000 1.0000
v -0.027545 0.053650 0.375147 1.0000 1.0000 1.0000
v -0.006721 0.054979 0.388733 1.0000 1.0000 1.0000
v -0.012018 0.054884 0.386257 1.0000 1.0000 1.0000
v -0.000332 0.055292 0.389852 1.0000 1.0000 1.0000
v 0.006056 0.055210 0.388733 1.0000 1.0000 1.0000
v -0.000332 0.055292 0.389852 1.0000 1.0000 1.0000
v 0.011376 0.055243 0.386089 1.0000 1.0000 1.0000
v 0.015443 0.056390 0.381802 1.0000 1.0000 1.0000
v 0.017800 0.058763 0.375640 1.0000 1.0000 1.0000
v 0.016985 0.062117 0.369356 1.0000 1.0000 1.0000
v -0.017670 0.061216 0.369356 1.0000 1.0000 1.0000
v -0.018465 0.057637 0.375640 1.0000 1.0000 1.0000
v -0.016108 0.055570 0.381802 1.0000 1.0000 1.0000
v 0.033859 0.077056 0.216771 1.0000 1.0000 1.0000
v -0.043588 0.044033 0.207079 1.0000 1.0000 1.0000
v -0.064057 0.043121 0.221237 1.0000 1.0000 1.0000
v -0.036936 -0.037249 0.386086 1.0000 1.0000 1.0000
v -0.029399 -0.045113 0.385368 1.0000 1.0000 1.0000
v -0.032890 -0.034672 0.396882 1.0000 1.0000 1.0000
v -0.021378 -0.043491 0.397221 1.0000 1.0000 1.0000
v -0.015405 -0.076105 0.347016 1.0000 1.0000 1.0000
v -0.001479 -0.077619 0.346969 1.0000 1.0000 1.0000
v -0.008268 -0.068641 0.360629 1.0000 1.0000 1.0000
v -0.000332 -0.070547 0.358810 1.0000 1.0000 1.0000
v -0.028791 -0.068537 0.350558 1.0000 1.0000 1.0000
v -0.043608 -0.058901 0.349447 1.0000 1.0000 1.0000
v -0.034827 -0.075751 0.333748 1.0000 1.0000 1.0000
v -0.050003 -0.064707 0.333766 1.0000 1.0000 1.0000
v -0.015994 -0.049959 0.390312 1.0000 1.0000 1.0000
v -0.022958 -0.050405 0.384179 1.0000 1.0000 1.0000
v -0.083468 -0.041506 0.263092 1.0000 1.0000 1.0000
v -0.077814 -0.042280 0.240442 1.0000 1.0000 1.0000
v -0.075260 -0.062616 0.263270 1.0000 1.0000 1.0000
v -0.069717 -0.062540 0.241193 1.0000 1.0000 1.0000
v -0.057868 -0.061400 0.222388 1.0000 1.0000 1.0000
v -0.057184 -0.079752 0.242095 1.0000 1.0000 1.0000
v -0.046073 -0.077849 0.223991 1.0000 1.0000 1.0000
v -0.061434 -0.079959 0.262836 1.0000 1.0000 1.0000
v -0.079697 -0.038947 0.302789 1.0000 1.0000 1.0000
v -0.083517 -0.040573 0.282816 1.0000 1.0000 1.0000
v -0.071133 -0.058255 0.302710 1.0000 1.0000 1.0000
v -0.075271 -0.061218 0.282894 1.0000 1.0000 1.0000
v -0.061537 -0.078060 0.282795 1.0000 1.0000 1.0000
v -0.059007 -0.073689 0.302732 1.0000 1.0000 1.0000
v 0.074347 -0.039303 0.302992 1.0000 1.0000 1.0000
v 0.065932 -0.060899 0.302950 1.0000 1.0000 1.0000
v 0.079863 -0.041212 0.283075 1.0000 1.0000 1.0000
v 0.071532 -0.064463 0.283133 1.0000 1.0000 1.0000
v 0.001741 -0.021328 0.193581 1.0000 1.0000 1.0000
v 0.026727 -0.021599 0.198422 1.0000 1.0000 1.0000
v 0.001270 -0.035964 0.195923 1.0000 1.0000 1.0000
v 0.026018 -0.044431 0.201301 1.0000 1.0000 1.0000
v 0.018148 -0.100761 0.282795 1.0000 1.0000 1.0000
v 0.016432 -0.095389 0.302758 1.0000 1.0000 1.0000
v -0.003661 -0.102304 0.282707 1.0000 1.0000 1.0000
v -0.003538 -0.097014 0.302696 1.0000 1.0000 1.0000
v -0.060414 -0.051801 0.333779 1.0000 1.0000 1.0000
v -0.053699 -0.048104 0.349006 1.0000 1.0000 1.0000
v -0.074655 -0.037508 0.318616 1.0000 1.0000 1.0000
v -0.066149 -0.055274 0.318544 1.0000 1.0000 1.0000
v -0.068231 -0.035691 0.333846 1.0000 1.0000 1.0000
v -0.054820 -0.069487 0.318488 1.0000 1.0000 1.0000
v 0.059206 -0.056910 0.318568 1.0000 1.0000 1.0000
v 0.067347 -0.037094 0.318418 1.0000 1.0000 1.0000
v 0.053147 -0.052716 0.333536 1.0000 1.0000 1.0000
v 0.059775 -0.034911 0.333516 1.0000 1.0000 1.0000
v -0.002635 -0.084463 0.333656 1.0000 1.0000 1.0000
v 0.013206 -0.082740 0.333585 1.0000 1.0000 1.0000
v -0.001479 -0.077619 0.346969 1.0000 1.0000 1.0000
v 0.011479 -0.076004 0.347328 1.0000 1.0000 1.0000
v -0.003363 -0.091088 0.318438 1.0000 1.0000 1.0000
v 0.014810 -0.089387 0.318335 1.0000 1.0000 1.0000
v 0.017212 -0.096588 0.228743 1.0000 1.0000 1.0000
v 0.018715 -0.102230 0.242609 1.0000 1.0000 1.0000
v -0.001343 -0.098908 0.228525 1.0000 1.0000 1.0000
v -0.002091 -0.103671 0.242677 1.0000 1.0000 1.0000
v 0.018805 -0.103264 0.262321 1.0000 1.0000 1.0000
v -0.003221 -0.104757 0.262231 1.0000 1.0000 1.0000
v 0.016789 -0.089179 0.219954 1.0000 1.0000 1.0000
v -0.000382 -0.091862 0.219436 1.0000 1.0000 1.0000
v -0.041403 -0.061160 0.210708 1.0000 1.0000 1.0000
v -0.034012 -0.076671 0.215040 1.0000 1.0000 1.0000
v 0.047023 -0.048920 0.348450 1.0000 1.0000 1.0000
v 0.053636 -0.032828 0.348444 1.0000 1.0000 1.0000
v -0.021315 -0.042277 0.199727 1.0000 1.0000 1.0000
v -0.021546 -0.020576 0.196954 1.0000 1.0000 1.0000
v 0.001270 -0.035964 0.195923 1.0000 1.0000 1.0000
v 0.001741 -0.021328 0.193581 1.0000 1.0000 1.0000
v -0.018791 -0.061018 0.203716 1.0000 1.0000 1.0000
v -0.013297 -0.074606 0.206559 1.0000 1.0000 1.0000
v -0.027446 -0.060565 0.205817 1.0000 1.0000 1.0000
v -0.018200 -0.079561 0.211696 1.0000 1.0000 1.0000
v -0.040218 -0.025091 0.396906 1.0000 1.0000 1.0000
v -0.044344 -0.026854 0.386896 1.0000 1.0000 1.0000
v 0.048789 -0.021054 0.209022 1.0000 1.0000 1.0000
v 0.046103 -0.044542 0.210795 1.0000 1.0000 1.0000
v 0.061687 -0.043815 0.225893 1.0000 1.0000 1.0000
v 0.066026 -0.020975 0.226093 1.0000 1.0000 1.0000
v 0.073046 -0.043259 0.244267 1.0000 1.0000 1.0000
v 0.077317 -0.020491 0.244081 1.0000 1.0000 1.0000
v -0.001360 -0.050237 0.398317 1.0000 1.0000 1.0000
v 0.008002 -0.052277 0.393778 1.0000 1.0000 1.0000
v 0.018460 -0.047653 0.397330 1.0000 1.0000 1.0000
v 0.014696 -0.052379 0.390650 1.0000 1.0000 1.0000
v -0.000759 -0.052167 0.394671 1.0000 1.0000 1.0000
v 0.032025 -0.056908 0.363777 1.0000 1.0000 1.0000
v 0.024553 -0.060533 0.365607 1.0000 1.0000 1.0000
v 0.035535 -0.062655 0.349120 1.0000 1.0000 1.0000
v 0.023309 -0.069862 0.350651 1.0000 1.0000 1.0000
v -0.000332 -0.070547 0.358810 1.0000 1.0000 1.0000
v 0.007607 -0.068863 0.360629 1.0000 1.0000 1.0000
v 0.013511 -0.065962 0.364015 1.0000 1.0000 1.0000
v 0.025047 -0.049128 0.386545 1.0000 1.0000 1.0000
v 0.031583 -0.038410 0.398168 1.0000 1.0000 1.0000
v 0.034567 -0.040177 0.386817 1.0000 1.0000 1.0000
v 0.000539 -0.042388 0.196808 1.0000 1.0000 1.0000
v -0.013211 -0.047695 0.199309 1.0000 1.0000 1.0000
v 0.014302 -0.047886 0.198710 1.0000 1.0000 1.0000
v 0.000539 -0.042388 0.196808 1.0000 1.0000 1.0000
v 0.027881 -0.060705 0.206502 1.0000 1.0000 1.0000
v 0.020009 -0.061210 0.202626 1.0000 1.0000 1.0000
v 0.020865 -0.077541 0.212217 1.0000 1.0000 1.0000
v -0.000405 -0.085122 0.213426 1.0000 1.0000 1.0000
v 0.014369 -0.074606 0.206559 1.0000 1.0000 1.0000
v 0.000529 -0.080176 0.208245 1.0000 1.0000 1.0000
v -0.000405 -0.085122 0.213426 1.0000 1.0000 1.0000
v 0.000529 -0.080176 0.208245 1.0000 1.0000 1.0000
v -0.037732 -0.024088 0.403704 1.0000 1.0000 1.0000
v -0.030334 -0.033363 0.403487 1.0000 1.0000 1.0000
v -0.018395 -0.042350 0.403470 1.0000 1.0000 1.0000
v -0.002154 -0.048106 0.403779 1.0000 1.0000 1.0000
v -0.001360 -0.050237 0.398317 1.0000 1.0000 1.0000
v 0.016310 -0.045728 0.403779 1.0000 1.0000 1.0000
v -0.002154 -0.048106 0.403779 1.0000 1.0000 1.0000
v 0.029653 -0.037359 0.403782 1.0000 1.0000 1.0000
v 0.040575 -0.026093 0.398495 1.0000 1.0000 1.0000
v 0.039356 -0.025759 0.403782 1.0000 1.0000 1.0000
v 0.079219 -0.042746 0.262705 1.0000 1.0000 1.0000
v 0.071211 -0.065588 0.263210 1.0000 1.0000 1.0000
v -0.008435 -0.050618 0.393435 1.0000 1.0000 1.0000
v -0.000759 -0.052167 0.394671 1.0000 1.0000 1.0000
v 0.020225 -0.052930 0.384818 1.0000 1.0000 1.0000
v -0.046936 -0.043561 0.364058 1.0000 1.0000 1.0000
v -0.054480 -0.030853 0.364288 1.0000 1.0000 1.0000
v -0.061345 -0.033512 0.348946 1.0000 1.0000 1.0000
v -0.001343 -0.098908 0.228525 1.0000 1.0000 1.0000
v -0.020090 -0.095513 0.227507 1.0000 1.0000 1.0000
v -0.000382 -0.091862 0.219436 1.0000 1.0000 1.0000
v -0.018072 -0.088797 0.218586 1.0000 1.0000 1.0000
v -0.022449 -0.100903 0.242669 1.0000 1.0000 1.0000
v -0.002091 -0.103671 0.242677 1.0000 1.0000 1.0000
v -0.003221 -0.104757 0.262231 1.0000 1.0000 1.0000
v -0.023904 -0.102160 0.262276 1.0000 1.0000 1.0000
v -0.003661 -0.102304 0.282707 1.0000 1.0000 1.0000
v -0.024035 -0.099822 0.282713 1.0000 1.0000 1.0000
v -0.003538 -0.097014 0.302696 1.0000 1.0000 1.0000
v -0.022924 -0.094735 0.302771 1.0000 1.0000 1.0000
v -0.003363 -0.091088 0.318438 1.0000 1.0000 1.0000
v -0.021367 -0.088914 0.318528 1.0000 1.0000 1.0000
v -0.019082 -0.082374 0.333718 1.0000 1.0000 1.0000
v -0.002635 -0.084463 0.333656 1.0000 1.0000 1.0000
v -0.041180 -0.092613 0.242455 1.0000 1.0000 1.0000
v -0.033632 -0.088794 0.226229 1.0000 1.0000 1.0000
v -0.044022 -0.093259 0.262459 1.0000 1.0000 1.0000
v -0.043957 -0.091213 0.282744 1.0000 1.0000 1.0000
v -0.042204 -0.086393 0.302772 1.0000 1.0000 1.0000
v -0.038993 -0.081271 0.318527 1.0000 1.0000 1.0000
v -0.027537 -0.083923 0.217690 1.0000 1.0000 1.0000
v 0.028518 -0.084504 0.220433 1.0000 1.0000 1.0000
v 0.033447 -0.088998 0.228289 1.0000 1.0000 1.0000
v 0.038782 -0.094997 0.242779 1.0000 1.0000 1.0000
v 0.039641 -0.096843 0.262384 1.0000 1.0000 1.0000
v 0.037677 -0.094326 0.282759 1.0000 1.0000 1.0000
v 0.033923 -0.088938 0.302720 1.0000 1.0000 1.0000
v 0.030129 -0.083191 0.318402 1.0000 1.0000 1.0000
v 0.026546 -0.077354 0.333585 1.0000 1.0000 1.0000
v 0.053401 -0.082898 0.243411 1.0000 1.0000 1.0000
v 0.044924 -0.079125 0.226814 1.0000 1.0000 1.0000
v 0.056495 -0.084332 0.262686 1.0000 1.0000 1.0000
v 0.055480 -0.082825 0.282883 1.0000 1.0000 1.0000
v 0.050241 -0.077947 0.302768 1.0000 1.0000 1.0000
v 0.045062 -0.072671 0.318344 1.0000 1.0000 1.0000
v 0.040346 -0.067453 0.333534 1.0000 1.0000 1.0000
v 0.041347 -0.061977 0.213422 1.0000 1.0000 1.0000
v 0.064835 -0.065200 0.243497 1.0000 1.0000 1.0000
v 0.054425 -0.063746 0.226053 1.0000 1.0000 1.0000
v -0.042343 -0.012740 0.403782 1.0000 1.0000 1.0000
v -0.044651 -0.013051 0.397016 1.0000 1.0000 1.0000
v -0.048556 -0.013783 0.386931 1.0000 1.0000 1.0000
v -0.052832 -0.014680 0.377208 1.0000 1.0000 1.0000
v -0.058662 -0.015972 0.364303 1.0000 1.0000 1.0000
v -0.065590 -0.017355 0.348934 1.0000 1.0000 1.0000
v -0.072535 -0.017990 0.333843 1.0000 1.0000 1.0000
v -0.078846 -0.018892 0.318590 1.0000 1.0000 1.0000
v -0.083951 -0.019363 0.302759 1.0000 1.0000 1.0000
v -0.088085 -0.020003 0.282795 1.0000 1.0000 1.0000
v -0.087850 -0.020471 0.262864 1.0000 1.0000 1.0000
v -0.082740 -0.020716 0.240026 1.0000 1.0000 1.0000
v -0.068818 -0.020616 0.220746 1.0000 1.0000 1.0000
v -0.044534 -0.020485 0.204582 1.0000 1.0000 1.0000
v 0.001328 0.000000 0.192274 1.0000 1.0000 1.0000
v 0.026933 0.000000 0.197156 1.0000 1.0000 1.0000
v 0.048996 0.000000 0.208322 1.0000 1.0000 1.0000
v 0.067360 0.000000 0.226141 1.0000 1.0000 1.0000
v 0.078380 0.000000 0.243661 1.0000 1.0000 1.0000
v 0.083648 -0.019937 0.262168 1.0000 1.0000 1.0000
v 0.085013 0.000000 0.262214 1.0000 1.0000 1.0000
v 0.085580 0.000000 0.282891 1.0000 1.0000 1.0000
v 0.084118 -0.019664 0.282843 1.0000 1.0000 1.0000
v 0.079485 -0.000000 0.302997 1.0000 1.0000 1.0000
v 0.078091 -0.018707 0.303040 1.0000 1.0000 1.0000
v 0.072614 -0.000000 0.318402 1.0000 1.0000 1.0000
v 0.070966 -0.017606 0.318383 1.0000 1.0000 1.0000
v 0.063630 -0.016778 0.333537 1.0000 1.0000 1.0000
v 0.065195 -0.000000 0.333495 1.0000 1.0000 1.0000
v 0.058869 -0.000000 0.348403 1.0000 1.0000 1.0000
v 0.057204 -0.015868 0.348410 1.0000 1.0000 1.0000
v 0.046334 -0.013307 0.386998 1.0000 1.0000 1.0000
v 0.048560 -0.013801 0.376635 1.0000 1.0000 1.0000
v 0.048080 0.000000 0.386980 1.0000 1.0000 1.0000
v 0.050188 0.000000 0.376612 1.0000 1.0000 1.0000
v 0.044458 -0.012873 0.398504 1.0000 1.0000 1.0000
v 0.046378 0.000000 0.398492 1.0000 1.0000 1.0000
v 0.043592 -0.013368 0.403764 1.0000 1.0000 1.0000
v 0.045601 0.000000 0.403782 1.0000 1.0000 1.0000
v -0.048724 -0.028519 0.377188 1.0000 1.0000 1.0000
v 0.048660 -0.030330 0.363873 1.0000 1.0000 1.0000
v 0.052235 -0.014706 0.363850 1.0000 1.0000 1.0000
v 0.044901 -0.028273 0.376655 1.0000 1.0000 1.0000
v 0.042572 -0.027056 0.387002 1.0000 1.0000 1.0000
v 0.041686 -0.045184 0.363753 1.0000 1.0000 1.0000
v -0.013772 -0.065394 0.364118 1.0000 1.0000 1.0000
v 0.053854 -0.000000 0.363832 1.0000 1.0000 1.0000
v 0.037709 -0.042003 0.376606 1.0000 1.0000 1.0000
v 0.028759 -0.051905 0.376606 1.0000 1.0000 1.0000
v 0.023721 -0.055659 0.376323 1.0000 1.0000 1.0000
v -0.038523 -0.053047 0.364175 1.0000 1.0000 1.0000
v -0.028932 -0.059231 0.365564 1.0000 1.0000 1.0000
v -0.041512 -0.040107 0.376091 1.0000 1.0000 1.0000
v -0.034215 -0.048602 0.375394 1.0000 1.0000 1.0000
v -0.027545 -0.053650 0.375147 1.0000 1.0000 1.0000
v -0.006721 -0.054979 0.388733 1.0000 1.0000 1.0000
v -0.012018 -0.054884 0.386257 1.0000 1.0000 1.0000
v -0.000332 -0.055292 0.389852 1.0000 1.0000 1.0000
v 0.006056 -0.055211 0.388733 1.0000 1.0000 1.0000
v -0.000332 -0.055292 0.389852 1.0000 1.0000 1.0000
v 0.011376 -0.055243 0.386089 1.0000 1.0000 1.0000
v 0.015443 -0.056390 0.381802 1.0000 1.0000 1.0000
v 0.017800 -0.058763 0.375640 1.0000 1.0000 1.0000
v 0.016985 -0.062117 0.369356 1.0000 1.0000 1.0000
v -0.017670 -0.061216 0.369356 1.0000 1.0000 1.0000
v -0.018465 -0.057637 0.375640 1.0000 1.0000 1.0000
v -0.016108 -0.055570 0.381802 1.0000 1.0000 1.0000
v 0.033859 -0.077056 0.216771 1.0000 1.0000 1.0000
v 0.018636 0.078984 0.100554 1.0000 1.0000 1.0000
v 0.013584 0.091729 0.102810 1.0000 1.0000 1.0000
v 0.018224 0.076662 0.113720 1.0000 1.0000 1.0000
v 0.013030 0.089204 0.115926 1.0000 1.0000 1.0000
v -0.012770 0.091913 0.102889 1.0000 1.0000 1.0000
v -0.017964 0.078972 0.100616 1.0000 1.0000 1.0000
v -0.012339 0.089104 0.115905 1.0000 1.0000 1.0000
v -0.017584 0.076665 0.113705 1.0000 1.0000 1.0000
v 0.000456 0.096863 0.103738 1.0000 1.0000 1.0000
v 0.000261 0.094358 0.116870 1.0000 1.0000 1.0000
v 0.013030 0.064122 0.111503 1.0000 1.0000 1.0000
v 0.013584 0.066235 0.098315 1.0000 1.0000 1.0000
v 0.018224 0.076662 0.113720 1.0000 1.0000 1.0000
v 0.018636 0.078984 0.100554 1.0000 1.0000 1.0000
v -0.012339 0.064223 0.111518 1.0000 1.0000 1.0000
v -0.012770 0.066035 0.098326 1.0000 1.0000 1.0000
v 0.000261 0.058956 0.110627 1.0000 1.0000 1.0000
v 0.000456 0.061094 0.097431 1.0000 1.0000 1.0000
v 0.018558 0.066713 0.170143 1.0000 1.0000 1.0000
v 0.013255 0.054176 0.167932 1.0000 1.0000 1.0000
v 0.018355 0.069180 0.156152 1.0000 1.0000 1.0000
v 0.013111 0.056770 0.153963 1.0000 1.0000 1.0000
v -0.012081 0.056752 0.153958 1.0000 1.0000 1.0000
v -0.012177 0.054177 0.167927 1.0000 1.0000 1.0000
v -0.017281 0.069181 0.156148 1.0000 1.0000 1.0000
v -0.017426 0.066714 0.170136 1.0000 1.0000 1.0000
v 0.000525 0.048984 0.167014 1.0000 1.0000 1.0000
v 0.000506 0.051629 0.153055 1.0000 1.0000 1.0000
v 0.018558 0.066713 0.170143 1.0000 1.0000 1.0000
v 0.018355 0.069180 0.156152 1.0000 1.0000 1.0000
v 0.013255 0.079250 0.172353 1.0000 1.0000 1.0000
v 0.013111 0.081591 0.158340 1.0000 1.0000 1.0000
v -0.012081 0.081609 0.158341 1.0000 1.0000 1.0000
v -0.012177 0.079251 0.172348 1.0000 1.0000 1.0000
v 0.000506 0.086732 0.159245 1.0000 1.0000 1.0000
v 0.000525 0.084443 0.173266 1.0000 1.0000 1.0000
v 0.018139 0.074157 0.127924 1.0000 1.0000 1.0000
v 0.012921 0.086544 0.130108 1.0000 1.0000 1.0000
v 0.012921 0.061771 0.125740 1.0000 1.0000 1.0000
v 0.018139 0.074157 0.127924 1.0000 1.0000 1.0000
v 0.000194 0.056630 0.124862 1.0000 1.0000 1.0000
v -0.012176 0.061869 0.125779 1.0000 1.0000 1.0000
v -0.017396 0.074153 0.127948 1.0000 1.0000 1.0000
v -0.012176 0.086438 0.130111 1.0000 1.0000 1.0000
v 0.000194 0.091675 0.131041 1.0000 1.0000 1.0000
v 0.014278 0.067052 0.087219 1.0000 1.0000 1.0000
v 0.019889 0.080904 0.089659 1.0000 1.0000 1.0000
v 0.000493 0.061983 0.086356 1.0000 1.0000 1.0000
v -0.012989 0.066143 0.087113 1.0000 1.0000 1.0000
v -0.018998 0.080893 0.091512 1.0000 1.0000 1.0000
v -0.012989 0.095647 0.092315 1.0000 1.0000 1.0000
v 0.000493 0.099815 0.093027 1.0000 1.0000 1.0000
v 0.014278 0.094756 0.092104 1.0000 1.0000 1.0000
v 0.019889 0.080904 0.089659 1.0000 1.0000 1.0000
v 0.013113 0.083997 0.144317 1.0000 1.0000 1.0000
v 0.000415 0.089108 0.145240 1.0000 1.0000 1.0000
v -0.012111 0.083990 0.144360 1.0000 1.0000 1.0000
v -0.017296 0.071642 0.142192 1.0000 1.0000 1.0000
v -0.012111 0.059296 0.140006 1.0000 1.0000 1.0000
v 0.000415 0.054186 0.139082 1.0000 1.0000 1.0000
v 0.013113 0.059305 0.139963 1.0000 1.0000 1.0000
v 0.018319 0.071652 0.142131 1.0000 1.0000 1.0000
v 0.018319 0.071652 0.142131 1.0000 1.0000 1.0000
v 0.018737 0.063959 0.185763 1.0000 1.0000 1.0000
v 0.013387 0.076618 0.187994 1.0000 1.0000 1.0000
v 0.013387 0.051300 0.183530 1.0000 1.0000 1.0000
v 0.018737 0.063959 0.185763 1.0000 1.0000 1.0000
v 0.000531 0.046056 0.182603 1.0000 1.0000 1.0000
v -0.012301 0.051304 0.183525 1.0000 1.0000 1.0000
v -0.017602 0.063960 0.185756 1.0000 1.0000 1.0000
v -0.012301 0.076616 0.187989 1.0000 1.0000 1.0000
v 0.000531 0.081863 0.188916 1.0000 1.0000 1.0000
v 0.018936 0.061862 0.197660 1.0000 1.0000 1.0000
v 0.013551 0.074461 0.201236 1.0000 1.0000 1.0000
v 0.020009 0.061210 0.202626 1.0000 1.0000 1.0000
v 0.014369 0.074606 0.206559 1.0000 1.0000 1.0000
v 0.013510 0.049307 0.194147 1.0000 1.0000 1.0000
v 0.018936 0.061862 0.197660 1.0000 1.0000 1.0000
v 0.014302 0.047886 0.198710 1.0000 1.0000 1.0000
v 0.020009 0.061210 0.202626 1.0000 1.0000 1.0000
v 0.000524 0.044119 0.192617 1.0000 1.0000 1.0000
v 0.000539 0.042388 0.196808 1.0000 1.0000 1.0000
v -0.012445 0.049309 0.194089 1.0000 1.0000 1.0000
v -0.013211 0.047695 0.199309 1.0000 1.0000 1.0000
v -0.018791 0.061018 0.203716 1.0000 1.0000 1.0000
v -0.017833 0.061862 0.197655 1.0000 1.0000 1.0000
v -0.013297 0.074606 0.206559 1.0000 1.0000 1.0000
v -0.012498 0.074460 0.201234 1.0000 1.0000 1.0000
v 0.000529 0.080176 0.208245 1.0000 1.0000 1.0000
v 0.000518 0.079693 0.202723 1.0000 1.0000 1.0000
v -0.286997 0.110482 0.020850 1.0000 1.0000 1.0000
v -0.280900 0.120255 0.025662 1.0000 1.0000 1.0000
v -0.272703 0.112290 0.012506 1.0000 1.0000 1.0000
v -0.270559 0.120575 0.016584 1.0000 1.0000 1.0000
v -0.279925 0.127896 0.024182 1.0000 1.0000 1.0000
v -0.267674 0.127157 0.015664 1.0000 1.0000 1.0000
v -0.285659 0.126408 0.038579 1.0000 1.0000 1.0000
v -0.285203 0.118580 0.036563 1.0000 1.0000 1.0000
v -0.293317 0.108444 0.035164 1.0000 1.0000 1.0000
v -0.289048 0.105568 0.054179 1.0000 1.0000 1.0000
v -0.282009 0.115013 0.052983 1.0000 1.0000 1.0000
v -0.293317 0.108444 0.035164 1.0000 1.0000 1.0000
v -0.285203 0.118580 0.036563 1.0000 1.0000 1.0000
v -0.285659 0.126408 0.038579 1.0000 1.0000 1.0000
v -0.282516 0.122416 0.057472 1.0000 1.0000 1.0000
v -0.272683 0.111915 0.066095 1.0000 1.0000 1.0000
v -0.274264 0.119073 0.068723 1.0000 1.0000 1.0000
v -0.277781 0.103239 0.069097 1.0000 1.0000 1.0000
v -0.204054 0.104809 0.086834 1.0000 1.0000 1.0000
v -0.226036 0.106322 0.084127 1.0000 1.0000 1.0000
v -0.226337 0.100241 0.086596 1.0000 1.0000 1.0000
v -0.226963 0.111756 0.085828 1.0000 1.0000 1.0000
v -0.204362 0.122647 0.085555 1.0000 1.0000 1.0000
v -0.180656 0.122642 0.083957 1.0000 1.0000 1.0000
v -0.180533 0.105002 0.084839 1.0000 1.0000 1.0000
v -0.204041 0.082290 0.085433 1.0000 1.0000 1.0000
v -0.180403 0.082617 0.083629 1.0000 1.0000 1.0000
v -0.021592 0.100051 0.084075 1.0000 1.0000 1.0000
v 0.000976 0.105728 0.085580 1.0000 1.0000 1.0000
v -0.022031 0.115330 0.079912 1.0000 1.0000 1.0000
v 0.000814 0.113021 0.081027 1.0000 1.0000 1.0000
v 0.003972 0.142885 0.044288 1.0000 1.0000 1.0000
v 0.003270 0.137037 0.060050 1.0000 1.0000 1.0000
v 0.029128 0.129560 0.046128 1.0000 1.0000 1.0000
v 0.027019 0.123962 0.060786 1.0000 1.0000 1.0000
v 0.047422 0.086534 0.057733 1.0000 1.0000 1.0000
v 0.052461 0.088986 0.043826 1.0000 1.0000 1.0000
v 0.042754 0.107113 0.060655 1.0000 1.0000 1.0000
v 0.047093 0.111318 0.046365 1.0000 1.0000 1.0000
v 0.052461 0.088986 0.043826 1.0000 1.0000 1.0000
v 0.050911 0.091813 0.027795 1.0000 1.0000 1.0000
v 0.047093 0.111318 0.046365 1.0000 1.0000 1.0000
v 0.045697 0.111828 0.030148 1.0000 1.0000 1.0000
v 0.004593 0.142352 0.028757 1.0000 1.0000 1.0000
v 0.003972 0.142885 0.044288 1.0000 1.0000 1.0000
v 0.028050 0.130310 0.030044 1.0000 1.0000 1.0000
v 0.029128 0.129560 0.046128 1.0000 1.0000 1.0000
v 0.004023 0.130603 0.017109 1.0000 1.0000 1.0000
v 0.024740 0.122371 0.018334 1.0000 1.0000 1.0000
v 0.040931 0.093744 0.016844 1.0000 1.0000 1.0000
v 0.038499 0.110088 0.019306 1.0000 1.0000 1.0000
v 0.029584 0.106644 0.013673 1.0000 1.0000 1.0000
v 0.031229 0.094675 0.011568 1.0000 1.0000 1.0000
v 0.020540 0.110594 0.012165 1.0000 1.0000 1.0000
v -0.048624 0.143654 0.017258 1.0000 1.0000 1.0000
v -0.022664 0.137942 0.016701 1.0000 1.0000 1.0000
v -0.048693 0.124324 0.009519 1.0000 1.0000 1.0000
v -0.023014 0.120766 0.009425 1.0000 1.0000 1.0000
v -0.022882 0.096045 0.003798 1.0000 1.0000 1.0000
v -0.048650 0.096167 0.003155 1.0000 1.0000 1.0000
v -0.103237 0.126806 0.009848 1.0000 1.0000 1.0000
v -0.076287 0.125848 0.009622 1.0000 1.0000 1.0000
v -0.103246 0.096071 0.002709 1.0000 1.0000 1.0000
v -0.076305 0.096130 0.002804 1.0000 1.0000 1.0000
v -0.103210 0.149763 0.018628 1.0000 1.0000 1.0000
v -0.076230 0.147624 0.018009 1.0000 1.0000 1.0000
v -0.253277 0.125810 0.011617 1.0000 1.0000 1.0000
v -0.253237 0.119889 0.012963 1.0000 1.0000 1.0000
v -0.253393 0.113082 0.008687 1.0000 1.0000 1.0000
v -0.208604 0.162956 0.030593 1.0000 1.0000 1.0000
v -0.208937 0.151689 0.018820 1.0000 1.0000 1.0000
v -0.231638 0.160183 0.030458 1.0000 1.0000 1.0000
v -0.231991 0.148282 0.018502 1.0000 1.0000 1.0000
v -0.182658 0.153061 0.019312 1.0000 1.0000 1.0000
v -0.182365 0.163739 0.030364 1.0000 1.0000 1.0000
v -0.207597 0.165069 0.045604 1.0000 1.0000 1.0000
v -0.181890 0.166472 0.045864 1.0000 1.0000 1.0000
v -0.230547 0.161508 0.045115 1.0000 1.0000 1.0000
v -0.022333 0.149312 0.027718 1.0000 1.0000 1.0000
v -0.022624 0.150904 0.043182 1.0000 1.0000 1.0000
v -0.048637 0.155285 0.043619 1.0000 1.0000 1.0000
v -0.048796 0.147842 0.059230 1.0000 1.0000 1.0000
v -0.022624 0.150904 0.043182 1.0000 1.0000 1.0000
v -0.022379 0.143415 0.059099 1.0000 1.0000 1.0000
v -0.022361 0.130430 0.072468 1.0000 1.0000 1.0000
v 0.002241 0.124765 0.073197 1.0000 1.0000 1.0000
v -0.048976 0.133767 0.072205 1.0000 1.0000 1.0000
v -0.206318 0.158001 0.062001 1.0000 1.0000 1.0000
v -0.207597 0.165069 0.045604 1.0000 1.0000 1.0000
v -0.229338 0.155011 0.061842 1.0000 1.0000 1.0000
v -0.230547 0.161508 0.045115 1.0000 1.0000 1.0000
v -0.181890 0.166472 0.045864 1.0000 1.0000 1.0000
v -0.181297 0.158738 0.062338 1.0000 1.0000 1.0000
v -0.204975 0.142485 0.076977 1.0000 1.0000 1.0000
v -0.180875 0.142301 0.076637 1.0000 1.0000 1.0000
v -0.227738 0.140539 0.077897 1.0000 1.0000 1.0000
v -0.076304 0.104205 0.081251 1.0000 1.0000 1.0000
v -0.076367 0.121050 0.078521 1.0000 1.0000 1.0000
v -0.103300 0.104659 0.081619 1.0000 1.0000 1.0000
v -0.103323 0.122239 0.079092 1.0000 1.0000 1.0000
v -0.076288 0.082648 0.079799 1.0000 1.0000 1.0000
v -0.103288 0.082686 0.079789 1.0000 1.0000 1.0000
v -0.209041 0.119031 0.008294 1.0000 1.0000 1.0000
v -0.182747 0.123896 0.009350 1.0000 1.0000 1.0000
v -0.103084 0.159589 0.029398 1.0000 1.0000 1.0000
v -0.076141 0.156882 0.028759 1.0000 1.0000 1.0000
v -0.103117 0.162413 0.044540 1.0000 1.0000 1.0000
v -0.076192 0.159161 0.044156 1.0000 1.0000 1.0000
v -0.076268 0.151574 0.059485 1.0000 1.0000 1.0000
v -0.076192 0.159161 0.044156 1.0000 1.0000 1.0000
v -0.103191 0.154426 0.059891 1.0000 1.0000 1.0000
v -0.103117 0.162413 0.044540 1.0000 1.0000 1.0000
v -0.076390 0.136793 0.071958 1.0000 1.0000 1.0000
v -0.103306 0.138633 0.072336 1.0000 1.0000 1.0000
v -0.155154 0.105106 0.083012 1.0000 1.0000 1.0000
v -0.155044 0.082908 0.081489 1.0000 1.0000 1.0000
v -0.155238 0.122866 0.081778 1.0000 1.0000 1.0000
v -0.155764 0.157507 0.062150 1.0000 1.0000 1.0000
v -0.155427 0.140646 0.075349 1.0000 1.0000 1.0000
v -0.156243 0.165721 0.045613 1.0000 1.0000 1.0000
v -0.156586 0.162582 0.030116 1.0000 1.0000 1.0000
v -0.156243 0.165721 0.045613 1.0000 1.0000 1.0000
v -0.156822 0.152252 0.019096 1.0000 1.0000 1.0000
v -0.129698 0.150827 0.018862 1.0000 1.0000 1.0000
v -0.156888 0.126036 0.009603 1.0000 1.0000 1.0000
v -0.129699 0.126815 0.009780 1.0000 1.0000 1.0000
v -0.156903 0.095935 0.002412 1.0000 1.0000 1.0000
v -0.129693 0.096005 0.002507 1.0000 1.0000 1.0000
v -0.048513 0.153405 0.028092 1.0000 1.0000 1.0000
v -0.048637 0.155285 0.043619 1.0000 1.0000 1.0000
v -0.048949 0.102794 0.082276 1.0000 1.0000 1.0000
v -0.049004 0.118650 0.079204 1.0000 1.0000 1.0000
v -0.048789 0.082407 0.081029 1.0000 1.0000 1.0000
v 0.003403 0.115379 0.010175 1.0000 1.0000 1.0000
v 0.003395 0.095676 0.005893 1.0000 1.0000 1.0000
v -0.232094 0.113460 0.007464 1.0000 1.0000 1.0000
v -0.232175 0.119089 0.011411 1.0000 1.0000 1.0000
v -0.232095 0.124222 0.010295 1.0000 1.0000 1.0000
v -0.253587 0.152070 0.028760 1.0000 1.0000 1.0000
v -0.253347 0.141065 0.017586 1.0000 1.0000 1.0000
v -0.273494 0.139380 0.026035 1.0000 1.0000 1.0000
v -0.264940 0.133725 0.016255 1.0000 1.0000 1.0000
v -0.253387 0.153883 0.043803 1.0000 1.0000 1.0000
v -0.276254 0.139442 0.041095 1.0000 1.0000 1.0000
v -0.250657 0.148101 0.061211 1.0000 1.0000 1.0000
v -0.253387 0.153883 0.043803 1.0000 1.0000 1.0000
v -0.273601 0.133725 0.059552 1.0000 1.0000 1.0000
v -0.276254 0.139442 0.041095 1.0000 1.0000 1.0000
v -0.247917 0.136683 0.076269 1.0000 1.0000 1.0000
v -0.267315 0.127571 0.071835 1.0000 1.0000 1.0000
v -0.244610 0.107919 0.081311 1.0000 1.0000 1.0000
v -0.258543 0.109552 0.075709 1.0000 1.0000 1.0000
v -0.246041 0.100601 0.083846 1.0000 1.0000 1.0000
v -0.261662 0.101618 0.078804 1.0000 1.0000 1.0000
v -0.245322 0.114390 0.083089 1.0000 1.0000 1.0000
v -0.258825 0.116192 0.078698 1.0000 1.0000 1.0000
v 0.021928 0.115059 0.073015 1.0000 1.0000 1.0000
v 0.033603 0.102627 0.072419 1.0000 1.0000 1.0000
v 0.038584 0.084344 0.070152 1.0000 1.0000 1.0000
v 0.018986 0.100856 0.083728 1.0000 1.0000 1.0000
v 0.016952 0.108950 0.080151 1.0000 1.0000 1.0000
v 0.019532 0.095238 0.008377 1.0000 1.0000 1.0000
v -0.028361 0.082149 0.084558 1.0000 1.0000 1.0000
v -0.021592 0.100051 0.084075 1.0000 1.0000 1.0000
v 0.000976 0.105728 0.085580 1.0000 1.0000 1.0000
v 0.018986 0.100856 0.083728 1.0000 1.0000 1.0000
v 0.026278 0.082578 0.081523 1.0000 1.0000 1.0000
v -0.272704 0.077431 0.006001 1.0000 1.0000 1.0000
v -0.286998 0.076406 0.014491 1.0000 1.0000 1.0000
v -0.273930 0.094966 0.008325 1.0000 1.0000 1.0000
v -0.291133 0.093515 0.017143 1.0000 1.0000 1.0000
v -0.264940 0.055978 0.001747 1.0000 1.0000 1.0000
v -0.273494 0.047539 0.008897 1.0000 1.0000 1.0000
v -0.267675 0.062413 0.003583 1.0000 1.0000 1.0000
v -0.279925 0.058965 0.011319 1.0000 1.0000 1.0000
v -0.276236 0.042675 0.023029 1.0000 1.0000 1.0000
v -0.285640 0.055769 0.025389 1.0000 1.0000 1.0000
v -0.293317 0.073752 0.028690 1.0000 1.0000 1.0000
v -0.296942 0.091078 0.031978 1.0000 1.0000 1.0000
v -0.296942 0.091078 0.031978 1.0000 1.0000 1.0000
v -0.293317 0.073752 0.028690 1.0000 1.0000 1.0000
v -0.291854 0.087825 0.051683 1.0000 1.0000 1.0000
v -0.289048 0.070371 0.047611 1.0000 1.0000 1.0000
v -0.276236 0.042675 0.023029 1.0000 1.0000 1.0000
v -0.274453 0.042137 0.042402 1.0000 1.0000 1.0000
v -0.285640 0.055769 0.025389 1.0000 1.0000 1.0000
v -0.282511 0.053462 0.044606 1.0000 1.0000 1.0000
v -0.274260 0.053014 0.056405 1.0000 1.0000 1.0000
v -0.267553 0.044120 0.056164 1.0000 1.0000 1.0000
v -0.280277 0.085290 0.066949 1.0000 1.0000 1.0000
v -0.277780 0.067752 0.062467 1.0000 1.0000 1.0000
v -0.204054 0.060664 0.078596 1.0000 1.0000 1.0000
v -0.226337 0.064969 0.080014 1.0000 1.0000 1.0000
v -0.225877 0.082321 0.085048 1.0000 1.0000 1.0000
v -0.226965 0.054380 0.075126 1.0000 1.0000 1.0000
v -0.204190 0.042891 0.069852 1.0000 1.0000 1.0000
v -0.227119 0.042348 0.069533 1.0000 1.0000 1.0000
v -0.180778 0.060726 0.076499 1.0000 1.0000 1.0000
v -0.180651 0.043434 0.068316 1.0000 1.0000 1.0000
v -0.076304 0.061898 0.073681 1.0000 1.0000 1.0000
v -0.048949 0.062832 0.075225 1.0000 1.0000 1.0000
v -0.048877 0.048562 0.066453 1.0000 1.0000 1.0000
v -0.076297 0.046960 0.065128 1.0000 1.0000 1.0000
v -0.021592 0.064823 0.077863 1.0000 1.0000 1.0000
v -0.021694 0.050558 0.067435 1.0000 1.0000 1.0000
v 0.000937 0.059255 0.077761 1.0000 1.0000 1.0000
v 0.001518 0.052762 0.069362 1.0000 1.0000 1.0000
v 0.027019 0.050319 0.047801 1.0000 1.0000 1.0000
v 0.003270 0.038284 0.042637 1.0000 1.0000 1.0000
v 0.029128 0.050072 0.032112 1.0000 1.0000 1.0000
v 0.003972 0.038180 0.025825 1.0000 1.0000 1.0000
v 0.042754 0.066197 0.053440 1.0000 1.0000 1.0000
v 0.047093 0.067133 0.038574 1.0000 1.0000 1.0000
v 0.047093 0.067133 0.038574 1.0000 1.0000 1.0000
v 0.045697 0.072200 0.023160 1.0000 1.0000 1.0000
v 0.029128 0.050072 0.032112 1.0000 1.0000 1.0000
v 0.003972 0.038180 0.025825 1.0000 1.0000 1.0000
v 0.028050 0.054868 0.016742 1.0000 1.0000 1.0000
v 0.004593 0.043993 0.011414 1.0000 1.0000 1.0000
v 0.024740 0.066334 0.008453 1.0000 1.0000 1.0000
v 0.004023 0.059017 0.004486 1.0000 1.0000 1.0000
v 0.038499 0.077543 0.013567 1.0000 1.0000 1.0000
v 0.029584 0.082708 0.009452 1.0000 1.0000 1.0000
v 0.020540 0.079512 0.006684 1.0000 1.0000 1.0000
v -0.251983 0.048510 0.000314 1.0000 1.0000 1.0000
v -0.252921 0.064895 0.000249 1.0000 1.0000 1.0000
v -0.253393 0.077834 0.002109 1.0000 1.0000 1.0000
v -0.253852 0.095509 0.005022 1.0000 1.0000 1.0000
v -0.232939 0.041586 -0.001408 1.0000 1.0000 1.0000
v -0.208937 0.038288 -0.002342 1.0000 1.0000 1.0000
v -0.231638 0.026562 0.005523 1.0000 1.0000 1.0000
v -0.208604 0.023912 0.004646 1.0000 1.0000 1.0000
v -0.182658 0.036818 -0.002381 1.0000 1.0000 1.0000
v -0.182365 0.023249 0.004147 1.0000 1.0000 1.0000
v -0.207389 0.017120 0.018039 1.0000 1.0000 1.0000
v -0.181888 0.015733 0.017771 1.0000 1.0000 1.0000
v -0.230546 0.020643 0.018859 1.0000 1.0000 1.0000
v -0.048513 0.033827 0.006991 1.0000 1.0000 1.0000
v -0.048624 0.046693 0.000147 1.0000 1.0000 1.0000
v -0.022333 0.037808 0.008057 1.0000 1.0000 1.0000
v -0.022664 0.052261 0.001593 1.0000 1.0000 1.0000
v -0.022624 0.031023 0.022044 1.0000 1.0000 1.0000
v -0.048637 0.026755 0.020939 1.0000 1.0000 1.0000
v -0.022624 0.031023 0.022044 1.0000 1.0000 1.0000
v -0.022379 0.032616 0.039563 1.0000 1.0000 1.0000
v -0.022361 0.040245 0.056566 1.0000 1.0000 1.0000
v 0.002241 0.045320 0.059189 1.0000 1.0000 1.0000
v -0.230546 0.020643 0.018859 1.0000 1.0000 1.0000
v -0.207389 0.017120 0.018039 1.0000 1.0000 1.0000
v -0.229328 0.021444 0.036917 1.0000 1.0000 1.0000
v -0.206307 0.018600 0.035992 1.0000 1.0000 1.0000
v -0.181888 0.015733 0.017771 1.0000 1.0000 1.0000
v -0.181286 0.017789 0.036034 1.0000 1.0000 1.0000
v -0.204958 0.028445 0.055586 1.0000 1.0000 1.0000
v -0.227725 0.029927 0.057181 1.0000 1.0000 1.0000
v -0.209097 0.095891 0.002754 1.0000 1.0000 1.0000
v -0.182767 0.095893 0.002673 1.0000 1.0000 1.0000
v -0.209041 0.072362 -0.000415 1.0000 1.0000 1.0000
v -0.182747 0.067451 -0.001183 1.0000 1.0000 1.0000
v -0.155396 0.061038 0.074699 1.0000 1.0000 1.0000
v -0.155235 0.043795 0.066192 1.0000 1.0000 1.0000
v -0.155429 0.030053 0.054223 1.0000 1.0000 1.0000
v -0.180863 0.028716 0.055384 1.0000 1.0000 1.0000
v -0.155761 0.018963 0.036324 1.0000 1.0000 1.0000
v -0.156243 0.016520 0.017770 1.0000 1.0000 1.0000
v -0.156586 0.024416 0.004333 1.0000 1.0000 1.0000
v -0.156243 0.016520 0.017770 1.0000 1.0000 1.0000
v -0.156822 0.037647 -0.002288 1.0000 1.0000 1.0000
v -0.129699 0.064674 -0.001653 1.0000 1.0000 1.0000
v -0.129698 0.039147 -0.001687 1.0000 1.0000 1.0000
v -0.156888 0.065333 -0.001725 1.0000 1.0000 1.0000
v -0.023014 0.070890 0.000630 1.0000 1.0000 1.0000
v -0.048693 0.067519 -0.000505 1.0000 1.0000 1.0000
v -0.076230 0.042617 -0.000799 1.0000 1.0000 1.0000
v -0.076141 0.030292 0.006108 1.0000 1.0000 1.0000
v -0.076192 0.022894 0.019774 1.0000 1.0000 1.0000
v -0.076192 0.022894 0.019774 1.0000 1.0000 1.0000
v -0.048637 0.026755 0.020939 1.0000 1.0000 1.0000
v -0.076268 0.024750 0.036792 1.0000 1.0000 1.0000
v -0.048796 0.028397 0.038151 1.0000 1.0000 1.0000
v -0.048976 0.037171 0.055157 1.0000 1.0000 1.0000
v -0.076390 0.034390 0.053634 1.0000 1.0000 1.0000
v 0.003403 0.075696 0.003178 1.0000 1.0000 1.0000
v -0.232095 0.077589 0.000771 1.0000 1.0000 1.0000
v -0.231996 0.095731 0.003564 1.0000 1.0000 1.0000
v -0.232333 0.066584 -0.000461 1.0000 1.0000 1.0000
v -0.253587 0.034734 0.006864 1.0000 1.0000 1.0000
v -0.253387 0.028230 0.020357 1.0000 1.0000 1.0000
v -0.250644 0.028114 0.038805 1.0000 1.0000 1.0000
v -0.253387 0.028230 0.020357 1.0000 1.0000 1.0000
v -0.247517 0.033869 0.057121 1.0000 1.0000 1.0000
v -0.246041 0.065491 0.077295 1.0000 1.0000 1.0000
v -0.246398 0.082779 0.082141 1.0000 1.0000 1.0000
v -0.261662 0.066224 0.072199 1.0000 1.0000 1.0000
v -0.263097 0.083657 0.077027 1.0000 1.0000 1.0000
v -0.245891 0.043274 0.067231 1.0000 1.0000 1.0000
v -0.245322 0.052779 0.071597 1.0000 1.0000 1.0000
v -0.257591 0.046062 0.064100 1.0000 1.0000 1.0000
v -0.258824 0.052562 0.066825 1.0000 1.0000 1.0000
v 0.021739 0.054497 0.062504 1.0000 1.0000 1.0000
v 0.033600 0.066386 0.066028 1.0000 1.0000 1.0000
v 0.018988 0.064651 0.077344 1.0000 1.0000 1.0000
v 0.018244 0.058755 0.071200 1.0000 1.0000 1.0000
v -0.021592 0.064823 0.077863 1.0000 1.0000 1.0000
v 0.000937 0.059255 0.077761 1.0000 1.0000 1.0000
v 0.018988 0.064651 0.077344 1.0000 1.0000 1.0000
v 0.026278 0.082578 0.081523 1.0000 1.0000 1.0000
v 0.026278 0.082578 0.081523 1.0000 1.0000 1.0000
v -0.028361 0.082149 0.084558 1.0000 1.0000 1.0000
v -0.076287 0.065908 -0.001104 1.0000 1.0000 1.0000
v -0.103237 0.064814 -0.001372 1.0000 1.0000 1.0000
v -0.103210 0.040328 -0.001197 1.0000 1.0000 1.0000
v -0.103084 0.027486 0.005493 1.0000 1.0000 1.0000
v -0.103118 0.019687 0.018718 1.0000 1.0000 1.0000
v -0.103118 0.019687 0.018718 1.0000 1.0000 1.0000
v -0.103191 0.021933 0.035917 1.0000 1.0000 1.0000
v -0.103306 0.032562 0.053139 1.0000 1.0000 1.0000
v -0.103314 0.045538 0.065026 1.0000 1.0000 1.0000
v -0.103300 0.061424 0.073794 1.0000 1.0000 1.0000
v -0.129813 0.104940 0.082315 1.0000 1.0000 1.0000
v -0.129825 0.082854 0.080337 1.0000 1.0000 1.0000
v -0.129777 0.122595 0.080149 1.0000 1.0000 1.0000
v -0.129701 0.156089 0.060961 1.0000 1.0000 1.0000
v -0.129725 0.139444 0.073765 1.0000 1.0000 1.0000
v -0.129699 0.164357 0.044852 1.0000 1.0000 1.0000
v -0.129699 0.164357 0.044852 1.0000 1.0000 1.0000
v -0.129630 0.161132 0.029834 1.0000 1.0000 1.0000
v -0.129630 0.025889 0.004956 1.0000 1.0000 1.0000
v -0.129699 0.017911 0.017923 1.0000 1.0000 1.0000
v -0.129699 0.017911 0.017923 1.0000 1.0000 1.0000
v -0.129701 0.020330 0.035992 1.0000 1.0000 1.0000
v -0.129733 0.031267 0.053401 1.0000 1.0000 1.0000
v -0.130062 0.061227 0.074245 1.0000 1.0000 1.0000
v -0.129772 0.044711 0.065324 1.0000 1.0000 1.0000
v -0.226037 0.060036 0.075490 1.0000 1.0000 1.0000
v -0.244608 0.059421 0.072264 1.0000 1.0000 1.0000
v -0.258540 0.059758 0.066418 1.0000 1.0000 1.0000
v -0.282007 0.061875 0.043066 1.0000 1.0000 1.0000
v -0.272681 0.060556 0.056510 1.0000 1.0000 1.0000
v -0.285201 0.063785 0.026337 1.0000 1.0000 1.0000
v -0.280902 0.065690 0.015482 1.0000 1.0000 1.0000
v -0.285201 0.063785 0.026337 1.0000 1.0000 1.0000
v -0.270560 0.068374 0.006841 1.0000 1.0000 1.0000
v -0.253233 0.070076 0.003667 1.0000 1.0000 1.0000
v -0.232178 0.070954 0.002429 1.0000 1.0000 1.0000
v -0.257780 0.123243 0.079055 1.0000 1.0000 1.0000
v -0.245962 0.124532 0.082531 1.0000 1.0000 1.0000
v -0.227349 0.123761 0.085317 1.0000 1.0000 1.0000
v -0.064802 0.202226 0.377394 1.0000 1.0000 1.0000
v -0.060092 0.186631 0.377687 1.0000 1.0000 1.0000
v -0.058527 0.202228 0.393744 1.0000 1.0000 1.0000
v -0.054216 0.186631 0.393108 1.0000 1.0000 1.0000
v -0.041215 0.186631 0.405046 1.0000 1.0000 1.0000
v -0.044515 0.202230 0.406425 1.0000 1.0000 1.0000
v -0.042047 0.186631 0.352361 1.0000 1.0000 1.0000
v -0.054825 0.186631 0.363755 1.0000 1.0000 1.0000
v -0.045360 0.202239 0.351049 1.0000 1.0000 1.0000
v -0.059143 0.202232 0.362888 1.0000 1.0000 1.0000
v -0.060092 0.186631 0.377687 1.0000 1.0000 1.0000
v -0.064802 0.202226 0.377394 1.0000 1.0000 1.0000
v -0.000332 0.186631 0.417041 1.0000 1.0000 1.0000
v 0.022433 0.186631 0.413428 1.0000 1.0000 1.0000
v -0.000332 0.202232 0.419126 1.0000 1.0000 1.0000
v 0.024270 0.202232 0.415316 1.0000 1.0000 1.0000
v 0.040551 0.186631 0.405046 1.0000 1.0000 1.0000
v 0.043850 0.202230 0.406425 1.0000 1.0000 1.0000
v -0.024934 0.202232 0.415316 1.0000 1.0000 1.0000
v -0.023098 0.186631 0.413428 1.0000 1.0000 1.0000
v -0.000332 0.186631 0.341511 1.0000 1.0000 1.0000
v -0.023705 0.186631 0.344209 1.0000 1.0000 1.0000
v -0.000332 0.202245 0.339779 1.0000 1.0000 1.0000
v -0.025550 0.202243 0.342463 1.0000 1.0000 1.0000
v 0.044696 0.202239 0.351049 1.0000 1.0000 1.0000
v 0.041383 0.186631 0.352361 1.0000 1.0000 1.0000
v 0.024886 0.202243 0.342463 1.0000 1.0000 1.0000
v 0.023040 0.186631 0.344209 1.0000 1.0000 1.0000
v 0.058478 0.202232 0.362888 1.0000 1.0000 1.0000
v 0.054160 0.186631 0.363755 1.0000 1.0000 1.0000
v 0.064138 0.202226 0.377394 1.0000 1.0000 1.0000
v 0.059428 0.186631 0.377687 1.0000 1.0000 1.0000
v 0.053551 0.186631 0.393108 1.0000 1.0000 1.0000
v 0.059428 0.186631 0.377687 1.0000 1.0000 1.0000
v 0.057863 0.202228 0.393744 1.0000 1.0000 1.0000
v 0.064138 0.202226 0.377394 1.0000 1.0000 1.0000
v 0.034759 0.124042 0.367128 1.0000 1.0000 1.0000
v 0.030232 0.109477 0.367829 1.0000 1.0000 1.0000
v 0.026558 0.124043 0.358426 1.0000 1.0000 1.0000
v 0.023101 0.109477 0.359849 1.0000 1.0000 1.0000
v 0.038130 0.124040 0.377839 1.0000 1.0000 1.0000
v 0.033154 0.109477 0.377626 1.0000 1.0000 1.0000
v 0.029829 0.109477 0.387530 1.0000 1.0000 1.0000
v 0.033154 0.109477 0.377626 1.0000 1.0000 1.0000
v 0.034307 0.124040 0.388837 1.0000 1.0000 1.0000
v 0.038130 0.124040 0.377839 1.0000 1.0000 1.0000
v 0.022557 0.109477 0.395184 1.0000 1.0000 1.0000
v 0.025946 0.124040 0.397348 1.0000 1.0000 1.0000
v 0.012400 0.109477 0.400526 1.0000 1.0000 1.0000
v 0.014290 0.124039 0.403302 1.0000 1.0000 1.0000
v -0.000332 0.109477 0.402830 1.0000 1.0000 1.0000
v -0.000332 0.124039 0.405876 1.0000 1.0000 1.0000
v -0.014954 0.124039 0.403302 1.0000 1.0000 1.0000
v -0.013064 0.109477 0.400526 1.0000 1.0000 1.0000
v -0.009819 0.083053 0.395099 1.0000 1.0000 1.0000
v -0.011289 0.095263 0.397675 1.0000 1.0000 1.0000
v -0.017401 0.083053 0.390898 1.0000 1.0000 1.0000
v -0.020037 0.095264 0.392942 1.0000 1.0000 1.0000
v -0.023221 0.109477 0.395184 1.0000 1.0000 1.0000
v -0.026611 0.124040 0.397348 1.0000 1.0000 1.0000
v -0.030494 0.109477 0.387530 1.0000 1.0000 1.0000
v -0.034971 0.124040 0.388837 1.0000 1.0000 1.0000
v -0.038795 0.124040 0.377839 1.0000 1.0000 1.0000
v -0.033819 0.109477 0.377626 1.0000 1.0000 1.0000
v -0.030897 0.109477 0.367829 1.0000 1.0000 1.0000
v -0.033819 0.109477 0.377626 1.0000 1.0000 1.0000
v -0.035424 0.124042 0.367128 1.0000 1.0000 1.0000
v -0.038795 0.124040 0.377839 1.0000 1.0000 1.0000
v -0.023766 0.109477 0.359849 1.0000 1.0000 1.0000
v -0.027223 0.124043 0.358426 1.0000 1.0000 1.0000
v -0.015403 0.124043 0.352089 1.0000 1.0000 1.0000
v -0.013463 0.109477 0.354032 1.0000 1.0000 1.0000
v -0.000332 0.109478 0.352248 1.0000 1.0000 1.0000
v -0.000332 0.124044 0.350058 1.0000 1.0000 1.0000
v 0.014738 0.124043 0.352089 1.0000 1.0000 1.0000
v 0.012798 0.109477 0.354032 1.0000 1.0000 1.0000
v -0.048588 0.218214 0.349967 1.0000 1.0000 1.0000
v -0.063344 0.218210 0.361987 1.0000 1.0000 1.0000
v -0.051704 0.234915 0.348802 1.0000 1.0000 1.0000
v -0.067392 0.234912 0.361093 1.0000 1.0000 1.0000
v -0.069374 0.218206 0.376952 1.0000 1.0000 1.0000
v -0.073765 0.234910 0.376402 1.0000 1.0000 1.0000
v -0.073765 0.234910 0.376402 1.0000 1.0000 1.0000
v -0.069374 0.218206 0.376952 1.0000 1.0000 1.0000
v -0.066873 0.234912 0.394350 1.0000 1.0000 1.0000
v -0.062746 0.218210 0.394155 1.0000 1.0000 1.0000
v -0.047761 0.218213 0.407530 1.0000 1.0000 1.0000
v -0.050973 0.234915 0.408374 1.0000 1.0000 1.0000
v -0.028532 0.234917 0.418155 1.0000 1.0000 1.0000
v -0.026744 0.218215 0.416887 1.0000 1.0000 1.0000
v -0.000332 0.234917 0.422274 1.0000 1.0000 1.0000
v -0.000332 0.218215 0.420870 1.0000 1.0000 1.0000
v 0.026080 0.218215 0.416887 1.0000 1.0000 1.0000
v 0.027867 0.234917 0.418155 1.0000 1.0000 1.0000
v 0.047096 0.218213 0.407530 1.0000 1.0000 1.0000
v 0.050309 0.234915 0.408374 1.0000 1.0000 1.0000
v 0.062081 0.218210 0.394155 1.0000 1.0000 1.0000
v 0.066208 0.234912 0.394350 1.0000 1.0000 1.0000
v 0.068709 0.218206 0.376952 1.0000 1.0000 1.0000
v 0.073100 0.234910 0.376402 1.0000 1.0000 1.0000
v 0.073100 0.234910 0.376402 1.0000 1.0000 1.0000
v 0.068709 0.218206 0.376952 1.0000 1.0000 1.0000
v 0.066727 0.234912 0.361093 1.0000 1.0000 1.0000
v 0.062679 0.218210 0.361987 1.0000 1.0000 1.0000
v 0.051039 0.234915 0.348802 1.0000 1.0000 1.0000
v 0.047923 0.218214 0.349967 1.0000 1.0000 1.0000
v 0.028387 0.234917 0.339555 1.0000 1.0000 1.0000
v 0.026675 0.218216 0.340974 1.0000 1.0000 1.0000
v -0.000332 0.234918 0.336888 1.0000 1.0000 1.0000
v -0.000332 0.218217 0.338204 1.0000 1.0000 1.0000
v -0.027339 0.218216 0.340974 1.0000 1.0000 1.0000
v -0.029052 0.234917 0.339555 1.0000 1.0000 1.0000
v -0.034079 0.154791 0.401420 1.0000 1.0000 1.0000
v -0.030226 0.139105 0.399451 1.0000 1.0000 1.0000
v -0.019116 0.154791 0.408595 1.0000 1.0000 1.0000
v -0.016969 0.139104 0.406017 1.0000 1.0000 1.0000
v -0.073381 0.271505 0.359704 1.0000 1.0000 1.0000
v -0.056341 0.271493 0.347480 1.0000 1.0000 1.0000
v -0.071396 0.252803 0.360297 1.0000 1.0000 1.0000
v -0.054800 0.252805 0.347999 1.0000 1.0000 1.0000
v -0.080170 0.271520 0.375166 1.0000 1.0000 1.0000
v -0.078068 0.252807 0.375842 1.0000 1.0000 1.0000
v -0.071022 0.252809 0.394473 1.0000 1.0000 1.0000
v -0.073368 0.271520 0.394162 1.0000 1.0000 1.0000
v -0.078068 0.252807 0.375842 1.0000 1.0000 1.0000
v -0.080170 0.271520 0.375166 1.0000 1.0000 1.0000
v -0.054252 0.252818 0.409116 1.0000 1.0000 1.0000
v -0.056269 0.271519 0.409259 1.0000 1.0000 1.0000
v 0.072703 0.271520 0.394162 1.0000 1.0000 1.0000
v 0.055604 0.271519 0.409259 1.0000 1.0000 1.0000
v 0.070357 0.252809 0.394473 1.0000 1.0000 1.0000
v 0.053588 0.252818 0.409116 1.0000 1.0000 1.0000
v 0.079506 0.271520 0.375166 1.0000 1.0000 1.0000
v 0.077404 0.252807 0.375842 1.0000 1.0000 1.0000
v 0.070731 0.252803 0.360297 1.0000 1.0000 1.0000
v 0.072717 0.271505 0.359704 1.0000 1.0000 1.0000
v 0.077404 0.252807 0.375842 1.0000 1.0000 1.0000
v 0.079506 0.271520 0.375166 1.0000 1.0000 1.0000
v 0.054136 0.252805 0.347999 1.0000 1.0000 1.0000
v 0.055676 0.271493 0.347480 1.0000 1.0000 1.0000
v 0.030076 0.252812 0.338548 1.0000 1.0000 1.0000
v 0.030198 0.271489 0.338240 1.0000 1.0000 1.0000
v -0.000332 0.252815 0.335934 1.0000 1.0000 1.0000
v -0.000332 0.271488 0.335780 1.0000 1.0000 1.0000
v -0.030863 0.271489 0.338240 1.0000 1.0000 1.0000
v -0.030740 0.252812 0.338548 1.0000 1.0000 1.0000
v -0.000332 0.252838 0.423483 1.0000 1.0000 1.0000
v -0.000332 0.271532 0.423845 1.0000 1.0000 1.0000
v -0.030323 0.252831 0.419295 1.0000 1.0000 1.0000
v -0.030787 0.271526 0.419689 1.0000 1.0000 1.0000
v 0.030122 0.271526 0.419689 1.0000 1.0000 1.0000
v 0.029658 0.252831 0.419295 1.0000 1.0000 1.0000
v -0.055010 0.170785 0.377877 1.0000 1.0000 1.0000
v -0.049743 0.154792 0.377963 1.0000 1.0000 1.0000
v -0.049594 0.170786 0.392232 1.0000 1.0000 1.0000
v -0.044833 0.154792 0.391188 1.0000 1.0000 1.0000
v -0.037694 0.170788 0.403337 1.0000 1.0000 1.0000
v -0.034857 0.154795 0.355387 1.0000 1.0000 1.0000
v -0.045407 0.154794 0.365534 1.0000 1.0000 1.0000
v -0.038519 0.170794 0.353799 1.0000 1.0000 1.0000
v -0.050202 0.170789 0.364648 1.0000 1.0000 1.0000
v -0.049743 0.154792 0.377963 1.0000 1.0000 1.0000
v -0.055010 0.170785 0.377877 1.0000 1.0000 1.0000
v -0.000332 0.154791 0.411694 1.0000 1.0000 1.0000
v 0.018451 0.154791 0.408595 1.0000 1.0000 1.0000
v -0.000332 0.170789 0.414497 1.0000 1.0000 1.0000
v 0.020468 0.170789 0.411132 1.0000 1.0000 1.0000
v 0.033415 0.154791 0.401420 1.0000 1.0000 1.0000
v 0.037029 0.170788 0.403337 1.0000 1.0000 1.0000
v -0.021133 0.170789 0.411132 1.0000 1.0000 1.0000
v -0.000332 0.154797 0.345669 1.0000 1.0000 1.0000
v -0.019686 0.154797 0.348158 1.0000 1.0000 1.0000
v -0.000332 0.170799 0.343502 1.0000 1.0000 1.0000
v -0.021736 0.170798 0.346026 1.0000 1.0000 1.0000
v 0.037855 0.170794 0.353799 1.0000 1.0000 1.0000
v 0.034193 0.154795 0.355387 1.0000 1.0000 1.0000
v 0.021072 0.170798 0.346026 1.0000 1.0000 1.0000
v 0.019021 0.154797 0.348158 1.0000 1.0000 1.0000
v 0.049537 0.170789 0.364648 1.0000 1.0000 1.0000
v 0.044743 0.154794 0.365534 1.0000 1.0000 1.0000
v 0.054345 0.170785 0.377877 1.0000 1.0000 1.0000
v 0.049078 0.154792 0.377963 1.0000 1.0000 1.0000
v 0.044168 0.154792 0.391188 1.0000 1.0000 1.0000
v 0.049078 0.154792 0.377963 1.0000 1.0000 1.0000
v 0.048930 0.170786 0.392232 1.0000 1.0000 1.0000
v 0.054345 0.170785 0.377877 1.0000 1.0000 1.0000
v 0.039592 0.139110 0.366379 1.0000 1.0000 1.0000
v 0.030253 0.139113 0.356895 1.0000 1.0000 1.0000
v 0.043435 0.139107 0.377970 1.0000 1.0000 1.0000
v 0.043435 0.139107 0.377970 1.0000 1.0000 1.0000
v 0.039082 0.139106 0.390079 1.0000 1.0000 1.0000
v 0.029561 0.139105 0.399451 1.0000 1.0000 1.0000
v 0.016305 0.139104 0.406017 1.0000 1.0000 1.0000
v -0.000332 0.139104 0.408857 1.0000 1.0000 1.0000
v -0.039746 0.139106 0.390079 1.0000 1.0000 1.0000
v -0.044099 0.139107 0.377970 1.0000 1.0000 1.0000
v -0.044099 0.139107 0.377970 1.0000 1.0000 1.0000
v -0.040257 0.139110 0.366379 1.0000 1.0000 1.0000
v -0.030917 0.139113 0.356895 1.0000 1.0000 1.0000
v -0.017476 0.139115 0.350142 1.0000 1.0000 1.0000
v -0.000332 0.139115 0.347875 1.0000 1.0000 1.0000
v 0.016811 0.139115 0.350142 1.0000 1.0000 1.0000
v 0.025971 0.095269 0.368458 1.0000 1.0000 1.0000
v 0.022437 0.083054 0.368947 1.0000 1.0000 1.0000
v 0.019847 0.095273 0.361225 1.0000 1.0000 1.0000
v 0.017148 0.083055 0.362395 1.0000 1.0000 1.0000
v 0.028472 0.095266 0.377309 1.0000 1.0000 1.0000
v 0.024589 0.083054 0.376939 1.0000 1.0000 1.0000
v 0.022132 0.083054 0.384839 1.0000 1.0000 1.0000
v 0.024589 0.083054 0.376939 1.0000 1.0000 1.0000
v 0.025619 0.095265 0.386138 1.0000 1.0000 1.0000
v 0.028472 0.095266 0.377309 1.0000 1.0000 1.0000
v 0.016736 0.083053 0.390898 1.0000 1.0000 1.0000
v 0.019372 0.095264 0.392942 1.0000 1.0000 1.0000
v 0.009154 0.083053 0.395099 1.0000 1.0000 1.0000
v 0.010624 0.095263 0.397675 1.0000 1.0000 1.0000
v -0.000332 0.083053 0.396900 1.0000 1.0000 1.0000
v -0.000332 0.095262 0.399712 1.0000 1.0000 1.0000
v -0.026284 0.095265 0.386138 1.0000 1.0000 1.0000
v -0.022797 0.083054 0.384839 1.0000 1.0000 1.0000
v -0.029136 0.095266 0.377309 1.0000 1.0000 1.0000
v -0.025253 0.083054 0.376939 1.0000 1.0000 1.0000
v -0.023102 0.083054 0.368947 1.0000 1.0000 1.0000
v -0.025253 0.083054 0.376939 1.0000 1.0000 1.0000
v -0.026636 0.095269 0.368458 1.0000 1.0000 1.0000
v -0.029136 0.095266 0.377309 1.0000 1.0000 1.0000
v -0.017812 0.083055 0.362395 1.0000 1.0000 1.0000
v -0.020512 0.095273 0.361225 1.0000 1.0000 1.0000
v -0.010120 0.083055 0.358020 1.0000 1.0000 1.0000
v -0.011636 0.095275 0.356110 1.0000 1.0000 1.0000
v -0.000332 0.083055 0.356323 1.0000 1.0000 1.0000
v -0.000332 0.095276 0.354421 1.0000 1.0000 1.0000
v 0.010972 0.095275 0.356110 1.0000 1.0000 1.0000
v 0.009455 0.083055 0.358020 1.0000 1.0000 1.0000
v 0.018300 0.066899 0.369451 1.0000 1.0000 1.0000
v 0.014262 0.068995 0.363768 1.0000 1.0000 1.0000
v 0.019719 0.073404 0.369396 1.0000 1.0000 1.0000
v 0.015133 0.073694 0.363414 1.0000 1.0000 1.0000
v 0.019609 0.065371 0.376161 1.0000 1.0000 1.0000
v 0.021496 0.073056 0.376616 1.0000 1.0000 1.0000
v 0.017313 0.064437 0.382760 1.0000 1.0000 1.0000
v 0.019609 0.065371 0.376161 1.0000 1.0000 1.0000
v 0.019263 0.072717 0.383686 1.0000 1.0000 1.0000
v 0.021496 0.073056 0.376616 1.0000 1.0000 1.0000
v 0.012903 0.063789 0.387668 1.0000 1.0000 1.0000
v 0.014516 0.072461 0.389059 1.0000 1.0000 1.0000
v 0.007896 0.072286 0.392750 1.0000 1.0000 1.0000
v 0.006961 0.063703 0.390776 1.0000 1.0000 1.0000
v -0.008561 0.072286 0.392750 1.0000 1.0000 1.0000
v -0.007625 0.063656 0.390776 1.0000 1.0000 1.0000
v -0.000332 0.072212 0.394321 1.0000 1.0000 1.0000
v -0.000332 0.063756 0.392127 1.0000 1.0000 1.0000
v -0.019928 0.072717 0.383686 1.0000 1.0000 1.0000
v -0.017973 0.064294 0.382760 1.0000 1.0000 1.0000
v -0.015180 0.072461 0.389059 1.0000 1.0000 1.0000
v -0.013567 0.063786 0.387668 1.0000 1.0000 1.0000
v -0.022160 0.073056 0.376616 1.0000 1.0000 1.0000
v -0.020272 0.065326 0.376161 1.0000 1.0000 1.0000
v -0.020384 0.073404 0.369396 1.0000 1.0000 1.0000
v -0.018965 0.066902 0.369451 1.0000 1.0000 1.0000
v -0.022160 0.073056 0.376616 1.0000 1.0000 1.0000
v -0.020272 0.065326 0.376161 1.0000 1.0000 1.0000
v -0.009010 0.073877 0.359580 1.0000 1.0000 1.0000
v -0.008600 0.070675 0.360174 1.0000 1.0000 1.0000
v -0.015798 0.073694 0.363414 1.0000 1.0000 1.0000
v -0.014926 0.068975 0.363768 1.0000 1.0000 1.0000
v 0.007937 0.070759 0.360174 1.0000 1.0000 1.0000
v -0.000332 0.071554 0.358444 1.0000 1.0000 1.0000
v 0.008345 0.073877 0.359580 1.0000 1.0000 1.0000
v -0.000332 0.073959 0.357916 1.0000 1.0000 1.0000
v -0.073045 0.291260 0.359282 1.0000 1.0000 1.0000
v -0.056063 0.291260 0.347496 1.0000 1.0000 1.0000
v -0.079811 0.291260 0.374216 1.0000 1.0000 1.0000
v -0.079811 0.291260 0.374216 1.0000 1.0000 1.0000
v -0.073730 0.291260 0.393055 1.0000 1.0000 1.0000
v -0.056932 0.291260 0.408361 1.0000 1.0000 1.0000
v -0.030329 0.291260 0.418814 1.0000 1.0000 1.0000
v -0.000332 0.291260 0.422853 1.0000 1.0000 1.0000
v 0.029665 0.291260 0.418814 1.0000 1.0000 1.0000
v 0.056267 0.291260 0.408361 1.0000 1.0000 1.0000
v 0.073065 0.291260 0.393055 1.0000 1.0000 1.0000
v 0.079146 0.291260 0.374216 1.0000 1.0000 1.0000
v 0.072380 0.291260 0.359282 1.0000 1.0000 1.0000
v 0.079146 0.291260 0.374216 1.0000 1.0000 1.0000
v 0.055399 0.291260 0.347496 1.0000 1.0000 1.0000
v 0.028987 0.291260 0.338789 1.0000 1.0000 1.0000
v -0.000332 0.291259 0.336578 1.0000 1.0000 1.0000
v -0.029652 0.291260 0.338789 1.0000 1.0000 1.0000
v 0.006056 0.055210 0.388733 1.0000 1.0000 1.0000
v 0.011376 0.055243 0.386089 1.0000 1.0000 1.0000
v -0.000332 0.055292 0.389852 1.0000 1.0000 1.0000
v -0.006721 0.054979 0.388733 1.0000 1.0000 1.0000
v -0.012018 0.054884 0.386257 1.0000 1.0000 1.0000
v -0.016108 0.055570 0.381802 1.0000 1.0000 1.0000
v -0.018465 0.057637 0.375640 1.0000 1.0000 1.0000
v -0.017670 0.061216 0.369356 1.0000 1.0000 1.0000
v -0.018465 0.057637 0.375640 1.0000 1.0000 1.0000
v -0.013772 0.065394 0.364118 1.0000 1.0000 1.0000
v -0.008268 0.068641 0.360629 1.0000 1.0000 1.0000
v -0.013772 0.065394 0.364118 1.0000 1.0000 1.0000
v -0.000332 0.070547 0.358810 1.0000 1.0000 1.0000
v -0.008600 0.070675 0.360174 1.0000 1.0000 1.0000
v -0.008268 0.068641 0.360629 1.0000 1.0000 1.0000
v 0.007607 0.068863 0.360629 1.0000 1.0000 1.0000
v 0.013511 0.065962 0.364015 1.0000 1.0000 1.0000
v 0.007607 0.068863 0.360629 1.0000 1.0000 1.0000
v 0.016985 0.062117 0.369356 1.0000 1.0000 1.0000
v 0.017800 0.058763 0.375640 1.0000 1.0000 1.0000
v 0.015443 0.056390 0.381802 1.0000 1.0000 1.0000
v 0.017800 0.058763 0.375640 1.0000 1.0000 1.0000
v -0.041256 0.333170 0.351965 1.0000 1.0000 1.0000
v -0.049933 0.322337 0.349920 1.0000 1.0000 1.0000
v -0.045550 0.337181 0.357639 1.0000 1.0000 1.0000
v -0.062259 0.323749 0.358224 1.0000 1.0000 1.0000
v -0.049947 0.341019 0.369974 1.0000 1.0000 1.0000
v -0.068169 0.326628 0.371564 1.0000 1.0000 1.0000
v -0.070129 0.308557 0.358841 1.0000 1.0000 1.0000
v -0.076711 0.309063 0.373069 1.0000 1.0000 1.0000
v -0.054777 0.307995 0.347938 1.0000 1.0000 1.0000
v -0.068169 0.326628 0.371564 1.0000 1.0000 1.0000
v -0.063251 0.325728 0.387750 1.0000 1.0000 1.0000
v -0.049947 0.341019 0.369974 1.0000 1.0000 1.0000
v -0.047232 0.339872 0.385418 1.0000 1.0000 1.0000
v -0.049494 0.325091 0.402292 1.0000 1.0000 1.0000
v -0.041653 0.335826 0.396496 1.0000 1.0000 1.0000
v -0.071303 0.308759 0.390407 1.0000 1.0000 1.0000
v -0.055222 0.308316 0.406085 1.0000 1.0000 1.0000
v -0.076711 0.309063 0.373069 1.0000 1.0000 1.0000
v -0.000332 0.353852 0.368624 1.0000 1.0000 1.0000
v -0.016769 0.351538 0.368828 1.0000 1.0000 1.0000
v -0.000332 0.351649 0.383436 1.0000 1.0000 1.0000
v -0.016392 0.349350 0.383597 1.0000 1.0000 1.0000
v -0.000332 0.341500 0.400755 1.0000 1.0000 1.0000
v -0.017338 0.339607 0.399690 1.0000 1.0000 1.0000
v -0.026147 0.345693 0.382715 1.0000 1.0000 1.0000
v -0.032002 0.345660 0.384233 1.0000 1.0000 1.0000
v -0.026147 0.336713 0.397360 1.0000 1.0000 1.0000
v -0.032075 0.337682 0.398178 1.0000 1.0000 1.0000
v -0.026147 0.347792 0.369430 1.0000 1.0000 1.0000
v -0.031776 0.348019 0.369198 1.0000 1.0000 1.0000
v -0.018171 0.335201 0.348157 1.0000 1.0000 1.0000
v -0.017210 0.344943 0.356126 1.0000 1.0000 1.0000
v -0.000332 0.336238 0.346554 1.0000 1.0000 1.0000
v -0.000332 0.347095 0.355539 1.0000 1.0000 1.0000
v -0.016769 0.351538 0.368828 1.0000 1.0000 1.0000
v -0.000332 0.353852 0.368624 1.0000 1.0000 1.0000
v -0.031877 0.341710 0.356790 1.0000 1.0000 1.0000
v -0.031776 0.348019 0.369198 1.0000 1.0000 1.0000
v -0.026147 0.341846 0.358231 1.0000 1.0000 1.0000
v -0.026147 0.347792 0.369430 1.0000 1.0000 1.0000
v -0.031776 0.334165 0.350042 1.0000 1.0000 1.0000
v -0.026147 0.333269 0.351289 1.0000 1.0000 1.0000
v -0.026147 0.324780 0.407096 1.0000 1.0000 1.0000
v -0.033005 0.325910 0.407877 1.0000 1.0000 1.0000
v -0.019174 0.326550 0.410292 1.0000 1.0000 1.0000
v -0.000332 0.327652 0.411953 1.0000 1.0000 1.0000
v -0.026147 0.308960 0.415979 1.0000 1.0000 1.0000
v -0.000332 0.309468 0.418948 1.0000 1.0000 1.0000
v -0.000332 0.322439 0.341187 1.0000 1.0000 1.0000
v -0.020490 0.321957 0.342430 1.0000 1.0000 1.0000
v -0.026147 0.320904 0.345660 1.0000 1.0000 1.0000
v -0.031771 0.321960 0.344338 1.0000 1.0000 1.0000
v -0.026147 0.307795 0.339898 1.0000 1.0000 1.0000
v -0.000332 0.308253 0.337851 1.0000 1.0000 1.0000
v 0.040591 0.333170 0.351965 1.0000 1.0000 1.0000
v 0.044885 0.337181 0.357639 1.0000 1.0000 1.0000
v 0.049268 0.322337 0.349920 1.0000 1.0000 1.0000
v 0.061594 0.323749 0.358224 1.0000 1.0000 1.0000
v 0.049282 0.341019 0.369974 1.0000 1.0000 1.0000
v 0.067504 0.326628 0.371564 1.0000 1.0000 1.0000
v 0.069464 0.308557 0.358841 1.0000 1.0000 1.0000
v 0.076046 0.309063 0.373069 1.0000 1.0000 1.0000
v 0.054113 0.307995 0.347938 1.0000 1.0000 1.0000
v 0.046568 0.339872 0.385418 1.0000 1.0000 1.0000
v 0.062587 0.325728 0.387750 1.0000 1.0000 1.0000
v 0.049282 0.341019 0.369974 1.0000 1.0000 1.0000
v 0.067504 0.326628 0.371564 1.0000 1.0000 1.0000
v 0.040988 0.335826 0.396496 1.0000 1.0000 1.0000
v 0.048830 0.325091 0.402292 1.0000 1.0000 1.0000
v 0.070639 0.308759 0.390407 1.0000 1.0000 1.0000
v 0.054557 0.308316 0.406085 1.0000 1.0000 1.0000
v 0.076046 0.309063 0.373069 1.0000 1.0000 1.0000
v 0.016104 0.351538 0.368828 1.0000 1.0000 1.0000
v 0.015727 0.349350 0.383597 1.0000 1.0000 1.0000
v 0.016673 0.339607 0.399690 1.0000 1.0000 1.0000
v 0.025482 0.345693 0.382715 1.0000 1.0000 1.0000
v 0.025482 0.336713 0.397360 1.0000 1.0000 1.0000
v 0.031338 0.345660 0.384233 1.0000 1.0000 1.0000
v 0.031411 0.337682 0.398178 1.0000 1.0000 1.0000
v 0.025482 0.347792 0.369430 1.0000 1.0000 1.0000
v 0.031111 0.348019 0.369198 1.0000 1.0000 1.0000
v 0.016546 0.344943 0.356126 1.0000 1.0000 1.0000
v 0.017507 0.335201 0.348157 1.0000 1.0000 1.0000
v 0.016104 0.351538 0.368828 1.0000 1.0000 1.0000
v 0.025482 0.347792 0.369430 1.0000 1.0000 1.0000
v 0.031111 0.348019 0.369198 1.0000 1.0000 1.0000
v 0.025482 0.341846 0.358231 1.0000 1.0000 1.0000
v 0.031213 0.341710 0.356790 1.0000 1.0000 1.0000
v 0.025482 0.333269 0.351289 1.0000 1.0000 1.0000
v 0.031112 0.334165 0.350042 1.0000 1.0000 1.0000
v 0.032341 0.325910 0.407877 1.0000 1.0000 1.0000
v 0.025482 0.324780 0.407096 1.0000 1.0000 1.0000
v 0.018510 0.326550 0.410292 1.0000 1.0000 1.0000
v 0.025482 0.308960 0.415979 1.0000 1.0000 1.0000
v 0.019825 0.321957 0.342430 1.0000 1.0000 1.0000
v 0.031107 0.321960 0.344338 1.0000 1.0000 1.0000
v 0.025482 0.320904 0.345660 1.0000 1.0000 1.0000
v 0.025482 0.307795 0.339898 1.0000 1.0000 1.0000
v 0.013030 -0.089204 0.115926 1.0000 1.0000 1.0000
v 0.013584 -0.091729 0.102810 1.0000 1.0000 1.0000
v 0.018224 -0.076662 0.113720 1.0000 1.0000 1.0000
v 0.018636 -0.078984 0.100554 1.0000 1.0000 1.0000
v -0.017584 -0.076665 0.113705 1.0000 1.0000 1.0000
v -0.017964 -0.078973 0.100616 1.0000 1.0000 1.0000
v -0.012339 -0.089104 0.115905 1.0000 1.0000 1.0000
v -0.012770 -0.091914 0.102889 1.0000 1.0000 1.0000
v 0.000261 -0.094358 0.116870 1.0000 1.0000 1.0000
v 0.000456 -0.096863 0.103738 1.0000 1.0000 1.0000
v 0.013030 -0.064122 0.111503 1.0000 1.0000 1.0000
v 0.018224 -0.076662 0.113720 1.0000 1.0000 1.0000
v 0.013584 -0.066235 0.098315 1.0000 1.0000 1.0000
v 0.018636 -0.078984 0.100554 1.0000 1.0000 1.0000
v -0.012339 -0.064223 0.111518 1.0000 1.0000 1.0000
v -0.012770 -0.066035 0.098326 1.0000 1.0000 1.0000
v 0.000261 -0.058956 0.110627 1.0000 1.0000 1.0000
v 0.000456 -0.061094 0.097431 1.0000 1.0000 1.0000
v 0.013111 -0.056770 0.153963 1.0000 1.0000 1.0000
v 0.013255 -0.054176 0.167932 1.0000 1.0000 1.0000
v 0.018355 -0.069180 0.156152 1.0000 1.0000 1.0000
v 0.018558 -0.066713 0.170143 1.0000 1.0000 1.0000
v -0.012081 -0.056752 0.153958 1.0000 1.0000 1.0000
v -0.017281 -0.069181 0.156148 1.0000 1.0000 1.0000
v -0.012177 -0.054177 0.167927 1.0000 1.0000 1.0000
v -0.017426 -0.066714 0.170136 1.0000 1.0000 1.0000
v 0.000506 -0.051629 0.153055 1.0000 1.0000 1.0000
v 0.000525 -0.048984 0.167014 1.0000 1.0000 1.0000
v 0.013111 -0.081591 0.158340 1.0000 1.0000 1.0000
v 0.018355 -0.069180 0.156152 1.0000 1.0000 1.0000
v 0.013255 -0.079250 0.172353 1.0000 1.0000 1.0000
v 0.018558 -0.066713 0.170143 1.0000 1.0000 1.0000
v -0.012081 -0.081609 0.158341 1.0000 1.0000 1.0000
v -0.012177 -0.079251 0.172348 1.0000 1.0000 1.0000
v 0.000506 -0.086732 0.159245 1.0000 1.0000 1.0000
v 0.000525 -0.084443 0.173266 1.0000 1.0000 1.0000
v 0.018139 -0.074157 0.127924 1.0000 1.0000 1.0000
v 0.012921 -0.086544 0.130108 1.0000 1.0000 1.0000
v 0.018139 -0.074157 0.127924 1.0000 1.0000 1.0000
v 0.012921 -0.061771 0.125740 1.0000 1.0000 1.0000
v 0.000194 -0.056630 0.124862 1.0000 1.0000 1.0000
v -0.012176 -0.061869 0.125779 1.0000 1.0000 1.0000
v -0.017396 -0.074153 0.127948 1.0000 1.0000 1.0000
v -0.012176 -0.086438 0.130111 1.0000 1.0000 1.0000
v 0.000194 -0.091675 0.131041 1.0000 1.0000 1.0000
v 0.019889 -0.080905 0.089659 1.0000 1.0000 1.0000
v 0.014278 -0.067052 0.087219 1.0000 1.0000 1.0000
v 0.000493 -0.061983 0.086356 1.0000 1.0000 1.0000
v -0.012989 -0.066143 0.087113 1.0000 1.0000 1.0000
v -0.018998 -0.080893 0.091512 1.0000 1.0000 1.0000
v -0.012989 -0.095647 0.092315 1.0000 1.0000 1.0000
v 0.000493 -0.099815 0.093027 1.0000 1.0000 1.0000
v 0.014278 -0.094756 0.092104 1.0000 1.0000 1.0000
v 0.019889 -0.080905 0.089659 1.0000 1.0000 1.0000
v 0.013113 -0.083997 0.144317 1.0000 1.0000 1.0000
v 0.000415 -0.089108 0.145240 1.0000 1.0000 1.0000
v -0.012111 -0.083990 0.144360 1.0000 1.0000 1.0000
v -0.017296 -0.071642 0.142192 1.0000 1.0000 1.0000
v -0.012111 -0.059296 0.140006 1.0000 1.0000 1.0000
v 0.000415 -0.054186 0.139083 1.0000 1.0000 1.0000
v 0.013113 -0.059305 0.139963 1.0000 1.0000 1.0000
v 0.018319 -0.071652 0.142131 1.0000 1.0000 1.0000
v 0.018319 -0.071652 0.142131 1.0000 1.0000 1.0000
v 0.018737 -0.063959 0.185763 1.0000 1.0000 1.0000
v 0.013387 -0.076618 0.187994 1.0000 1.0000 1.0000
v 0.013387 -0.051300 0.183530 1.0000 1.0000 1.0000
v 0.018737 -0.063959 0.185763 1.0000 1.0000 1.0000
v 0.000531 -0.046056 0.182603 1.0000 1.0000 1.0000
v -0.012301 -0.051304 0.183525 1.0000 1.0000 1.0000
v -0.017602 -0.063960 0.185756 1.0000 1.0000 1.0000
v -0.012301 -0.076616 0.187989 1.0000 1.0000 1.0000
v 0.000531 -0.081863 0.188916 1.0000 1.0000 1.0000
v 0.014369 -0.074606 0.206559 1.0000 1.0000 1.0000
v 0.013551 -0.074461 0.201236 1.0000 1.0000 1.0000
v 0.020009 -0.061210 0.202626 1.0000 1.0000 1.0000
v 0.018936 -0.061862 0.197661 1.0000 1.0000 1.0000
v 0.020009 -0.061210 0.202626 1.0000 1.0000 1.0000
v 0.018936 -0.061862 0.197661 1.0000 1.0000 1.0000
v 0.014302 -0.047886 0.198710 1.0000 1.0000 1.0000
v 0.013510 -0.049307 0.194147 1.0000 1.0000 1.0000
v 0.000539 -0.042388 0.196808 1.0000 1.0000 1.0000
v 0.000524 -0.044119 0.192617 1.0000 1.0000 1.0000
v -0.012445 -0.049309 0.194089 1.0000 1.0000 1.0000
v -0.013211 -0.047695 0.199309 1.0000 1.0000 1.0000
v -0.018791 -0.061018 0.203716 1.0000 1.0000 1.0000
v -0.017833 -0.061862 0.197655 1.0000 1.0000 1.0000
v -0.013297 -0.074606 0.206559 1.0000 1.0000 1.0000
v -0.012498 -0.074460 0.201234 1.0000 1.0000 1.0000
v 0.000529 -0.080176 0.208245 1.0000 1.0000 1.0000
v 0.000518 -0.079693 0.202723 1.0000 1.0000 1.0000
v -0.286997 -0.110482 0.020850 1.0000 1.0000 1.0000
v -0.272703 -0.112290 0.012506 1.0000 1.0000 1.0000
v -0.280900 -0.120255 0.025662 1.0000 1.0000 1.0000
v -0.270559 -0.120575 0.016583 1.0000 1.0000 1.0000
v -0.267674 -0.127157 0.015664 1.0000 1.0000 1.0000
v -0.279926 -0.127896 0.024182 1.0000 1.0000 1.0000
v -0.285659 -0.126408 0.038579 1.0000 1.0000 1.0000
v -0.285203 -0.118580 0.036563 1.0000 1.0000 1.0000
v -0.293317 -0.108444 0.035164 1.0000 1.0000 1.0000
v -0.289048 -0.105568 0.054179 1.0000 1.0000 1.0000
v -0.293317 -0.108444 0.035164 1.0000 1.0000 1.0000
v -0.282009 -0.115013 0.052983 1.0000 1.0000 1.0000
v -0.285203 -0.118580 0.036563 1.0000 1.0000 1.0000
v -0.282516 -0.122416 0.057472 1.0000 1.0000 1.0000
v -0.285659 -0.126408 0.038579 1.0000 1.0000 1.0000
v -0.274264 -0.119072 0.068723 1.0000 1.0000 1.0000
v -0.272683 -0.111915 0.066095 1.0000 1.0000 1.0000
v -0.277781 -0.103239 0.069097 1.0000 1.0000 1.0000
v -0.204054 -0.104809 0.086834 1.0000 1.0000 1.0000
v -0.226337 -0.100241 0.086596 1.0000 1.0000 1.0000
v -0.226036 -0.106322 0.084127 1.0000 1.0000 1.0000
v -0.226963 -0.111756 0.085828 1.0000 1.0000 1.0000
v -0.204362 -0.122647 0.085555 1.0000 1.0000 1.0000
v -0.180656 -0.122642 0.083957 1.0000 1.0000 1.0000
v -0.180533 -0.105002 0.084839 1.0000 1.0000 1.0000
v -0.180403 -0.082617 0.083629 1.0000 1.0000 1.0000
v -0.204041 -0.082290 0.085433 1.0000 1.0000 1.0000
v -0.021592 -0.100051 0.084075 1.0000 1.0000 1.0000
v -0.022031 -0.115330 0.079912 1.0000 1.0000 1.0000
v 0.000976 -0.105728 0.085580 1.0000 1.0000 1.0000
v 0.000814 -0.113021 0.081027 1.0000 1.0000 1.0000
v 0.027019 -0.123962 0.060786 1.0000 1.0000 1.0000
v 0.003270 -0.137037 0.060050 1.0000 1.0000 1.0000
v 0.029128 -0.129560 0.046128 1.0000 1.0000 1.0000
v 0.003972 -0.142885 0.044288 1.0000 1.0000 1.0000
v 0.047422 -0.086534 0.057733 1.0000 1.0000 1.0000
v 0.042754 -0.107113 0.060655 1.0000 1.0000 1.0000
v 0.052461 -0.088986 0.043826 1.0000 1.0000 1.0000
v 0.047093 -0.111318 0.046365 1.0000 1.0000 1.0000
v 0.052461 -0.088986 0.043826 1.0000 1.0000 1.0000
v 0.047093 -0.111318 0.046365 1.0000 1.0000 1.0000
v 0.050911 -0.091813 0.027794 1.0000 1.0000 1.0000
v 0.045697 -0.111828 0.030148 1.0000 1.0000 1.0000
v 0.029128 -0.129560 0.046128 1.0000 1.0000 1.0000
v 0.003972 -0.142885 0.044288 1.0000 1.0000 1.0000
v 0.028050 -0.130310 0.030044 1.0000 1.0000 1.0000
v 0.004593 -0.142352 0.028757 1.0000 1.0000 1.0000
v 0.024740 -0.122371 0.018334 1.0000 1.0000 1.0000
v 0.004023 -0.130603 0.017109 1.0000 1.0000 1.0000
v 0.040931 -0.093744 0.016844 1.0000 1.0000 1.0000
v 0.038499 -0.110088 0.019306 1.0000 1.0000 1.0000
v 0.031229 -0.094675 0.011568 1.0000 1.0000 1.0000
v 0.029584 -0.106644 0.013673 1.0000 1.0000 1.0000
v 0.020540 -0.110594 0.012165 1.0000 1.0000 1.0000
v -0.023014 -0.120766 0.009425 1.0000 1.0000 1.0000
v -0.022664 -0.137942 0.016701 1.0000 1.0000 1.0000
v -0.048693 -0.124324 0.009519 1.0000 1.0000 1.0000
v -0.048624 -0.143654 0.017258 1.0000 1.0000 1.0000
v -0.022882 -0.096045 0.003798 1.0000 1.0000 1.0000
v -0.048650 -0.096160 0.003154 1.0000 1.0000 1.0000
v -0.103237 -0.126806 0.009848 1.0000 1.0000 1.0000
v -0.103247 -0.096071 0.002709 1.0000 1.0000 1.0000
v -0.076287 -0.125848 0.009622 1.0000 1.0000 1.0000
v -0.076305 -0.096130 0.002804 1.0000 1.0000 1.0000
v -0.076230 -0.147624 0.018009 1.0000 1.0000 1.0000
v -0.103210 -0.149763 0.018628 1.0000 1.0000 1.0000
v -0.253277 -0.125810 0.011617 1.0000 1.0000 1.0000
v -0.253237 -0.119889 0.012963 1.0000 1.0000 1.0000
v -0.253393 -0.113082 0.008687 1.0000 1.0000 1.0000
v -0.231991 -0.148282 0.018502 1.0000 1.0000 1.0000
v -0.208937 -0.151689 0.018820 1.0000 1.0000 1.0000
v -0.231638 -0.160183 0.030458 1.0000 1.0000 1.0000
v -0.208604 -0.162956 0.030592 1.0000 1.0000 1.0000
v -0.182658 -0.153061 0.019312 1.0000 1.0000 1.0000
v -0.182365 -0.163739 0.030364 1.0000 1.0000 1.0000
v -0.207597 -0.165069 0.045604 1.0000 1.0000 1.0000
v -0.181890 -0.166472 0.045864 1.0000 1.0000 1.0000
v -0.230547 -0.161508 0.045115 1.0000 1.0000 1.0000
v -0.022333 -0.149312 0.027718 1.0000 1.0000 1.0000
v -0.022624 -0.150904 0.043182 1.0000 1.0000 1.0000
v -0.048637 -0.155285 0.043619 1.0000 1.0000 1.0000
v -0.022624 -0.150904 0.043182 1.0000 1.0000 1.0000
v -0.048796 -0.147842 0.059230 1.0000 1.0000 1.0000
v -0.022379 -0.143415 0.059099 1.0000 1.0000 1.0000
v -0.022361 -0.130430 0.072468 1.0000 1.0000 1.0000
v 0.002241 -0.124765 0.073197 1.0000 1.0000 1.0000
v -0.048976 -0.133767 0.072205 1.0000 1.0000 1.0000
v -0.230547 -0.161508 0.045115 1.0000 1.0000 1.0000
v -0.207597 -0.165069 0.045604 1.0000 1.0000 1.0000
v -0.229338 -0.155011 0.061842 1.0000 1.0000 1.0000
v -0.206318 -0.158001 0.062001 1.0000 1.0000 1.0000
v -0.181890 -0.166472 0.045864 1.0000 1.0000 1.0000
v -0.181297 -0.158738 0.062338 1.0000 1.0000 1.0000
v -0.204975 -0.142485 0.076977 1.0000 1.0000 1.0000
v -0.180875 -0.142301 0.076637 1.0000 1.0000 1.0000
v -0.227738 -0.140539 0.077897 1.0000 1.0000 1.0000
v -0.103323 -0.122239 0.079092 1.0000 1.0000 1.0000
v -0.076367 -0.121050 0.078521 1.0000 1.0000 1.0000
v -0.103300 -0.104659 0.081619 1.0000 1.0000 1.0000
v -0.076304 -0.104205 0.081251 1.0000 1.0000 1.0000
v -0.076288 -0.082648 0.079799 1.0000 1.0000 1.0000
v -0.103288 -0.082686 0.079789 1.0000 1.0000 1.0000
v -0.209041 -0.119031 0.008294 1.0000 1.0000 1.0000
v -0.182747 -0.123896 0.009350 1.0000 1.0000 1.0000
v -0.103084 -0.159589 0.029398 1.0000 1.0000 1.0000
v -0.076141 -0.156882 0.028759 1.0000 1.0000 1.0000
v -0.103118 -0.162413 0.044540 1.0000 1.0000 1.0000
v -0.076192 -0.159161 0.044156 1.0000 1.0000 1.0000
v -0.103118 -0.162413 0.044540 1.0000 1.0000 1.0000
v -0.076192 -0.159161 0.044156 1.0000 1.0000 1.0000
v -0.103191 -0.154426 0.059891 1.0000 1.0000 1.0000
v -0.076268 -0.151574 0.059485 1.0000 1.0000 1.0000
v -0.076390 -0.136793 0.071958 1.0000 1.0000 1.0000
v -0.103306 -0.138633 0.072336 1.0000 1.0000 1.0000
v -0.155154 -0.105106 0.083012 1.0000 1.0000 1.0000
v -0.155044 -0.082908 0.081489 1.0000 1.0000 1.0000
v -0.155238 -0.122866 0.081778 1.0000 1.0000 1.0000
v -0.155764 -0.157507 0.062150 1.0000 1.0000 1.0000
v -0.155427 -0.140646 0.075349 1.0000 1.0000 1.0000
v -0.156243 -0.165721 0.045613 1.0000 1.0000 1.0000
v -0.156586 -0.162582 0.030116 1.0000 1.0000 1.0000
v -0.156243 -0.165721 0.045613 1.0000 1.0000 1.0000
v -0.156822 -0.152252 0.019096 1.0000 1.0000 1.0000
v -0.129699 -0.126815 0.009780 1.0000 1.0000 1.0000
v -0.129698 -0.150827 0.018862 1.0000 1.0000 1.0000
v -0.156888 -0.126036 0.009603 1.0000 1.0000 1.0000
v -0.129693 -0.096005 0.002507 1.0000 1.0000 1.0000
v -0.156903 -0.095935 0.002412 1.0000 1.0000 1.0000
v -0.048513 -0.153405 0.028092 1.0000 1.0000 1.0000
v -0.048637 -0.155285 0.043619 1.0000 1.0000 1.0000
v -0.048949 -0.102794 0.082276 1.0000 1.0000 1.0000
v -0.049004 -0.118650 0.079204 1.0000 1.0000 1.0000
v -0.048789 -0.082413 0.081030 1.0000 1.0000 1.0000
v 0.003403 -0.115379 0.010175 1.0000 1.0000 1.0000
v 0.003395 -0.095676 0.005893 1.0000 1.0000 1.0000
v -0.232094 -0.113460 0.007464 1.0000 1.0000 1.0000
v -0.232175 -0.119089 0.011411 1.0000 1.0000 1.0000
v -0.232095 -0.124222 0.010295 1.0000 1.0000 1.0000
v -0.264940 -0.133725 0.016255 1.0000 1.0000 1.0000
v -0.253347 -0.141065 0.017586 1.0000 1.0000 1.0000
v -0.273494 -0.139380 0.026035 1.0000 1.0000 1.0000
v -0.253587 -0.152070 0.028759 1.0000 1.0000 1.0000
v -0.276254 -0.139442 0.041095 1.0000 1.0000 1.0000
v -0.253387 -0.153883 0.043803 1.0000 1.0000 1.0000
v -0.276254 -0.139442 0.041095 1.0000 1.0000 1.0000
v -0.253387 -0.153883 0.043803 1.0000 1.0000 1.0000
v -0.273601 -0.133725 0.059552 1.0000 1.0000 1.0000
v -0.250657 -0.148101 0.061211 1.0000 1.0000 1.0000
v -0.267315 -0.127571 0.071835 1.0000 1.0000 1.0000
v -0.247917 -0.136683 0.076269 1.0000 1.0000 1.0000
v -0.261662 -0.101618 0.078804 1.0000 1.0000 1.0000
v -0.258543 -0.109552 0.075709 1.0000 1.0000 1.0000
v -0.246041 -0.100601 0.083846 1.0000 1.0000 1.0000
v -0.244610 -0.107919 0.081311 1.0000 1.0000 1.0000
v -0.258825 -0.116192 0.078698 1.0000 1.0000 1.0000
v -0.245322 -0.114390 0.083089 1.0000 1.0000 1.0000
v 0.021928 -0.115059 0.073015 1.0000 1.0000 1.0000
v 0.033603 -0.102627 0.072419 1.0000 1.0000 1.0000
v 0.038584 -0.084344 0.070152 1.0000 1.0000 1.0000
v 0.018986 -0.100856 0.083728 1.0000 1.0000 1.0000
v 0.016952 -0.108950 0.080151 1.0000 1.0000 1.0000
v 0.019532 -0.095238 0.008377 1.0000 1.0000 1.0000
v -0.028361 -0.082149 0.084558 1.0000 1.0000 1.0000
v -0.021592 -0.100051 0.084075 1.0000 1.0000 1.0000
v 0.000976 -0.105728 0.085580 1.0000 1.0000 1.0000
v 0.018986 -0.100856 0.083728 1.0000 1.0000 1.0000
v 0.026278 -0.082578 0.081523 1.0000 1.0000 1.0000
v -0.291133 -0.093515 0.017143 1.0000 1.0000 1.0000
v -0.286998 -0.076406 0.014491 1.0000 1.0000 1.0000
v -0.273930 -0.094966 0.008325 1.0000 1.0000 1.0000
v -0.272704 -0.077431 0.006001 1.0000 1.0000 1.0000
v -0.279925 -0.058965 0.011319 1.0000 1.0000 1.0000
v -0.273494 -0.047538 0.008897 1.0000 1.0000 1.0000
v -0.267675 -0.062413 0.003583 1.0000 1.0000 1.0000
v -0.264940 -0.055977 0.001747 1.0000 1.0000 1.0000
v -0.285640 -0.055769 0.025389 1.0000 1.0000 1.0000
v -0.276236 -0.042675 0.023029 1.0000 1.0000 1.0000
v -0.296942 -0.091075 0.031977 1.0000 1.0000 1.0000
v -0.293317 -0.073752 0.028690 1.0000 1.0000 1.0000
v -0.296942 -0.091075 0.031977 1.0000 1.0000 1.0000
v -0.291854 -0.087825 0.051683 1.0000 1.0000 1.0000
v -0.293317 -0.073752 0.028690 1.0000 1.0000 1.0000
v -0.289048 -0.070371 0.047611 1.0000 1.0000 1.0000
v -0.282511 -0.053462 0.044606 1.0000 1.0000 1.0000
v -0.274453 -0.042137 0.042402 1.0000 1.0000 1.0000
v -0.285640 -0.055769 0.025389 1.0000 1.0000 1.0000
v -0.276236 -0.042675 0.023029 1.0000 1.0000 1.0000
v -0.274260 -0.053014 0.056405 1.0000 1.0000 1.0000
v -0.267553 -0.044120 0.056164 1.0000 1.0000 1.0000
v -0.280277 -0.085290 0.066949 1.0000 1.0000 1.0000
v -0.277780 -0.067752 0.062467 1.0000 1.0000 1.0000
v -0.204054 -0.060664 0.078596 1.0000 1.0000 1.0000
v -0.226337 -0.064969 0.080014 1.0000 1.0000 1.0000
v -0.225877 -0.082321 0.085048 1.0000 1.0000 1.0000
v -0.227119 -0.042348 0.069533 1.0000 1.0000 1.0000
v -0.226965 -0.054380 0.075126 1.0000 1.0000 1.0000
v -0.204190 -0.042891 0.069852 1.0000 1.0000 1.0000
v -0.180778 -0.060726 0.076499 1.0000 1.0000 1.0000
v -0.180651 -0.043433 0.068316 1.0000 1.0000 1.0000
v -0.076304 -0.061898 0.073681 1.0000 1.0000 1.0000
v -0.048949 -0.062832 0.075225 1.0000 1.0000 1.0000
v -0.076297 -0.046960 0.065128 1.0000 1.0000 1.0000
v -0.048877 -0.048562 0.066453 1.0000 1.0000 1.0000
v -0.021592 -0.064823 0.077863 1.0000 1.0000 1.0000
v 0.000937 -0.059255 0.077761 1.0000 1.0000 1.0000
v -0.021694 -0.050558 0.067435 1.0000 1.0000 1.0000
v 0.001518 -0.052762 0.069362 1.0000 1.0000 1.0000
v 0.003972 -0.038180 0.025825 1.0000 1.0000 1.0000
v 0.003270 -0.038284 0.042637 1.0000 1.0000 1.0000
v 0.029128 -0.050072 0.032112 1.0000 1.0000 1.0000
v 0.027019 -0.050319 0.047801 1.0000 1.0000 1.0000
v 0.042754 -0.066197 0.053440 1.0000 1.0000 1.0000
v 0.047093 -0.067133 0.038574 1.0000 1.0000 1.0000
v 0.047093 -0.067133 0.038574 1.0000 1.0000 1.0000
v 0.045697 -0.072200 0.023160 1.0000 1.0000 1.0000
v 0.004593 -0.043993 0.011414 1.0000 1.0000 1.0000
v 0.003972 -0.038180 0.025825 1.0000 1.0000 1.0000
v 0.028050 -0.054868 0.016742 1.0000 1.0000 1.0000
v 0.029128 -0.050072 0.032112 1.0000 1.0000 1.0000
v 0.004023 -0.059017 0.004486 1.0000 1.0000 1.0000
v 0.024740 -0.066334 0.008453 1.0000 1.0000 1.0000
v 0.038499 -0.077543 0.013567 1.0000 1.0000 1.0000
v 0.029584 -0.082708 0.009452 1.0000 1.0000 1.0000
v 0.020540 -0.079512 0.006684 1.0000 1.0000 1.0000
v -0.252921 -0.064895 0.000249 1.0000 1.0000 1.0000
v -0.251983 -0.048509 0.000314 1.0000 1.0000 1.0000
v -0.253852 -0.095509 0.005022 1.0000 1.0000 1.0000
v -0.253393 -0.077834 0.002109 1.0000 1.0000 1.0000
v -0.232939 -0.041586 -0.001408 1.0000 1.0000 1.0000
v -0.231638 -0.026562 0.005524 1.0000 1.0000 1.0000
v -0.208937 -0.038288 -0.002342 1.0000 1.0000 1.0000
v -0.208604 -0.023912 0.004646 1.0000 1.0000 1.0000
v -0.182365 -0.023249 0.004147 1.0000 1.0000 1.0000
v -0.182658 -0.036817 -0.002381 1.0000 1.0000 1.0000
v -0.181888 -0.015733 0.017771 1.0000 1.0000 1.0000
v -0.207389 -0.017120 0.018039 1.0000 1.0000 1.0000
v -0.230546 -0.020643 0.018859 1.0000 1.0000 1.0000
v -0.048513 -0.033827 0.006991 1.0000 1.0000 1.0000
v -0.022333 -0.037808 0.008057 1.0000 1.0000 1.0000
v -0.048624 -0.046693 0.000147 1.0000 1.0000 1.0000
v -0.022664 -0.052261 0.001593 1.0000 1.0000 1.0000
v -0.022624 -0.031023 0.022044 1.0000 1.0000 1.0000
v -0.048637 -0.026755 0.020939 1.0000 1.0000 1.0000
v -0.022624 -0.031023 0.022044 1.0000 1.0000 1.0000
v -0.022379 -0.032616 0.039563 1.0000 1.0000 1.0000
v -0.022361 -0.040245 0.056566 1.0000 1.0000 1.0000
v 0.002241 -0.045320 0.059189 1.0000 1.0000 1.0000
v -0.230546 -0.020643 0.018859 1.0000 1.0000 1.0000
v -0.229328 -0.021444 0.036917 1.0000 1.0000 1.0000
v -0.207389 -0.017120 0.018039 1.0000 1.0000 1.0000
v -0.206307 -0.018600 0.035992 1.0000 1.0000 1.0000
v -0.181287 -0.017789 0.036034 1.0000 1.0000 1.0000
v -0.181888 -0.015733 0.017771 1.0000 1.0000 1.0000
v -0.227725 -0.029927 0.057181 1.0000 1.0000 1.0000
v -0.204958 -0.028445 0.055586 1.0000 1.0000 1.0000
v -0.182747 -0.067451 -0.001183 1.0000 1.0000 1.0000
v -0.182767 -0.095893 0.002673 1.0000 1.0000 1.0000
v -0.209041 -0.072362 -0.000415 1.0000 1.0000 1.0000
v -0.209097 -0.095891 0.002754 1.0000 1.0000 1.0000
v -0.155396 -0.061038 0.074699 1.0000 1.0000 1.0000
v -0.155235 -0.043795 0.066192 1.0000 1.0000 1.0000
v -0.155429 -0.030053 0.054223 1.0000 1.0000 1.0000
v -0.155761 -0.018963 0.036324 1.0000 1.0000 1.0000
v -0.180863 -0.028716 0.055384 1.0000 1.0000 1.0000
v -0.156243 -0.016519 0.017770 1.0000 1.0000 1.0000
v -0.156243 -0.016519 0.017770 1.0000 1.0000 1.0000
v -0.156586 -0.024416 0.004333 1.0000 1.0000 1.0000
v -0.156822 -0.037647 -0.002288 1.0000 1.0000 1.0000
v -0.129699 -0.064674 -0.001653 1.0000 1.0000 1.0000
v -0.156888 -0.065333 -0.001725 1.0000 1.0000 1.0000
v -0.129698 -0.039147 -0.001687 1.0000 1.0000 1.0000
v -0.023014 -0.070890 0.000630 1.0000 1.0000 1.0000
v -0.048693 -0.067519 -0.000505 1.0000 1.0000 1.0000
v -0.076141 -0.030292 0.006108 1.0000 1.0000 1.0000
v -0.076230 -0.042617 -0.000799 1.0000 1.0000 1.0000
v -0.076192 -0.022894 0.019774 1.0000 1.0000 1.0000
v -0.076192 -0.022894 0.019774 1.0000 1.0000 1.0000
v -0.076268 -0.024750 0.036792 1.0000 1.0000 1.0000
v -0.048637 -0.026755 0.020939 1.0000 1.0000 1.0000
v -0.048796 -0.028397 0.038151 1.0000 1.0000 1.0000
v -0.048976 -0.037171 0.055157 1.0000 1.0000 1.0000
v -0.076390 -0.034390 0.053634 1.0000 1.0000 1.0000
v 0.003403 -0.075696 0.003178 1.0000 1.0000 1.0000
v -0.231996 -0.095731 0.003564 1.0000 1.0000 1.0000
v -0.232095 -0.077589 0.000771 1.0000 1.0000 1.0000
v -0.232333 -0.066584 -0.000461 1.0000 1.0000 1.0000
v -0.253587 -0.034734 0.006864 1.0000 1.0000 1.0000
v -0.253387 -0.028230 0.020357 1.0000 1.0000 1.0000
v -0.250644 -0.028114 0.038805 1.0000 1.0000 1.0000
v -0.253387 -0.028230 0.020357 1.0000 1.0000 1.0000
v -0.247517 -0.033869 0.057121 1.0000 1.0000 1.0000
v -0.263097 -0.083657 0.077027 1.0000 1.0000 1.0000
v -0.246398 -0.082779 0.082141 1.0000 1.0000 1.0000
v -0.261662 -0.066224 0.072199 1.0000 1.0000 1.0000
v -0.246041 -0.065491 0.077295 1.0000 1.0000 1.0000
v -0.245891 -0.043274 0.067231 1.0000 1.0000 1.0000
v -0.257591 -0.046062 0.064100 1.0000 1.0000 1.0000
v -0.245322 -0.052779 0.071597 1.0000 1.0000 1.0000
v -0.258824 -0.052562 0.066825 1.0000 1.0000 1.0000
v 0.021739 -0.054497 0.062504 1.0000 1.0000 1.0000
v 0.033600 -0.066387 0.066028 1.0000 1.0000 1.0000
v 0.018244 -0.058755 0.071200 1.0000 1.0000 1.0000
v 0.018988 -0.064651 0.077344 1.0000 1.0000 1.0000
v -0.021592 -0.064823 0.077863 1.0000 1.0000 1.0000
v 0.000937 -0.059255 0.077761 1.0000 1.0000 1.0000
v 0.018988 -0.064651 0.077344 1.0000 1.0000 1.0000
v 0.026278 -0.082578 0.081523 1.0000 1.0000 1.0000
v 0.026278 -0.082578 0.081523 1.0000 1.0000 1.0000
v -0.028361 -0.082149 0.084558 1.0000 1.0000 1.0000
v -0.076287 -0.065908 -0.001104 1.0000 1.0000 1.0000
v -0.103237 -0.064814 -0.001372 1.0000 1.0000 1.0000
v -0.103210 -0.040328 -0.001197 1.0000 1.0000 1.0000
v -0.103084 -0.027486 0.005493 1.0000 1.0000 1.0000
v -0.103118 -0.019687 0.018718 1.0000 1.0000 1.0000
v -0.103191 -0.021933 0.035917 1.0000 1.0000 1.0000
v -0.103118 -0.019687 0.018718 1.0000 1.0000 1.0000
v -0.103306 -0.032562 0.053139 1.0000 1.0000 1.0000
v -0.103300 -0.061424 0.073794 1.0000 1.0000 1.0000
v -0.103314 -0.045538 0.065026 1.0000 1.0000 1.0000
v -0.129825 -0.082854 0.080337 1.0000 1.0000 1.0000
v -0.129813 -0.104940 0.082315 1.0000 1.0000 1.0000
v -0.129777 -0.122595 0.080149 1.0000 1.0000 1.0000
v -0.129725 -0.139444 0.073765 1.0000 1.0000 1.0000
v -0.129701 -0.156089 0.060961 1.0000 1.0000 1.0000
v -0.129699 -0.164357 0.044852 1.0000 1.0000 1.0000
v -0.129699 -0.164357 0.044852 1.0000 1.0000 1.0000
v -0.129630 -0.161132 0.029834 1.0000 1.0000 1.0000
v -0.129630 -0.025889 0.004956 1.0000 1.0000 1.0000
v -0.129699 -0.017911 0.017923 1.0000 1.0000 1.0000
v -0.129701 -0.020330 0.035992 1.0000 1.0000 1.0000
v -0.129699 -0.017911 0.017923 1.0000 1.0000 1.0000
v -0.129733 -0.031267 0.053401 1.0000 1.0000 1.0000
v -0.129772 -0.044711 0.065324 1.0000 1.0000 1.0000
v -0.130062 -0.061227 0.074245 1.0000 1.0000 1.0000
v -0.226037 -0.060036 0.075490 1.0000 1.0000 1.0000
v -0.244608 -0.059421 0.072264 1.0000 1.0000 1.0000
v -0.258540 -0.059758 0.066418 1.0000 1.0000 1.0000
v -0.282007 -0.061875 0.043066 1.0000 1.0000 1.0000
v -0.272681 -0.060556 0.056510 1.0000 1.0000 1.0000
v -0.285201 -0.063785 0.026337 1.0000 1.0000 1.0000
v -0.285201 -0.063785 0.026337 1.0000 1.0000 1.0000
v -0.280902 -0.065690 0.015482 1.0000 1.0000 1.0000
v -0.270560 -0.068374 0.006841 1.0000 1.0000 1.0000
v -0.253233 -0.070076 0.003667 1.0000 1.0000 1.0000
v -0.232178 -0.070954 0.002429 1.0000 1.0000 1.0000
v -0.257780 -0.123243 0.079055 1.0000 1.0000 1.0000
v -0.245962 -0.124532 0.082531 1.0000 1.0000 1.0000
v -0.227349 -0.123761 0.085317 1.0000 1.0000 1.0000
v -0.064802 -0.202226 0.377394 1.0000 1.0000 1.0000
v -0.058527 -0.202228 0.393744 1.0000 1.0000 1.0000
v -0.060092 -0.186631 0.377687 1.0000 1.0000 1.0000
v -0.054216 -0.186631 0.393108 1.0000 1.0000 1.0000
v -0.041215 -0.186631 0.405046 1.0000 1.0000 1.0000
v -0.044515 -0.202231 0.406425 1.0000 1.0000 1.0000
v -0.059143 -0.202232 0.362888 1.0000 1.0000 1.0000
v -0.054825 -0.186631 0.363755 1.0000 1.0000 1.0000
v -0.045360 -0.202239 0.351048 1.0000 1.0000 1.0000
v -0.042047 -0.186631 0.352361 1.0000 1.0000 1.0000
v -0.064802 -0.202226 0.377394 1.0000 1.0000 1.0000
v -0.060092 -0.186631 0.377687 1.0000 1.0000 1.0000
v 0.024270 -0.202232 0.415316 1.0000 1.0000 1.0000
v 0.022433 -0.186631 0.413428 1.0000 1.0000 1.0000
v -0.000332 -0.202232 0.419126 1.0000 1.0000 1.0000
v -0.000332 -0.186631 0.417041 1.0000 1.0000 1.0000
v 0.043850 -0.202231 0.406425 1.0000 1.0000 1.0000
v 0.040551 -0.186631 0.405046 1.0000 1.0000 1.0000
v -0.024934 -0.202232 0.415316 1.0000 1.0000 1.0000
v -0.023098 -0.186631 0.413428 1.0000 1.0000 1.0000
v -0.025550 -0.202244 0.342463 1.0000 1.0000 1.0000
v -0.023705 -0.186631 0.344208 1.0000 1.0000 1.0000
v -0.000332 -0.202245 0.339779 1.0000 1.0000 1.0000
v -0.000332 -0.186631 0.341511 1.0000 1.0000 1.0000
v 0.044696 -0.202239 0.351048 1.0000 1.0000 1.0000
v 0.024886 -0.202244 0.342463 1.0000 1.0000 1.0000
v 0.041383 -0.186631 0.352361 1.0000 1.0000 1.0000
v 0.023040 -0.186631 0.344208 1.0000 1.0000 1.0000
v 0.058478 -0.202232 0.362888 1.0000 1.0000 1.0000
v 0.054160 -0.186631 0.363755 1.0000 1.0000 1.0000
v 0.064138 -0.202226 0.377394 1.0000 1.0000 1.0000
v 0.059428 -0.186631 0.377687 1.0000 1.0000 1.0000
v 0.064138 -0.202226 0.377394 1.0000 1.0000 1.0000
v 0.059428 -0.186631 0.377687 1.0000 1.0000 1.0000
v 0.057863 -0.202228 0.393744 1.0000 1.0000 1.0000
v 0.053551 -0.186631 0.393108 1.0000 1.0000 1.0000
v 0.034759 -0.124042 0.367128 1.0000 1.0000 1.0000
v 0.026558 -0.124043 0.358426 1.0000 1.0000 1.0000
v 0.030232 -0.109477 0.367829 1.0000 1.0000 1.0000
v 0.023101 -0.109477 0.359849 1.0000 1.0000 1.0000
v 0.038130 -0.124040 0.377839 1.0000 1.0000 1.0000
v 0.033154 -0.109477 0.377626 1.0000 1.0000 1.0000
v 0.038130 -0.124040 0.377839 1.0000 1.0000 1.0000
v 0.033154 -0.109477 0.377626 1.0000 1.0000 1.0000
v 0.034307 -0.124040 0.388836 1.0000 1.0000 1.0000
v 0.029829 -0.109477 0.387530 1.0000 1.0000 1.0000
v 0.025946 -0.124040 0.397348 1.0000 1.0000 1.0000
v 0.022557 -0.109477 0.395184 1.0000 1.0000 1.0000
v 0.014290 -0.124040 0.403302 1.0000 1.0000 1.0000
v 0.012400 -0.109477 0.400526 1.0000 1.0000 1.0000
v -0.000332 -0.124039 0.405876 1.0000 1.0000 1.0000
v -0.000332 -0.109477 0.402830 1.0000 1.0000 1.0000
v -0.014954 -0.124040 0.403302 1.0000 1.0000 1.0000
v -0.013064 -0.109477 0.400526 1.0000 1.0000 1.0000
v -0.020037 -0.095264 0.392942 1.0000 1.0000 1.0000
v -0.011289 -0.095263 0.397675 1.0000 1.0000 1.0000
v -0.017401 -0.083053 0.390898 1.0000 1.0000 1.0000
v -0.009819 -0.083053 0.395099 1.0000 1.0000 1.0000
v -0.023221 -0.109477 0.395184 1.0000 1.0000 1.0000
v -0.030494 -0.109477 0.387530 1.0000 1.0000 1.0000
v -0.026611 -0.124040 0.397348 1.0000 1.0000 1.0000
v -0.034971 -0.124040 0.388836 1.0000 1.0000 1.0000
v -0.038795 -0.124040 0.377839 1.0000 1.0000 1.0000
v -0.033819 -0.109477 0.377626 1.0000 1.0000 1.0000
v -0.038795 -0.124040 0.377839 1.0000 1.0000 1.0000
v -0.033819 -0.109477 0.377626 1.0000 1.0000 1.0000
v -0.035424 -0.124042 0.367128 1.0000 1.0000 1.0000
v -0.030897 -0.109477 0.367829 1.0000 1.0000 1.0000
v -0.027223 -0.124043 0.358426 1.0000 1.0000 1.0000
v -0.023766 -0.109477 0.359849 1.0000 1.0000 1.0000
v -0.013463 -0.109478 0.354032 1.0000 1.0000 1.0000
v -0.015403 -0.124043 0.352089 1.0000 1.0000 1.0000
v -0.000332 -0.124044 0.350058 1.0000 1.0000 1.0000
v -0.000332 -0.109478 0.352248 1.0000 1.0000 1.0000
v 0.014738 -0.124043 0.352089 1.0000 1.0000 1.0000
v 0.012798 -0.109478 0.354032 1.0000 1.0000 1.0000
v -0.067392 -0.234912 0.361092 1.0000 1.0000 1.0000
v -0.063344 -0.218210 0.361987 1.0000 1.0000 1.0000
v -0.051704 -0.234915 0.348801 1.0000 1.0000 1.0000
v -0.048588 -0.218214 0.349967 1.0000 1.0000 1.0000
v -0.073765 -0.234910 0.376401 1.0000 1.0000 1.0000
v -0.069374 -0.218207 0.376951 1.0000 1.0000 1.0000
v -0.073765 -0.234910 0.376401 1.0000 1.0000 1.0000
v -0.066873 -0.234913 0.394350 1.0000 1.0000 1.0000
v -0.069374 -0.218207 0.376951 1.0000 1.0000 1.0000
v -0.062746 -0.218210 0.394155 1.0000 1.0000 1.0000
v -0.047761 -0.218214 0.407530 1.0000 1.0000 1.0000
v -0.050973 -0.234915 0.408374 1.0000 1.0000 1.0000
v -0.028532 -0.234917 0.418155 1.0000 1.0000 1.0000
v -0.000332 -0.234917 0.422273 1.0000 1.0000 1.0000
v -0.026744 -0.218215 0.416887 1.0000 1.0000 1.0000
v -0.000332 -0.218215 0.420870 1.0000 1.0000 1.0000
v 0.027867 -0.234917 0.418155 1.0000 1.0000 1.0000
v 0.026080 -0.218215 0.416887 1.0000 1.0000 1.0000
v 0.050309 -0.234915 0.408374 1.0000 1.0000 1.0000
v 0.047096 -0.218214 0.407530 1.0000 1.0000 1.0000
v 0.066208 -0.234913 0.394350 1.0000 1.0000 1.0000
v 0.062081 -0.218210 0.394155 1.0000 1.0000 1.0000
v 0.073100 -0.234910 0.376401 1.0000 1.0000 1.0000
v 0.068709 -0.218207 0.376951 1.0000 1.0000 1.0000
v 0.073100 -0.234910 0.376401 1.0000 1.0000 1.0000
v 0.066727 -0.234912 0.361092 1.0000 1.0000 1.0000
v 0.068709 -0.218207 0.376951 1.0000 1.0000 1.0000
v 0.062679 -0.218210 0.361987 1.0000 1.0000 1.0000
v 0.051039 -0.234915 0.348801 1.0000 1.0000 1.0000
v 0.047923 -0.218214 0.349967 1.0000 1.0000 1.0000
v 0.028387 -0.234917 0.339555 1.0000 1.0000 1.0000
v 0.026675 -0.218217 0.340974 1.0000 1.0000 1.0000
v -0.000332 -0.234918 0.336888 1.0000 1.0000 1.0000
v -0.000332 -0.218217 0.338203 1.0000 1.0000 1.0000
v -0.029052 -0.234917 0.339555 1.0000 1.0000 1.0000
v -0.027339 -0.218217 0.340974 1.0000 1.0000 1.0000
v -0.016969 -0.139104 0.406017 1.0000 1.0000 1.0000
v -0.030226 -0.139105 0.399451 1.0000 1.0000 1.0000
v -0.019116 -0.154791 0.408595 1.0000 1.0000 1.0000
v -0.034079 -0.154791 0.401420 1.0000 1.0000 1.0000
v -0.054800 -0.252805 0.347999 1.0000 1.0000 1.0000
v -0.056341 -0.271493 0.347480 1.0000 1.0000 1.0000
v -0.071396 -0.252803 0.360297 1.0000 1.0000 1.0000
v -0.073381 -0.271505 0.359704 1.0000 1.0000 1.0000
v -0.078068 -0.252807 0.375842 1.0000 1.0000 1.0000
v -0.080170 -0.271520 0.375166 1.0000 1.0000 1.0000
v -0.071022 -0.252809 0.394472 1.0000 1.0000 1.0000
v -0.078068 -0.252807 0.375842 1.0000 1.0000 1.0000
v -0.073368 -0.271520 0.394161 1.0000 1.0000 1.0000
v -0.080170 -0.271520 0.375166 1.0000 1.0000 1.0000
v -0.054252 -0.252818 0.409115 1.0000 1.0000 1.0000
v -0.056269 -0.271519 0.409259 1.0000 1.0000 1.0000
v 0.053588 -0.252818 0.409115 1.0000 1.0000 1.0000
v 0.055604 -0.271519 0.409259 1.0000 1.0000 1.0000
v 0.070357 -0.252809 0.394472 1.0000 1.0000 1.0000
v 0.072703 -0.271520 0.394161 1.0000 1.0000 1.0000
v 0.077404 -0.252807 0.375842 1.0000 1.0000 1.0000
v 0.079506 -0.271520 0.375166 1.0000 1.0000 1.0000
v 0.070731 -0.252803 0.360297 1.0000 1.0000 1.0000
v 0.077404 -0.252807 0.375842 1.0000 1.0000 1.0000
v 0.072717 -0.271505 0.359704 1.0000 1.0000 1.0000
v 0.079506 -0.271520 0.375166 1.0000 1.0000 1.0000
v 0.054136 -0.252805 0.347999 1.0000 1.0000 1.0000
v 0.055676 -0.271493 0.347480 1.0000 1.0000 1.0000
v 0.030076 -0.252812 0.338548 1.0000 1.0000 1.0000
v 0.030198 -0.271489 0.338240 1.0000 1.0000 1.0000
v -0.000332 -0.252815 0.335919 1.0000 1.0000 1.0000
v -0.000332 -0.271488 0.335780 1.0000 1.0000 1.0000
v -0.030740 -0.252812 0.338548 1.0000 1.0000 1.0000
v -0.030863 -0.271489 0.338240 1.0000 1.0000 1.0000
v -0.000332 -0.252838 0.423483 1.0000 1.0000 1.0000
v -0.030323 -0.252831 0.419295 1.0000 1.0000 1.0000
v -0.000332 -0.271532 0.423845 1.0000 1.0000 1.0000
v -0.030787 -0.271527 0.419689 1.0000 1.0000 1.0000
v 0.029658 -0.252831 0.419295 1.0000 1.0000 1.0000
v 0.030122 -0.271527 0.419689 1.0000 1.0000 1.0000
v -0.055010 -0.170785 0.377877 1.0000 1.0000 1.0000
v -0.049594 -0.170786 0.392231 1.0000 1.0000 1.0000
v -0.049743 -0.154792 0.377963 1.0000 1.0000 1.0000
v -0.044833 -0.154792 0.391188 1.0000 1.0000 1.0000
v -0.037694 -0.170788 0.403337 1.0000 1.0000 1.0000
v -0.034857 -0.154795 0.355387 1.0000 1.0000 1.0000
v -0.038519 -0.170794 0.353799 1.0000 1.0000 1.0000
v -0.045407 -0.154794 0.365534 1.0000 1.0000 1.0000
v -0.050202 -0.170789 0.364648 1.0000 1.0000 1.0000
v -0.055010 -0.170785 0.377877 1.0000 1.0000 1.0000
v -0.049743 -0.154792 0.377963 1.0000 1.0000 1.0000
v 0.020468 -0.170789 0.411131 1.0000 1.0000 1.0000
v 0.018451 -0.154791 0.408595 1.0000 1.0000 1.0000
v -0.000332 -0.170789 0.414497 1.0000 1.0000 1.0000
v -0.000332 -0.154791 0.411694 1.0000 1.0000 1.0000
v 0.037029 -0.170788 0.403337 1.0000 1.0000 1.0000
v 0.033415 -0.154791 0.401420 1.0000 1.0000 1.0000
v -0.021133 -0.170789 0.411131 1.0000 1.0000 1.0000
v -0.021736 -0.170798 0.346026 1.0000 1.0000 1.0000
v -0.019686 -0.154797 0.348158 1.0000 1.0000 1.0000
v -0.000332 -0.170799 0.343501 1.0000 1.0000 1.0000
v -0.000332 -0.154797 0.345669 1.0000 1.0000 1.0000
v 0.037855 -0.170794 0.353799 1.0000 1.0000 1.0000
v 0.021071 -0.170798 0.346026 1.0000 1.0000 1.0000
v 0.034193 -0.154795 0.355387 1.0000 1.0000 1.0000
v 0.019021 -0.154797 0.348158 1.0000 1.0000 1.0000
v 0.049537 -0.170789 0.364648 1.0000 1.0000 1.0000
v 0.044743 -0.154794 0.365534 1.0000 1.0000 1.0000
v 0.054345 -0.170785 0.377877 1.0000 1.0000 1.0000
v 0.049078 -0.154792 0.377963 1.0000 1.0000 1.0000
v 0.054345 -0.170785 0.377877 1.0000 1.0000 1.0000
v 0.049078 -0.154792 0.377963 1.0000 1.0000 1.0000
v 0.048930 -0.170786 0.392231 1.0000 1.0000 1.0000
v 0.044168 -0.154792 0.391188 1.0000 1.0000 1.0000
v 0.030253 -0.139113 0.356894 1.0000 1.0000 1.0000
v 0.039592 -0.139110 0.366379 1.0000 1.0000 1.0000
v 0.043435 -0.139107 0.377970 1.0000 1.0000 1.0000
v 0.043435 -0.139107 0.377970 1.0000 1.0000 1.0000
v 0.039082 -0.139106 0.390079 1.0000 1.0000 1.0000
v 0.029561 -0.139105 0.399451 1.0000 1.0000 1.0000
v 0.016305 -0.139104 0.406017 1.0000 1.0000 1.0000
v -0.000332 -0.139104 0.408857 1.0000 1.0000 1.0000
v -0.039746 -0.139106 0.390079 1.0000 1.0000 1.0000
v -0.044099 -0.139107 0.377970 1.0000 1.0000 1.0000
v -0.044099 -0.139107 0.377970 1.0000 1.0000 1.0000
v -0.040257 -0.139110 0.366379 1.0000 1.0000 1.0000
v -0.030917 -0.139113 0.356894 1.0000 1.0000 1.0000
v -0.017476 -0.139115 0.350142 1.0000 1.0000 1.0000
v -0.000332 -0.139115 0.347875 1.0000 1.0000 1.0000
v 0.016811 -0.139115 0.350142 1.0000 1.0000 1.0000
v 0.025971 -0.095269 0.368457 1.0000 1.0000 1.0000
v 0.019847 -0.095273 0.361224 1.0000 1.0000 1.0000
v 0.022437 -0.083054 0.368947 1.0000 1.0000 1.0000
v 0.017148 -0.083055 0.362395 1.0000 1.0000 1.0000
v 0.028472 -0.095266 0.377309 1.0000 1.0000 1.0000
v 0.024589 -0.083054 0.376939 1.0000 1.0000 1.0000
v 0.028472 -0.095266 0.377309 1.0000 1.0000 1.0000
v 0.024589 -0.083054 0.376939 1.0000 1.0000 1.0000
v 0.025619 -0.095265 0.386137 1.0000 1.0000 1.0000
v 0.022132 -0.083054 0.384839 1.0000 1.0000 1.0000
v 0.019372 -0.095264 0.392942 1.0000 1.0000 1.0000
v 0.016736 -0.083053 0.390898 1.0000 1.0000 1.0000
v 0.010624 -0.095263 0.397675 1.0000 1.0000 1.0000
v 0.009154 -0.083053 0.395099 1.0000 1.0000 1.0000
v -0.000332 -0.095262 0.399712 1.0000 1.0000 1.0000
v -0.000332 -0.083053 0.396900 1.0000 1.0000 1.0000
v -0.026284 -0.095265 0.386137 1.0000 1.0000 1.0000
v -0.022797 -0.083054 0.384839 1.0000 1.0000 1.0000
v -0.029136 -0.095266 0.377309 1.0000 1.0000 1.0000
v -0.025253 -0.083054 0.376939 1.0000 1.0000 1.0000
v -0.029136 -0.095266 0.377309 1.0000 1.0000 1.0000
v -0.025253 -0.083054 0.376939 1.0000 1.0000 1.0000
v -0.026636 -0.095269 0.368457 1.0000 1.0000 1.0000
v -0.023102 -0.083054 0.368947 1.0000 1.0000 1.0000
v -0.017812 -0.083055 0.362395 1.0000 1.0000 1.0000
v -0.020512 -0.095273 0.361224 1.0000 1.0000 1.0000
v -0.011636 -0.095275 0.356109 1.0000 1.0000 1.0000
v -0.010120 -0.083055 0.358019 1.0000 1.0000 1.0000
v -0.000332 -0.095276 0.354421 1.0000 1.0000 1.0000
v -0.000332 -0.083055 0.356323 1.0000 1.0000 1.0000
v 0.010972 -0.095275 0.356109 1.0000 1.0000 1.0000
v 0.009455 -0.083055 0.358019 1.0000 1.0000 1.0000
v 0.015133 -0.073694 0.363414 1.0000 1.0000 1.0000
v 0.014262 -0.068995 0.363768 1.0000 1.0000 1.0000
v 0.019719 -0.073404 0.369396 1.0000 1.0000 1.0000
v 0.018300 -0.066899 0.369450 1.0000 1.0000 1.0000
v 0.021496 -0.073056 0.376615 1.0000 1.0000 1.0000
v 0.019609 -0.065371 0.376161 1.0000 1.0000 1.0000
v 0.021496 -0.073056 0.376615 1.0000 1.0000 1.0000
v 0.019609 -0.065371 0.376161 1.0000 1.0000 1.0000
v 0.019263 -0.072717 0.383686 1.0000 1.0000 1.0000
v 0.017313 -0.064437 0.382760 1.0000 1.0000 1.0000
v 0.014516 -0.072461 0.389059 1.0000 1.0000 1.0000
v 0.012903 -0.063789 0.387668 1.0000 1.0000 1.0000
v 0.006961 -0.063704 0.390776 1.0000 1.0000 1.0000
v 0.007896 -0.072286 0.392750 1.0000 1.0000 1.0000
v -0.008561 -0.072286 0.392750 1.0000 1.0000 1.0000
v -0.000332 -0.072212 0.394321 1.0000 1.0000 1.0000
v -0.007625 -0.063656 0.390776 1.0000 1.0000 1.0000
v -0.000332 -0.063756 0.392127 1.0000 1.0000 1.0000
v -0.019928 -0.072717 0.383686 1.0000 1.0000 1.0000
v -0.015180 -0.072461 0.389059 1.0000 1.0000 1.0000
v -0.017973 -0.064294 0.382760 1.0000 1.0000 1.0000
v -0.013567 -0.063786 0.387668 1.0000 1.0000 1.0000
v -0.022160 -0.073056 0.376615 1.0000 1.0000 1.0000
v -0.020272 -0.065326 0.376161 1.0000 1.0000 1.0000
v -0.020384 -0.073404 0.369396 1.0000 1.0000 1.0000
v -0.022160 -0.073056 0.376615 1.0000 1.0000 1.0000
v -0.018965 -0.066902 0.369450 1.0000 1.0000 1.0000
v -0.020272 -0.065326 0.376161 1.0000 1.0000 1.0000
v -0.009010 -0.073877 0.359580 1.0000 1.0000 1.0000
v -0.015798 -0.073694 0.363414 1.0000 1.0000 1.0000
v -0.008600 -0.070675 0.360174 1.0000 1.0000 1.0000
v -0.014926 -0.068975 0.363768 1.0000 1.0000 1.0000
v -0.000332 -0.073959 0.357916 1.0000 1.0000 1.0000
v -0.000332 -0.071554 0.358444 1.0000 1.0000 1.0000
v 0.008345 -0.073877 0.359580 1.0000 1.0000 1.0000
v 0.007937 -0.070759 0.360174 1.0000 1.0000 1.0000
v -0.073045 -0.291260 0.359282 1.0000 1.0000 1.0000
v -0.056063 -0.291260 0.347496 1.0000 1.0000 1.0000
v -0.079811 -0.291260 0.374216 1.0000 1.0000 1.0000
v -0.079811 -0.291260 0.374216 1.0000 1.0000 1.0000
v -0.073730 -0.291260 0.393055 1.0000 1.0000 1.0000
v -0.056932 -0.291260 0.408361 1.0000 1.0000 1.0000
v -0.030329 -0.291260 0.418814 1.0000 1.0000 1.0000
v -0.000332 -0.291260 0.422853 1.0000 1.0000 1.0000
v 0.029665 -0.291260 0.418814 1.0000 1.0000 1.0000
v 0.056267 -0.291260 0.408361 1.0000 1.0000 1.0000
v 0.073065 -0.291260 0.393055 1.0000 1.0000 1.0000
v 0.079146 -0.291260 0.374216 1.0000 1.0000 1.0000
v 0.072380 -0.291260 0.359282 1.0000 1.0000 1.0000
v 0.079146 -0.291260 0.374216 1.0000 1.0000 1.0000
v 0.055399 -0.291260 0.347496 1.0000 1.0000 1.0000
v 0.028987 -0.291260 0.338788 1.0000 1.0000 1.0000
v -0.000332 -0.291260 0.336578 1.0000 1.0000 1.0000
v -0.029652 -0.291260 0.338788 1.0000 1.0000 1.0000
v 0.006056 -0.055211 0.388733 1.0000 1.0000 1.0000
v 0.011376 -0.055243 0.386089 1.0000 1.0000 1.0000
v -0.000332 -0.055292 0.389852 1.0000 1.0000 1.0000
v -0.006721 -0.054979 0.388733 1.0000 1.0000 1.0000
v -0.012018 -0.054884 0.386257 1.0000 1.0000 1.0000
v -0.016108 -0.055570 0.381802 1.0000 1.0000 1.0000
v -0.018465 -0.057637 0.375640 1.0000 1.0000 1.0000
v -0.017670 -0.061216 0.369356 1.0000 1.0000 1.0000
v -0.018465 -0.057637 0.375640 1.0000 1.0000 1.0000
v -0.013772 -0.065394 0.364118 1.0000 1.0000 1.0000
v -0.008268 -0.068641 0.360629 1.0000 1.0000 1.0000
v -0.013772 -0.065394 0.364118 1.0000 1.0000 1.0000
v -0.008600 -0.070675 0.360174 1.0000 1.0000 1.0000
v -0.000332 -0.070547 0.358810 1.0000 1.0000 1.0000
v -0.008268 -0.068641 0.360629 1.0000 1.0000 1.0000
v -0.000332 -0.070547 0.358810 1.0000 1.0000 1.0000
v 0.007937 -0.070759 0.360174 1.0000 1.0000 1.0000
v 0.007607 -0.068863 0.360629 1.0000 1.0000 1.0000
v 0.013511 -0.065962 0.364015 1.0000 1.0000 1.0000
v 0.007607 -0.068863 0.360629 1.0000 1.0000 1.0000
v 0.016985 -0.062117 0.369356 1.0000 1.0000 1.0000
v 0.017800 -0.058763 0.375640 1.0000 1.0000 1.0000
v 0.017800 -0.058763 0.375640 1.0000 1.0000 1.0000
v 0.015443 -0.056390 0.381802 1.0000 1.0000 1.0000
v -0.041256 -0.333170 0.351965 1.0000 1.0000 1.0000
v -0.045550 -0.337181 0.357638 1.0000 1.0000 1.0000
v -0.049933 -0.322337 0.349919 1.0000 1.0000 1.0000
v -0.062259 -0.323749 0.358223 1.0000 1.0000 1.0000
v -0.049947 -0.341019 0.369974 1.0000 1.0000 1.0000
v -0.068169 -0.326628 0.371564 1.0000 1.0000 1.0000
v -0.070129 -0.308557 0.358841 1.0000 1.0000 1.0000
v -0.076711 -0.309063 0.373069 1.0000 1.0000 1.0000
v -0.054777 -0.307996 0.347938 1.0000 1.0000 1.0000
v -0.047232 -0.339872 0.385418 1.0000 1.0000 1.0000
v -0.063251 -0.325728 0.387750 1.0000 1.0000 1.0000
v -0.049947 -0.341019 0.369974 1.0000 1.0000 1.0000
v -0.068169 -0.326628 0.371564 1.0000 1.0000 1.0000
v -0.041653 -0.335826 0.396496 1.0000 1.0000 1.0000
v -0.049494 -0.325091 0.402292 1.0000 1.0000 1.0000
v -0.071303 -0.308759 0.390407 1.0000 1.0000 1.0000
v -0.055222 -0.308316 0.406085 1.0000 1.0000 1.0000
v -0.076711 -0.309063 0.373069 1.0000 1.0000 1.0000
v -0.000332 -0.353852 0.368623 1.0000 1.0000 1.0000
v -0.000332 -0.351649 0.383436 1.0000 1.0000 1.0000
v -0.016769 -0.351538 0.368828 1.0000 1.0000 1.0000
v -0.016392 -0.349350 0.383597 1.0000 1.0000 1.0000
v -0.000332 -0.341501 0.400755 1.0000 1.0000 1.0000
v -0.017338 -0.339607 0.399690 1.0000 1.0000 1.0000
v -0.026147 -0.345693 0.382715 1.0000 1.0000 1.0000
v -0.026147 -0.336713 0.397360 1.0000 1.0000 1.0000
v -0.032002 -0.345661 0.384233 1.0000 1.0000 1.0000
v -0.032075 -0.337683 0.398178 1.0000 1.0000 1.0000
v -0.026147 -0.347792 0.369429 1.0000 1.0000 1.0000
v -0.031776 -0.348019 0.369198 1.0000 1.0000 1.0000
v -0.000332 -0.347096 0.355539 1.0000 1.0000 1.0000
v -0.017210 -0.344943 0.356126 1.0000 1.0000 1.0000
v -0.000332 -0.336238 0.346554 1.0000 1.0000 1.0000
v -0.018171 -0.335201 0.348157 1.0000 1.0000 1.0000
v -0.000332 -0.353852 0.368623 1.0000 1.0000 1.0000
v -0.016769 -0.351538 0.368828 1.0000 1.0000 1.0000
v -0.026147 -0.347792 0.369429 1.0000 1.0000 1.0000
v -0.031776 -0.348019 0.369198 1.0000 1.0000 1.0000
v -0.026147 -0.341846 0.358231 1.0000 1.0000 1.0000
v -0.031877 -0.341710 0.356790 1.0000 1.0000 1.0000
v -0.026147 -0.333269 0.351289 1.0000 1.0000 1.0000
v -0.031776 -0.334165 0.350042 1.0000 1.0000 1.0000
v -0.033005 -0.325910 0.407877 1.0000 1.0000 1.0000
v -0.026147 -0.324780 0.407096 1.0000 1.0000 1.0000
v -0.019174 -0.326550 0.410292 1.0000 1.0000 1.0000
v -0.000332 -0.327652 0.411953 1.0000 1.0000 1.0000
v -0.000332 -0.309468 0.418948 1.0000 1.0000 1.0000
v -0.026147 -0.308960 0.415979 1.0000 1.0000 1.0000
v -0.000332 -0.322440 0.341187 1.0000 1.0000 1.0000
v -0.020490 -0.321957 0.342430 1.0000 1.0000 1.0000
v -0.031771 -0.321961 0.344338 1.0000 1.0000 1.0000
v -0.026147 -0.320904 0.345660 1.0000 1.0000 1.0000
v -0.026147 -0.307795 0.339898 1.0000 1.0000 1.0000
v -0.000332 -0.308253 0.337851 1.0000 1.0000 1.0000
v 0.040591 -0.333170 0.351965 1.0000 1.0000 1.0000
v 0.049268 -0.322337 0.349919 1.0000 1.0000 1.0000
v 0.044885 -0.337181 0.357638 1.0000 1.0000 1.0000
v 0.061594 -0.323749 0.358223 1.0000 1.0000 1.0000
v 0.049282 -0.341019 0.369974 1.0000 1.0000 1.0000
v 0.067504 -0.326628 0.371564 1.0000 1.0000 1.0000
v 0.069464 -0.308557 0.358841 1.0000 1.0000 1.0000
v 0.076046 -0.309063 0.373069 1.0000 1.0000 1.0000
v 0.054113 -0.307996 0.347938 1.0000 1.0000 1.0000
v 0.067504 -0.326628 0.371564 1.0000 1.0000 1.0000
v 0.062587 -0.325728 0.387750 1.0000 1.0000 1.0000
v 0.049282 -0.341019 0.369974 1.0000 1.0000 1.0000
v 0.046568 -0.339872 0.385418 1.0000 1.0000 1.0000
v 0.048830 -0.325091 0.402292 1.0000 1.0000 1.0000
v 0.040988 -0.335826 0.396496 1.0000 1.0000 1.0000
v 0.070639 -0.308759 0.390407 1.0000 1.0000 1.0000
v 0.054557 -0.308316 0.406085 1.0000 1.0000 1.0000
v 0.076046 -0.309063 0.373069 1.0000 1.0000 1.0000
v 0.016104 -0.351538 0.368828 1.0000 1.0000 1.0000
v 0.015727 -0.349350 0.383597 1.0000 1.0000 1.0000
v 0.016673 -0.339607 0.399690 1.0000 1.0000 1.0000
v 0.025482 -0.345693 0.382715 1.0000 1.0000 1.0000
v 0.031338 -0.345661 0.384233 1.0000 1.0000 1.0000
v 0.025482 -0.336713 0.397360 1.0000 1.0000 1.0000
v 0.031411 -0.337683 0.398178 1.0000 1.0000 1.0000
v 0.025482 -0.347792 0.369429 1.0000 1.0000 1.0000
v 0.031111 -0.348019 0.369198 1.0000 1.0000 1.0000
v 0.017507 -0.335201 0.348157 1.0000 1.0000 1.0000
v 0.016546 -0.344943 0.356126 1.0000 1.0000 1.0000
v 0.016104 -0.351538 0.368828 1.0000 1.0000 1.0000
v 0.031213 -0.341710 0.356790 1.0000 1.0000 1.0000
v 0.031111 -0.348019 0.369198 1.0000 1.0000 1.0000
v 0.025482 -0.341846 0.358231 1.0000 1.0000 1.0000
v 0.025482 -0.347792 0.369429 1.0000 1.0000 1.0000
v 0.031112 -0.334165 0.350042 1.0000 1.0000 1.0000
v 0.025482 -0.333269 0.351289 1.0000 1.0000 1.0000
v 0.025482 -0.324780 0.407096 1.0000 1.0000 1.0000
v 0.032341 -0.325910 0.407877 1.0000 1.0000 1.0000
v 0.018510 -0.326550 0.410292 1.0000 1.0000 1.0000
v 0.025482 -0.308960 0.415979 1.0000 1.0000 1.0000
v 0.019825 -0.321957 0.342430 1.0000 1.0000 1.0000
v 0.025482 -0.320904 0.345660 1.0000 1.0000 1.0000
v 0.031107 -0.321961 0.344338 1.0000 1.0000 1.0000
v 0.025482 -0.307795 0.339898 1.0000 1.0000 1.0000
v -0.043588 -0.044033 0.207079 1.0000 1.0000 1.0000
v -0.064057 -0.043121 0.221237 1.0000 1.0000 1.0000
v 0.022676 0.058177 0.796843 1.0000 1.0000 1.0000
v 0.021097 0.069912 0.806889 1.0000 1.0000 1.0000
v 0.026267 0.057838 0.809715 1.0000 1.0000 1.0000
v 0.030224 0.065629 0.827845 1.0000 1.0000 1.0000
v 0.023121 0.082980 0.821958 1.0000 1.0000 1.0000
v 0.011087 0.080736 0.804012 1.0000 1.0000 1.0000
v 0.010851 0.069902 0.794339 1.0000 1.0000 1.0000
v -0.000362 0.084765 0.803302 1.0000 1.0000 1.0000
v -0.000364 0.073683 0.793806 1.0000 1.0000 1.0000
v 0.012307 0.094336 0.818078 1.0000 1.0000 1.0000
v -0.000362 0.098280 0.816644 1.0000 1.0000 1.0000
v -0.000362 0.084765 0.803302 1.0000 1.0000 1.0000
v -0.000364 0.073683 0.793806 1.0000 1.0000 1.0000
v -0.011733 0.081048 0.804307 1.0000 1.0000 1.0000
v -0.010974 0.069919 0.794368 1.0000 1.0000 1.0000
v -0.023010 0.058208 0.796607 1.0000 1.0000 1.0000
v -0.023697 0.068654 0.806823 1.0000 1.0000 1.0000
v -0.025813 0.082896 0.821958 1.0000 1.0000 1.0000
v -0.013031 0.094330 0.818078 1.0000 1.0000 1.0000
v -0.000362 0.098280 0.816644 1.0000 1.0000 1.0000
v -0.025370 0.057215 0.810006 1.0000 1.0000 1.0000
v -0.024092 0.045457 0.798936 1.0000 1.0000 1.0000
v -0.027846 0.071743 0.825835 1.0000 1.0000 1.0000
v 0.033516 0.074938 0.846187 1.0000 1.0000 1.0000
v 0.025051 0.095682 0.838667 1.0000 1.0000 1.0000
v 0.036916 0.086358 0.868476 1.0000 1.0000 1.0000
v 0.027728 0.109817 0.859417 1.0000 1.0000 1.0000
v 0.013671 0.107662 0.834361 1.0000 1.0000 1.0000
v -0.000362 0.112335 0.832629 1.0000 1.0000 1.0000
v 0.015080 0.123805 0.854301 1.0000 1.0000 1.0000
v -0.000361 0.129088 0.852277 1.0000 1.0000 1.0000
v -0.014395 0.107659 0.834361 1.0000 1.0000 1.0000
v -0.000362 0.112335 0.832629 1.0000 1.0000 1.0000
v -0.027662 0.095973 0.837743 1.0000 1.0000 1.0000
v -0.030011 0.110483 0.858860 1.0000 1.0000 1.0000
v -0.015802 0.123800 0.854335 1.0000 1.0000 1.0000
v -0.000361 0.129088 0.852277 1.0000 1.0000 1.0000
v -0.030772 0.083252 0.843061 1.0000 1.0000 1.0000
v -0.033998 0.095190 0.865078 1.0000 1.0000 1.0000
v 0.040122 0.098122 0.893903 1.0000 1.0000 1.0000
v 0.030109 0.125316 0.883482 1.0000 1.0000 1.0000
v 0.043083 0.111050 0.922146 1.0000 1.0000 1.0000
v 0.032899 0.142228 0.910164 1.0000 1.0000 1.0000
v 0.016409 0.140538 0.877358 1.0000 1.0000 1.0000
v -0.000360 0.146398 0.875083 1.0000 1.0000 1.0000
v 0.017634 0.158447 0.903339 1.0000 1.0000 1.0000
v -0.000361 0.164925 0.900852 1.0000 1.0000 1.0000
v -0.017128 0.140538 0.877358 1.0000 1.0000 1.0000
v -0.000360 0.146398 0.875083 1.0000 1.0000 1.0000
v -0.031849 0.125722 0.882276 1.0000 1.0000 1.0000
v -0.033767 0.141995 0.909449 1.0000 1.0000 1.0000
v -0.018357 0.158447 0.903339 1.0000 1.0000 1.0000
v -0.000361 0.164925 0.900852 1.0000 1.0000 1.0000
v -0.036884 0.108091 0.890232 1.0000 1.0000 1.0000
v -0.039564 0.121686 0.918197 1.0000 1.0000 1.0000
v 0.045746 0.125267 0.952907 1.0000 1.0000 1.0000
v 0.035028 0.156860 0.939201 1.0000 1.0000 1.0000
v 0.047846 0.139588 0.985639 1.0000 1.0000 1.0000
v 0.036651 0.172811 0.972926 1.0000 1.0000 1.0000
v 0.018756 0.175347 0.931830 1.0000 1.0000 1.0000
v -0.000362 0.182829 0.930171 1.0000 1.0000 1.0000
v 0.019607 0.192342 0.964854 1.0000 1.0000 1.0000
v -0.000362 0.199570 0.962077 1.0000 1.0000 1.0000
v -0.019441 0.175347 0.931830 1.0000 1.0000 1.0000
v -0.000362 0.182829 0.930171 1.0000 1.0000 1.0000
v -0.035773 0.158674 0.939201 1.0000 1.0000 1.0000
v -0.037375 0.172811 0.972926 1.0000 1.0000 1.0000
v -0.020331 0.192342 0.964854 1.0000 1.0000 1.0000
v -0.000362 0.199570 0.962077 1.0000 1.0000 1.0000
v -0.042329 0.135617 0.948767 1.0000 1.0000 1.0000
v -0.044722 0.148722 0.982438 1.0000 1.0000 1.0000
v 0.026119 0.031747 0.801548 1.0000 1.0000 1.0000
v 0.028874 0.036733 0.815471 1.0000 1.0000 1.0000
v -0.022353 0.044750 0.813564 1.0000 1.0000 1.0000
v -0.021350 0.037509 0.805303 1.0000 1.0000 1.0000
v -0.021386 0.036357 0.815637 1.0000 1.0000 1.0000
v -0.020980 0.031840 0.803295 1.0000 1.0000 1.0000
v -0.023545 0.039922 0.802892 1.0000 1.0000 1.0000
v -0.024910 0.049346 0.811984 1.0000 1.0000 1.0000
v -0.023893 0.030954 0.800934 1.0000 1.0000 1.0000
v 0.025429 0.018597 0.818541 1.0000 1.0000 1.0000
v 0.022522 0.013535 0.803556 1.0000 1.0000 1.0000
v 0.013091 -0.000000 0.804889 1.0000 1.0000 1.0000
v 0.018323 0.004678 0.819914 1.0000 1.0000 1.0000
v 0.014033 0.000000 0.819911 1.0000 1.0000 1.0000
v -0.025217 0.013852 0.818867 1.0000 1.0000 1.0000
v -0.024412 0.013702 0.803232 1.0000 1.0000 1.0000
v -0.023436 0.004108 0.819671 1.0000 1.0000 1.0000
v -0.021762 -0.000001 0.804197 1.0000 1.0000 1.0000
v -0.022071 0.029767 0.816956 1.0000 1.0000 1.0000
v -0.021350 0.029719 0.807914 1.0000 1.0000 1.0000
v -0.024570 0.026202 0.817755 1.0000 1.0000 1.0000
v -0.023520 0.026659 0.806527 1.0000 1.0000 1.0000
v 0.032828 0.043907 0.835154 1.0000 1.0000 1.0000
v -0.024216 0.056526 0.830486 1.0000 1.0000 1.0000
v -0.023336 0.043393 0.835061 1.0000 1.0000 1.0000
v 0.036415 0.051148 0.854729 1.0000 1.0000 1.0000
v 0.040113 0.060028 0.878273 1.0000 1.0000 1.0000
v -0.026634 0.067787 0.848793 1.0000 1.0000 1.0000
v -0.025520 0.050800 0.855102 1.0000 1.0000 1.0000
v -0.029772 0.080813 0.871173 1.0000 1.0000 1.0000
v -0.028296 0.059530 0.879334 1.0000 1.0000 1.0000
v 0.043595 0.069167 0.904917 1.0000 1.0000 1.0000
v 0.046810 0.079758 0.934169 1.0000 1.0000 1.0000
v -0.032738 0.092754 0.896716 1.0000 1.0000 1.0000
v -0.031358 0.069227 0.905789 1.0000 1.0000 1.0000
v -0.035675 0.104415 0.925352 1.0000 1.0000 1.0000
v -0.034414 0.080062 0.934887 1.0000 1.0000 1.0000
v 0.049702 0.091885 0.965732 1.0000 1.0000 1.0000
v 0.051982 0.104686 0.999050 1.0000 1.0000 1.0000
v -0.038616 0.114869 0.956845 1.0000 1.0000 1.0000
v -0.037405 0.092142 0.966326 1.0000 1.0000 1.0000
v -0.041338 0.123639 0.991897 1.0000 1.0000 1.0000
v -0.040333 0.104881 0.999482 1.0000 1.0000 1.0000
v 0.053363 0.117946 1.033563 1.0000 1.0000 1.0000
v 0.049118 0.153769 1.019799 1.0000 1.0000 1.0000
v 0.037627 0.186864 1.007563 1.0000 1.0000 1.0000
v 0.037957 0.199411 1.042564 1.0000 1.0000 1.0000
v 0.049547 0.167532 1.054806 1.0000 1.0000 1.0000
v 0.053829 0.131437 1.068675 1.0000 1.0000 1.0000
v 0.020133 0.207356 0.999120 1.0000 1.0000 1.0000
v -0.000362 0.214775 0.996270 1.0000 1.0000 1.0000
v -0.000362 0.228313 1.031467 1.0000 1.0000 1.0000
v 0.020311 0.220865 1.034328 1.0000 1.0000 1.0000
v -0.020857 0.207356 0.999120 1.0000 1.0000 1.0000
v -0.000362 0.214775 0.996270 1.0000 1.0000 1.0000
v -0.038351 0.185564 1.007563 1.0000 1.0000 1.0000
v -0.021035 0.220865 1.034328 1.0000 1.0000 1.0000
v -0.038680 0.199411 1.042564 1.0000 1.0000 1.0000
v -0.000362 0.228313 1.031467 1.0000 1.0000 1.0000
v -0.047042 0.159000 1.017938 1.0000 1.0000 1.0000
v -0.044197 0.128558 1.030186 1.0000 1.0000 1.0000
v -0.043220 0.118254 1.034303 1.0000 1.0000 1.0000
v -0.050271 0.167532 1.054806 1.0000 1.0000 1.0000
v -0.049093 0.133339 1.049071 1.0000 1.0000 1.0000
v -0.051442 0.135220 1.078681 1.0000 1.0000 1.0000
v -0.049284 0.127580 1.058637 1.0000 1.0000 1.0000
v 0.049118 0.180586 1.090086 1.0000 1.0000 1.0000
v 0.053363 0.144927 1.103786 1.0000 1.0000 1.0000
v 0.037627 0.211050 1.078382 1.0000 1.0000 1.0000
v 0.036651 0.221513 1.113970 1.0000 1.0000 1.0000
v 0.047846 0.192405 1.125153 1.0000 1.0000 1.0000
v 0.051982 0.158192 1.138299 1.0000 1.0000 1.0000
v 0.020133 0.231272 1.070614 1.0000 1.0000 1.0000
v -0.000362 0.238551 1.067818 1.0000 1.0000 1.0000
v -0.000362 0.247229 1.104089 1.0000 1.0000 1.0000
v 0.019607 0.240366 1.106726 1.0000 1.0000 1.0000
v -0.000362 0.238551 1.067818 1.0000 1.0000 1.0000
v -0.020857 0.231272 1.070614 1.0000 1.0000 1.0000
v -0.038351 0.211050 1.078382 1.0000 1.0000 1.0000
v -0.020331 0.240366 1.106726 1.0000 1.0000 1.0000
v -0.037375 0.221513 1.113970 1.0000 1.0000 1.0000
v -0.000362 0.247229 1.104089 1.0000 1.0000 1.0000
v -0.049842 0.180586 1.090086 1.0000 1.0000 1.0000
v -0.051973 0.144927 1.103786 1.0000 1.0000 1.0000
v -0.048570 0.192405 1.125153 1.0000 1.0000 1.0000
v -0.051548 0.158192 1.138299 1.0000 1.0000 1.0000
v 0.045746 0.202998 1.159319 1.0000 1.0000 1.0000
v 0.049702 0.170998 1.171614 1.0000 1.0000 1.0000
v 0.035038 0.230012 1.148906 1.0000 1.0000 1.0000
v 0.032823 0.236526 1.182526 1.0000 1.0000 1.0000
v 0.042861 0.212222 1.191980 1.0000 1.0000 1.0000
v 0.046568 0.183132 1.203174 1.0000 1.0000 1.0000
v 0.018737 0.247250 1.142258 1.0000 1.0000 1.0000
v -0.000362 0.253459 1.139873 1.0000 1.0000 1.0000
v -0.000362 0.257345 1.174445 1.0000 1.0000 1.0000
v 0.017541 0.251839 1.176560 1.0000 1.0000 1.0000
v -0.000362 0.253459 1.139873 1.0000 1.0000 1.0000
v -0.019461 0.247250 1.142258 1.0000 1.0000 1.0000
v -0.035762 0.230012 1.148906 1.0000 1.0000 1.0000
v -0.018265 0.251839 1.176560 1.0000 1.0000 1.0000
v -0.033547 0.236526 1.182526 1.0000 1.0000 1.0000
v -0.000362 0.257345 1.174445 1.0000 1.0000 1.0000
v -0.046470 0.202998 1.159319 1.0000 1.0000 1.0000
v -0.049963 0.170998 1.171614 1.0000 1.0000 1.0000
v -0.043584 0.212222 1.191980 1.0000 1.0000 1.0000
v -0.047292 0.183132 1.203174 1.0000 1.0000 1.0000
v 0.039232 0.219623 1.222704 1.0000 1.0000 1.0000
v 0.042629 0.194383 1.232422 1.0000 1.0000 1.0000
v 0.030037 0.240667 1.214491 1.0000 1.0000 1.0000
v 0.026733 0.243291 1.243958 1.0000 1.0000 1.0000
v 0.034929 0.225609 1.250793 1.0000 1.0000 1.0000
v 0.037957 0.204563 1.258879 1.0000 1.0000 1.0000
v 0.016038 0.253973 1.209311 1.0000 1.0000 1.0000
v -0.000362 0.258740 1.207479 1.0000 1.0000 1.0000
v -0.000362 0.258364 1.238125 1.0000 1.0000 1.0000
v 0.014256 0.254391 1.239650 1.0000 1.0000 1.0000
v -0.000362 0.258740 1.207479 1.0000 1.0000 1.0000
v -0.016762 0.253973 1.209311 1.0000 1.0000 1.0000
v -0.030761 0.240667 1.214491 1.0000 1.0000 1.0000
v -0.014980 0.254391 1.239650 1.0000 1.0000 1.0000
v -0.027457 0.243291 1.243958 1.0000 1.0000 1.0000
v -0.000362 0.258364 1.238125 1.0000 1.0000 1.0000
v -0.039956 0.219623 1.222704 1.0000 1.0000 1.0000
v -0.043353 0.194383 1.232422 1.0000 1.0000 1.0000
v -0.035653 0.225609 1.250793 1.0000 1.0000 1.0000
v -0.038680 0.204563 1.258879 1.0000 1.0000 1.0000
v 0.030020 0.230260 1.275623 1.0000 1.0000 1.0000
v 0.032626 0.213484 1.282068 1.0000 1.0000 1.0000
v 0.022964 0.244527 1.270142 1.0000 1.0000 1.0000
v 0.018797 0.244170 1.292724 1.0000 1.0000 1.0000
v 0.024593 0.233468 1.296835 1.0000 1.0000 1.0000
v 0.026733 0.221011 1.301621 1.0000 1.0000 1.0000
v 0.012222 0.253663 1.266631 1.0000 1.0000 1.0000
v -0.000362 0.256941 1.265372 1.0000 1.0000 1.0000
v -0.000362 0.253954 1.288964 1.0000 1.0000 1.0000
v 0.009975 0.251290 1.289988 1.0000 1.0000 1.0000
v -0.000362 0.256941 1.265372 1.0000 1.0000 1.0000
v -0.012946 0.253663 1.266631 1.0000 1.0000 1.0000
v -0.023688 0.244527 1.270142 1.0000 1.0000 1.0000
v -0.010698 0.251290 1.289988 1.0000 1.0000 1.0000
v -0.019521 0.244170 1.292724 1.0000 1.0000 1.0000
v -0.000362 0.253954 1.288964 1.0000 1.0000 1.0000
v -0.030744 0.230260 1.275623 1.0000 1.0000 1.0000
v -0.033350 0.213484 1.282068 1.0000 1.0000 1.0000
v -0.025316 0.233468 1.296835 1.0000 1.0000 1.0000
v -0.027457 0.221011 1.301621 1.0000 1.0000 1.0000
v 0.018737 0.235290 1.313985 1.0000 1.0000 1.0000
v 0.020375 0.227010 1.317167 1.0000 1.0000 1.0000
v 0.014301 0.242613 1.311172 1.0000 1.0000 1.0000
v 0.009657 0.240822 1.325200 1.0000 1.0000 1.0000
v 0.012688 0.236374 1.326910 1.0000 1.0000 1.0000
v 0.013807 0.231498 1.328783 1.0000 1.0000 1.0000
v 0.007549 0.247955 1.309119 1.0000 1.0000 1.0000
v -0.000362 0.250137 1.308281 1.0000 1.0000 1.0000
v -0.000362 0.245994 1.323213 1.0000 1.0000 1.0000
v 0.005043 0.244411 1.323822 1.0000 1.0000 1.0000
v -0.000362 0.250137 1.308281 1.0000 1.0000 1.0000
v -0.008273 0.247955 1.309119 1.0000 1.0000 1.0000
v -0.015025 0.242613 1.311172 1.0000 1.0000 1.0000
v -0.005767 0.244411 1.323822 1.0000 1.0000 1.0000
v -0.010381 0.240822 1.325200 1.0000 1.0000 1.0000
v -0.000362 0.245994 1.323213 1.0000 1.0000 1.0000
v -0.019461 0.235290 1.313985 1.0000 1.0000 1.0000
v -0.021099 0.227010 1.317167 1.0000 1.0000 1.0000
v -0.013412 0.236374 1.326910 1.0000 1.0000 1.0000
v -0.014531 0.231498 1.328783 1.0000 1.0000 1.0000
v 0.008377 0.234097 1.335533 1.0000 1.0000 1.0000
v 0.006758 0.238264 1.333921 1.0000 1.0000 1.0000
v 0.004131 0.235609 1.339469 1.0000 1.0000 1.0000
v 0.003295 0.237747 1.338648 1.0000 1.0000 1.0000
v -0.000362 0.236731 1.342390 1.0000 1.0000 1.0000
v 0.002971 0.241832 1.332563 1.0000 1.0000 1.0000
v 0.001352 0.239584 1.337942 1.0000 1.0000 1.0000
v -0.000362 0.242848 1.332190 1.0000 1.0000 1.0000
v -0.000362 0.240114 1.337739 1.0000 1.0000 1.0000
v -0.000362 0.242848 1.332190 1.0000 1.0000 1.0000
v -0.003695 0.241832 1.332563 1.0000 1.0000 1.0000
v -0.000362 0.240114 1.337739 1.0000 1.0000 1.0000
v -0.002076 0.239584 1.337942 1.0000 1.0000 1.0000
v -0.007482 0.238264 1.333921 1.0000 1.0000 1.0000
v -0.004019 0.237747 1.338648 1.0000 1.0000 1.0000
v -0.000362 0.236731 1.342390 1.0000 1.0000 1.0000
v -0.009101 0.234097 1.335533 1.0000 1.0000 1.0000
v -0.004855 0.235609 1.339469 1.0000 1.0000 1.0000
v -0.045154 0.129850 0.990310 1.0000 1.0000 1.0000
v -0.048049 0.134534 1.028518 1.0000 1.0000 1.0000
v -0.042385 0.121007 0.954974 1.0000 1.0000 1.0000
v -0.039414 0.110423 0.923221 1.0000 1.0000 1.0000
v -0.036462 0.098676 0.894408 1.0000 1.0000 1.0000
v -0.033453 0.086662 0.868730 1.0000 1.0000 1.0000
v -0.030289 0.074322 0.846678 1.0000 1.0000 1.0000
v -0.027403 0.063076 0.828794 1.0000 1.0000 1.0000
v -0.045763 0.127968 1.047859 1.0000 1.0000 1.0000
v -0.046032 0.125389 1.052835 1.0000 1.0000 1.0000
v 0.029625 0.023679 0.839481 1.0000 1.0000 1.0000
v 0.021352 0.006371 0.841857 1.0000 1.0000 1.0000
v 0.015509 0.000000 0.842041 1.0000 1.0000 1.0000
v -0.027587 0.014485 0.840881 1.0000 1.0000 1.0000
v -0.024652 0.005810 0.841521 1.0000 1.0000 1.0000
v -0.024216 0.031076 0.838678 1.0000 1.0000 1.0000
v 0.033516 0.028409 0.861287 1.0000 1.0000 1.0000
v 0.024030 0.007497 0.864879 1.0000 1.0000 1.0000
v 0.036916 0.033597 0.887801 1.0000 1.0000 1.0000
v 0.026173 0.008749 0.892913 1.0000 1.0000 1.0000
v 0.016873 0.000000 0.865209 1.0000 1.0000 1.0000
v 0.018281 0.000000 0.893510 1.0000 1.0000 1.0000
v -0.026334 0.007092 0.864596 1.0000 1.0000 1.0000
v -0.030161 0.016308 0.863639 1.0000 1.0000 1.0000
v -0.033317 0.019793 0.891086 1.0000 1.0000 1.0000
v -0.028250 0.008310 0.892756 1.0000 1.0000 1.0000
v -0.026634 0.033936 0.859269 1.0000 1.0000 1.0000
v -0.029772 0.039358 0.885774 1.0000 1.0000 1.0000
v 0.040122 0.040115 0.915931 1.0000 1.0000 1.0000
v 0.027040 0.009470 0.924582 1.0000 1.0000 1.0000
v 0.043083 0.048465 0.946192 1.0000 1.0000 1.0000
v 0.031575 0.019415 0.956670 1.0000 1.0000 1.0000
v 0.017918 0.000000 0.926344 1.0000 1.0000 1.0000
v 0.019288 0.005894 0.961999 1.0000 1.0000 1.0000
v -0.030041 0.009840 0.924474 1.0000 1.0000 1.0000
v -0.036514 0.026280 0.920479 1.0000 1.0000 1.0000
v -0.018357 0.006117 0.961730 1.0000 1.0000 1.0000
v -0.034011 0.019887 0.956534 1.0000 1.0000 1.0000
v -0.032738 0.046604 0.913937 1.0000 1.0000 1.0000
v -0.035675 0.056150 0.943615 1.0000 1.0000 1.0000
v -0.039806 0.035715 0.950701 1.0000 1.0000 1.0000
v 0.045746 0.058503 0.978558 1.0000 1.0000 1.0000
v 0.035038 0.029578 0.989505 1.0000 1.0000 1.0000
v 0.047846 0.069783 1.012460 1.0000 1.0000 1.0000
v 0.036651 0.039992 1.023906 1.0000 1.0000 1.0000
v 0.019311 0.012319 0.996455 1.0000 1.0000 1.0000
v -0.000364 0.000432 0.969512 1.0000 1.0000 1.0000
v -0.000363 0.005019 0.999227 1.0000 1.0000 1.0000
v 0.019607 0.020424 1.031424 1.0000 1.0000 1.0000
v -0.000362 0.013196 1.034202 1.0000 1.0000 1.0000
v -0.000363 0.005019 0.999227 1.0000 1.0000 1.0000
v -0.019462 0.011932 0.996571 1.0000 1.0000 1.0000
v -0.000364 0.000432 0.969512 1.0000 1.0000 1.0000
v -0.035762 0.029578 0.989505 1.0000 1.0000 1.0000
v -0.020331 0.020424 1.031424 1.0000 1.0000 1.0000
v -0.037375 0.039992 1.023906 1.0000 1.0000 1.0000
v -0.000362 0.013196 1.034202 1.0000 1.0000 1.0000
v -0.042571 0.047074 0.982747 1.0000 1.0000 1.0000
v -0.038616 0.068928 0.974496 1.0000 1.0000 1.0000
v -0.041338 0.085885 1.006403 1.0000 1.0000 1.0000
v -0.044946 0.059222 1.016366 1.0000 1.0000 1.0000
v 0.049118 0.082123 1.047327 1.0000 1.0000 1.0000
v 0.037627 0.051546 1.059075 1.0000 1.0000 1.0000
v 0.049547 0.095342 1.082543 1.0000 1.0000 1.0000
v 0.037957 0.064547 1.094375 1.0000 1.0000 1.0000
v 0.020133 0.031462 1.066792 1.0000 1.0000 1.0000
v -0.000362 0.024042 1.069642 1.0000 1.0000 1.0000
v 0.020311 0.044351 1.102134 1.0000 1.0000 1.0000
v -0.000362 0.036903 1.104996 1.0000 1.0000 1.0000
v -0.000362 0.024042 1.069642 1.0000 1.0000 1.0000
v -0.020857 0.031462 1.066792 1.0000 1.0000 1.0000
v -0.038351 0.051546 1.059075 1.0000 1.0000 1.0000
v -0.021035 0.044351 1.102134 1.0000 1.0000 1.0000
v -0.038680 0.064547 1.094375 1.0000 1.0000 1.0000
v -0.000362 0.036903 1.104996 1.0000 1.0000 1.0000
v -0.047162 0.074142 1.050367 1.0000 1.0000 1.0000
v -0.044197 0.107858 1.038139 1.0000 1.0000 1.0000
v -0.049094 0.116897 1.055390 1.0000 1.0000 1.0000
v -0.050271 0.095342 1.082543 1.0000 1.0000 1.0000
v 0.049118 0.109269 1.117487 1.0000 1.0000 1.0000
v 0.037627 0.078881 1.129163 1.0000 1.0000 1.0000
v 0.047846 0.123978 1.151444 1.0000 1.0000 1.0000
v 0.036651 0.094870 1.162628 1.0000 1.0000 1.0000
v 0.020133 0.059046 1.136783 1.0000 1.0000 1.0000
v -0.000362 0.051768 1.139580 1.0000 1.0000 1.0000
v 0.019607 0.076017 1.169872 1.0000 1.0000 1.0000
v -0.000362 0.069154 1.172508 1.0000 1.0000 1.0000
v -0.000362 0.051768 1.139580 1.0000 1.0000 1.0000
v -0.020857 0.059046 1.136783 1.0000 1.0000 1.0000
v -0.038351 0.078881 1.129163 1.0000 1.0000 1.0000
v -0.020331 0.076017 1.169872 1.0000 1.0000 1.0000
v -0.037375 0.094870 1.162628 1.0000 1.0000 1.0000
v -0.000362 0.069154 1.172508 1.0000 1.0000 1.0000
v -0.049842 0.109269 1.117487 1.0000 1.0000 1.0000
v -0.048570 0.123978 1.151444 1.0000 1.0000 1.0000
v 0.045746 0.138998 1.183909 1.0000 1.0000 1.0000
v 0.035038 0.111885 1.194326 1.0000 1.0000 1.0000
v 0.042861 0.153990 1.214371 1.0000 1.0000 1.0000
v 0.032823 0.129340 1.223842 1.0000 1.0000 1.0000
v 0.018737 0.094571 1.200978 1.0000 1.0000 1.0000
v -0.000362 0.088365 1.203362 1.0000 1.0000 1.0000
v 0.017541 0.113781 1.229820 1.0000 1.0000 1.0000
v -0.000362 0.108275 1.231936 1.0000 1.0000 1.0000
v -0.000362 0.088365 1.203362 1.0000 1.0000 1.0000
v -0.019461 0.094571 1.200978 1.0000 1.0000 1.0000
v -0.035762 0.111885 1.194326 1.0000 1.0000 1.0000
v -0.018265 0.113781 1.229820 1.0000 1.0000 1.0000
v -0.033547 0.129340 1.223842 1.0000 1.0000 1.0000
v -0.000362 0.108275 1.231936 1.0000 1.0000 1.0000
v -0.046470 0.138998 1.183909 1.0000 1.0000 1.0000
v -0.043584 0.153990 1.214371 1.0000 1.0000 1.0000
v 0.039232 0.169083 1.242143 1.0000 1.0000 1.0000
v 0.030037 0.147655 1.250375 1.0000 1.0000 1.0000
v 0.034929 0.183517 1.266965 1.0000 1.0000 1.0000
v 0.026733 0.165712 1.273806 1.0000 1.0000 1.0000
v 0.016038 0.134148 1.255565 1.0000 1.0000 1.0000
v -0.000362 0.129380 1.257397 1.0000 1.0000 1.0000
v 0.014256 0.154482 1.278121 1.0000 1.0000 1.0000
v -0.000362 0.150514 1.279645 1.0000 1.0000 1.0000
v -0.000362 0.129380 1.257397 1.0000 1.0000 1.0000
v -0.016762 0.134148 1.255565 1.0000 1.0000 1.0000
v -0.030761 0.147655 1.250375 1.0000 1.0000 1.0000
v -0.014980 0.154482 1.278121 1.0000 1.0000 1.0000
v -0.027457 0.165712 1.273806 1.0000 1.0000 1.0000
v -0.000362 0.150514 1.279645 1.0000 1.0000 1.0000
v -0.039956 0.169083 1.242143 1.0000 1.0000 1.0000
v -0.035653 0.183517 1.266965 1.0000 1.0000 1.0000
v 0.030020 0.196708 1.288514 1.0000 1.0000 1.0000
v 0.022964 0.182440 1.293996 1.0000 1.0000 1.0000
v 0.024593 0.208554 1.306407 1.0000 1.0000 1.0000
v 0.018797 0.197851 1.310520 1.0000 1.0000 1.0000
v 0.012222 0.173303 1.297507 1.0000 1.0000 1.0000
v -0.000362 0.170024 1.298766 1.0000 1.0000 1.0000
v 0.009975 0.190730 1.313256 1.0000 1.0000 1.0000
v -0.000362 0.188066 1.314279 1.0000 1.0000 1.0000
v -0.000362 0.170024 1.298766 1.0000 1.0000 1.0000
v -0.012946 0.173303 1.297507 1.0000 1.0000 1.0000
v -0.023688 0.182440 1.293996 1.0000 1.0000 1.0000
v -0.010698 0.190730 1.313256 1.0000 1.0000 1.0000
v -0.019521 0.197851 1.310520 1.0000 1.0000 1.0000
v -0.000362 0.188066 1.314279 1.0000 1.0000 1.0000
v -0.030744 0.196708 1.288514 1.0000 1.0000 1.0000
v -0.025316 0.208554 1.306407 1.0000 1.0000 1.0000
v 0.018737 0.218729 1.320348 1.0000 1.0000 1.0000
v 0.014301 0.211404 1.323163 1.0000 1.0000 1.0000
v 0.012688 0.226622 1.330656 1.0000 1.0000 1.0000
v 0.009657 0.222173 1.332366 1.0000 1.0000 1.0000
v 0.007549 0.206059 1.325216 1.0000 1.0000 1.0000
v -0.000362 0.203877 1.326055 1.0000 1.0000 1.0000
v 0.005043 0.218584 1.333745 1.0000 1.0000 1.0000
v -0.000362 0.217000 1.334353 1.0000 1.0000 1.0000
v -0.000362 0.203877 1.326055 1.0000 1.0000 1.0000
v -0.008273 0.206059 1.325216 1.0000 1.0000 1.0000
v -0.015025 0.211404 1.323163 1.0000 1.0000 1.0000
v -0.005767 0.218584 1.333745 1.0000 1.0000 1.0000
v -0.010381 0.222173 1.332366 1.0000 1.0000 1.0000
v -0.000362 0.217000 1.334353 1.0000 1.0000 1.0000
v -0.019461 0.218729 1.320348 1.0000 1.0000 1.0000
v -0.013412 0.226622 1.330656 1.0000 1.0000 1.0000
v 0.006758 0.229923 1.337126 1.0000 1.0000 1.0000
v 0.003295 0.233472 1.340290 1.0000 1.0000 1.0000
v 0.001352 0.231634 1.340997 1.0000 1.0000 1.0000
v 0.002971 0.226364 1.338506 1.0000 1.0000 1.0000
v -0.000362 0.231105 1.341200 1.0000 1.0000 1.0000
v -0.000362 0.225358 1.338910 1.0000 1.0000 1.0000
v -0.000362 0.225358 1.338910 1.0000 1.0000 1.0000
v -0.000362 0.231105 1.341200 1.0000 1.0000 1.0000
v -0.003695 0.226364 1.338506 1.0000 1.0000 1.0000
v -0.002076 0.231634 1.340997 1.0000 1.0000 1.0000
v -0.007482 0.229923 1.337126 1.0000 1.0000 1.0000
v -0.004019 0.233472 1.340290 1.0000 1.0000 1.0000
v -0.045155 0.080142 1.009408 1.0000 1.0000 1.0000
v -0.048050 0.102246 1.040924 1.0000 1.0000 1.0000
v -0.042385 0.063050 0.977241 1.0000 1.0000 1.0000
v -0.039414 0.050194 0.946081 1.0000 1.0000 1.0000
v -0.036462 0.040548 0.916191 1.0000 1.0000 1.0000
v -0.033448 0.033401 0.887643 1.0000 1.0000 1.0000
v -0.030280 0.029233 0.861257 1.0000 1.0000 1.0000
v -0.027398 0.026277 0.839390 1.0000 1.0000 1.0000
v -0.045763 0.120084 1.050888 1.0000 1.0000 1.0000
v 0.013862 0.000000 0.948362 1.0000 1.0000 1.0000
v -0.000362 0.000000 0.964994 1.0000 1.0000 1.0000
v -0.014737 0.000000 0.947541 1.0000 1.0000 1.0000
v -0.000362 0.000000 0.964994 1.0000 1.0000 1.0000
v -0.019251 0.000000 0.926734 1.0000 1.0000 1.0000
v -0.022017 0.000000 0.893510 1.0000 1.0000 1.0000
v -0.022384 0.000000 0.864908 1.0000 1.0000 1.0000
v -0.021650 0.000000 0.841739 1.0000 1.0000 1.0000
v -0.021432 0.000000 0.819599 1.0000 1.0000 1.0000
v 0.022676 -0.058177 0.796843 1.0000 1.0000 1.0000
v 0.026119 -0.031747 0.801548 1.0000 1.0000 1.0000
v 0.026267 -0.057838 0.809715 1.0000 1.0000 1.0000
v 0.028874 -0.036733 0.815471 1.0000 1.0000 1.0000
v 0.024381 -0.066086 0.806678 1.0000 1.0000 1.0000
v 0.023031 -0.071155 0.804138 1.0000 1.0000 1.0000
v 0.022676 -0.058177 0.796843 1.0000 1.0000 1.0000
v 0.024381 -0.066086 0.806678 1.0000 1.0000 1.0000
v 0.010851 -0.069902 0.794339 1.0000 1.0000 1.0000
v 0.011286 -0.080952 0.798797 1.0000 1.0000 1.0000
v -0.000364 -0.073683 0.793806 1.0000 1.0000 1.0000
v -0.000361 -0.083328 0.797222 1.0000 1.0000 1.0000
v -0.010974 -0.069919 0.794368 1.0000 1.0000 1.0000
v -0.000364 -0.073683 0.793806 1.0000 1.0000 1.0000
v -0.011878 -0.080971 0.798739 1.0000 1.0000 1.0000
v -0.000361 -0.083328 0.797222 1.0000 1.0000 1.0000
v -0.023010 -0.058208 0.796607 1.0000 1.0000 1.0000
v -0.024515 -0.071915 0.803665 1.0000 1.0000 1.0000
v -0.024651 -0.067147 0.806165 1.0000 1.0000 1.0000
v -0.022353 -0.044750 0.813564 1.0000 1.0000 1.0000
v -0.021386 -0.036357 0.815637 1.0000 1.0000 1.0000
v -0.021350 -0.037509 0.805303 1.0000 1.0000 1.0000
v -0.020980 -0.031840 0.803295 1.0000 1.0000 1.0000
v -0.025370 -0.057215 0.810006 1.0000 1.0000 1.0000
v -0.024910 -0.049346 0.811984 1.0000 1.0000 1.0000
v -0.024092 -0.045457 0.798937 1.0000 1.0000 1.0000
v -0.023545 -0.039922 0.802892 1.0000 1.0000 1.0000
v -0.023893 -0.030954 0.800935 1.0000 1.0000 1.0000
v 0.025429 -0.018596 0.818541 1.0000 1.0000 1.0000
v 0.022522 -0.013535 0.803556 1.0000 1.0000 1.0000
v 0.018323 -0.004678 0.819914 1.0000 1.0000 1.0000
v 0.013091 -0.000000 0.804889 1.0000 1.0000 1.0000
v 0.014033 0.000000 0.819911 1.0000 1.0000 1.0000
v -0.021762 -0.000001 0.804197 1.0000 1.0000 1.0000
v -0.024412 -0.013702 0.803232 1.0000 1.0000 1.0000
v -0.023436 -0.004108 0.819671 1.0000 1.0000 1.0000
v -0.025217 -0.013852 0.818867 1.0000 1.0000 1.0000
v -0.022071 -0.029767 0.816956 1.0000 1.0000 1.0000
v -0.021350 -0.029719 0.807914 1.0000 1.0000 1.0000
v -0.023520 -0.026659 0.806527 1.0000 1.0000 1.0000
v -0.024570 -0.026202 0.817755 1.0000 1.0000 1.0000
v 0.030950 -0.144767 0.907218 1.0000 1.0000 1.0000
v 0.033952 -0.156860 0.939201 1.0000 1.0000 1.0000
v 0.018417 -0.169520 0.921965 1.0000 1.0000 1.0000
v 0.018756 -0.175347 0.931830 1.0000 1.0000 1.0000
v 0.029834 -0.123635 0.882401 1.0000 1.0000 1.0000
v 0.027123 -0.129926 0.878720 1.0000 1.0000 1.0000
v 0.022297 -0.154152 0.900621 1.0000 1.0000 1.0000
v 0.027754 -0.109412 0.859475 1.0000 1.0000 1.0000
v 0.012560 -0.096476 0.804691 1.0000 1.0000 1.0000
v -0.000353 -0.098148 0.802546 1.0000 1.0000 1.0000
v 0.016922 -0.187897 0.920397 1.0000 1.0000 1.0000
v -0.000371 -0.185571 0.923597 1.0000 1.0000 1.0000
v 0.012840 -0.220525 0.932586 1.0000 1.0000 1.0000
v -0.000362 -0.218832 0.935621 1.0000 1.0000 1.0000
v 0.029022 -0.195163 0.911285 1.0000 1.0000 1.0000
v 0.022509 -0.225349 0.924254 1.0000 1.0000 1.0000
v 0.033569 -0.204072 0.896670 1.0000 1.0000 1.0000
v 0.026048 -0.231996 0.912846 1.0000 1.0000 1.0000
v 0.029023 -0.212616 0.882014 1.0000 1.0000 1.0000
v 0.022510 -0.238646 0.901438 1.0000 1.0000 1.0000
v 0.016602 -0.218871 0.871285 1.0000 1.0000 1.0000
v 0.012843 -0.243515 0.893088 1.0000 1.0000 1.0000
v -0.000364 -0.221160 0.867358 1.0000 1.0000 1.0000
v -0.000362 -0.245297 0.890031 1.0000 1.0000 1.0000
v -0.000362 -0.265885 0.942947 1.0000 1.0000 1.0000
v -0.000362 -0.273783 0.941503 1.0000 1.0000 1.0000
v 0.004106 -0.266488 0.941912 1.0000 1.0000 1.0000
v 0.001498 -0.274034 0.941072 1.0000 1.0000 1.0000
v 0.007377 -0.268135 0.939087 1.0000 1.0000 1.0000
v 0.002860 -0.274720 0.939896 1.0000 1.0000 1.0000
v 0.008574 -0.270386 0.935227 1.0000 1.0000 1.0000
v 0.003358 -0.275657 0.938288 1.0000 1.0000 1.0000
v 0.007377 -0.272636 0.931367 1.0000 1.0000 1.0000
v 0.002860 -0.276594 0.936682 1.0000 1.0000 1.0000
v 0.004106 -0.274284 0.928540 1.0000 1.0000 1.0000
v 0.001498 -0.277280 0.935505 1.0000 1.0000 1.0000
v -0.000362 -0.274887 0.927506 1.0000 1.0000 1.0000
v -0.000362 -0.277530 0.935074 1.0000 1.0000 1.0000
v -0.000362 -0.278098 0.939711 1.0000 1.0000 1.0000
v -0.000362 -0.250742 0.942140 1.0000 1.0000 1.0000
v 0.007578 -0.251813 0.940306 1.0000 1.0000 1.0000
v 0.013390 -0.254738 0.935294 1.0000 1.0000 1.0000
v 0.015517 -0.258736 0.928435 1.0000 1.0000 1.0000
v 0.013390 -0.262735 0.921576 1.0000 1.0000 1.0000
v 0.007578 -0.265662 0.916555 1.0000 1.0000 1.0000
v -0.000362 -0.266733 0.914717 1.0000 1.0000 1.0000
v 0.027123 -0.129926 0.878720 1.0000 1.0000 1.0000
v 0.022297 -0.154152 0.900621 1.0000 1.0000 1.0000
v 0.028946 -0.133583 0.875648 1.0000 1.0000 1.0000
v 0.028676 -0.160465 0.895645 1.0000 1.0000 1.0000
v 0.035680 -0.143194 0.860007 1.0000 1.0000 1.0000
v 0.036042 -0.171883 0.877789 1.0000 1.0000 1.0000
v 0.030851 -0.152702 0.844453 1.0000 1.0000 1.0000
v 0.031165 -0.181100 0.862064 1.0000 1.0000 1.0000
v 0.017658 -0.159269 0.833657 1.0000 1.0000 1.0000
v 0.017840 -0.187842 0.850553 1.0000 1.0000 1.0000
v -0.000363 -0.161737 0.829492 1.0000 1.0000 1.0000
v -0.000362 -0.190299 0.846339 1.0000 1.0000 1.0000
v 0.027754 -0.109412 0.859475 1.0000 1.0000 1.0000
v 0.033269 -0.119104 0.844650 1.0000 1.0000 1.0000
v 0.028624 -0.127539 0.831785 1.0000 1.0000 1.0000
v 0.015882 -0.134087 0.821487 1.0000 1.0000 1.0000
v -0.000368 -0.136368 0.817742 1.0000 1.0000 1.0000
v 0.030407 -0.098945 0.832166 1.0000 1.0000 1.0000
v 0.027977 -0.093559 0.837653 1.0000 1.0000 1.0000
v 0.026216 -0.106218 0.821758 1.0000 1.0000 1.0000
v 0.014044 -0.112250 0.811953 1.0000 1.0000 1.0000
v -0.000359 -0.114193 0.808856 1.0000 1.0000 1.0000
v 0.027086 -0.079215 0.820611 1.0000 1.0000 1.0000
v 0.024527 -0.089024 0.813014 1.0000 1.0000 1.0000
v -0.000367 -0.181267 0.927973 1.0000 1.0000 1.0000
v -0.018392 -0.169767 0.921918 1.0000 1.0000 1.0000
v -0.000362 -0.174031 0.916902 1.0000 1.0000 1.0000
v -0.016749 -0.164205 0.909638 1.0000 1.0000 1.0000
v -0.019441 -0.175347 0.931830 1.0000 1.0000 1.0000
v -0.035773 -0.158674 0.939201 1.0000 1.0000 1.0000
v -0.033652 -0.145906 0.906377 1.0000 1.0000 1.0000
v -0.031358 -0.109483 0.859358 1.0000 1.0000 1.0000
v -0.027769 -0.129927 0.878720 1.0000 1.0000 1.0000
v -0.032646 -0.125863 0.882073 1.0000 1.0000 1.0000
v -0.000371 -0.185571 0.923597 1.0000 1.0000 1.0000
v -0.017356 -0.187966 0.920430 1.0000 1.0000 1.0000
v -0.000362 -0.218832 0.935621 1.0000 1.0000 1.0000
v -0.013569 -0.220524 0.932585 1.0000 1.0000 1.0000
v -0.029751 -0.195135 0.911302 1.0000 1.0000 1.0000
v -0.023234 -0.225348 0.924254 1.0000 1.0000 1.0000
v -0.034298 -0.204072 0.896670 1.0000 1.0000 1.0000
v -0.026772 -0.231996 0.912846 1.0000 1.0000 1.0000
v -0.029752 -0.212616 0.882014 1.0000 1.0000 1.0000
v -0.023234 -0.238646 0.901438 1.0000 1.0000 1.0000
v -0.017331 -0.218871 0.871285 1.0000 1.0000 1.0000
v -0.013567 -0.243515 0.893088 1.0000 1.0000 1.0000
v -0.000364 -0.221160 0.867358 1.0000 1.0000 1.0000
v -0.000362 -0.245297 0.890031 1.0000 1.0000 1.0000
v -0.000362 -0.265885 0.942947 1.0000 1.0000 1.0000
v -0.004830 -0.266488 0.941912 1.0000 1.0000 1.0000
v -0.000362 -0.273783 0.941503 1.0000 1.0000 1.0000
v -0.002222 -0.274034 0.941072 1.0000 1.0000 1.0000
v -0.008101 -0.268135 0.939087 1.0000 1.0000 1.0000
v -0.003584 -0.274720 0.939896 1.0000 1.0000 1.0000
v -0.009298 -0.270386 0.935227 1.0000 1.0000 1.0000
v -0.004082 -0.275657 0.938288 1.0000 1.0000 1.0000
v -0.008101 -0.272636 0.931367 1.0000 1.0000 1.0000
v -0.003584 -0.276594 0.936682 1.0000 1.0000 1.0000
v -0.004830 -0.274284 0.928540 1.0000 1.0000 1.0000
v -0.002222 -0.277280 0.935505 1.0000 1.0000 1.0000
v -0.000362 -0.274887 0.927506 1.0000 1.0000 1.0000
v -0.000362 -0.277530 0.935074 1.0000 1.0000 1.0000
v -0.000362 -0.278098 0.939711 1.0000 1.0000 1.0000
v -0.000362 -0.250742 0.942140 1.0000 1.0000 1.0000
v -0.008303 -0.251814 0.940305 1.0000 1.0000 1.0000
v -0.014114 -0.254738 0.935294 1.0000 1.0000 1.0000
v -0.016241 -0.258736 0.928435 1.0000 1.0000 1.0000
v -0.014114 -0.262735 0.921576 1.0000 1.0000 1.0000
v -0.008301 -0.265662 0.916555 1.0000 1.0000 1.0000
v -0.000362 -0.266733 0.914717 1.0000 1.0000 1.0000
v -0.029354 -0.160426 0.895684 1.0000 1.0000 1.0000
v -0.031575 -0.133572 0.875648 1.0000 1.0000 1.0000
v -0.035937 -0.171883 0.877789 1.0000 1.0000 1.0000
v -0.035090 -0.143164 0.860007 1.0000 1.0000 1.0000
v -0.031889 -0.181096 0.862064 1.0000 1.0000 1.0000
v -0.031575 -0.152681 0.844453 1.0000 1.0000 1.0000
v -0.018564 -0.187842 0.850553 1.0000 1.0000 1.0000
v -0.018384 -0.159269 0.833657 1.0000 1.0000 1.0000
v -0.000362 -0.190299 0.846339 1.0000 1.0000 1.0000
v -0.000363 -0.161737 0.829492 1.0000 1.0000 1.0000
v -0.027769 -0.129927 0.878720 1.0000 1.0000 1.0000
v -0.031358 -0.109483 0.859358 1.0000 1.0000 1.0000
v -0.032862 -0.119209 0.844743 1.0000 1.0000 1.0000
v -0.029412 -0.128150 0.830488 1.0000 1.0000 1.0000
v -0.016618 -0.134087 0.821487 1.0000 1.0000 1.0000
v -0.000368 -0.136368 0.817742 1.0000 1.0000 1.0000
v -0.029433 -0.093390 0.837489 1.0000 1.0000 1.0000
v -0.029677 -0.099248 0.832125 1.0000 1.0000 1.0000
v -0.027978 -0.106863 0.820358 1.0000 1.0000 1.0000
v -0.014761 -0.112247 0.811953 1.0000 1.0000 1.0000
v -0.000359 -0.114193 0.808856 1.0000 1.0000 1.0000
v -0.027483 -0.082092 0.821774 1.0000 1.0000 1.0000
v -0.026413 -0.090758 0.812884 1.0000 1.0000 1.0000
v -0.013243 -0.096453 0.804733 1.0000 1.0000 1.0000
v -0.000353 -0.098148 0.802546 1.0000 1.0000 1.0000
v -0.016749 -0.164205 0.909638 1.0000 1.0000 1.0000
v -0.000362 -0.174031 0.916902 1.0000 1.0000 1.0000
v 0.030224 -0.065629 0.827845 1.0000 1.0000 1.0000
v 0.027086 -0.079215 0.820611 1.0000 1.0000 1.0000
v 0.032828 -0.043907 0.835154 1.0000 1.0000 1.0000
v -0.024216 -0.056526 0.830486 1.0000 1.0000 1.0000
v -0.023336 -0.043393 0.835061 1.0000 1.0000 1.0000
v -0.027483 -0.082092 0.821774 1.0000 1.0000 1.0000
v -0.027846 -0.071743 0.825835 1.0000 1.0000 1.0000
v -0.024651 -0.067147 0.806165 1.0000 1.0000 1.0000
v 0.036415 -0.051148 0.854729 1.0000 1.0000 1.0000
v 0.033516 -0.074938 0.846187 1.0000 1.0000 1.0000
v 0.027977 -0.093559 0.837653 1.0000 1.0000 1.0000
v 0.036916 -0.086358 0.868476 1.0000 1.0000 1.0000
v 0.040113 -0.060028 0.878273 1.0000 1.0000 1.0000
v -0.029433 -0.093390 0.837489 1.0000 1.0000 1.0000
v -0.030772 -0.083252 0.843061 1.0000 1.0000 1.0000
v -0.026634 -0.067787 0.848793 1.0000 1.0000 1.0000
v -0.025520 -0.050800 0.855102 1.0000 1.0000 1.0000
v -0.029772 -0.080813 0.871173 1.0000 1.0000 1.0000
v -0.028296 -0.059530 0.879334 1.0000 1.0000 1.0000
v -0.033998 -0.095190 0.865078 1.0000 1.0000 1.0000
v 0.043595 -0.069167 0.904917 1.0000 1.0000 1.0000
v 0.040122 -0.098122 0.893903 1.0000 1.0000 1.0000
v 0.043083 -0.111050 0.922146 1.0000 1.0000 1.0000
v 0.046810 -0.079758 0.934169 1.0000 1.0000 1.0000
v -0.036884 -0.108091 0.890232 1.0000 1.0000 1.0000
v -0.032738 -0.092754 0.896716 1.0000 1.0000 1.0000
v -0.031358 -0.069227 0.905789 1.0000 1.0000 1.0000
v -0.035675 -0.104415 0.925352 1.0000 1.0000 1.0000
v -0.034414 -0.080062 0.934887 1.0000 1.0000 1.0000
v -0.039564 -0.121686 0.918197 1.0000 1.0000 1.0000
v 0.049702 -0.091885 0.965732 1.0000 1.0000 1.0000
v 0.045746 -0.125267 0.952907 1.0000 1.0000 1.0000
v 0.047846 -0.139588 0.985639 1.0000 1.0000 1.0000
v 0.036651 -0.172811 0.972926 1.0000 1.0000 1.0000
v 0.051982 -0.104686 0.999050 1.0000 1.0000 1.0000
v 0.019607 -0.192342 0.964854 1.0000 1.0000 1.0000
v -0.000362 -0.199570 0.962077 1.0000 1.0000 1.0000
v -0.000367 -0.181267 0.927973 1.0000 1.0000 1.0000
v -0.020331 -0.192342 0.964854 1.0000 1.0000 1.0000
v -0.037375 -0.172811 0.972926 1.0000 1.0000 1.0000
v -0.000362 -0.199570 0.962077 1.0000 1.0000 1.0000
v -0.042329 -0.135617 0.948767 1.0000 1.0000 1.0000
v -0.037405 -0.092142 0.966326 1.0000 1.0000 1.0000
v -0.038616 -0.114869 0.956844 1.0000 1.0000 1.0000
v -0.040333 -0.104881 0.999482 1.0000 1.0000 1.0000
v -0.041338 -0.123639 0.991897 1.0000 1.0000 1.0000
v -0.044722 -0.148722 0.982438 1.0000 1.0000 1.0000
v 0.053363 -0.117946 1.033563 1.0000 1.0000 1.0000
v 0.049118 -0.153769 1.019799 1.0000 1.0000 1.0000
v 0.037627 -0.186864 1.007563 1.0000 1.0000 1.0000
v 0.049547 -0.167532 1.054806 1.0000 1.0000 1.0000
v 0.037957 -0.199411 1.042564 1.0000 1.0000 1.0000
v 0.053829 -0.131437 1.068674 1.0000 1.0000 1.0000
v 0.020133 -0.207356 0.999120 1.0000 1.0000 1.0000
v -0.000362 -0.214775 0.996270 1.0000 1.0000 1.0000
v 0.020311 -0.220865 1.034328 1.0000 1.0000 1.0000
v -0.000362 -0.228313 1.031467 1.0000 1.0000 1.0000
v -0.000362 -0.214775 0.996270 1.0000 1.0000 1.0000
v -0.020857 -0.207356 0.999120 1.0000 1.0000 1.0000
v -0.038351 -0.185564 1.007563 1.0000 1.0000 1.0000
v -0.021035 -0.220865 1.034328 1.0000 1.0000 1.0000
v -0.038680 -0.199411 1.042564 1.0000 1.0000 1.0000
v -0.000362 -0.228313 1.031467 1.0000 1.0000 1.0000
v -0.047042 -0.159000 1.017938 1.0000 1.0000 1.0000
v -0.043220 -0.118254 1.034303 1.0000 1.0000 1.0000
v -0.044197 -0.128558 1.030186 1.0000 1.0000 1.0000
v -0.050271 -0.167532 1.054806 1.0000 1.0000 1.0000
v -0.051442 -0.135220 1.078680 1.0000 1.0000 1.0000
v -0.049093 -0.133339 1.049071 1.0000 1.0000 1.0000
v -0.049284 -0.127580 1.058637 1.0000 1.0000 1.0000
v 0.053363 -0.144927 1.103786 1.0000 1.0000 1.0000
v 0.049118 -0.180586 1.090086 1.0000 1.0000 1.0000
v 0.037627 -0.211050 1.078381 1.0000 1.0000 1.0000
v 0.047846 -0.192405 1.125153 1.0000 1.0000 1.0000
v 0.036651 -0.221513 1.113969 1.0000 1.0000 1.0000
v 0.051982 -0.158192 1.138298 1.0000 1.0000 1.0000
v 0.020133 -0.231272 1.070614 1.0000 1.0000 1.0000
v -0.000362 -0.238551 1.067818 1.0000 1.0000 1.0000
v 0.019607 -0.240366 1.106726 1.0000 1.0000 1.0000
v -0.000362 -0.247229 1.104089 1.0000 1.0000 1.0000
v -0.000362 -0.238551 1.067818 1.0000 1.0000 1.0000
v -0.020857 -0.231272 1.070614 1.0000 1.0000 1.0000
v -0.038351 -0.211050 1.078381 1.0000 1.0000 1.0000
v -0.020331 -0.240366 1.106726 1.0000 1.0000 1.0000
v -0.037375 -0.221513 1.113969 1.0000 1.0000 1.0000
v -0.000362 -0.247229 1.104089 1.0000 1.0000 1.0000
v -0.049842 -0.180586 1.090086 1.0000 1.0000 1.0000
v -0.051973 -0.144927 1.103786 1.0000 1.0000 1.0000
v -0.048570 -0.192405 1.125153 1.0000 1.0000 1.0000
v -0.051548 -0.158192 1.138298 1.0000 1.0000 1.0000
v 0.049702 -0.170998 1.171613 1.0000 1.0000 1.0000
v 0.045746 -0.202998 1.159318 1.0000 1.0000 1.0000
v 0.035038 -0.230012 1.148906 1.0000 1.0000 1.0000
v 0.042861 -0.212222 1.191980 1.0000 1.0000 1.0000
v 0.032823 -0.236526 1.182526 1.0000 1.0000 1.0000
v 0.046568 -0.183132 1.203174 1.0000 1.0000 1.0000
v 0.018737 -0.247250 1.142257 1.0000 1.0000 1.0000
v -0.000362 -0.253459 1.139872 1.0000 1.0000 1.0000
v 0.017541 -0.251839 1.176560 1.0000 1.0000 1.0000
v -0.000362 -0.257345 1.174444 1.0000 1.0000 1.0000
v -0.000362 -0.253459 1.139872 1.0000 1.0000 1.0000
v -0.019461 -0.247250 1.142257 1.0000 1.0000 1.0000
v -0.035762 -0.230012 1.148906 1.0000 1.0000 1.0000
v -0.018265 -0.251839 1.176560 1.0000 1.0000 1.0000
v -0.033547 -0.236526 1.182526 1.0000 1.0000 1.0000
v -0.000362 -0.257345 1.174444 1.0000 1.0000 1.0000
v -0.046470 -0.202998 1.159318 1.0000 1.0000 1.0000
v -0.049963 -0.170998 1.171613 1.0000 1.0000 1.0000
v -0.043584 -0.212222 1.191980 1.0000 1.0000 1.0000
v -0.047292 -0.183132 1.203174 1.0000 1.0000 1.0000
v 0.042629 -0.194383 1.232422 1.0000 1.0000 1.0000
v 0.039232 -0.219623 1.222704 1.0000 1.0000 1.0000
v 0.030037 -0.240668 1.214490 1.0000 1.0000 1.0000
v 0.034929 -0.225609 1.250793 1.0000 1.0000 1.0000
v 0.026733 -0.243291 1.243958 1.0000 1.0000 1.0000
v 0.037957 -0.204563 1.258879 1.0000 1.0000 1.0000
v 0.016038 -0.253973 1.209310 1.0000 1.0000 1.0000
v -0.000362 -0.258740 1.207479 1.0000 1.0000 1.0000
v 0.014256 -0.254391 1.239650 1.0000 1.0000 1.0000
v -0.000362 -0.258364 1.238125 1.0000 1.0000 1.0000
v -0.000362 -0.258740 1.207479 1.0000 1.0000 1.0000
v -0.016762 -0.253973 1.209310 1.0000 1.0000 1.0000
v -0.030761 -0.240668 1.214490 1.0000 1.0000 1.0000
v -0.014980 -0.254391 1.239650 1.0000 1.0000 1.0000
v -0.027457 -0.243291 1.243958 1.0000 1.0000 1.0000
v -0.000362 -0.258364 1.238125 1.0000 1.0000 1.0000
v -0.039956 -0.219623 1.222704 1.0000 1.0000 1.0000
v -0.043353 -0.194383 1.232422 1.0000 1.0000 1.0000
v -0.035653 -0.225609 1.250793 1.0000 1.0000 1.0000
v -0.038680 -0.204563 1.258879 1.0000 1.0000 1.0000
v 0.032626 -0.213484 1.282068 1.0000 1.0000 1.0000
v 0.030020 -0.230260 1.275623 1.0000 1.0000 1.0000
v 0.022964 -0.244527 1.270141 1.0000 1.0000 1.0000
v 0.024593 -0.233468 1.296835 1.0000 1.0000 1.0000
v 0.018797 -0.244170 1.292723 1.0000 1.0000 1.0000
v 0.026733 -0.221011 1.301621 1.0000 1.0000 1.0000
v 0.012222 -0.253663 1.266631 1.0000 1.0000 1.0000
v -0.000362 -0.256941 1.265372 1.0000 1.0000 1.0000
v 0.009975 -0.251290 1.289987 1.0000 1.0000 1.0000
v -0.000362 -0.253954 1.288964 1.0000 1.0000 1.0000
v -0.000362 -0.256941 1.265372 1.0000 1.0000 1.0000
v -0.012946 -0.253663 1.266631 1.0000 1.0000 1.0000
v -0.023688 -0.244527 1.270141 1.0000 1.0000 1.0000
v -0.010698 -0.251290 1.289987 1.0000 1.0000 1.0000
v -0.019521 -0.244170 1.292723 1.0000 1.0000 1.0000
v -0.000362 -0.253954 1.288964 1.0000 1.0000 1.0000
v -0.030744 -0.230260 1.275623 1.0000 1.0000 1.0000
v -0.033350 -0.213484 1.282068 1.0000 1.0000 1.0000
v -0.025316 -0.233468 1.296835 1.0000 1.0000 1.0000
v -0.027457 -0.221011 1.301621 1.0000 1.0000 1.0000
v 0.020375 -0.227010 1.317167 1.0000 1.0000 1.0000
v 0.018737 -0.235290 1.313985 1.0000 1.0000 1.0000
v 0.014301 -0.242613 1.311172 1.0000 1.0000 1.0000
v 0.012688 -0.236374 1.326909 1.0000 1.0000 1.0000
v 0.009657 -0.240823 1.325200 1.0000 1.0000 1.0000
v 0.013807 -0.231498 1.328783 1.0000 1.0000 1.0000
v 0.007549 -0.247955 1.309119 1.0000 1.0000 1.0000
v -0.000362 -0.250137 1.308281 1.0000 1.0000 1.0000
v 0.005043 -0.244411 1.323821 1.0000 1.0000 1.0000
v -0.000362 -0.245994 1.323213 1.0000 1.0000 1.0000
v -0.000362 -0.250137 1.308281 1.0000 1.0000 1.0000
v -0.008273 -0.247955 1.309119 1.0000 1.0000 1.0000
v -0.015025 -0.242613 1.311172 1.0000 1.0000 1.0000
v -0.005767 -0.244411 1.323821 1.0000 1.0000 1.0000
v -0.010381 -0.240823 1.325200 1.0000 1.0000 1.0000
v -0.000362 -0.245994 1.323213 1.0000 1.0000 1.0000
v -0.019461 -0.235290 1.313985 1.0000 1.0000 1.0000
v -0.021099 -0.227010 1.317167 1.0000 1.0000 1.0000
v -0.013412 -0.236374 1.326909 1.0000 1.0000 1.0000
v -0.014531 -0.231498 1.328783 1.0000 1.0000 1.0000
v 0.008377 -0.234097 1.335533 1.0000 1.0000 1.0000
v 0.004131 -0.235610 1.339469 1.0000 1.0000 1.0000
v 0.006758 -0.238264 1.333921 1.0000 1.0000 1.0000
v 0.003295 -0.237747 1.338648 1.0000 1.0000 1.0000
v -0.000362 -0.236731 1.342390 1.0000 1.0000 1.0000
v 0.001352 -0.239584 1.337942 1.0000 1.0000 1.0000
v 0.002971 -0.241832 1.332563 1.0000 1.0000 1.0000
v -0.000362 -0.240114 1.337739 1.0000 1.0000 1.0000
v -0.000362 -0.242848 1.332190 1.0000 1.0000 1.0000
v -0.000362 -0.242848 1.332190 1.0000 1.0000 1.0000
v -0.000362 -0.240114 1.337739 1.0000 1.0000 1.0000
v -0.003695 -0.241832 1.332563 1.0000 1.0000 1.0000
v -0.002076 -0.239584 1.337942 1.0000 1.0000 1.0000
v -0.007482 -0.238264 1.333921 1.0000 1.0000 1.0000
v -0.004019 -0.237747 1.338648 1.0000 1.0000 1.0000
v -0.000362 -0.236731 1.342390 1.0000 1.0000 1.0000
v -0.004855 -0.235610 1.339469 1.0000 1.0000 1.0000
v -0.009101 -0.234097 1.335533 1.0000 1.0000 1.0000
v -0.045154 -0.129850 0.990310 1.0000 1.0000 1.0000
v -0.048049 -0.134534 1.028518 1.0000 1.0000 1.0000
v -0.042385 -0.121007 0.954974 1.0000 1.0000 1.0000
v -0.039414 -0.110423 0.923221 1.0000 1.0000 1.0000
v -0.036462 -0.098676 0.894408 1.0000 1.0000 1.0000
v -0.033453 -0.086662 0.868730 1.0000 1.0000 1.0000
v -0.030289 -0.074322 0.846678 1.0000 1.0000 1.0000
v -0.027403 -0.063076 0.828794 1.0000 1.0000 1.0000
v -0.045763 -0.127968 1.047859 1.0000 1.0000 1.0000
v -0.046032 -0.125389 1.052835 1.0000 1.0000 1.0000
v 0.021352 -0.006371 0.841857 1.0000 1.0000 1.0000
v 0.029625 -0.023679 0.839481 1.0000 1.0000 1.0000
v 0.015509 0.000000 0.842041 1.0000 1.0000 1.0000
v -0.027587 -0.014485 0.840881 1.0000 1.0000 1.0000
v -0.024652 -0.005810 0.841521 1.0000 1.0000 1.0000
v -0.024216 -0.031076 0.838678 1.0000 1.0000 1.0000
v 0.033516 -0.028409 0.861287 1.0000 1.0000 1.0000
v 0.024030 -0.007497 0.864879 1.0000 1.0000 1.0000
v 0.036916 -0.033597 0.887801 1.0000 1.0000 1.0000
v 0.026173 -0.008749 0.892913 1.0000 1.0000 1.0000
v 0.016873 0.000000 0.865209 1.0000 1.0000 1.0000
v 0.018281 0.000000 0.893510 1.0000 1.0000 1.0000
v -0.030161 -0.016308 0.863639 1.0000 1.0000 1.0000
v -0.026334 -0.007092 0.864596 1.0000 1.0000 1.0000
v -0.033317 -0.019793 0.891086 1.0000 1.0000 1.0000
v -0.028250 -0.008310 0.892756 1.0000 1.0000 1.0000
v -0.026634 -0.033936 0.859269 1.0000 1.0000 1.0000
v -0.029772 -0.039358 0.885774 1.0000 1.0000 1.0000
v 0.040122 -0.040115 0.915931 1.0000 1.0000 1.0000
v 0.027040 -0.009470 0.924582 1.0000 1.0000 1.0000
v 0.031575 -0.019415 0.956670 1.0000 1.0000 1.0000
v 0.043083 -0.048465 0.946192 1.0000 1.0000 1.0000
v 0.017918 0.000000 0.926344 1.0000 1.0000 1.0000
v 0.019288 -0.005894 0.962000 1.0000 1.0000 1.0000
v -0.030041 -0.009840 0.924474 1.0000 1.0000 1.0000
v -0.036514 -0.026280 0.920479 1.0000 1.0000 1.0000
v -0.034011 -0.019887 0.956534 1.0000 1.0000 1.0000
v -0.018357 -0.006117 0.961730 1.0000 1.0000 1.0000
v -0.032738 -0.046604 0.913937 1.0000 1.0000 1.0000
v -0.035675 -0.056150 0.943615 1.0000 1.0000 1.0000
v -0.039806 -0.035715 0.950702 1.0000 1.0000 1.0000
v 0.045746 -0.058503 0.978558 1.0000 1.0000 1.0000
v 0.035038 -0.029578 0.989505 1.0000 1.0000 1.0000
v 0.047846 -0.069783 1.012460 1.0000 1.0000 1.0000
v 0.036651 -0.039992 1.023906 1.0000 1.0000 1.0000
v 0.019311 -0.012319 0.996455 1.0000 1.0000 1.0000
v -0.000364 -0.000432 0.969512 1.0000 1.0000 1.0000
v -0.000363 -0.005019 0.999227 1.0000 1.0000 1.0000
v 0.019607 -0.020424 1.031424 1.0000 1.0000 1.0000
v -0.000362 -0.013196 1.034202 1.0000 1.0000 1.0000
v -0.019462 -0.011932 0.996571 1.0000 1.0000 1.0000
v -0.000364 -0.000432 0.969512 1.0000 1.0000 1.0000
v -0.000363 -0.005019 0.999227 1.0000 1.0000 1.0000
v -0.035762 -0.029578 0.989506 1.0000 1.0000 1.0000
v -0.037375 -0.039992 1.023906 1.0000 1.0000 1.0000
v -0.020331 -0.020424 1.031424 1.0000 1.0000 1.0000
v -0.000362 -0.013196 1.034202 1.0000 1.0000 1.0000
v -0.042571 -0.047074 0.982747 1.0000 1.0000 1.0000
v -0.038616 -0.068928 0.974496 1.0000 1.0000 1.0000
v -0.041338 -0.085885 1.006403 1.0000 1.0000 1.0000
v -0.044946 -0.059222 1.016366 1.0000 1.0000 1.0000
v 0.049118 -0.082123 1.047327 1.0000 1.0000 1.0000
v 0.037627 -0.051546 1.059075 1.0000 1.0000 1.0000
v 0.049547 -0.095342 1.082543 1.0000 1.0000 1.0000
v 0.037957 -0.064547 1.094375 1.0000 1.0000 1.0000
v 0.020133 -0.031462 1.066792 1.0000 1.0000 1.0000
v -0.000362 -0.024042 1.069642 1.0000 1.0000 1.0000
v 0.020311 -0.044351 1.102134 1.0000 1.0000 1.0000
v -0.000362 -0.036903 1.104996 1.0000 1.0000 1.0000
v -0.020857 -0.031462 1.066792 1.0000 1.0000 1.0000
v -0.000362 -0.024042 1.069642 1.0000 1.0000 1.0000
v -0.038351 -0.051546 1.059075 1.0000 1.0000 1.0000
v -0.038680 -0.064547 1.094375 1.0000 1.0000 1.0000
v -0.021035 -0.044351 1.102134 1.0000 1.0000 1.0000
v -0.000362 -0.036903 1.104996 1.0000 1.0000 1.0000
v -0.047162 -0.074142 1.050367 1.0000 1.0000 1.0000
v -0.044197 -0.107858 1.038139 1.0000 1.0000 1.0000
v -0.050271 -0.095342 1.082543 1.0000 1.0000 1.0000
v -0.049094 -0.116897 1.055390 1.0000 1.0000 1.0000
v 0.049118 -0.109269 1.117487 1.0000 1.0000 1.0000
v 0.037627 -0.078881 1.129162 1.0000 1.0000 1.0000
v 0.036651 -0.094870 1.162627 1.0000 1.0000 1.0000
v 0.047846 -0.123978 1.151444 1.0000 1.0000 1.0000
v 0.020133 -0.059046 1.136783 1.0000 1.0000 1.0000
v -0.000362 -0.051768 1.139580 1.0000 1.0000 1.0000
v -0.000362 -0.069154 1.172508 1.0000 1.0000 1.0000
v 0.019607 -0.076017 1.169871 1.0000 1.0000 1.0000
v -0.000362 -0.051768 1.139580 1.0000 1.0000 1.0000
v -0.020857 -0.059046 1.136783 1.0000 1.0000 1.0000
v -0.038351 -0.078881 1.129162 1.0000 1.0000 1.0000
v -0.020331 -0.076017 1.169871 1.0000 1.0000 1.0000
v -0.037375 -0.094870 1.162627 1.0000 1.0000 1.0000
v -0.000362 -0.069154 1.172508 1.0000 1.0000 1.0000
v -0.049842 -0.109269 1.117487 1.0000 1.0000 1.0000
v -0.048570 -0.123978 1.151444 1.0000 1.0000 1.0000
v 0.045746 -0.138998 1.183908 1.0000 1.0000 1.0000
v 0.035038 -0.111886 1.194325 1.0000 1.0000 1.0000
v 0.032823 -0.129340 1.223842 1.0000 1.0000 1.0000
v 0.042861 -0.153990 1.214371 1.0000 1.0000 1.0000
v 0.018737 -0.094571 1.200978 1.0000 1.0000 1.0000
v -0.000362 -0.088365 1.203362 1.0000 1.0000 1.0000
v -0.000362 -0.108275 1.231936 1.0000 1.0000 1.0000
v 0.017541 -0.113781 1.229820 1.0000 1.0000 1.0000
v -0.000362 -0.088365 1.203362 1.0000 1.0000 1.0000
v -0.019461 -0.094571 1.200978 1.0000 1.0000 1.0000
v -0.035762 -0.111886 1.194325 1.0000 1.0000 1.0000
v -0.018265 -0.113781 1.229820 1.0000 1.0000 1.0000
v -0.033547 -0.129340 1.223842 1.0000 1.0000 1.0000
v -0.000362 -0.108275 1.231936 1.0000 1.0000 1.0000
v -0.046470 -0.138998 1.183908 1.0000 1.0000 1.0000
v -0.046470 -0.138998 1.183908 1.0000 1.0000 1.0000
v -0.049963 -0.170998 1.171613 1.0000 1.0000 1.0000
v -0.043584 -0.153990 1.214371 1.0000 1.0000 1.0000
v -0.047292 -0.183132 1.203174 1.0000 1.0000 1.0000
v -0.043584 -0.153990 1.214371 1.0000 1.0000 1.0000
v 0.039232 -0.169083 1.242142 1.0000 1.0000 1.0000
v 0.030037 -0.147655 1.250375 1.0000 1.0000 1.0000
v 0.026733 -0.165712 1.273806 1.0000 1.0000 1.0000
v 0.034929 -0.183517 1.266965 1.0000 1.0000 1.0000
v 0.016038 -0.134148 1.255565 1.0000 1.0000 1.0000
v -0.000362 -0.129380 1.257397 1.0000 1.0000 1.0000
v -0.000362 -0.150514 1.279645 1.0000 1.0000 1.0000
v 0.014256 -0.154482 1.278120 1.0000 1.0000 1.0000
v -0.000362 -0.129380 1.257397 1.0000 1.0000 1.0000
v -0.016762 -0.134148 1.255565 1.0000 1.0000 1.0000
v -0.030761 -0.147655 1.250375 1.0000 1.0000 1.0000
v -0.014980 -0.154482 1.278120 1.0000 1.0000 1.0000
v -0.027457 -0.165712 1.273806 1.0000 1.0000 1.0000
v -0.000362 -0.150514 1.279645 1.0000 1.0000 1.0000
v -0.039956 -0.169083 1.242142 1.0000 1.0000 1.0000
v -0.035653 -0.183517 1.266965 1.0000 1.0000 1.0000
v 0.030020 -0.196708 1.288514 1.0000 1.0000 1.0000
v 0.022964 -0.182440 1.293996 1.0000 1.0000 1.0000
v 0.018797 -0.197851 1.310519 1.0000 1.0000 1.0000
v 0.024593 -0.208554 1.306407 1.0000 1.0000 1.0000
v 0.012222 -0.173303 1.297507 1.0000 1.0000 1.0000
v -0.000362 -0.170024 1.298766 1.0000 1.0000 1.0000
v -0.000362 -0.188066 1.314279 1.0000 1.0000 1.0000
v 0.009975 -0.190730 1.313255 1.0000 1.0000 1.0000
v -0.000362 -0.170024 1.298766 1.0000 1.0000 1.0000
v -0.012946 -0.173303 1.297507 1.0000 1.0000 1.0000
v -0.023688 -0.182440 1.293996 1.0000 1.0000 1.0000
v -0.010698 -0.190730 1.313255 1.0000 1.0000 1.0000
v -0.019521 -0.197851 1.310519 1.0000 1.0000 1.0000
v -0.000362 -0.188066 1.314279 1.0000 1.0000 1.0000
v -0.030744 -0.196708 1.288514 1.0000 1.0000 1.0000
v -0.025316 -0.208554 1.306407 1.0000 1.0000 1.0000
v 0.018737 -0.218729 1.320348 1.0000 1.0000 1.0000
v 0.014301 -0.211404 1.323163 1.0000 1.0000 1.0000
v 0.009657 -0.222173 1.332366 1.0000 1.0000 1.0000
v 0.012688 -0.226622 1.330656 1.0000 1.0000 1.0000
v 0.007549 -0.206060 1.325216 1.0000 1.0000 1.0000
v -0.000362 -0.203877 1.326055 1.0000 1.0000 1.0000
v -0.000362 -0.217001 1.334353 1.0000 1.0000 1.0000
v 0.005043 -0.218584 1.333745 1.0000 1.0000 1.0000
v -0.000362 -0.203877 1.326055 1.0000 1.0000 1.0000
v -0.008273 -0.206060 1.325216 1.0000 1.0000 1.0000
v -0.015025 -0.211404 1.323163 1.0000 1.0000 1.0000
v -0.005767 -0.218584 1.333745 1.0000 1.0000 1.0000
v -0.010381 -0.222173 1.332366 1.0000 1.0000 1.0000
v -0.000362 -0.217001 1.334353 1.0000 1.0000 1.0000
v -0.019461 -0.218729 1.320348 1.0000 1.0000 1.0000
v -0.013412 -0.226622 1.330656 1.0000 1.0000 1.0000
v 0.006758 -0.229923 1.337126 1.0000 1.0000 1.0000
v 0.003295 -0.233472 1.340290 1.0000 1.0000 1.0000
v 0.002971 -0.226364 1.338506 1.0000 1.0000 1.0000
v 0.001352 -0.231635 1.340996 1.0000 1.0000 1.0000
v -0.000362 -0.225359 1.338910 1.0000 1.0000 1.0000
v -0.000362 -0.231105 1.341200 1.0000 1.0000 1.0000
v -0.000362 -0.225359 1.338910 1.0000 1.0000 1.0000
v -0.003695 -0.226364 1.338506 1.0000 1.0000 1.0000
v -0.000362 -0.231105 1.341200 1.0000 1.0000 1.0000
v -0.002076 -0.231635 1.340996 1.0000 1.0000 1.0000
v -0.007482 -0.229923 1.337126 1.0000 1.0000 1.0000
v -0.004019 -0.233472 1.340290 1.0000 1.0000 1.0000
v -0.045155 -0.080142 1.009408 1.0000 1.0000 1.0000
v -0.048050 -0.102246 1.040924 1.0000 1.0000 1.0000
v -0.042385 -0.063050 0.977241 1.0000 1.0000 1.0000
v -0.039414 -0.050194 0.946081 1.0000 1.0000 1.0000
v -0.036462 -0.040548 0.916191 1.0000 1.0000 1.0000
v -0.033448 -0.033401 0.887643 1.0000 1.0000 1.0000
v -0.030280 -0.029233 0.861257 1.0000 1.0000 1.0000
v -0.027398 -0.026277 0.839390 1.0000 1.0000 1.0000
v -0.045763 -0.120084 1.050888 1.0000 1.0000 1.0000
v -0.000362 -0.174031 0.916902 1.0000 1.0000 1.0000
v 0.017159 -0.163944 0.909602 1.0000 1.0000 1.0000
v 0.017159 -0.163944 0.909602 1.0000 1.0000 1.0000
v -0.000362 -0.174031 0.916902 1.0000 1.0000 1.0000
v -0.023018 -0.154136 0.900657 1.0000 1.0000 1.0000
v -0.023018 -0.154136 0.900657 1.0000 1.0000 1.0000
v -0.000362 0.000000 0.964994 1.0000 1.0000 1.0000
v 0.013862 0.000000 0.948362 1.0000 1.0000 1.0000
v -0.023010 -0.058208 0.796607 1.0000 1.0000 1.0000
v -0.000362 0.000000 0.964994 1.0000 1.0000 1.0000
v -0.014737 0.000000 0.947541 1.0000 1.0000 1.0000
v -0.019251 0.000000 0.926734 1.0000 1.0000 1.0000
v -0.022017 0.000000 0.893510 1.0000 1.0000 1.0000
v -0.022384 0.000000 0.864908 1.0000 1.0000 1.0000
v -0.021650 0.000000 0.841739 1.0000 1.0000 1.0000
v -0.021432 0.000000 0.819599 1.0000 1.0000 1.0000
v -0.188521 0.023250 0.488046 1.0000 1.0000 1.0000
v -0.187630 -0.000000 0.484514 1.0000 1.0000 1.0000
v -0.188770 0.023975 0.485181 1.0000 1.0000 1.0000
v -0.187772 -0.000000 0.481517 1.0000 1.0000 1.0000
v -0.191309 0.043615 0.491987 1.0000 1.0000 1.0000
v -0.190804 0.042858 0.494620 1.0000 1.0000 1.0000
v -0.195070 0.070758 0.509640 1.0000 1.0000 1.0000
v -0.192733 0.059012 0.501772 1.0000 1.0000 1.0000
v -0.195018 0.071369 0.507033 1.0000 1.0000 1.0000
v -0.192943 0.059720 0.499181 1.0000 1.0000 1.0000
v -0.196174 0.077449 0.516053 1.0000 1.0000 1.0000
v -0.196532 0.077609 0.513166 1.0000 1.0000 1.0000
v -0.195309 0.081624 0.516779 1.0000 1.0000 1.0000
v -0.196504 0.080183 0.514874 1.0000 1.0000 1.0000
v -0.195412 0.078538 0.512446 1.0000 1.0000 1.0000
v -0.193798 0.080207 0.513170 1.0000 1.0000 1.0000
v -0.191774 0.074009 0.505506 1.0000 1.0000 1.0000
v -0.194045 0.072782 0.506110 1.0000 1.0000 1.0000
v -0.191797 0.060982 0.497713 1.0000 1.0000 1.0000
v -0.189168 0.062055 0.496730 1.0000 1.0000 1.0000
v -0.184621 0.024477 0.482163 1.0000 1.0000 1.0000
v -0.186792 0.045418 0.489252 1.0000 1.0000 1.0000
v -0.187376 0.024383 0.483400 1.0000 1.0000 1.0000
v -0.189538 0.044869 0.490401 1.0000 1.0000 1.0000
v -0.183777 0.000000 0.478556 1.0000 1.0000 1.0000
v -0.186449 0.000000 0.479877 1.0000 1.0000 1.0000
v -0.188071 -0.000000 0.479282 1.0000 1.0000 1.0000
v -0.189114 0.024024 0.482945 1.0000 1.0000 1.0000
v -0.191797 0.043951 0.489647 1.0000 1.0000 1.0000
v -0.193506 0.060421 0.497177 1.0000 1.0000 1.0000
v -0.195638 0.072311 0.505498 1.0000 1.0000 1.0000
v -0.195963 0.072290 0.505949 1.0000 1.0000 1.0000
v -0.193878 0.060472 0.497481 1.0000 1.0000 1.0000
v -0.191730 0.044389 0.490025 1.0000 1.0000 1.0000
v -0.189535 0.023961 0.482844 1.0000 1.0000 1.0000
v -0.188637 0.000000 0.479312 1.0000 1.0000 1.0000
v -0.197186 0.078473 0.511619 1.0000 1.0000 1.0000
v -0.197601 0.079634 0.513297 1.0000 1.0000 1.0000
v -0.197211 0.077873 0.512032 1.0000 1.0000 1.0000
v -0.190465 -0.000000 0.478354 1.0000 1.0000 1.0000
v -0.191463 0.023421 0.482018 1.0000 1.0000 1.0000
v -0.188071 -0.000000 0.479282 1.0000 1.0000 1.0000
v -0.189114 0.024024 0.482945 1.0000 1.0000 1.0000
v -0.194030 0.043405 0.489218 1.0000 1.0000 1.0000
v -0.191797 0.043951 0.489647 1.0000 1.0000 1.0000
v -0.195696 0.059991 0.496929 1.0000 1.0000 1.0000
v -0.197810 0.072034 0.505251 1.0000 1.0000 1.0000
v -0.193506 0.060421 0.497177 1.0000 1.0000 1.0000
v -0.195638 0.072311 0.505498 1.0000 1.0000 1.0000
v -0.197186 0.078473 0.511619 1.0000 1.0000 1.0000
v -0.199319 0.078297 0.511416 1.0000 1.0000 1.0000
v -0.197601 0.079634 0.513297 1.0000 1.0000 1.0000
v -0.199273 0.080953 0.513238 1.0000 1.0000 1.0000
v -0.198202 0.079215 0.510682 1.0000 1.0000 1.0000
v -0.197211 0.077873 0.512032 1.0000 1.0000 1.0000
v -0.195963 0.072290 0.505949 1.0000 1.0000 1.0000
v -0.196838 0.073447 0.504328 1.0000 1.0000 1.0000
v -0.193878 0.060472 0.497481 1.0000 1.0000 1.0000
v -0.194550 0.061257 0.495458 1.0000 1.0000 1.0000
v -0.191730 0.044389 0.490025 1.0000 1.0000 1.0000
v -0.192259 0.044667 0.487641 1.0000 1.0000 1.0000
v -0.189535 0.023961 0.482844 1.0000 1.0000 1.0000
v -0.190069 0.023830 0.480237 1.0000 1.0000 1.0000
v -0.188637 0.000000 0.479312 1.0000 1.0000 1.0000
v -0.189142 0.000000 0.476714 1.0000 1.0000 1.0000
v -0.036739 0.143469 0.437512 1.0000 1.0000 1.0000
v -0.034466 0.110956 0.422615 1.0000 1.0000 1.0000
v -0.071971 0.139236 0.442676 1.0000 1.0000 1.0000
v -0.068175 0.104045 0.427093 1.0000 1.0000 1.0000
v -0.155416 0.166078 0.636605 1.0000 1.0000 1.0000
v -0.146025 0.158124 0.669390 1.0000 1.0000 1.0000
v -0.124765 0.195553 0.638147 1.0000 1.0000 1.0000
v -0.117040 0.185378 0.672474 1.0000 1.0000 1.0000
v -0.116816 0.206519 0.529586 1.0000 1.0000 1.0000
v -0.107941 0.205387 0.521660 1.0000 1.0000 1.0000
v -0.135557 0.188867 0.524426 1.0000 1.0000 1.0000
v -0.124435 0.185316 0.503940 1.0000 1.0000 1.0000
v -0.170240 0.126515 0.492752 1.0000 1.0000 1.0000
v -0.180521 0.132320 0.516363 1.0000 1.0000 1.0000
v -0.151153 0.160048 0.501253 1.0000 1.0000 1.0000
v -0.157881 0.164940 0.519397 1.0000 1.0000 1.0000
v -0.045354 0.196833 0.477501 1.0000 1.0000 1.0000
v -0.081752 0.185600 0.477871 1.0000 1.0000 1.0000
v -0.053899 0.216362 0.502409 1.0000 1.0000 1.0000
v -0.089272 0.202627 0.500942 1.0000 1.0000 1.0000
v -0.115853 0.171982 0.481336 1.0000 1.0000 1.0000
v -0.109734 0.156740 0.465862 1.0000 1.0000 1.0000
v -0.138165 0.158992 0.485890 1.0000 1.0000 1.0000
v -0.138806 0.143153 0.475212 1.0000 1.0000 1.0000
v -0.084502 0.216453 0.651284 1.0000 1.0000 1.0000
v -0.093110 0.221940 0.612450 1.0000 1.0000 1.0000
v -0.080975 0.225949 0.624954 1.0000 1.0000 1.0000
v -0.111680 0.215438 0.580553 1.0000 1.0000 1.0000
v -0.116822 0.212036 0.563917 1.0000 1.0000 1.0000
v -0.138192 0.195671 0.583062 1.0000 1.0000 1.0000
v -0.139853 0.193881 0.562306 1.0000 1.0000 1.0000
v -0.073724 0.224977 0.520444 1.0000 1.0000 1.0000
v -0.095664 0.211488 0.520081 1.0000 1.0000 1.0000
v -0.160619 0.170126 0.606287 1.0000 1.0000 1.0000
v -0.134166 0.196759 0.604420 1.0000 1.0000 1.0000
v -0.163431 0.170397 0.560562 1.0000 1.0000 1.0000
v -0.162868 0.171061 0.582226 1.0000 1.0000 1.0000
v -0.119489 0.208732 0.547085 1.0000 1.0000 1.0000
v -0.139757 0.191663 0.543884 1.0000 1.0000 1.0000
v -0.161800 0.168800 0.540184 1.0000 1.0000 1.0000
v -0.040255 0.174643 0.457379 1.0000 1.0000 1.0000
v -0.077150 0.166562 0.460651 1.0000 1.0000 1.0000
v -0.082662 0.205092 0.677143 1.0000 1.0000 1.0000
v -0.104491 0.218681 0.596852 1.0000 1.0000 1.0000
v -0.104657 0.132144 0.449764 1.0000 1.0000 1.0000
v -0.102268 0.097533 0.435231 1.0000 1.0000 1.0000
v -0.065449 0.065030 0.416038 1.0000 1.0000 1.0000
v -0.031575 0.082558 0.413598 1.0000 1.0000 1.0000
v -0.042966 0.041077 0.405953 1.0000 1.0000 1.0000
v -0.023406 0.055730 0.405318 1.0000 1.0000 1.0000
v -0.030334 0.033363 0.403487 1.0000 1.0000 1.0000
v -0.037732 0.024088 0.403704 1.0000 1.0000 1.0000
v -0.042343 0.012740 0.403782 1.0000 1.0000 1.0000
v -0.054145 0.021203 0.406242 1.0000 1.0000 1.0000
v -0.074527 0.028192 0.410773 1.0000 1.0000 1.0000
v -0.077897 -0.000000 0.409966 1.0000 1.0000 1.0000
v -0.057619 -0.000000 0.405635 1.0000 1.0000 1.0000
v -0.044987 -0.000000 0.403684 1.0000 1.0000 1.0000
v -0.208336 0.069259 0.515752 1.0000 1.0000 1.0000
v -0.208545 0.055071 0.509099 1.0000 1.0000 1.0000
v -0.211650 0.067665 0.522733 1.0000 1.0000 1.0000
v -0.214093 0.049880 0.518992 1.0000 1.0000 1.0000
v -0.200125 0.094426 0.516084 1.0000 1.0000 1.0000
v -0.201488 0.084099 0.513646 1.0000 1.0000 1.0000
v -0.205170 0.085506 0.519796 1.0000 1.0000 1.0000
v -0.202666 0.079090 0.513121 1.0000 1.0000 1.0000
v -0.194847 0.092084 0.505391 1.0000 1.0000 1.0000
v -0.199846 0.082491 0.509069 1.0000 1.0000 1.0000
v -0.197248 0.075999 0.500811 1.0000 1.0000 1.0000
v -0.190564 0.082906 0.493822 1.0000 1.0000 1.0000
v -0.194502 0.063554 0.491379 1.0000 1.0000 1.0000
v -0.186890 0.069009 0.482841 1.0000 1.0000 1.0000
v -0.207354 0.038564 0.502103 1.0000 1.0000 1.0000
v -0.207359 0.019511 0.497291 1.0000 1.0000 1.0000
v -0.214988 0.032228 0.515735 1.0000 1.0000 1.0000
v -0.216033 0.015028 0.513052 1.0000 1.0000 1.0000
v -0.181180 0.026103 0.466671 1.0000 1.0000 1.0000
v -0.189686 0.024522 0.475788 1.0000 1.0000 1.0000
v -0.183854 0.049717 0.474270 1.0000 1.0000 1.0000
v -0.192036 0.046147 0.483322 1.0000 1.0000 1.0000
v -0.168427 0.027632 0.455044 1.0000 1.0000 1.0000
v -0.170880 0.052760 0.462116 1.0000 1.0000 1.0000
v -0.100913 0.030890 0.419311 1.0000 1.0000 1.0000
v -0.100291 0.062878 0.425478 1.0000 1.0000 1.0000
v -0.207512 0.000000 0.495092 1.0000 1.0000 1.0000
v -0.216503 0.000005 0.512092 1.0000 1.0000 1.0000
v -0.179691 0.000000 0.462794 1.0000 1.0000 1.0000
v -0.188600 0.000000 0.472141 1.0000 1.0000 1.0000
v -0.167412 -0.000000 0.451723 1.0000 1.0000 1.0000
v -0.149515 0.028610 0.442167 1.0000 1.0000 1.0000
v -0.125692 0.029397 0.428446 1.0000 1.0000 1.0000
v -0.149176 -0.000000 0.439598 1.0000 1.0000 1.0000
v -0.125988 -0.000000 0.427033 1.0000 1.0000 1.0000
v -0.101226 -0.000000 0.417433 1.0000 1.0000 1.0000
v -0.151208 0.056652 0.448532 1.0000 1.0000 1.0000
v -0.178767 0.093947 0.484842 1.0000 1.0000 1.0000
v -0.174060 0.075315 0.470718 1.0000 1.0000 1.0000
v -0.193261 0.110815 0.516655 1.0000 1.0000 1.0000
v -0.204819 0.091016 0.524742 1.0000 1.0000 1.0000
v -0.185416 0.106618 0.499923 1.0000 1.0000 1.0000
v -0.026502 0.249721 0.555315 1.0000 1.0000 1.0000
v -0.036017 0.240735 0.550256 1.0000 1.0000 1.0000
v -0.044429 0.244136 0.535177 1.0000 1.0000 1.0000
v -0.051844 0.234152 0.534206 1.0000 1.0000 1.0000
v -0.050727 0.259415 0.524132 1.0000 1.0000 1.0000
v -0.065683 0.245439 0.519317 1.0000 1.0000 1.0000
v -0.068256 0.233512 0.520742 1.0000 1.0000 1.0000
v -0.036017 0.240735 0.550256 1.0000 1.0000 1.0000
v -0.038850 0.243766 0.570383 1.0000 1.0000 1.0000
v -0.029287 0.250648 0.575662 1.0000 1.0000 1.0000
v -0.021867 0.269584 0.542290 1.0000 1.0000 1.0000
v -0.033274 0.282503 0.529914 1.0000 1.0000 1.0000
v -0.066023 0.272235 0.521648 1.0000 1.0000 1.0000
v -0.050250 0.295023 0.526965 1.0000 1.0000 1.0000
v -0.040329 0.252814 0.597525 1.0000 1.0000 1.0000
v -0.050437 0.242131 0.589717 1.0000 1.0000 1.0000
v -0.038779 0.252678 0.596404 1.0000 1.0000 1.0000
v -0.017459 0.260853 0.561259 1.0000 1.0000 1.0000
v -0.001963 0.283523 0.571112 1.0000 1.0000 1.0000
v -0.022573 0.258306 0.581220 1.0000 1.0000 1.0000
v -0.008644 0.278999 0.591819 1.0000 1.0000 1.0000
v -0.004653 0.293737 0.551592 1.0000 1.0000 1.0000
v -0.016081 0.306631 0.539098 1.0000 1.0000 1.0000
v -0.033033 0.319223 0.535905 1.0000 1.0000 1.0000
v -0.041163 0.289388 0.617764 1.0000 1.0000 1.0000
v -0.021963 0.280862 0.611446 1.0000 1.0000 1.0000
v -0.023428 0.314851 0.624350 1.0000 1.0000 1.0000
v -0.007167 0.307160 0.617306 1.0000 1.0000 1.0000
v 0.005734 0.305111 0.602544 1.0000 1.0000 1.0000
v 0.011836 0.309306 0.583890 1.0000 1.0000 1.0000
v 0.009505 0.318622 0.566317 1.0000 1.0000 1.0000
v -0.000635 0.330561 0.554520 1.0000 1.0000 1.0000
v -0.015866 0.341925 0.551673 1.0000 1.0000 1.0000
v -0.008672 0.336581 0.627591 1.0000 1.0000 1.0000
v 0.004105 0.330842 0.622398 1.0000 1.0000 1.0000
v 0.014624 0.329970 0.611328 1.0000 1.0000 1.0000
v 0.020066 0.334200 0.597346 1.0000 1.0000 1.0000
v 0.018973 0.342396 0.584201 1.0000 1.0000 1.0000
v 0.011637 0.352364 0.575413 1.0000 1.0000 1.0000
v 0.000026 0.361433 0.573337 1.0000 1.0000 1.0000
v 0.003656 0.354912 0.629491 1.0000 1.0000 1.0000
v 0.012187 0.351345 0.626212 1.0000 1.0000 1.0000
v 0.019494 0.351316 0.619297 1.0000 1.0000 1.0000
v 0.023619 0.354832 0.610600 1.0000 1.0000 1.0000
v 0.023456 0.360951 0.602452 1.0000 1.0000 1.0000
v 0.019050 0.368033 0.597034 1.0000 1.0000 1.0000
v 0.011581 0.374180 0.595800 1.0000 1.0000 1.0000
v 0.013644 0.370174 0.629104 1.0000 1.0000 1.0000
v 0.017335 0.368704 0.627743 1.0000 1.0000 1.0000
v 0.020575 0.368841 0.624902 1.0000 1.0000 1.0000
v 0.022497 0.370549 0.621341 1.0000 1.0000 1.0000
v 0.022584 0.373371 0.618014 1.0000 1.0000 1.0000
v 0.020814 0.376549 0.615813 1.0000 1.0000 1.0000
v 0.017661 0.379234 0.615328 1.0000 1.0000 1.0000
v 0.019494 0.379636 0.626442 1.0000 1.0000 1.0000
v -0.024087 0.271014 0.621154 1.0000 1.0000 1.0000
v -0.032072 0.259246 0.607980 1.0000 1.0000 1.0000
v -0.032733 0.276270 0.613876 1.0000 1.0000 1.0000
v -0.035780 0.262690 0.605282 1.0000 1.0000 1.0000
v -0.024478 0.252055 0.637177 1.0000 1.0000 1.0000
v -0.017703 0.263014 0.652147 1.0000 1.0000 1.0000
v -0.039363 0.244282 0.653335 1.0000 1.0000 1.0000
v -0.033072 0.254210 0.665868 1.0000 1.0000 1.0000
v -0.018462 0.281647 0.640613 1.0000 1.0000 1.0000
v -0.041163 0.289388 0.617764 1.0000 1.0000 1.0000
v -0.032447 0.298605 0.637077 1.0000 1.0000 1.0000
v -0.053839 0.258434 0.674016 1.0000 1.0000 1.0000
v -0.042690 0.272895 0.685707 1.0000 1.0000 1.0000
v -0.026641 0.269631 0.679395 1.0000 1.0000 1.0000
v -0.014763 0.276434 0.668764 1.0000 1.0000 1.0000
v -0.015350 0.290834 0.659764 1.0000 1.0000 1.0000
v -0.026158 0.303939 0.656966 1.0000 1.0000 1.0000
v -0.033085 0.285853 0.693149 1.0000 1.0000 1.0000
v -0.022409 0.283681 0.688950 1.0000 1.0000 1.0000
v -0.014507 0.288207 0.681878 1.0000 1.0000 1.0000
v -0.014897 0.297787 0.675891 1.0000 1.0000 1.0000
v -0.022087 0.306504 0.674029 1.0000 1.0000 1.0000
v -0.024702 0.297694 0.697110 1.0000 1.0000 1.0000
v -0.020108 0.296760 0.695303 1.0000 1.0000 1.0000
v -0.016709 0.298708 0.692260 1.0000 1.0000 1.0000
v -0.016876 0.302829 0.689684 1.0000 1.0000 1.0000
v -0.019970 0.306580 0.688883 1.0000 1.0000 1.0000
v -0.019602 0.305240 0.697895 1.0000 1.0000 1.0000
v -0.050437 0.242131 0.589717 1.0000 1.0000 1.0000
v -0.029287 0.250648 0.575662 1.0000 1.0000 1.0000
v -0.107537 0.245395 0.574004 1.0000 1.0000 1.0000
v -0.099553 0.266984 0.580829 1.0000 1.0000 1.0000
v -0.111159 0.248698 0.555690 1.0000 1.0000 1.0000
v -0.100920 0.278358 0.561749 1.0000 1.0000 1.0000
v -0.106824 0.249506 0.536693 1.0000 1.0000 1.0000
v -0.094564 0.282087 0.543449 1.0000 1.0000 1.0000
v -0.095601 0.248054 0.524075 1.0000 1.0000 1.0000
v -0.081415 0.279575 0.529161 1.0000 1.0000 1.0000
v -0.082825 0.246148 0.519274 1.0000 1.0000 1.0000
v -0.066023 0.272235 0.521648 1.0000 1.0000 1.0000
v -0.095673 0.260924 0.587513 1.0000 1.0000 1.0000
v -0.077779 0.278279 0.602903 1.0000 1.0000 1.0000
v -0.080442 0.281543 0.600939 1.0000 1.0000 1.0000
v -0.086787 0.292210 0.588210 1.0000 1.0000 1.0000
v -0.089030 0.302299 0.569624 1.0000 1.0000 1.0000
v -0.082441 0.306452 0.549908 1.0000 1.0000 1.0000
v -0.068246 0.303789 0.534295 1.0000 1.0000 1.0000
v -0.050250 0.295023 0.526965 1.0000 1.0000 1.0000
v -0.058106 0.302011 0.614450 1.0000 1.0000 1.0000
v -0.062508 0.287672 0.612738 1.0000 1.0000 1.0000
v -0.041163 0.289388 0.617764 1.0000 1.0000 1.0000
v -0.069222 0.315778 0.599666 1.0000 1.0000 1.0000
v -0.071912 0.325992 0.580070 1.0000 1.0000 1.0000
v -0.065230 0.330516 0.559301 1.0000 1.0000 1.0000
v -0.051055 0.327866 0.543536 1.0000 1.0000 1.0000
v -0.033033 0.319223 0.535905 1.0000 1.0000 1.0000
v -0.023428 0.314851 0.624350 1.0000 1.0000 1.0000
v -0.038639 0.326268 0.621356 1.0000 1.0000 1.0000
v -0.048779 0.338208 0.609553 1.0000 1.0000 1.0000
v -0.051110 0.347523 0.591958 1.0000 1.0000 1.0000
v -0.045008 0.351718 0.573286 1.0000 1.0000 1.0000
v -0.032108 0.349670 0.558539 1.0000 1.0000 1.0000
v -0.015866 0.341925 0.551673 1.0000 1.0000 1.0000
v -0.008672 0.336581 0.627591 1.0000 1.0000 1.0000
v -0.020284 0.345650 0.625516 1.0000 1.0000 1.0000
v -0.027619 0.355618 0.616727 1.0000 1.0000 1.0000
v -0.028712 0.363814 0.603582 1.0000 1.0000 1.0000
v -0.023270 0.368044 0.589600 1.0000 1.0000 1.0000
v -0.012752 0.367172 0.578530 1.0000 1.0000 1.0000
v 0.000026 0.361433 0.573337 1.0000 1.0000 1.0000
v 0.003656 0.354912 0.629491 1.0000 1.0000 1.0000
v -0.003813 0.361059 0.628257 1.0000 1.0000 1.0000
v -0.008219 0.368141 0.622840 1.0000 1.0000 1.0000
v -0.008381 0.374260 0.614691 1.0000 1.0000 1.0000
v -0.004256 0.377776 0.605994 1.0000 1.0000 1.0000
v 0.003051 0.377747 0.599079 1.0000 1.0000 1.0000
v 0.011581 0.374180 0.595800 1.0000 1.0000 1.0000
v 0.013644 0.370174 0.629104 1.0000 1.0000 1.0000
v 0.010491 0.372859 0.628618 1.0000 1.0000 1.0000
v 0.008721 0.376038 0.626417 1.0000 1.0000 1.0000
v 0.008809 0.378860 0.623090 1.0000 1.0000 1.0000
v 0.010730 0.380568 0.619530 1.0000 1.0000 1.0000
v 0.013970 0.380705 0.616688 1.0000 1.0000 1.0000
v 0.017661 0.379234 0.615328 1.0000 1.0000 1.0000
v 0.019494 0.379636 0.626442 1.0000 1.0000 1.0000
v -0.091809 0.251213 0.634537 1.0000 1.0000 1.0000
v -0.093100 0.269122 0.617849 1.0000 1.0000 1.0000
v -0.100309 0.242237 0.614882 1.0000 1.0000 1.0000
v -0.101397 0.256280 0.597849 1.0000 1.0000 1.0000
v -0.081086 0.277583 0.605278 1.0000 1.0000 1.0000
v -0.077779 0.278279 0.602903 1.0000 1.0000 1.0000
v -0.095673 0.260924 0.587513 1.0000 1.0000 1.0000
v -0.076117 0.235311 0.644434 1.0000 1.0000 1.0000
v -0.079361 0.264648 0.655017 1.0000 1.0000 1.0000
v -0.063453 0.247908 0.661702 1.0000 1.0000 1.0000
v -0.080834 0.284441 0.641557 1.0000 1.0000 1.0000
v -0.063968 0.294102 0.626617 1.0000 1.0000 1.0000
v -0.041163 0.289388 0.617764 1.0000 1.0000 1.0000
v -0.062508 0.287672 0.612738 1.0000 1.0000 1.0000
v -0.053839 0.258434 0.674016 1.0000 1.0000 1.0000
v -0.067825 0.275391 0.670517 1.0000 1.0000 1.0000
v -0.068583 0.294025 0.658939 1.0000 1.0000 1.0000
v -0.053214 0.302828 0.645240 1.0000 1.0000 1.0000
v -0.032447 0.298605 0.637077 1.0000 1.0000 1.0000
v -0.042690 0.272895 0.685707 1.0000 1.0000 1.0000
v -0.053498 0.285999 0.682909 1.0000 1.0000 1.0000
v -0.054084 0.300399 0.673909 1.0000 1.0000 1.0000
v -0.042206 0.307203 0.663278 1.0000 1.0000 1.0000
v -0.026158 0.303939 0.656966 1.0000 1.0000 1.0000
v -0.033085 0.285853 0.693149 1.0000 1.0000 1.0000
v -0.040274 0.294570 0.691287 1.0000 1.0000 1.0000
v -0.040665 0.304150 0.685300 1.0000 1.0000 1.0000
v -0.032763 0.308675 0.678228 1.0000 1.0000 1.0000
v -0.022087 0.306504 0.674029 1.0000 1.0000 1.0000
v -0.024702 0.297694 0.697110 1.0000 1.0000 1.0000
v -0.027796 0.301445 0.696309 1.0000 1.0000 1.0000
v -0.027964 0.305567 0.693733 1.0000 1.0000 1.0000
v -0.024564 0.307515 0.690690 1.0000 1.0000 1.0000
v -0.019970 0.306580 0.688883 1.0000 1.0000 1.0000
v -0.019602 0.305240 0.697895 1.0000 1.0000 1.0000
v -0.032733 0.276270 0.613876 1.0000 1.0000 1.0000
v -0.105158 0.220043 0.521409 1.0000 1.0000 1.0000
v -0.091509 0.224819 0.519229 1.0000 1.0000 1.0000
v -0.113955 0.220800 0.532527 1.0000 1.0000 1.0000
v -0.117000 0.222122 0.550652 1.0000 1.0000 1.0000
v -0.110851 0.226185 0.585156 1.0000 1.0000 1.0000
v -0.114260 0.224206 0.569348 1.0000 1.0000 1.0000
v -0.111680 0.215438 0.580553 1.0000 1.0000 1.0000
v -0.116822 0.212036 0.563917 1.0000 1.0000 1.0000
v -0.076117 0.235311 0.644434 1.0000 1.0000 1.0000
v -0.047559 0.236033 0.639318 1.0000 1.0000 1.0000
v -0.063453 0.247908 0.661702 1.0000 1.0000 1.0000
v 0.159400 0.171624 0.570290 1.0000 1.0000 1.0000
v 0.183400 0.137785 0.570013 1.0000 1.0000 1.0000
v 0.157369 0.169211 0.543771 1.0000 1.0000 1.0000
v 0.180066 0.135995 0.542987 1.0000 1.0000 1.0000
v 0.159151 0.171411 0.602035 1.0000 1.0000 1.0000
v 0.183819 0.137719 0.602083 1.0000 1.0000 1.0000
v 0.201256 0.101582 0.569168 1.0000 1.0000 1.0000
v 0.202489 0.101700 0.602141 1.0000 1.0000 1.0000
v 0.211796 0.068434 0.568199 1.0000 1.0000 1.0000
v 0.196487 0.100217 0.541038 1.0000 1.0000 1.0000
v 0.206103 0.067496 0.539100 1.0000 1.0000 1.0000
v 0.213541 0.068583 0.602164 1.0000 1.0000 1.0000
v 0.218484 0.034781 0.567440 1.0000 1.0000 1.0000
v 0.220488 0.034876 0.602166 1.0000 1.0000 1.0000
v 0.207600 0.066657 0.639354 1.0000 1.0000 1.0000
v 0.194962 0.063710 0.675283 1.0000 1.0000 1.0000
v 0.214126 0.033890 0.640124 1.0000 1.0000 1.0000
v 0.200639 0.032414 0.676788 1.0000 1.0000 1.0000
v 0.155005 0.166509 0.636966 1.0000 1.0000 1.0000
v 0.179017 0.133897 0.637284 1.0000 1.0000 1.0000
v 0.147949 0.158112 0.669858 1.0000 1.0000 1.0000
v 0.169826 0.127704 0.670745 1.0000 1.0000 1.0000
v 0.197085 0.098871 0.638301 1.0000 1.0000 1.0000
v 0.185847 0.094439 0.673091 1.0000 1.0000 1.0000
v 0.138153 0.146659 0.698546 1.0000 1.0000 1.0000
v 0.156126 0.119867 0.700480 1.0000 1.0000 1.0000
v 0.127918 0.134694 0.717744 1.0000 1.0000 1.0000
v 0.136504 0.113874 0.725541 1.0000 1.0000 1.0000
v 0.168500 0.089181 0.704800 1.0000 1.0000 1.0000
v 0.144530 0.085632 0.732806 1.0000 1.0000 1.0000
v 0.175431 0.060380 0.708305 1.0000 1.0000 1.0000
v 0.149596 0.058178 0.737359 1.0000 1.0000 1.0000
v 0.180001 0.030805 0.710463 1.0000 1.0000 1.0000
v 0.152995 0.029747 0.740393 1.0000 1.0000 1.0000
v 0.120618 0.030081 0.765528 1.0000 1.0000 1.0000
v 0.118186 0.059001 0.761410 1.0000 1.0000 1.0000
v 0.083490 0.030508 0.784861 1.0000 1.0000 1.0000
v 0.082145 0.059772 0.779838 1.0000 1.0000 1.0000
v 0.109405 0.117444 0.743831 1.0000 1.0000 1.0000
v 0.107095 0.144597 0.727338 1.0000 1.0000 1.0000
v 0.076422 0.123425 0.756713 1.0000 1.0000 1.0000
v 0.075262 0.153946 0.736698 1.0000 1.0000 1.0000
v 0.114258 0.087199 0.755116 1.0000 1.0000 1.0000
v 0.079447 0.089273 0.771861 1.0000 1.0000 1.0000
v 0.039102 0.127870 0.765511 1.0000 1.0000 1.0000
v 0.038635 0.160036 0.743570 1.0000 1.0000 1.0000
v -0.000362 0.162234 0.746976 1.0000 1.0000 1.0000
v -0.000361 0.129669 0.769547 1.0000 1.0000 1.0000
v 0.044181 0.093072 0.780307 1.0000 1.0000 1.0000
v -0.000375 0.107656 0.780877 1.0000 1.0000 1.0000
v 0.056770 0.059396 0.788046 1.0000 1.0000 1.0000
v 0.024280 0.079217 0.789575 1.0000 1.0000 1.0000
v 0.037256 0.058225 0.793820 1.0000 1.0000 1.0000
v -0.086087 0.029440 0.787150 1.0000 1.0000 1.0000
v -0.058265 0.030171 0.795806 1.0000 1.0000 1.0000
v -0.084212 0.059609 0.782394 1.0000 1.0000 1.0000
v -0.056051 0.059423 0.791085 1.0000 1.0000 1.0000
v -0.000361 0.129669 0.769547 1.0000 1.0000 1.0000
v -0.000362 0.162234 0.746976 1.0000 1.0000 1.0000
v -0.039623 0.127892 0.767024 1.0000 1.0000 1.0000
v -0.040202 0.159960 0.744733 1.0000 1.0000 1.0000
v -0.076792 0.153839 0.738384 1.0000 1.0000 1.0000
v -0.078180 0.123323 0.758241 1.0000 1.0000 1.0000
v -0.042737 0.094199 0.782265 1.0000 1.0000 1.0000
v -0.081434 0.088882 0.773779 1.0000 1.0000 1.0000
v -0.106881 0.144540 0.728307 1.0000 1.0000 1.0000
v -0.109704 0.117379 0.745205 1.0000 1.0000 1.0000
v -0.126442 0.134669 0.718189 1.0000 1.0000 1.0000
v -0.135027 0.113835 0.726155 1.0000 1.0000 1.0000
v -0.115019 0.087122 0.756852 1.0000 1.0000 1.0000
v -0.143441 0.085575 0.733857 1.0000 1.0000 1.0000
v -0.119427 0.058140 0.764056 1.0000 1.0000 1.0000
v -0.149306 0.057344 0.739171 1.0000 1.0000 1.0000
v -0.152716 0.028158 0.742242 1.0000 1.0000 1.0000
v -0.122086 0.028467 0.768043 1.0000 1.0000 1.0000
v -0.194125 0.062850 0.675834 1.0000 1.0000 1.0000
v -0.199550 0.030701 0.677588 1.0000 1.0000 1.0000
v -0.174290 0.059536 0.709427 1.0000 1.0000 1.0000
v -0.178698 0.029166 0.711832 1.0000 1.0000 1.0000
v -0.153613 0.119835 0.700568 1.0000 1.0000 1.0000
v -0.135772 0.146664 0.698470 1.0000 1.0000 1.0000
v -0.167767 0.127690 0.670398 1.0000 1.0000 1.0000
v -0.166335 0.089128 0.705393 1.0000 1.0000 1.0000
v -0.183992 0.094399 0.673205 1.0000 1.0000 1.0000
v -0.001036 0.178884 0.455451 1.0000 1.0000 1.0000
v -0.000229 0.145892 0.434564 1.0000 1.0000 1.0000
v -0.000710 0.113761 0.420363 1.0000 1.0000 1.0000
v 0.022932 0.057561 0.406747 1.0000 1.0000 1.0000
v 0.032034 0.083442 0.414051 1.0000 1.0000 1.0000
v 0.045838 0.042720 0.407039 1.0000 1.0000 1.0000
v 0.077340 0.062919 0.418454 1.0000 1.0000 1.0000
v 0.088430 0.028629 0.416368 1.0000 1.0000 1.0000
v 0.056308 0.019395 0.406597 1.0000 1.0000 1.0000
v 0.041586 0.177158 0.458329 1.0000 1.0000 1.0000
v 0.040748 0.144019 0.437107 1.0000 1.0000 1.0000
v 0.080885 0.168856 0.463357 1.0000 1.0000 1.0000
v 0.080951 0.138529 0.444358 1.0000 1.0000 1.0000
v 0.037730 0.111892 0.423436 1.0000 1.0000 1.0000
v 0.078843 0.106048 0.428881 1.0000 1.0000 1.0000
v 0.114615 0.157422 0.471461 1.0000 1.0000 1.0000
v 0.118180 0.130609 0.456885 1.0000 1.0000 1.0000
v 0.134319 0.144497 0.477980 1.0000 1.0000 1.0000
v 0.144886 0.125380 0.473185 1.0000 1.0000 1.0000
v 0.124067 0.095914 0.445161 1.0000 1.0000 1.0000
v 0.155414 0.094261 0.467044 1.0000 1.0000 1.0000
v 0.128515 0.064119 0.438484 1.0000 1.0000 1.0000
v 0.161158 0.063885 0.462287 1.0000 1.0000 1.0000
v 0.131304 0.032313 0.434224 1.0000 1.0000 1.0000
v 0.164930 0.032649 0.458977 1.0000 1.0000 1.0000
v 0.044845 0.241455 0.568102 1.0000 1.0000 1.0000
v 0.087914 0.227348 0.568135 1.0000 1.0000 1.0000
v 0.044388 0.235262 0.536837 1.0000 1.0000 1.0000
v 0.086949 0.222250 0.539233 1.0000 1.0000 1.0000
v 0.000277 0.246169 0.569028 1.0000 1.0000 1.0000
v -0.001371 0.240058 0.537633 1.0000 1.0000 1.0000
v -0.000209 0.246174 0.598432 1.0000 1.0000 1.0000
v 0.044542 0.241597 0.601543 1.0000 1.0000 1.0000
v 0.087800 0.227356 0.602078 1.0000 1.0000 1.0000
v 0.126480 0.203447 0.569497 1.0000 1.0000 1.0000
v 0.125116 0.199756 0.542089 1.0000 1.0000 1.0000
v 0.126159 0.203269 0.602043 1.0000 1.0000 1.0000
v -0.038850 0.243766 0.570383 1.0000 1.0000 1.0000
v -0.000209 0.246174 0.598432 1.0000 1.0000 1.0000
v -0.050437 0.242131 0.589717 1.0000 1.0000 1.0000
v -0.054355 0.232807 0.630969 1.0000 1.0000 1.0000
v -0.043912 0.228693 0.655240 1.0000 1.0000 1.0000
v -0.043090 0.239311 0.614688 1.0000 1.0000 1.0000
v -0.000362 0.237150 0.643072 1.0000 1.0000 1.0000
v -0.110358 0.168339 0.703083 1.0000 1.0000 1.0000
v -0.078802 0.182843 0.710191 1.0000 1.0000 1.0000
v -0.042866 0.216457 0.680575 1.0000 1.0000 1.0000
v -0.041115 0.191480 0.715019 1.0000 1.0000 1.0000
v -0.000362 0.220056 0.681981 1.0000 1.0000 1.0000
v -0.000362 0.194340 0.716864 1.0000 1.0000 1.0000
v 0.122849 0.196954 0.638118 1.0000 1.0000 1.0000
v 0.085410 0.219689 0.640012 1.0000 1.0000 1.0000
v 0.081849 0.205125 0.676184 1.0000 1.0000 1.0000
v 0.117690 0.185384 0.672262 1.0000 1.0000 1.0000
v 0.043597 0.232919 0.641902 1.0000 1.0000 1.0000
v -0.000362 0.237150 0.643072 1.0000 1.0000 1.0000
v 0.041776 0.216484 0.679830 1.0000 1.0000 1.0000
v -0.000362 0.220056 0.681981 1.0000 1.0000 1.0000
v 0.077766 0.182945 0.708820 1.0000 1.0000 1.0000
v 0.039818 0.191556 0.714032 1.0000 1.0000 1.0000
v -0.000362 0.194340 0.716864 1.0000 1.0000 1.0000
v 0.111179 0.168379 0.702488 1.0000 1.0000 1.0000
v -0.036017 0.240735 0.550256 1.0000 1.0000 1.0000
v -0.051844 0.234152 0.534206 1.0000 1.0000 1.0000
v -0.011530 0.225058 0.504810 1.0000 1.0000 1.0000
v 0.043330 0.222088 0.506611 1.0000 1.0000 1.0000
v 0.084704 0.210830 0.510294 1.0000 1.0000 1.0000
v 0.121458 0.191460 0.514849 1.0000 1.0000 1.0000
v 0.152399 0.163870 0.517603 1.0000 1.0000 1.0000
v 0.173083 0.132109 0.516011 1.0000 1.0000 1.0000
v 0.042231 0.203154 0.481624 1.0000 1.0000 1.0000
v -0.004435 0.205318 0.478739 1.0000 1.0000 1.0000
v 0.082274 0.193899 0.486291 1.0000 1.0000 1.0000
v 0.117230 0.178488 0.492589 1.0000 1.0000 1.0000
v 0.144577 0.155279 0.495760 1.0000 1.0000 1.0000
v 0.161602 0.127714 0.492750 1.0000 1.0000 1.0000
v -0.116816 0.206519 0.529586 1.0000 1.0000 1.0000
v -0.119489 0.208732 0.547085 1.0000 1.0000 1.0000
v -0.107941 0.205387 0.521660 1.0000 1.0000 1.0000
v -0.095664 0.211488 0.520081 1.0000 1.0000 1.0000
v -0.095664 0.211488 0.520081 1.0000 1.0000 1.0000
v -0.091509 0.224819 0.519229 1.0000 1.0000 1.0000
v -0.073724 0.224977 0.520444 1.0000 1.0000 1.0000
v -0.033166 0.244172 0.622754 1.0000 1.0000 1.0000
v -0.032543 0.262333 0.603093 1.0000 1.0000 1.0000
v -0.035780 0.262690 0.605282 1.0000 1.0000 1.0000
v -0.082825 0.246148 0.519274 1.0000 1.0000 1.0000
v -0.038626 0.250895 0.599278 1.0000 1.0000 1.0000
v -0.095963 0.230602 0.618668 1.0000 1.0000 1.0000
v -0.080975 0.225949 0.624954 1.0000 1.0000 1.0000
v -0.093110 0.221940 0.612450 1.0000 1.0000 1.0000
v -0.106463 0.227657 0.597556 1.0000 1.0000 1.0000
v -0.104491 0.218681 0.596852 1.0000 1.0000 1.0000
v -0.034595 0.058522 0.795233 1.0000 1.0000 1.0000
v -0.023783 0.079009 0.790491 1.0000 1.0000 1.0000
v -0.000364 0.088887 0.788913 1.0000 1.0000 1.0000
v 0.055963 0.000000 0.796068 1.0000 1.0000 1.0000
v 0.036554 0.009813 0.800124 1.0000 1.0000 1.0000
v 0.034962 0.000000 0.800434 1.0000 1.0000 1.0000
v 0.040776 0.031104 0.798115 1.0000 1.0000 1.0000
v 0.058776 0.030539 0.793199 1.0000 1.0000 1.0000
v 0.029653 0.037359 0.403782 1.0000 1.0000 1.0000
v 0.016310 0.045728 0.403779 1.0000 1.0000 1.0000
v 0.039356 0.025759 0.403782 1.0000 1.0000 1.0000
v 0.043592 0.013368 0.403764 1.0000 1.0000 1.0000
v -0.001869 0.060373 0.405669 1.0000 1.0000 1.0000
v -0.001205 0.088316 0.412703 1.0000 1.0000 1.0000
v -0.002154 0.048106 0.403779 1.0000 1.0000 1.0000
v -0.018395 0.042350 0.403470 1.0000 1.0000 1.0000
v -0.056291 0.000000 0.798825 1.0000 1.0000 1.0000
v -0.034805 0.000000 0.802515 1.0000 1.0000 1.0000
v -0.035316 0.009130 0.802313 1.0000 1.0000 1.0000
v -0.107531 0.233148 0.595737 1.0000 1.0000 1.0000
v -0.087040 0.000000 0.789027 1.0000 1.0000 1.0000
v -0.123318 0.000000 0.769615 1.0000 1.0000 1.0000
v -0.154173 0.000000 0.743546 1.0000 1.0000 1.0000
v -0.180445 0.000000 0.712943 1.0000 1.0000 1.0000
v -0.201621 0.000000 0.678462 1.0000 1.0000 1.0000
v 0.180797 0.064406 0.484455 1.0000 1.0000 1.0000
v 0.173852 0.095095 0.488241 1.0000 1.0000 1.0000
v 0.187280 0.097608 0.512579 1.0000 1.0000 1.0000
v 0.195497 0.065865 0.509559 1.0000 1.0000 1.0000
v -0.000375 0.107656 0.780877 1.0000 1.0000 1.0000
v -0.000364 0.088887 0.788913 1.0000 1.0000 1.0000
v 0.058351 0.000000 0.406485 1.0000 1.0000 1.0000
v 0.045601 0.000000 0.403782 1.0000 1.0000 1.0000
v 0.090938 -0.000000 0.415690 1.0000 1.0000 1.0000
v 0.132573 -0.000000 0.432721 1.0000 1.0000 1.0000
v 0.166605 0.000000 0.457561 1.0000 1.0000 1.0000
v 0.185411 0.032871 0.481832 1.0000 1.0000 1.0000
v 0.187353 0.000000 0.480579 1.0000 1.0000 1.0000
v 0.203164 0.000000 0.506466 1.0000 1.0000 1.0000
v 0.200940 0.033529 0.507546 1.0000 1.0000 1.0000
v 0.214806 0.000000 0.536895 1.0000 1.0000 1.0000
v 0.212295 0.034305 0.537696 1.0000 1.0000 1.0000
v 0.221188 0.000000 0.566982 1.0000 1.0000 1.0000
v 0.223286 0.000000 0.602161 1.0000 1.0000 1.0000
v 0.216688 0.000000 0.640571 1.0000 1.0000 1.0000
v 0.202821 0.000000 0.677621 1.0000 1.0000 1.0000
v 0.181802 0.000000 0.711553 1.0000 1.0000 1.0000
v 0.154472 0.000000 0.741698 1.0000 1.0000 1.0000
v 0.121845 0.000000 0.767140 1.0000 1.0000 1.0000
v 0.084424 0.000000 0.786767 1.0000 1.0000 1.0000
v -0.037660 0.030634 0.799806 1.0000 1.0000 1.0000
v -0.035499 0.050293 0.796582 1.0000 1.0000 1.0000
v -0.162235 0.107483 0.473139 1.0000 1.0000 1.0000
v -0.155435 0.082875 0.457937 1.0000 1.0000 1.0000
v -0.127448 0.060719 0.435221 1.0000 1.0000 1.0000
v -0.135233 0.121797 0.459531 1.0000 1.0000 1.0000
v -0.130358 0.090611 0.444392 1.0000 1.0000 1.0000
v -0.043090 0.239311 0.614688 1.0000 1.0000 1.0000
v -0.038626 0.250895 0.599278 1.0000 1.0000 1.0000
v -0.054355 0.232807 0.630969 1.0000 1.0000 1.0000
v -0.076117 0.235311 0.644434 1.0000 1.0000 1.0000
v -0.080975 0.225949 0.624954 1.0000 1.0000 1.0000
v -0.195042 -0.000000 0.479822 1.0000 1.0000 1.0000
v -0.195883 0.022937 0.483293 1.0000 1.0000 1.0000
v -0.198074 0.042989 0.490150 1.0000 1.0000 1.0000
v -0.201638 0.071884 0.506455 1.0000 1.0000 1.0000
v -0.199765 0.059700 0.497923 1.0000 1.0000 1.0000
v -0.021762 -0.000001 0.804197 1.0000 1.0000 1.0000
v -0.024412 0.013702 0.803232 1.0000 1.0000 1.0000
v -0.023893 0.030954 0.800934 1.0000 1.0000 1.0000
v -0.024092 0.045457 0.798936 1.0000 1.0000 1.0000
v -0.023010 0.058208 0.796607 1.0000 1.0000 1.0000
v -0.010974 0.069919 0.794368 1.0000 1.0000 1.0000
v -0.000364 0.073683 0.793806 1.0000 1.0000 1.0000
v -0.000364 0.073683 0.793806 1.0000 1.0000 1.0000
v 0.010851 0.069902 0.794339 1.0000 1.0000 1.0000
v 0.022676 0.058177 0.796843 1.0000 1.0000 1.0000
v 0.026119 0.031747 0.801548 1.0000 1.0000 1.0000
v 0.022522 0.013535 0.803556 1.0000 1.0000 1.0000
v 0.013091 -0.000000 0.804889 1.0000 1.0000 1.0000
v -0.187772 -0.000000 0.481517 1.0000 1.0000 1.0000
v -0.187630 -0.000000 0.484514 1.0000 1.0000 1.0000
v -0.188770 -0.023975 0.485181 1.0000 1.0000 1.0000
v -0.188521 -0.023250 0.488047 1.0000 1.0000 1.0000
v -0.191309 -0.043615 0.491987 1.0000 1.0000 1.0000
v -0.190804 -0.042858 0.494620 1.0000 1.0000 1.0000
v -0.195070 -0.070758 0.509640 1.0000 1.0000 1.0000
v -0.195018 -0.071369 0.507033 1.0000 1.0000 1.0000
v -0.192733 -0.059012 0.501772 1.0000 1.0000 1.0000
v -0.192943 -0.059720 0.499181 1.0000 1.0000 1.0000
v -0.196532 -0.077609 0.513166 1.0000 1.0000 1.0000
v -0.196174 -0.077449 0.516053 1.0000 1.0000 1.0000
v -0.195309 -0.081624 0.516779 1.0000 1.0000 1.0000
v -0.196504 -0.080183 0.514874 1.0000 1.0000 1.0000
v -0.193798 -0.080207 0.513170 1.0000 1.0000 1.0000
v -0.195412 -0.078538 0.512446 1.0000 1.0000 1.0000
v -0.194046 -0.072782 0.506110 1.0000 1.0000 1.0000
v -0.191774 -0.074009 0.505506 1.0000 1.0000 1.0000
v -0.189168 -0.062055 0.496730 1.0000 1.0000 1.0000
v -0.191797 -0.060982 0.497713 1.0000 1.0000 1.0000
v -0.184621 -0.024477 0.482163 1.0000 1.0000 1.0000
v -0.187376 -0.024383 0.483400 1.0000 1.0000 1.0000
v -0.186792 -0.045418 0.489252 1.0000 1.0000 1.0000
v -0.189538 -0.044869 0.490401 1.0000 1.0000 1.0000
v -0.183777 0.000000 0.478556 1.0000 1.0000 1.0000
v -0.186449 0.000000 0.479877 1.0000 1.0000 1.0000
v -0.189114 -0.024024 0.482945 1.0000 1.0000 1.0000
v -0.188071 -0.000000 0.479282 1.0000 1.0000 1.0000
v -0.191797 -0.043951 0.489647 1.0000 1.0000 1.0000
v -0.193506 -0.060421 0.497177 1.0000 1.0000 1.0000
v -0.195638 -0.072311 0.505498 1.0000 1.0000 1.0000
v -0.195963 -0.072290 0.505949 1.0000 1.0000 1.0000
v -0.193878 -0.060473 0.497481 1.0000 1.0000 1.0000
v -0.191730 -0.044389 0.490025 1.0000 1.0000 1.0000
v -0.189535 -0.023961 0.482844 1.0000 1.0000 1.0000
v -0.188637 0.000000 0.479312 1.0000 1.0000 1.0000
v -0.197186 -0.078473 0.511619 1.0000 1.0000 1.0000
v -0.197601 -0.079634 0.513297 1.0000 1.0000 1.0000
v -0.197211 -0.077873 0.512032 1.0000 1.0000 1.0000
v -0.189114 -0.024024 0.482945 1.0000 1.0000 1.0000
v -0.191463 -0.023421 0.482018 1.0000 1.0000 1.0000
v -0.188071 -0.000000 0.479282 1.0000 1.0000 1.0000
v -0.190465 -0.000000 0.478354 1.0000 1.0000 1.0000
v -0.191797 -0.043951 0.489647 1.0000 1.0000 1.0000
v -0.194030 -0.043405 0.489218 1.0000 1.0000 1.0000
v -0.195696 -0.059991 0.496929 1.0000 1.0000 1.0000
v -0.193506 -0.060421 0.497177 1.0000 1.0000 1.0000
v -0.197810 -0.072034 0.505251 1.0000 1.0000 1.0000
v -0.195638 -0.072311 0.505498 1.0000 1.0000 1.0000
v -0.197186 -0.078473 0.511619 1.0000 1.0000 1.0000
v -0.199319 -0.078297 0.511416 1.0000 1.0000 1.0000
v -0.197601 -0.079634 0.513297 1.0000 1.0000 1.0000
v -0.199273 -0.080953 0.513238 1.0000 1.0000 1.0000
v -0.197211 -0.077873 0.512032 1.0000 1.0000 1.0000
v -0.198202 -0.079215 0.510682 1.0000 1.0000 1.0000
v -0.195963 -0.072290 0.505949 1.0000 1.0000 1.0000
v -0.196838 -0.073447 0.504328 1.0000 1.0000 1.0000
v -0.193878 -0.060473 0.497481 1.0000 1.0000 1.0000
v -0.194550 -0.061257 0.495458 1.0000 1.0000 1.0000
v -0.191730 -0.044389 0.490025 1.0000 1.0000 1.0000
v -0.189535 -0.023961 0.482844 1.0000 1.0000 1.0000
v -0.192259 -0.044667 0.487641 1.0000 1.0000 1.0000
v -0.190069 -0.023830 0.480237 1.0000 1.0000 1.0000
v -0.188637 0.000000 0.479312 1.0000 1.0000 1.0000
v -0.189142 0.000000 0.476714 1.0000 1.0000 1.0000
v -0.068175 -0.104045 0.427093 1.0000 1.0000 1.0000
v -0.034466 -0.110956 0.422615 1.0000 1.0000 1.0000
v -0.071971 -0.139236 0.442676 1.0000 1.0000 1.0000
v -0.036739 -0.143469 0.437512 1.0000 1.0000 1.0000
v -0.117040 -0.185378 0.672474 1.0000 1.0000 1.0000
v -0.146025 -0.158124 0.669390 1.0000 1.0000 1.0000
v -0.124765 -0.195553 0.638147 1.0000 1.0000 1.0000
v -0.155416 -0.166078 0.636605 1.0000 1.0000 1.0000
v -0.116816 -0.206519 0.529586 1.0000 1.0000 1.0000
v -0.135557 -0.188867 0.524426 1.0000 1.0000 1.0000
v -0.107941 -0.205387 0.521660 1.0000 1.0000 1.0000
v -0.124435 -0.185316 0.503940 1.0000 1.0000 1.0000
v -0.157881 -0.164940 0.519397 1.0000 1.0000 1.0000
v -0.180521 -0.132320 0.516363 1.0000 1.0000 1.0000
v -0.151153 -0.160048 0.501253 1.0000 1.0000 1.0000
v -0.170240 -0.126515 0.492752 1.0000 1.0000 1.0000
v -0.045354 -0.196833 0.477501 1.0000 1.0000 1.0000
v -0.053899 -0.216362 0.502409 1.0000 1.0000 1.0000
v -0.081752 -0.185600 0.477871 1.0000 1.0000 1.0000
v -0.089272 -0.202627 0.500942 1.0000 1.0000 1.0000
v -0.115853 -0.171982 0.481336 1.0000 1.0000 1.0000
v -0.138165 -0.158992 0.485890 1.0000 1.0000 1.0000
v -0.109734 -0.156740 0.465862 1.0000 1.0000 1.0000
v -0.138806 -0.143153 0.475212 1.0000 1.0000 1.0000
v -0.093110 -0.221940 0.612450 1.0000 1.0000 1.0000
v -0.084502 -0.216453 0.651284 1.0000 1.0000 1.0000
v -0.080975 -0.225949 0.624954 1.0000 1.0000 1.0000
v -0.111680 -0.215438 0.580553 1.0000 1.0000 1.0000
v -0.138192 -0.195671 0.583062 1.0000 1.0000 1.0000
v -0.116822 -0.212036 0.563917 1.0000 1.0000 1.0000
v -0.139853 -0.193881 0.562306 1.0000 1.0000 1.0000
v -0.095664 -0.211488 0.520081 1.0000 1.0000 1.0000
v -0.073724 -0.224977 0.520444 1.0000 1.0000 1.0000
v -0.160619 -0.170126 0.606287 1.0000 1.0000 1.0000
v -0.134166 -0.196759 0.604420 1.0000 1.0000 1.0000
v -0.162868 -0.171061 0.582226 1.0000 1.0000 1.0000
v -0.163431 -0.170397 0.560562 1.0000 1.0000 1.0000
v -0.119489 -0.208732 0.547085 1.0000 1.0000 1.0000
v -0.139757 -0.191663 0.543884 1.0000 1.0000 1.0000
v -0.161800 -0.168800 0.540184 1.0000 1.0000 1.0000
v -0.040255 -0.174643 0.457379 1.0000 1.0000 1.0000
v -0.077150 -0.166562 0.460651 1.0000 1.0000 1.0000
v -0.082662 -0.205092 0.677143 1.0000 1.0000 1.0000
v -0.104491 -0.218681 0.596852 1.0000 1.0000 1.0000
v -0.104657 -0.132144 0.449764 1.0000 1.0000 1.0000
v -0.102268 -0.097533 0.435231 1.0000 1.0000 1.0000
v -0.023406 -0.055730 0.405318 1.0000 1.0000 1.0000
v -0.031575 -0.082558 0.413598 1.0000 1.0000 1.0000
v -0.042966 -0.041077 0.405953 1.0000 1.0000 1.0000
v -0.065449 -0.065030 0.416038 1.0000 1.0000 1.0000
v -0.030334 -0.033363 0.403487 1.0000 1.0000 1.0000
v -0.018395 -0.042350 0.403470 1.0000 1.0000 1.0000
v -0.042343 -0.012740 0.403782 1.0000 1.0000 1.0000
v -0.037732 -0.024088 0.403704 1.0000 1.0000 1.0000
v -0.054145 -0.021203 0.406242 1.0000 1.0000 1.0000
v -0.074527 -0.028192 0.410773 1.0000 1.0000 1.0000
v -0.077897 -0.000000 0.409966 1.0000 1.0000 1.0000
v -0.057619 -0.000000 0.405635 1.0000 1.0000 1.0000
v -0.044987 -0.000000 0.403684 1.0000 1.0000 1.0000
v -0.202667 -0.079090 0.513121 1.0000 1.0000 1.0000
v -0.201488 -0.084099 0.513646 1.0000 1.0000 1.0000
v -0.205170 -0.085506 0.519796 1.0000 1.0000 1.0000
v -0.200125 -0.094426 0.516084 1.0000 1.0000 1.0000
v -0.199846 -0.082491 0.509069 1.0000 1.0000 1.0000
v -0.194847 -0.092084 0.505391 1.0000 1.0000 1.0000
v -0.197248 -0.075999 0.500811 1.0000 1.0000 1.0000
v -0.194502 -0.063554 0.491379 1.0000 1.0000 1.0000
v -0.190565 -0.082906 0.493821 1.0000 1.0000 1.0000
v -0.186890 -0.069009 0.482841 1.0000 1.0000 1.0000
v -0.192036 -0.046147 0.483322 1.0000 1.0000 1.0000
v -0.189686 -0.024522 0.475788 1.0000 1.0000 1.0000
v -0.183854 -0.049717 0.474270 1.0000 1.0000 1.0000
v -0.181180 -0.026103 0.466671 1.0000 1.0000 1.0000
v -0.168427 -0.027632 0.455044 1.0000 1.0000 1.0000
v -0.170880 -0.052760 0.462116 1.0000 1.0000 1.0000
v -0.100913 -0.030890 0.419311 1.0000 1.0000 1.0000
v -0.100291 -0.062878 0.425478 1.0000 1.0000 1.0000
v -0.188600 0.000000 0.472141 1.0000 1.0000 1.0000
v -0.179691 0.000000 0.462794 1.0000 1.0000 1.0000
v -0.167412 -0.000000 0.451723 1.0000 1.0000 1.0000
v -0.125988 -0.000000 0.427033 1.0000 1.0000 1.0000
v -0.125692 -0.029397 0.428446 1.0000 1.0000 1.0000
v -0.149176 -0.000000 0.439598 1.0000 1.0000 1.0000
v -0.149515 -0.028610 0.442167 1.0000 1.0000 1.0000
v -0.101226 -0.000000 0.417433 1.0000 1.0000 1.0000
v -0.151208 -0.056652 0.448532 1.0000 1.0000 1.0000
v -0.174060 -0.075315 0.470718 1.0000 1.0000 1.0000
v -0.178767 -0.093947 0.484842 1.0000 1.0000 1.0000
v -0.193261 -0.110815 0.516655 1.0000 1.0000 1.0000
v -0.204819 -0.091016 0.524742 1.0000 1.0000 1.0000
v -0.185416 -0.106618 0.499923 1.0000 1.0000 1.0000
v -0.204338 -0.097222 0.530734 1.0000 1.0000 1.0000
v -0.051844 -0.234152 0.534206 1.0000 1.0000 1.0000
v -0.036017 -0.240735 0.550256 1.0000 1.0000 1.0000
v -0.044429 -0.244136 0.535167 1.0000 1.0000 1.0000
v -0.026502 -0.249721 0.555316 1.0000 1.0000 1.0000
v -0.050727 -0.259415 0.524132 1.0000 1.0000 1.0000
v -0.065683 -0.245439 0.519317 1.0000 1.0000 1.0000
v -0.068256 -0.233512 0.520742 1.0000 1.0000 1.0000
v -0.029287 -0.250648 0.575652 1.0000 1.0000 1.0000
v -0.026502 -0.249721 0.555316 1.0000 1.0000 1.0000
v -0.038850 -0.243766 0.570383 1.0000 1.0000 1.0000
v -0.036017 -0.240735 0.550256 1.0000 1.0000 1.0000
v -0.021867 -0.269584 0.542290 1.0000 1.0000 1.0000
v -0.033274 -0.282503 0.529914 1.0000 1.0000 1.0000
v -0.066023 -0.272235 0.521648 1.0000 1.0000 1.0000
v -0.050250 -0.295023 0.526965 1.0000 1.0000 1.0000
v -0.040329 -0.252814 0.597525 1.0000 1.0000 1.0000
v -0.038779 -0.252678 0.596423 1.0000 1.0000 1.0000
v -0.050437 -0.242131 0.589717 1.0000 1.0000 1.0000
v -0.008644 -0.278999 0.591818 1.0000 1.0000 1.0000
v -0.001963 -0.283523 0.571111 1.0000 1.0000 1.0000
v -0.022573 -0.258306 0.581196 1.0000 1.0000 1.0000
v -0.017459 -0.260853 0.561257 1.0000 1.0000 1.0000
v -0.004653 -0.293737 0.551592 1.0000 1.0000 1.0000
v -0.016081 -0.306631 0.539098 1.0000 1.0000 1.0000
v -0.033033 -0.319223 0.535904 1.0000 1.0000 1.0000
v -0.041163 -0.289388 0.617764 1.0000 1.0000 1.0000
v -0.023428 -0.314851 0.624350 1.0000 1.0000 1.0000
v -0.021963 -0.280862 0.611445 1.0000 1.0000 1.0000
v -0.007167 -0.307160 0.617306 1.0000 1.0000 1.0000
v 0.005734 -0.305111 0.602544 1.0000 1.0000 1.0000
v 0.011836 -0.309306 0.583890 1.0000 1.0000 1.0000
v 0.009505 -0.318622 0.566317 1.0000 1.0000 1.0000
v -0.000635 -0.330561 0.554520 1.0000 1.0000 1.0000
v -0.015866 -0.341925 0.551673 1.0000 1.0000 1.0000
v -0.008672 -0.336581 0.627591 1.0000 1.0000 1.0000
v 0.004105 -0.330842 0.622398 1.0000 1.0000 1.0000
v 0.014624 -0.329970 0.611328 1.0000 1.0000 1.0000
v 0.020066 -0.334199 0.597346 1.0000 1.0000 1.0000
v 0.018973 -0.342396 0.584201 1.0000 1.0000 1.0000
v 0.011637 -0.352364 0.575413 1.0000 1.0000 1.0000
v 0.000026 -0.361433 0.573337 1.0000 1.0000 1.0000
v 0.003656 -0.354912 0.629492 1.0000 1.0000 1.0000
v 0.012187 -0.351345 0.626212 1.0000 1.0000 1.0000
v 0.019494 -0.351316 0.619297 1.0000 1.0000 1.0000
v 0.023619 -0.354832 0.610600 1.0000 1.0000 1.0000
v 0.023456 -0.360950 0.602451 1.0000 1.0000 1.0000
v 0.019050 -0.368033 0.597034 1.0000 1.0000 1.0000
v 0.011581 -0.374180 0.595800 1.0000 1.0000 1.0000
v 0.013644 -0.370174 0.629104 1.0000 1.0000 1.0000
v 0.017335 -0.368704 0.627743 1.0000 1.0000 1.0000
v 0.020575 -0.368841 0.624902 1.0000 1.0000 1.0000
v 0.022496 -0.370549 0.621341 1.0000 1.0000 1.0000
v 0.022584 -0.373371 0.618014 1.0000 1.0000 1.0000
v 0.020814 -0.376549 0.615813 1.0000 1.0000 1.0000
v 0.017661 -0.379234 0.615328 1.0000 1.0000 1.0000
v 0.019494 -0.379636 0.626442 1.0000 1.0000 1.0000
v -0.024087 -0.271014 0.621154 1.0000 1.0000 1.0000
v -0.032733 -0.276270 0.613876 1.0000 1.0000 1.0000
v -0.032072 -0.259246 0.607980 1.0000 1.0000 1.0000
v -0.035780 -0.262690 0.605306 1.0000 1.0000 1.0000
v -0.024478 -0.252055 0.637177 1.0000 1.0000 1.0000
v -0.039363 -0.244282 0.653335 1.0000 1.0000 1.0000
v -0.017703 -0.263014 0.652147 1.0000 1.0000 1.0000
v -0.033072 -0.254210 0.665868 1.0000 1.0000 1.0000
v -0.018462 -0.281647 0.640613 1.0000 1.0000 1.0000
v -0.032447 -0.298605 0.637076 1.0000 1.0000 1.0000
v -0.041163 -0.289388 0.617764 1.0000 1.0000 1.0000
v -0.053839 -0.258434 0.674016 1.0000 1.0000 1.0000
v -0.042690 -0.272895 0.685707 1.0000 1.0000 1.0000
v -0.026641 -0.269631 0.679395 1.0000 1.0000 1.0000
v -0.014763 -0.276434 0.668764 1.0000 1.0000 1.0000
v -0.015350 -0.290834 0.659764 1.0000 1.0000 1.0000
v -0.026158 -0.303939 0.656966 1.0000 1.0000 1.0000
v -0.033085 -0.285853 0.693149 1.0000 1.0000 1.0000
v -0.022409 -0.283681 0.688950 1.0000 1.0000 1.0000
v -0.014507 -0.288207 0.681878 1.0000 1.0000 1.0000
v -0.014897 -0.297787 0.675891 1.0000 1.0000 1.0000
v -0.022087 -0.306504 0.674030 1.0000 1.0000 1.0000
v -0.024702 -0.297694 0.697110 1.0000 1.0000 1.0000
v -0.020108 -0.296760 0.695303 1.0000 1.0000 1.0000
v -0.016709 -0.298708 0.692260 1.0000 1.0000 1.0000
v -0.016876 -0.302829 0.689684 1.0000 1.0000 1.0000
v -0.019970 -0.306581 0.688883 1.0000 1.0000 1.0000
v -0.019602 -0.305240 0.697895 1.0000 1.0000 1.0000
v -0.029287 -0.250648 0.575652 1.0000 1.0000 1.0000
v -0.050437 -0.242131 0.589717 1.0000 1.0000 1.0000
v -0.038850 -0.243766 0.570383 1.0000 1.0000 1.0000
v -0.107537 -0.245395 0.574004 1.0000 1.0000 1.0000
v -0.111159 -0.248698 0.555690 1.0000 1.0000 1.0000
v -0.099553 -0.266984 0.580829 1.0000 1.0000 1.0000
v -0.100920 -0.278358 0.561749 1.0000 1.0000 1.0000
v -0.106824 -0.249506 0.536693 1.0000 1.0000 1.0000
v -0.094564 -0.282087 0.543449 1.0000 1.0000 1.0000
v -0.095601 -0.248054 0.524075 1.0000 1.0000 1.0000
v -0.081415 -0.279575 0.529161 1.0000 1.0000 1.0000
v -0.082825 -0.246148 0.519274 1.0000 1.0000 1.0000
v -0.066023 -0.272235 0.521648 1.0000 1.0000 1.0000
v -0.095673 -0.260924 0.587513 1.0000 1.0000 1.0000
v -0.080442 -0.281542 0.600939 1.0000 1.0000 1.0000
v -0.077779 -0.278279 0.602903 1.0000 1.0000 1.0000
v -0.086787 -0.292210 0.588209 1.0000 1.0000 1.0000
v -0.089030 -0.302299 0.569623 1.0000 1.0000 1.0000
v -0.082441 -0.306452 0.549908 1.0000 1.0000 1.0000
v -0.068246 -0.303789 0.534294 1.0000 1.0000 1.0000
v -0.050250 -0.295023 0.526965 1.0000 1.0000 1.0000
v -0.058106 -0.302011 0.614450 1.0000 1.0000 1.0000
v -0.041163 -0.289388 0.617764 1.0000 1.0000 1.0000
v -0.062508 -0.287672 0.612737 1.0000 1.0000 1.0000
v -0.071912 -0.325991 0.580070 1.0000 1.0000 1.0000
v -0.069222 -0.315778 0.599666 1.0000 1.0000 1.0000
v -0.065230 -0.330516 0.559301 1.0000 1.0000 1.0000
v -0.051055 -0.327865 0.543535 1.0000 1.0000 1.0000
v -0.033033 -0.319223 0.535904 1.0000 1.0000 1.0000
v -0.038639 -0.326268 0.621356 1.0000 1.0000 1.0000
v -0.023428 -0.314851 0.624350 1.0000 1.0000 1.0000
v -0.048779 -0.338208 0.609553 1.0000 1.0000 1.0000
v -0.051110 -0.347523 0.591958 1.0000 1.0000 1.0000
v -0.045008 -0.351718 0.573286 1.0000 1.0000 1.0000
v -0.032108 -0.349670 0.558539 1.0000 1.0000 1.0000
v -0.015866 -0.341925 0.551673 1.0000 1.0000 1.0000
v -0.020284 -0.345650 0.625516 1.0000 1.0000 1.0000
v -0.008672 -0.336581 0.627591 1.0000 1.0000 1.0000
v -0.027619 -0.355618 0.616727 1.0000 1.0000 1.0000
v -0.028712 -0.363814 0.603581 1.0000 1.0000 1.0000
v -0.023270 -0.368044 0.589600 1.0000 1.0000 1.0000
v -0.012752 -0.367172 0.578530 1.0000 1.0000 1.0000
v 0.000026 -0.361433 0.573337 1.0000 1.0000 1.0000
v -0.003813 -0.361059 0.628257 1.0000 1.0000 1.0000
v 0.003656 -0.354912 0.629492 1.0000 1.0000 1.0000
v -0.008219 -0.368141 0.622840 1.0000 1.0000 1.0000
v -0.008381 -0.374260 0.614691 1.0000 1.0000 1.0000
v -0.004256 -0.377776 0.605994 1.0000 1.0000 1.0000
v 0.003051 -0.377747 0.599079 1.0000 1.0000 1.0000
v 0.011581 -0.374180 0.595800 1.0000 1.0000 1.0000
v 0.010491 -0.372859 0.628618 1.0000 1.0000 1.0000
v 0.013644 -0.370174 0.629104 1.0000 1.0000 1.0000
v 0.008721 -0.376038 0.626417 1.0000 1.0000 1.0000
v 0.008809 -0.378860 0.623091 1.0000 1.0000 1.0000
v 0.010730 -0.380568 0.619529 1.0000 1.0000 1.0000
v 0.013970 -0.380705 0.616688 1.0000 1.0000 1.0000
v 0.017661 -0.379234 0.615328 1.0000 1.0000 1.0000
v 0.019494 -0.379636 0.626442 1.0000 1.0000 1.0000
v -0.091809 -0.251213 0.634537 1.0000 1.0000 1.0000
v -0.100309 -0.242237 0.614881 1.0000 1.0000 1.0000
v -0.093100 -0.269122 0.617849 1.0000 1.0000 1.0000
v -0.101397 -0.256280 0.597849 1.0000 1.0000 1.0000
v -0.081086 -0.277583 0.605278 1.0000 1.0000 1.0000
v -0.095673 -0.260924 0.587513 1.0000 1.0000 1.0000
v -0.077779 -0.278279 0.602903 1.0000 1.0000 1.0000
v -0.079361 -0.264648 0.655016 1.0000 1.0000 1.0000
v -0.076117 -0.235311 0.644434 1.0000 1.0000 1.0000
v -0.063453 -0.247908 0.661702 1.0000 1.0000 1.0000
v -0.080834 -0.284441 0.641557 1.0000 1.0000 1.0000
v -0.063968 -0.294102 0.626617 1.0000 1.0000 1.0000
v -0.062508 -0.287672 0.612737 1.0000 1.0000 1.0000
v -0.041163 -0.289388 0.617764 1.0000 1.0000 1.0000
v -0.067825 -0.275391 0.670517 1.0000 1.0000 1.0000
v -0.053839 -0.258434 0.674016 1.0000 1.0000 1.0000
v -0.068583 -0.294025 0.658939 1.0000 1.0000 1.0000
v -0.053214 -0.302828 0.645240 1.0000 1.0000 1.0000
v -0.032447 -0.298605 0.637076 1.0000 1.0000 1.0000
v -0.053498 -0.285999 0.682909 1.0000 1.0000 1.0000
v -0.042690 -0.272895 0.685707 1.0000 1.0000 1.0000
v -0.054084 -0.300400 0.673909 1.0000 1.0000 1.0000
v -0.042206 -0.307203 0.663278 1.0000 1.0000 1.0000
v -0.026158 -0.303939 0.656966 1.0000 1.0000 1.0000
v -0.040274 -0.294570 0.691287 1.0000 1.0000 1.0000
v -0.033085 -0.285853 0.693149 1.0000 1.0000 1.0000
v -0.040664 -0.304150 0.685301 1.0000 1.0000 1.0000
v -0.032763 -0.308676 0.678228 1.0000 1.0000 1.0000
v -0.022087 -0.306504 0.674030 1.0000 1.0000 1.0000
v -0.027796 -0.301445 0.696309 1.0000 1.0000 1.0000
v -0.024702 -0.297694 0.697110 1.0000 1.0000 1.0000
v -0.027964 -0.305567 0.693733 1.0000 1.0000 1.0000
v -0.024564 -0.307515 0.690690 1.0000 1.0000 1.0000
v -0.019970 -0.306581 0.688883 1.0000 1.0000 1.0000
v -0.019602 -0.305240 0.697895 1.0000 1.0000 1.0000
v -0.032733 -0.276270 0.613876 1.0000 1.0000 1.0000
v -0.105158 -0.220043 0.521409 1.0000 1.0000 1.0000
v -0.091509 -0.224819 0.519209 1.0000 1.0000 1.0000
v -0.113955 -0.220800 0.532527 1.0000 1.0000 1.0000
v -0.117000 -0.222122 0.550652 1.0000 1.0000 1.0000
v -0.110851 -0.226185 0.585155 1.0000 1.0000 1.0000
v -0.111680 -0.215438 0.580553 1.0000 1.0000 1.0000
v -0.114260 -0.224206 0.569348 1.0000 1.0000 1.0000
v -0.116822 -0.212036 0.563917 1.0000 1.0000 1.0000
v -0.076117 -0.235311 0.644434 1.0000 1.0000 1.0000
v -0.063453 -0.247908 0.661702 1.0000 1.0000 1.0000
v -0.047559 -0.236033 0.639318 1.0000 1.0000 1.0000
v 0.180066 -0.135995 0.542987 1.0000 1.0000 1.0000
v 0.183400 -0.137785 0.570013 1.0000 1.0000 1.0000
v 0.157369 -0.169211 0.543771 1.0000 1.0000 1.0000
v 0.159400 -0.171624 0.570290 1.0000 1.0000 1.0000
v 0.183819 -0.137719 0.602083 1.0000 1.0000 1.0000
v 0.159151 -0.171411 0.602035 1.0000 1.0000 1.0000
v 0.202489 -0.101700 0.602141 1.0000 1.0000 1.0000
v 0.201256 -0.101582 0.569168 1.0000 1.0000 1.0000
v 0.196487 -0.100217 0.541038 1.0000 1.0000 1.0000
v 0.211796 -0.068434 0.568199 1.0000 1.0000 1.0000
v 0.206103 -0.067496 0.539100 1.0000 1.0000 1.0000
v 0.213541 -0.068583 0.602164 1.0000 1.0000 1.0000
v 0.218484 -0.034781 0.567440 1.0000 1.0000 1.0000
v 0.220488 -0.034876 0.602166 1.0000 1.0000 1.0000
v 0.200639 -0.032414 0.676788 1.0000 1.0000 1.0000
v 0.194962 -0.063710 0.675283 1.0000 1.0000 1.0000
v 0.214126 -0.033890 0.640124 1.0000 1.0000 1.0000
v 0.207600 -0.066657 0.639354 1.0000 1.0000 1.0000
v 0.179017 -0.133897 0.637284 1.0000 1.0000 1.0000
v 0.155005 -0.166509 0.636966 1.0000 1.0000 1.0000
v 0.169826 -0.127704 0.670745 1.0000 1.0000 1.0000
v 0.147949 -0.158112 0.669858 1.0000 1.0000 1.0000
v 0.185847 -0.094439 0.673091 1.0000 1.0000 1.0000
v 0.197085 -0.098871 0.638301 1.0000 1.0000 1.0000
v 0.156126 -0.119867 0.700480 1.0000 1.0000 1.0000
v 0.138153 -0.146659 0.698546 1.0000 1.0000 1.0000
v 0.136504 -0.113874 0.725541 1.0000 1.0000 1.0000
v 0.127918 -0.134694 0.717744 1.0000 1.0000 1.0000
v 0.144530 -0.085632 0.732806 1.0000 1.0000 1.0000
v 0.168500 -0.089181 0.704800 1.0000 1.0000 1.0000
v 0.175431 -0.060380 0.708305 1.0000 1.0000 1.0000
v 0.149596 -0.058178 0.737359 1.0000 1.0000 1.0000
v 0.152995 -0.029747 0.740393 1.0000 1.0000 1.0000
v 0.180001 -0.030805 0.710463 1.0000 1.0000 1.0000
v 0.120618 -0.030081 0.765528 1.0000 1.0000 1.0000
v 0.083490 -0.030508 0.784861 1.0000 1.0000 1.0000
v 0.118186 -0.059001 0.761410 1.0000 1.0000 1.0000
v 0.082145 -0.059772 0.779838 1.0000 1.0000 1.0000
v 0.109405 -0.117444 0.743831 1.0000 1.0000 1.0000
v 0.107095 -0.144597 0.727338 1.0000 1.0000 1.0000
v 0.076422 -0.123425 0.756713 1.0000 1.0000 1.0000
v 0.075262 -0.153946 0.736698 1.0000 1.0000 1.0000
v 0.114258 -0.087199 0.755116 1.0000 1.0000 1.0000
v 0.079447 -0.089273 0.771861 1.0000 1.0000 1.0000
v 0.039102 -0.127870 0.765511 1.0000 1.0000 1.0000
v 0.038635 -0.160036 0.743570 1.0000 1.0000 1.0000
v -0.000361 -0.129669 0.769547 1.0000 1.0000 1.0000
v -0.000362 -0.162234 0.746976 1.0000 1.0000 1.0000
v 0.044181 -0.093072 0.780307 1.0000 1.0000 1.0000
v -0.000375 -0.107656 0.780877 1.0000 1.0000 1.0000
v 0.056770 -0.059396 0.788046 1.0000 1.0000 1.0000
v 0.024280 -0.079217 0.789575 1.0000 1.0000 1.0000
v 0.037256 -0.058225 0.793820 1.0000 1.0000 1.0000
v -0.056051 -0.059423 0.791085 1.0000 1.0000 1.0000
v -0.058265 -0.030171 0.795806 1.0000 1.0000 1.0000
v -0.084212 -0.059609 0.782394 1.0000 1.0000 1.0000
v -0.086087 -0.029440 0.787150 1.0000 1.0000 1.0000
v -0.000361 -0.129669 0.769547 1.0000 1.0000 1.0000
v -0.039623 -0.127892 0.767024 1.0000 1.0000 1.0000
v -0.000362 -0.162234 0.746976 1.0000 1.0000 1.0000
v -0.040202 -0.159960 0.744733 1.0000 1.0000 1.0000
v -0.078180 -0.123323 0.758241 1.0000 1.0000 1.0000
v -0.076792 -0.153839 0.738384 1.0000 1.0000 1.0000
v -0.081434 -0.088882 0.773779 1.0000 1.0000 1.0000
v -0.042737 -0.094199 0.782265 1.0000 1.0000 1.0000
v -0.109704 -0.117379 0.745205 1.0000 1.0000 1.0000
v -0.106881 -0.144540 0.728307 1.0000 1.0000 1.0000
v -0.135027 -0.113835 0.726155 1.0000 1.0000 1.0000
v -0.126442 -0.134669 0.718189 1.0000 1.0000 1.0000
v -0.143441 -0.085575 0.733857 1.0000 1.0000 1.0000
v -0.115019 -0.087122 0.756852 1.0000 1.0000 1.0000
v -0.119427 -0.058140 0.764056 1.0000 1.0000 1.0000
v -0.149306 -0.057344 0.739171 1.0000 1.0000 1.0000
v -0.122086 -0.028467 0.768043 1.0000 1.0000 1.0000
v -0.152716 -0.028158 0.742242 1.0000 1.0000 1.0000
v -0.194125 -0.062850 0.675834 1.0000 1.0000 1.0000
v -0.174290 -0.059536 0.709427 1.0000 1.0000 1.0000
v -0.199550 -0.030701 0.677588 1.0000 1.0000 1.0000
v -0.178698 -0.029166 0.711832 1.0000 1.0000 1.0000
v -0.153613 -0.119835 0.700568 1.0000 1.0000 1.0000
v -0.135772 -0.146664 0.698470 1.0000 1.0000 1.0000
v -0.167767 -0.127690 0.670398 1.0000 1.0000 1.0000
v -0.166335 -0.089128 0.705393 1.0000 1.0000 1.0000
v -0.183992 -0.094399 0.673205 1.0000 1.0000 1.0000
v -0.000229 -0.145892 0.434564 1.0000 1.0000 1.0000
v -0.001036 -0.178884 0.455451 1.0000 1.0000 1.0000
v -0.000710 -0.113761 0.420363 1.0000 1.0000 1.0000
v 0.077340 -0.062919 0.418454 1.0000 1.0000 1.0000
v 0.032034 -0.083442 0.414051 1.0000 1.0000 1.0000
v 0.045838 -0.042720 0.407039 1.0000 1.0000 1.0000
v 0.022932 -0.057561 0.406747 1.0000 1.0000 1.0000
v 0.088430 -0.028629 0.416368 1.0000 1.0000 1.0000
v 0.056308 -0.019395 0.406597 1.0000 1.0000 1.0000
v 0.040748 -0.144019 0.437107 1.0000 1.0000 1.0000
v 0.041586 -0.177158 0.458329 1.0000 1.0000 1.0000
v 0.080951 -0.138529 0.444358 1.0000 1.0000 1.0000
v 0.080885 -0.168856 0.463357 1.0000 1.0000 1.0000
v 0.037730 -0.111892 0.423436 1.0000 1.0000 1.0000
v 0.078843 -0.106048 0.428881 1.0000 1.0000 1.0000
v 0.118180 -0.130609 0.456885 1.0000 1.0000 1.0000
v 0.114615 -0.157422 0.471461 1.0000 1.0000 1.0000
v 0.144886 -0.125380 0.473185 1.0000 1.0000 1.0000
v 0.134319 -0.144497 0.477980 1.0000 1.0000 1.0000
v 0.155414 -0.094261 0.467044 1.0000 1.0000 1.0000
v 0.124067 -0.095914 0.445161 1.0000 1.0000 1.0000
v 0.128515 -0.064119 0.438484 1.0000 1.0000 1.0000
v 0.161158 -0.063885 0.462287 1.0000 1.0000 1.0000
v 0.164930 -0.032649 0.458977 1.0000 1.0000 1.0000
v 0.131304 -0.032313 0.434224 1.0000 1.0000 1.0000
v 0.086949 -0.222250 0.539233 1.0000 1.0000 1.0000
v 0.087914 -0.227348 0.568135 1.0000 1.0000 1.0000
v 0.044388 -0.235262 0.536837 1.0000 1.0000 1.0000
v 0.044845 -0.241455 0.568102 1.0000 1.0000 1.0000
v -0.001371 -0.240058 0.537633 1.0000 1.0000 1.0000
v 0.000277 -0.246169 0.569028 1.0000 1.0000 1.0000
v 0.044542 -0.241597 0.601543 1.0000 1.0000 1.0000
v -0.000209 -0.246174 0.598432 1.0000 1.0000 1.0000
v 0.087800 -0.227356 0.602078 1.0000 1.0000 1.0000
v 0.125116 -0.199756 0.542089 1.0000 1.0000 1.0000
v 0.126480 -0.203447 0.569497 1.0000 1.0000 1.0000
v 0.126159 -0.203269 0.602043 1.0000 1.0000 1.0000
v -0.000209 -0.246174 0.598432 1.0000 1.0000 1.0000
v -0.038850 -0.243766 0.570383 1.0000 1.0000 1.0000
v -0.050437 -0.242131 0.589717 1.0000 1.0000 1.0000
v -0.043912 -0.228693 0.655240 1.0000 1.0000 1.0000
v -0.054355 -0.232807 0.630969 1.0000 1.0000 1.0000
v -0.000362 -0.237150 0.643072 1.0000 1.0000 1.0000
v -0.043090 -0.239311 0.614688 1.0000 1.0000 1.0000
v -0.078802 -0.182843 0.710191 1.0000 1.0000 1.0000
v -0.110358 -0.168339 0.703083 1.0000 1.0000 1.0000
v -0.000362 -0.194340 0.716864 1.0000 1.0000 1.0000
v -0.041115 -0.191480 0.715019 1.0000 1.0000 1.0000
v -0.000362 -0.220056 0.681981 1.0000 1.0000 1.0000
v -0.042866 -0.216457 0.680575 1.0000 1.0000 1.0000
v 0.122849 -0.196954 0.638118 1.0000 1.0000 1.0000
v 0.085410 -0.219689 0.640012 1.0000 1.0000 1.0000
v 0.117690 -0.185384 0.672262 1.0000 1.0000 1.0000
v 0.081849 -0.205125 0.676184 1.0000 1.0000 1.0000
v 0.043597 -0.232919 0.641902 1.0000 1.0000 1.0000
v -0.000362 -0.237150 0.643072 1.0000 1.0000 1.0000
v 0.041776 -0.216484 0.679830 1.0000 1.0000 1.0000
v -0.000362 -0.220056 0.681981 1.0000 1.0000 1.0000
v 0.077766 -0.182945 0.708820 1.0000 1.0000 1.0000
v 0.039818 -0.191556 0.714032 1.0000 1.0000 1.0000
v -0.000362 -0.194340 0.716864 1.0000 1.0000 1.0000
v 0.111179 -0.168379 0.702488 1.0000 1.0000 1.0000
v -0.011530 -0.225058 0.504810 1.0000 1.0000 1.0000
v -0.051844 -0.234152 0.534206 1.0000 1.0000 1.0000
v -0.036017 -0.240735 0.550256 1.0000 1.0000 1.0000
v 0.043330 -0.222088 0.506611 1.0000 1.0000 1.0000
v 0.084704 -0.210830 0.510294 1.0000 1.0000 1.0000
v 0.121458 -0.191460 0.514849 1.0000 1.0000 1.0000
v 0.152399 -0.163870 0.517603 1.0000 1.0000 1.0000
v 0.173083 -0.132109 0.516011 1.0000 1.0000 1.0000
v -0.004435 -0.205318 0.478739 1.0000 1.0000 1.0000
v 0.042231 -0.203154 0.481624 1.0000 1.0000 1.0000
v 0.082274 -0.193899 0.486291 1.0000 1.0000 1.0000
v 0.117230 -0.178488 0.492589 1.0000 1.0000 1.0000
v 0.144577 -0.155279 0.495760 1.0000 1.0000 1.0000
v 0.161602 -0.127714 0.492750 1.0000 1.0000 1.0000
v -0.119489 -0.208732 0.547085 1.0000 1.0000 1.0000
v -0.116816 -0.206519 0.529586 1.0000 1.0000 1.0000
v -0.107941 -0.205387 0.521660 1.0000 1.0000 1.0000
v -0.095664 -0.211488 0.520081 1.0000 1.0000 1.0000
v -0.091509 -0.224819 0.519209 1.0000 1.0000 1.0000
v -0.073724 -0.224977 0.520444 1.0000 1.0000 1.0000
v -0.095664 -0.211488 0.520081 1.0000 1.0000 1.0000
v -0.033166 -0.244172 0.622754 1.0000 1.0000 1.0000
v -0.032543 -0.262333 0.603093 1.0000 1.0000 1.0000
v -0.035780 -0.262690 0.605306 1.0000 1.0000 1.0000
v -0.082825 -0.246148 0.519274 1.0000 1.0000 1.0000
v -0.038626 -0.250894 0.599257 1.0000 1.0000 1.0000
v -0.093110 -0.221940 0.612450 1.0000 1.0000 1.0000
v -0.095963 -0.230602 0.618668 1.0000 1.0000 1.0000
v -0.080975 -0.225949 0.624954 1.0000 1.0000 1.0000
v -0.106463 -0.227657 0.597556 1.0000 1.0000 1.0000
v -0.104491 -0.218681 0.596852 1.0000 1.0000 1.0000
v -0.034595 -0.058522 0.795233 1.0000 1.0000 1.0000
v -0.023783 -0.079009 0.790491 1.0000 1.0000 1.0000
v -0.000364 -0.088887 0.788913 1.0000 1.0000 1.0000
v 0.055963 0.000000 0.796068 1.0000 1.0000 1.0000
v 0.034962 0.000000 0.800434 1.0000 1.0000 1.0000
v 0.036554 -0.009813 0.800124 1.0000 1.0000 1.0000
v 0.040776 -0.031104 0.798115 1.0000 1.0000 1.0000
v 0.058776 -0.030539 0.793199 1.0000 1.0000 1.0000
v 0.029653 -0.037359 0.403782 1.0000 1.0000 1.0000
v 0.039356 -0.025759 0.403782 1.0000 1.0000 1.0000
v 0.043592 -0.013368 0.403764 1.0000 1.0000 1.0000
v -0.001205 -0.088316 0.412703 1.0000 1.0000 1.0000
v -0.001869 -0.060373 0.405669 1.0000 1.0000 1.0000
v -0.002154 -0.048106 0.403779 1.0000 1.0000 1.0000
v 0.016310 -0.045728 0.403779 1.0000 1.0000 1.0000
v -0.035316 -0.009130 0.802313 1.0000 1.0000 1.0000
v -0.107531 -0.233148 0.595737 1.0000 1.0000 1.0000
v 0.173852 -0.095095 0.488241 1.0000 1.0000 1.0000
v 0.180797 -0.064406 0.484455 1.0000 1.0000 1.0000
v 0.187280 -0.097608 0.512579 1.0000 1.0000 1.0000
v 0.195497 -0.065865 0.509559 1.0000 1.0000 1.0000
v -0.000375 -0.107656 0.780877 1.0000 1.0000 1.0000
v -0.000364 -0.088887 0.788913 1.0000 1.0000 1.0000
v 0.058351 0.000000 0.406485 1.0000 1.0000 1.0000
v 0.045601 0.000000 0.403782 1.0000 1.0000 1.0000
v 0.090938 -0.000000 0.415690 1.0000 1.0000 1.0000
v 0.132573 -0.000000 0.432721 1.0000 1.0000 1.0000
v 0.166605 0.000000 0.457561 1.0000 1.0000 1.0000
v 0.187353 0.000000 0.480579 1.0000 1.0000 1.0000
v 0.185411 -0.032871 0.481832 1.0000 1.0000 1.0000
v 0.203164 0.000000 0.506466 1.0000 1.0000 1.0000
v 0.200940 -0.033529 0.507546 1.0000 1.0000 1.0000
v 0.214806 0.000000 0.536895 1.0000 1.0000 1.0000
v 0.212295 -0.034305 0.537696 1.0000 1.0000 1.0000
v 0.221188 0.000000 0.566982 1.0000 1.0000 1.0000
v 0.223286 0.000000 0.602161 1.0000 1.0000 1.0000
v 0.216688 0.000000 0.640571 1.0000 1.0000 1.0000
v 0.202821 0.000000 0.677621 1.0000 1.0000 1.0000
v 0.181802 0.000000 0.711553 1.0000 1.0000 1.0000
v 0.154472 0.000000 0.741698 1.0000 1.0000 1.0000
v 0.121845 0.000000 0.767140 1.0000 1.0000 1.0000
v 0.084424 0.000000 0.786767 1.0000 1.0000 1.0000
v -0.037660 -0.030634 0.799806 1.0000 1.0000 1.0000
v -0.035499 -0.050293 0.796582 1.0000 1.0000 1.0000
v -0.155435 -0.082875 0.457937 1.0000 1.0000 1.0000
v -0.162235 -0.107483 0.473139 1.0000 1.0000 1.0000
v -0.127448 -0.060719 0.435221 1.0000 1.0000 1.0000
v -0.130358 -0.090611 0.444392 1.0000 1.0000 1.0000
v -0.135233 -0.121797 0.459531 1.0000 1.0000 1.0000
v -0.038626 -0.250894 0.599257 1.0000 1.0000 1.0000
v -0.043090 -0.239311 0.614688 1.0000 1.0000 1.0000
v -0.054355 -0.232807 0.630969 1.0000 1.0000 1.0000
v -0.080975 -0.225949 0.624954 1.0000 1.0000 1.0000
v -0.054355 -0.232807 0.630969 1.0000 1.0000 1.0000
v -0.195883 -0.022937 0.483293 1.0000 1.0000 1.0000
v -0.195042 -0.000000 0.479822 1.0000 1.0000 1.0000
v -0.198073 -0.042989 0.490150 1.0000 1.0000 1.0000
v -0.201638 -0.071884 0.506455 1.0000 1.0000 1.0000
v -0.199765 -0.059700 0.497923 1.0000 1.0000 1.0000
v -0.024412 -0.013702 0.803232 1.0000 1.0000 1.0000
v -0.023893 -0.030954 0.800935 1.0000 1.0000 1.0000
v -0.023010 -0.058208 0.796607 1.0000 1.0000 1.0000
v -0.024092 -0.045457 0.798937 1.0000 1.0000 1.0000
v -0.010974 -0.069919 0.794368 1.0000 1.0000 1.0000
v -0.000364 -0.073683 0.793806 1.0000 1.0000 1.0000
v 0.010851 -0.069902 0.794339 1.0000 1.0000 1.0000
v -0.000364 -0.073683 0.793806 1.0000 1.0000 1.0000
v 0.022676 -0.058177 0.796843 1.0000 1.0000 1.0000
v 0.026119 -0.031747 0.801548 1.0000 1.0000 1.0000
v 0.022522 -0.013535 0.803556 1.0000 1.0000 1.0000
v 0.013091 -0.000000 0.804889 1.0000 1.0000 1.0000
v -0.211650 -0.067665 0.522733 1.0000 1.0000 1.0000
v -0.213957 -0.067493 0.530577 1.0000 1.0000 1.0000
v -0.214093 -0.049880 0.518992 1.0000 1.0000 1.0000
v -0.217680 -0.044140 0.528984 1.0000 1.0000 1.0000
v -0.214988 -0.032228 0.515735 1.0000 1.0000 1.0000
v -0.219683 -0.024306 0.527781 1.0000 1.0000 1.0000
v -0.216033 -0.015028 0.513052 1.0000 1.0000 1.0000
v -0.221055 -0.010057 0.527141 1.0000 1.0000 1.0000
v -0.216503 0.000005 0.512092 1.0000 1.0000 1.0000
v -0.221399 0.000000 0.526583 1.0000 1.0000 1.0000
v -0.221055 0.010057 0.527141 1.0000 1.0000 1.0000
v -0.221399 0.000000 0.526583 1.0000 1.0000 1.0000
v -0.219683 0.024306 0.527781 1.0000 1.0000 1.0000
v -0.217680 0.044140 0.528984 1.0000 1.0000 1.0000
v -0.213957 0.067493 0.530577 1.0000 1.0000 1.0000
v -0.204338 0.097222 0.530734 1.0000 1.0000 1.0000
v -0.207512 0.000000 0.495092 1.0000 1.0000 1.0000
v -0.207359 -0.019511 0.497291 1.0000 1.0000 1.0000
v -0.207354 -0.038564 0.502103 1.0000 1.0000 1.0000
v -0.208545 -0.055071 0.509099 1.0000 1.0000 1.0000
v -0.208336 -0.069259 0.515752 1.0000 1.0000 1.0000
v -0.155416 0.166078 0.636605 1.0000 1.0000 1.0000
v -0.160619 0.170126 0.606287 1.0000 1.0000 1.0000
v -0.178984 0.133840 0.636872 1.0000 1.0000 1.0000
v -0.185027 0.137047 0.606937 1.0000 1.0000 1.0000
v -0.196795 0.098195 0.638010 1.0000 1.0000 1.0000
v -0.203451 0.100597 0.608026 1.0000 1.0000 1.0000
v -0.208041 0.065356 0.639261 1.0000 1.0000 1.0000
v -0.215188 0.067000 0.609108 1.0000 1.0000 1.0000
v -0.221859 0.032694 0.610005 1.0000 1.0000 1.0000
v -0.214418 0.031884 0.640229 1.0000 1.0000 1.0000
v -0.217880 0.066741 0.558229 1.0000 1.0000 1.0000
v -0.224510 0.034390 0.558470 1.0000 1.0000 1.0000
v -0.218501 0.067191 0.578613 1.0000 1.0000 1.0000
v -0.225203 0.032776 0.579251 1.0000 1.0000 1.0000
v -0.162868 0.171061 0.582226 1.0000 1.0000 1.0000
v -0.163431 0.170397 0.560562 1.0000 1.0000 1.0000
v -0.187734 0.137876 0.580756 1.0000 1.0000 1.0000
v -0.187817 0.137374 0.559078 1.0000 1.0000 1.0000
v -0.216687 0.000000 0.640675 1.0000 1.0000 1.0000
v -0.224202 0.000000 0.610695 1.0000 1.0000 1.0000
v -0.227603 0.000000 0.579514 1.0000 1.0000 1.0000
v -0.225203 0.032776 0.579251 1.0000 1.0000 1.0000
v -0.227603 0.000000 0.579514 1.0000 1.0000 1.0000
v -0.227473 0.000000 0.558851 1.0000 1.0000 1.0000
v -0.218501 0.067191 0.578613 1.0000 1.0000 1.0000
v -0.222407 0.037281 0.543828 1.0000 1.0000 1.0000
v -0.225044 -0.000000 0.543344 1.0000 1.0000 1.0000
v -0.206631 0.101117 0.579406 1.0000 1.0000 1.0000
v -0.206291 0.101450 0.558314 1.0000 1.0000 1.0000
v -0.180521 0.132320 0.516363 1.0000 1.0000 1.0000
v -0.186076 0.135678 0.539210 1.0000 1.0000 1.0000
v -0.157881 0.164940 0.519397 1.0000 1.0000 1.0000
v -0.161800 0.168800 0.540184 1.0000 1.0000 1.0000
v -0.205373 0.100367 0.544295 1.0000 1.0000 1.0000
v -0.216758 0.067274 0.544984 1.0000 1.0000 1.0000
v -0.187734 0.137876 0.580756 1.0000 1.0000 1.0000
v -0.204338 0.097222 0.530734 1.0000 1.0000 1.0000
v -0.167767 0.127690 0.670398 1.0000 1.0000 1.0000
v -0.146025 0.158124 0.669390 1.0000 1.0000 1.0000
v -0.183992 0.094399 0.673205 1.0000 1.0000 1.0000
v -0.194125 0.062850 0.675834 1.0000 1.0000 1.0000
v -0.201621 0.000000 0.678462 1.0000 1.0000 1.0000
v -0.199550 0.030701 0.677588 1.0000 1.0000 1.0000
v -0.213957 0.067493 0.530577 1.0000 1.0000 1.0000
v -0.217680 0.044140 0.528984 1.0000 1.0000 1.0000
v -0.219683 0.024306 0.527781 1.0000 1.0000 1.0000
v -0.221055 0.010057 0.527141 1.0000 1.0000 1.0000
v -0.221399 0.000000 0.526583 1.0000 1.0000 1.0000
v -0.167767 -0.127690 0.670398 1.0000 1.0000 1.0000
v -0.178984 -0.133840 0.636872 1.0000 1.0000 1.0000
v -0.146025 -0.158124 0.669390 1.0000 1.0000 1.0000
v -0.155416 -0.166078 0.636605 1.0000 1.0000 1.0000
v -0.185027 -0.137047 0.606937 1.0000 1.0000 1.0000
v -0.160619 -0.170126 0.606287 1.0000 1.0000 1.0000
v -0.196795 -0.098195 0.638010 1.0000 1.0000 1.0000
v -0.203451 -0.100597 0.608026 1.0000 1.0000 1.0000
v -0.183992 -0.094399 0.673205 1.0000 1.0000 1.0000
v -0.208041 -0.065356 0.639261 1.0000 1.0000 1.0000
v -0.194125 -0.062850 0.675834 1.0000 1.0000 1.0000
v -0.215188 -0.067000 0.609108 1.0000 1.0000 1.0000
v -0.221859 -0.032694 0.610005 1.0000 1.0000 1.0000
v -0.214418 -0.031884 0.640229 1.0000 1.0000 1.0000
v -0.217880 -0.066741 0.558229 1.0000 1.0000 1.0000
v -0.218501 -0.067191 0.578613 1.0000 1.0000 1.0000
v -0.224510 -0.034390 0.558470 1.0000 1.0000 1.0000
v -0.225203 -0.032776 0.579251 1.0000 1.0000 1.0000
v -0.187817 -0.137374 0.559078 1.0000 1.0000 1.0000
v -0.163431 -0.170397 0.560562 1.0000 1.0000 1.0000
v -0.187734 -0.137876 0.580756 1.0000 1.0000 1.0000
v -0.162868 -0.171061 0.582226 1.0000 1.0000 1.0000
v -0.199550 -0.030701 0.677588 1.0000 1.0000 1.0000
v -0.225203 -0.032776 0.579251 1.0000 1.0000 1.0000
v -0.218501 -0.067191 0.578613 1.0000 1.0000 1.0000
v -0.222407 -0.037281 0.543828 1.0000 1.0000 1.0000
v -0.206291 -0.101450 0.558314 1.0000 1.0000 1.0000
v -0.206631 -0.101117 0.579406 1.0000 1.0000 1.0000
v -0.161800 -0.168800 0.540184 1.0000 1.0000 1.0000
v -0.186076 -0.135678 0.539210 1.0000 1.0000 1.0000
v -0.157881 -0.164940 0.519397 1.0000 1.0000 1.0000
v -0.180521 -0.132320 0.516363 1.0000 1.0000 1.0000
v -0.205373 -0.100367 0.544295 1.0000 1.0000 1.0000
v -0.216758 -0.067274 0.544984 1.0000 1.0000 1.0000
v -0.187734 -0.137876 0.580756 1.0000 1.0000 1.0000
v -0.221055 -0.010057 0.527141 1.0000 1.0000 1.0000
v -0.221399 0.000000 0.526583 1.0000 1.0000 1.0000
v -0.219683 -0.024306 0.527781 1.0000 1.0000 1.0000
v -0.217680 -0.044140 0.528984 1.0000 1.0000 1.0000
v -0.213957 -0.067493 0.530577 1.0000 1.0000 1.0000
v -0.204338 -0.097222 0.530734 1.0000 1.0000 1.0000
v -0.194909 0.068020 0.520266 1.0000 1.0000 1.0000
v -0.192785 0.054524 0.513939 1.0000 1.0000 1.0000
v -0.196027 0.077069 0.526154 1.0000 1.0000 1.0000
v -0.193275 0.090509 0.522796 1.0000 1.0000 1.0000
v -0.189909 0.089933 0.509945 1.0000 1.0000 1.0000
v -0.184306 0.080922 0.495327 1.0000 1.0000 1.0000
v -0.181537 0.067147 0.485877 1.0000 1.0000 1.0000
v -0.188128 0.089829 0.533033 1.0000 1.0000 1.0000
v -0.192595 0.067656 0.532685 1.0000 1.0000 1.0000
v -0.194009 0.036089 0.528461 1.0000 1.0000 1.0000
v -0.194212 0.017953 0.525980 1.0000 1.0000 1.0000
v -0.191036 0.039029 0.508655 1.0000 1.0000 1.0000
v -0.189389 0.020670 0.503821 1.0000 1.0000 1.0000
v -0.180357 0.047579 0.480632 1.0000 1.0000 1.0000
v -0.180144 0.024877 0.475736 1.0000 1.0000 1.0000
v -0.143928 0.047319 0.449966 1.0000 1.0000 1.0000
v -0.164337 0.047490 0.464674 1.0000 1.0000 1.0000
v -0.147369 0.024163 0.448479 1.0000 1.0000 1.0000
v -0.165515 0.024138 0.461677 1.0000 1.0000 1.0000
v -0.193349 0.052403 0.530989 1.0000 1.0000 1.0000
v -0.194302 -0.000000 0.525015 1.0000 1.0000 1.0000
v -0.188934 0.000000 0.501801 1.0000 1.0000 1.0000
v -0.179638 0.000000 0.472532 1.0000 1.0000 1.0000
v -0.149205 -0.000000 0.447722 1.0000 1.0000 1.0000
v -0.166317 0.000000 0.459381 1.0000 1.0000 1.0000
v -0.129492 0.025945 0.489825 1.0000 1.0000 1.0000
v -0.141733 0.025026 0.468916 1.0000 1.0000 1.0000
v -0.130810 -0.000000 0.490217 1.0000 1.0000 1.0000
v -0.143076 -0.000000 0.468954 1.0000 1.0000 1.0000
v -0.127130 0.048990 0.487813 1.0000 1.0000 1.0000
v -0.138760 0.048326 0.468722 1.0000 1.0000 1.0000
v -0.138671 0.066285 0.452126 1.0000 1.0000 1.0000
v -0.130002 0.087100 0.455861 1.0000 1.0000 1.0000
v -0.163897 0.068562 0.468089 1.0000 1.0000 1.0000
v -0.159137 0.091741 0.480477 1.0000 1.0000 1.0000
v -0.166454 0.107468 0.510701 1.0000 1.0000 1.0000
v -0.164502 0.102682 0.495266 1.0000 1.0000 1.0000
v -0.136849 0.119644 0.496256 1.0000 1.0000 1.0000
v -0.117824 0.093973 0.471138 1.0000 1.0000 1.0000
v -0.127996 0.081897 0.466408 1.0000 1.0000 1.0000
v -0.123897 0.071675 0.482728 1.0000 1.0000 1.0000
v -0.134493 0.069812 0.468050 1.0000 1.0000 1.0000
v -0.160107 0.109043 0.524243 1.0000 1.0000 1.0000
v -0.133661 0.119482 0.522161 1.0000 1.0000 1.0000
v -0.025609 0.043260 0.475042 1.0000 1.0000 1.0000
v -0.022148 0.022606 0.475042 1.0000 1.0000 1.0000
v -0.013821 0.041731 0.490366 1.0000 1.0000 1.0000
v -0.009968 0.021076 0.489128 1.0000 1.0000 1.0000
v -0.010980 0.040423 0.512808 1.0000 1.0000 1.0000
v -0.007732 0.020387 0.511815 1.0000 1.0000 1.0000
v -0.008219 0.000000 0.488635 1.0000 1.0000 1.0000
v -0.005883 0.000000 0.510886 1.0000 1.0000 1.0000
v -0.021344 -0.000000 0.475042 1.0000 1.0000 1.0000
v -0.015438 0.059057 0.514031 1.0000 1.0000 1.0000
v -0.025988 0.078736 0.516345 1.0000 1.0000 1.0000
v -0.019084 0.061498 0.492362 1.0000 1.0000 1.0000
v -0.030097 0.082045 0.495658 1.0000 1.0000 1.0000
v -0.030940 0.061389 0.475042 1.0000 1.0000 1.0000
v -0.040517 0.081393 0.475042 1.0000 1.0000 1.0000
v -0.047871 0.103672 0.499697 1.0000 1.0000 1.0000
v -0.053286 0.097406 0.474206 1.0000 1.0000 1.0000
v -0.045113 0.101866 0.520060 1.0000 1.0000 1.0000
v -0.078979 0.049002 0.504185 1.0000 1.0000 1.0000
v -0.078239 0.025646 0.508293 1.0000 1.0000 1.0000
v -0.053192 0.047447 0.499952 1.0000 1.0000 1.0000
v -0.049330 0.024519 0.502146 1.0000 1.0000 1.0000
v -0.077527 -0.000000 0.509483 1.0000 1.0000 1.0000
v -0.048072 -0.000000 0.502696 1.0000 1.0000 1.0000
v -0.076920 0.119816 0.503069 1.0000 1.0000 1.0000
v -0.075821 0.117459 0.522667 1.0000 1.0000 1.0000
v -0.073321 0.108663 0.472659 1.0000 1.0000 1.0000
v -0.076497 0.098047 0.482931 1.0000 1.0000 1.0000
v -0.078954 0.071690 0.497227 1.0000 1.0000 1.0000
v -0.058256 0.090520 0.484055 1.0000 1.0000 1.0000
v -0.057767 0.069362 0.494683 1.0000 1.0000 1.0000
v -0.049418 0.093492 0.539380 1.0000 1.0000 1.0000
v -0.056910 0.083848 0.552576 1.0000 1.0000 1.0000
v -0.076936 0.104978 0.541526 1.0000 1.0000 1.0000
v -0.076752 0.089855 0.555410 1.0000 1.0000 1.0000
v -0.073924 0.073335 0.562632 1.0000 1.0000 1.0000
v -0.049705 0.070843 0.555472 1.0000 1.0000 1.0000
v -0.071091 0.055035 0.567309 1.0000 1.0000 1.0000
v -0.044455 0.054876 0.557517 1.0000 1.0000 1.0000
v -0.069103 0.018546 0.571615 1.0000 1.0000 1.0000
v -0.039088 0.019397 0.560291 1.0000 1.0000 1.0000
v -0.068794 0.000000 0.572704 1.0000 1.0000 1.0000
v -0.037908 0.000000 0.561457 1.0000 1.0000 1.0000
v -0.069594 0.037191 0.569542 1.0000 1.0000 1.0000
v -0.041554 0.038136 0.558988 1.0000 1.0000 1.0000
v -0.033148 0.075808 0.538058 1.0000 1.0000 1.0000
v -0.023802 0.057462 0.538499 1.0000 1.0000 1.0000
v -0.020222 0.039161 0.539595 1.0000 1.0000 1.0000
v -0.017575 0.019930 0.540296 1.0000 1.0000 1.0000
v -0.015881 0.000000 0.540813 1.0000 1.0000 1.0000
v -0.165047 0.081384 0.553311 1.0000 1.0000 1.0000
v -0.168868 0.069045 0.556765 1.0000 1.0000 1.0000
v -0.176476 0.085746 0.544532 1.0000 1.0000 1.0000
v -0.182392 0.068425 0.546422 1.0000 1.0000 1.0000
v -0.187131 0.051809 0.547636 1.0000 1.0000 1.0000
v -0.172061 0.052165 0.559509 1.0000 1.0000 1.0000
v -0.174179 0.034996 0.561336 1.0000 1.0000 1.0000
v -0.175735 0.017360 0.562398 1.0000 1.0000 1.0000
v -0.189953 0.035063 0.548301 1.0000 1.0000 1.0000
v -0.191377 0.017286 0.548618 1.0000 1.0000 1.0000
v -0.191620 0.000006 0.548654 1.0000 1.0000 1.0000
v -0.176260 0.000000 0.562765 1.0000 1.0000 1.0000
v -0.129641 0.108965 0.541773 1.0000 1.0000 1.0000
v -0.153379 0.101373 0.541444 1.0000 1.0000 1.0000
v -0.149710 0.086999 0.555517 1.0000 1.0000 1.0000
v -0.127781 0.089923 0.556107 1.0000 1.0000 1.0000
v -0.109698 -0.000000 0.503884 1.0000 1.0000 1.0000
v -0.109214 0.026028 0.502782 1.0000 1.0000 1.0000
v -0.107707 0.049259 0.498799 1.0000 1.0000 1.0000
v -0.104731 0.123047 0.522882 1.0000 1.0000 1.0000
v -0.104575 0.126097 0.502510 1.0000 1.0000 1.0000
v -0.096569 0.110040 0.467947 1.0000 1.0000 1.0000
v -0.116201 0.104504 0.461281 1.0000 1.0000 1.0000
v -0.099946 0.098606 0.477817 1.0000 1.0000 1.0000
v -0.104752 0.071835 0.491917 1.0000 1.0000 1.0000
v -0.104430 0.110715 0.541836 1.0000 1.0000 1.0000
v -0.103661 0.091431 0.557515 1.0000 1.0000 1.0000
v -0.148540 0.053084 0.567408 1.0000 1.0000 1.0000
v -0.147810 0.071159 0.562167 1.0000 1.0000 1.0000
v -0.126806 0.053872 0.570016 1.0000 1.0000 1.0000
v -0.127225 0.072684 0.564178 1.0000 1.0000 1.0000
v -0.150317 0.000000 0.571297 1.0000 1.0000 1.0000
v -0.149939 0.017889 0.570949 1.0000 1.0000 1.0000
v -0.127442 0.000000 0.574870 1.0000 1.0000 1.0000
v -0.127205 0.017734 0.574292 1.0000 1.0000 1.0000
v -0.149470 0.035398 0.569797 1.0000 1.0000 1.0000
v -0.127025 0.035912 0.572664 1.0000 1.0000 1.0000
v -0.102567 0.073575 0.566145 1.0000 1.0000 1.0000
v -0.102063 0.054404 0.571281 1.0000 1.0000 1.0000
v -0.102072 0.036209 0.574228 1.0000 1.0000 1.0000
v -0.102143 0.017861 0.576099 1.0000 1.0000 1.0000
v -0.102316 0.000000 0.576866 1.0000 1.0000 1.0000
v -0.149205 -0.000000 0.447722 1.0000 1.0000 1.0000
v -0.147369 0.024163 0.448479 1.0000 1.0000 1.0000
v -0.143928 0.047319 0.449966 1.0000 1.0000 1.0000
v -0.130002 0.087100 0.455861 1.0000 1.0000 1.0000
v -0.116201 0.104504 0.461281 1.0000 1.0000 1.0000
v -0.138671 0.066285 0.452126 1.0000 1.0000 1.0000
v -0.037067 0.045010 0.487647 1.0000 1.0000 1.0000
v -0.033998 0.024014 0.488540 1.0000 1.0000 1.0000
v -0.025609 0.043260 0.475042 1.0000 1.0000 1.0000
v -0.022148 0.022606 0.475042 1.0000 1.0000 1.0000
v -0.033388 -0.000000 0.488826 1.0000 1.0000 1.0000
v -0.021344 -0.000000 0.475042 1.0000 1.0000 1.0000
v -0.053286 0.097406 0.474206 1.0000 1.0000 1.0000
v -0.073321 0.108663 0.472659 1.0000 1.0000 1.0000
v -0.048957 0.078188 0.483688 1.0000 1.0000 1.0000
v -0.040517 0.081393 0.475042 1.0000 1.0000 1.0000
v -0.042848 0.065286 0.485517 1.0000 1.0000 1.0000
v -0.030940 0.061389 0.475042 1.0000 1.0000 1.0000
v -0.076497 0.098047 0.482931 1.0000 1.0000 1.0000
v -0.096569 0.110040 0.467947 1.0000 1.0000 1.0000
v -0.073321 0.108663 0.472659 1.0000 1.0000 1.0000
v -0.194909 -0.068020 0.520266 1.0000 1.0000 1.0000
v -0.192785 -0.054524 0.513939 1.0000 1.0000 1.0000
v -0.193275 -0.090509 0.522796 1.0000 1.0000 1.0000
v -0.196027 -0.077069 0.526154 1.0000 1.0000 1.0000
v -0.189909 -0.089933 0.509945 1.0000 1.0000 1.0000
v -0.184306 -0.080922 0.495327 1.0000 1.0000 1.0000
v -0.181537 -0.067147 0.485877 1.0000 1.0000 1.0000
v -0.188128 -0.089829 0.533033 1.0000 1.0000 1.0000
v -0.192595 -0.067656 0.532685 1.0000 1.0000 1.0000
v -0.194009 -0.036089 0.528461 1.0000 1.0000 1.0000
v -0.191036 -0.039029 0.508655 1.0000 1.0000 1.0000
v -0.194212 -0.017953 0.525980 1.0000 1.0000 1.0000
v -0.189389 -0.020670 0.503821 1.0000 1.0000 1.0000
v -0.180144 -0.024877 0.475736 1.0000 1.0000 1.0000
v -0.180357 -0.047579 0.480632 1.0000 1.0000 1.0000
v -0.165515 -0.024138 0.461677 1.0000 1.0000 1.0000
v -0.164337 -0.047490 0.464674 1.0000 1.0000 1.0000
v -0.147369 -0.024163 0.448479 1.0000 1.0000 1.0000
v -0.143928 -0.047319 0.449966 1.0000 1.0000 1.0000
v -0.193349 -0.052403 0.530989 1.0000 1.0000 1.0000
v -0.188934 0.000000 0.501801 1.0000 1.0000 1.0000
v -0.194302 -0.000000 0.525015 1.0000 1.0000 1.0000
v -0.179638 0.000000 0.472532 1.0000 1.0000 1.0000
v -0.166317 0.000000 0.459381 1.0000 1.0000 1.0000
v -0.149205 -0.000000 0.447722 1.0000 1.0000 1.0000
v -0.129492 -0.025945 0.489825 1.0000 1.0000 1.0000
v -0.141733 -0.025026 0.468916 1.0000 1.0000 1.0000
v -0.127130 -0.048990 0.487813 1.0000 1.0000 1.0000
v -0.138760 -0.048326 0.468722 1.0000 1.0000 1.0000
v -0.138671 -0.066285 0.452126 1.0000 1.0000 1.0000
v -0.163897 -0.068562 0.468089 1.0000 1.0000 1.0000
v -0.130002 -0.087100 0.455861 1.0000 1.0000 1.0000
v -0.159137 -0.091741 0.480477 1.0000 1.0000 1.0000
v -0.166454 -0.107468 0.510701 1.0000 1.0000 1.0000
v -0.164502 -0.102682 0.495266 1.0000 1.0000 1.0000
v -0.136849 -0.119644 0.496256 1.0000 1.0000 1.0000
v -0.134493 -0.069812 0.468050 1.0000 1.0000 1.0000
v -0.127996 -0.081897 0.466408 1.0000 1.0000 1.0000
v -0.123897 -0.071675 0.482728 1.0000 1.0000 1.0000
v -0.117824 -0.093973 0.471138 1.0000 1.0000 1.0000
v -0.160107 -0.109043 0.524243 1.0000 1.0000 1.0000
v -0.133661 -0.119482 0.522161 1.0000 1.0000 1.0000
v -0.025609 -0.043260 0.475042 1.0000 1.0000 1.0000
v -0.013821 -0.041731 0.490366 1.0000 1.0000 1.0000
v -0.022148 -0.022606 0.475042 1.0000 1.0000 1.0000
v -0.009968 -0.021076 0.489128 1.0000 1.0000 1.0000
v -0.010980 -0.040423 0.512808 1.0000 1.0000 1.0000
v -0.007732 -0.020387 0.511815 1.0000 1.0000 1.0000
v -0.005883 0.000000 0.510886 1.0000 1.0000 1.0000
v -0.008219 0.000000 0.488635 1.0000 1.0000 1.0000
v -0.021344 -0.000000 0.475042 1.0000 1.0000 1.0000
v -0.015438 -0.059057 0.514031 1.0000 1.0000 1.0000
v -0.019084 -0.061498 0.492362 1.0000 1.0000 1.0000
v -0.025988 -0.078736 0.516345 1.0000 1.0000 1.0000
v -0.030097 -0.082045 0.495658 1.0000 1.0000 1.0000
v -0.030940 -0.061389 0.475042 1.0000 1.0000 1.0000
v -0.040517 -0.081393 0.475042 1.0000 1.0000 1.0000
v -0.047871 -0.103672 0.499697 1.0000 1.0000 1.0000
v -0.053286 -0.097406 0.474206 1.0000 1.0000 1.0000
v -0.045113 -0.101866 0.520060 1.0000 1.0000 1.0000
v -0.078979 -0.049002 0.504185 1.0000 1.0000 1.0000
v -0.053192 -0.047447 0.499952 1.0000 1.0000 1.0000
v -0.078239 -0.025646 0.508293 1.0000 1.0000 1.0000
v -0.049330 -0.024519 0.502146 1.0000 1.0000 1.0000
v -0.076920 -0.119816 0.503069 1.0000 1.0000 1.0000
v -0.075821 -0.117459 0.522667 1.0000 1.0000 1.0000
v -0.073321 -0.108663 0.472659 1.0000 1.0000 1.0000
v -0.076497 -0.098047 0.482931 1.0000 1.0000 1.0000
v -0.058256 -0.090520 0.484055 1.0000 1.0000 1.0000
v -0.078954 -0.071690 0.497227 1.0000 1.0000 1.0000
v -0.057767 -0.069362 0.494683 1.0000 1.0000 1.0000
v -0.076752 -0.089855 0.555410 1.0000 1.0000 1.0000
v -0.056910 -0.083848 0.552576 1.0000 1.0000 1.0000
v -0.076936 -0.104978 0.541526 1.0000 1.0000 1.0000
v -0.049418 -0.093492 0.539380 1.0000 1.0000 1.0000
v -0.073924 -0.073335 0.562632 1.0000 1.0000 1.0000
v -0.071091 -0.055035 0.567309 1.0000 1.0000 1.0000
v -0.049705 -0.070843 0.555472 1.0000 1.0000 1.0000
v -0.044455 -0.054876 0.557517 1.0000 1.0000 1.0000
v -0.069103 -0.018546 0.571615 1.0000 1.0000 1.0000
v -0.068794 0.000000 0.572704 1.0000 1.0000 1.0000
v -0.039088 -0.019397 0.560291 1.0000 1.0000 1.0000
v -0.037908 0.000000 0.561457 1.0000 1.0000 1.0000
v -0.069594 -0.037191 0.569542 1.0000 1.0000 1.0000
v -0.041554 -0.038136 0.558988 1.0000 1.0000 1.0000
v -0.033148 -0.075808 0.538058 1.0000 1.0000 1.0000
v -0.023802 -0.057462 0.538499 1.0000 1.0000 1.0000
v -0.020222 -0.039161 0.539595 1.0000 1.0000 1.0000
v -0.017575 -0.019930 0.540296 1.0000 1.0000 1.0000
v -0.015881 0.000000 0.540813 1.0000 1.0000 1.0000
v -0.165047 -0.081384 0.553311 1.0000 1.0000 1.0000
v -0.176476 -0.085746 0.544532 1.0000 1.0000 1.0000
v -0.168868 -0.069045 0.556765 1.0000 1.0000 1.0000
v -0.182392 -0.068425 0.546422 1.0000 1.0000 1.0000
v -0.187131 -0.051809 0.547636 1.0000 1.0000 1.0000
v -0.172061 -0.052165 0.559509 1.0000 1.0000 1.0000
v -0.174179 -0.034996 0.561336 1.0000 1.0000 1.0000
v -0.189953 -0.035063 0.548301 1.0000 1.0000 1.0000
v -0.175735 -0.017360 0.562398 1.0000 1.0000 1.0000
v -0.191377 -0.017286 0.548618 1.0000 1.0000 1.0000
v -0.191620 0.000006 0.548654 1.0000 1.0000 1.0000
v -0.176260 0.000000 0.562765 1.0000 1.0000 1.0000
v -0.153379 -0.101373 0.541444 1.0000 1.0000 1.0000
v -0.129641 -0.108965 0.541773 1.0000 1.0000 1.0000
v -0.149710 -0.086999 0.555517 1.0000 1.0000 1.0000
v -0.127781 -0.089923 0.556107 1.0000 1.0000 1.0000
v -0.109214 -0.026028 0.502782 1.0000 1.0000 1.0000
v -0.107707 -0.049259 0.498799 1.0000 1.0000 1.0000
v -0.104731 -0.123047 0.522882 1.0000 1.0000 1.0000
v -0.104575 -0.126097 0.502510 1.0000 1.0000 1.0000
v -0.096569 -0.110040 0.467947 1.0000 1.0000 1.0000
v -0.116201 -0.104504 0.461281 1.0000 1.0000 1.0000
v -0.099946 -0.098606 0.477817 1.0000 1.0000 1.0000
v -0.104752 -0.071835 0.491917 1.0000 1.0000 1.0000
v -0.104430 -0.110715 0.541836 1.0000 1.0000 1.0000
v -0.103661 -0.091431 0.557515 1.0000 1.0000 1.0000
v -0.148540 -0.053084 0.567408 1.0000 1.0000 1.0000
v -0.126806 -0.053872 0.570016 1.0000 1.0000 1.0000
v -0.147810 -0.071159 0.562167 1.0000 1.0000 1.0000
v -0.127225 -0.072684 0.564178 1.0000 1.0000 1.0000
v -0.127205 -0.017734 0.574292 1.0000 1.0000 1.0000
v -0.149939 -0.017889 0.570949 1.0000 1.0000 1.0000
v -0.127442 0.000000 0.574870 1.0000 1.0000 1.0000
v -0.150317 0.000000 0.571297 1.0000 1.0000 1.0000
v -0.127025 -0.035912 0.572664 1.0000 1.0000 1.0000
v -0.149470 -0.035398 0.569797 1.0000 1.0000 1.0000
v -0.102567 -0.073575 0.566145 1.0000 1.0000 1.0000
v -0.102063 -0.054404 0.571281 1.0000 1.0000 1.0000
v -0.102072 -0.036209 0.574228 1.0000 1.0000 1.0000
v -0.102143 -0.017861 0.576099 1.0000 1.0000 1.0000
v -0.102316 0.000000 0.576866 1.0000 1.0000 1.0000
v -0.147369 -0.024163 0.448479 1.0000 1.0000 1.0000
v -0.143928 -0.047319 0.449966 1.0000 1.0000 1.0000
v -0.116201 -0.104504 0.461281 1.0000 1.0000 1.0000
v -0.130002 -0.087100 0.455861 1.0000 1.0000 1.0000
v -0.138671 -0.066285 0.452126 1.0000 1.0000 1.0000
v -0.022148 -0.022606 0.475042 1.0000 1.0000 1.0000
v -0.033998 -0.024014 0.488540 1.0000 1.0000 1.0000
v -0.025609 -0.043260 0.475042 1.0000 1.0000 1.0000
v -0.037067 -0.045010 0.487647 1.0000 1.0000 1.0000
v -0.053286 -0.097406 0.474206 1.0000 1.0000 1.0000
v -0.073321 -0.108663 0.472659 1.0000 1.0000 1.0000
v -0.040517 -0.081393 0.475042 1.0000 1.0000 1.0000
v -0.048957 -0.078188 0.483688 1.0000 1.0000 1.0000
v -0.030940 -0.061389 0.475042 1.0000 1.0000 1.0000
v -0.042848 -0.065286 0.485517 1.0000 1.0000 1.0000
v -0.073321 -0.108663 0.472659 1.0000 1.0000 1.0000
v -0.096569 -0.110040 0.467947 1.0000 1.0000 1.0000
v -0.096569 -0.110040 0.467947 1.0000 1.0000 1.0000
vn 0.9652 0.1354 0.2236
vn 0.9283 0.0431 0.3694
vn 0.9806 0.1323 0.1446
vn 0.9545 0.0472 0.2943
vn 0.9143 -0.0000 0.4051
vn 0.9413 -0.0000 0.3376
vn -0.2243 -0.0000 -0.9745
vn -0.4786 -0.0000 -0.8780
vn -0.1872 0.1134 -0.9757
vn -0.4255 0.1171 -0.8974
vn -0.0503 0.1983 -0.9788
vn -0.2374 0.2363 -0.9422
vn 0.6303 0.3262 -0.7045
vn 0.6131 0.4284 -0.6638
vn 0.6130 0.4285 -0.6638
vn 0.6303 0.3263 -0.7045
vn 0.9419 0.1418 0.3046
vn 0.9086 0.0382 0.4160
vn 0.9026 -0.0000 0.4305
vn -0.6384 -0.0000 -0.7697
vn -0.6008 0.1034 -0.7927
vn -0.4345 0.2280 -0.8714
vn 0.6436 0.5167 -0.5646
vn 0.8787 0.1222 0.4615
vn 0.8468 0.0249 0.5313
vn 0.8387 -0.0000 0.5446
vn -0.7004 -0.0000 -0.7138
vn -0.6842 0.1076 -0.7213
vn -0.5539 0.2635 -0.7898
vn 0.8280 0.5553 -0.0776
vn 0.8280 0.5554 -0.0776
vn 0.8585 0.1494 0.4906
vn 0.8459 0.1123 0.5214
vn 0.8353 0.0190 0.5495
vn 0.8331 0.0121 0.5530
vn 0.8264 -0.0000 0.5631
vn 0.8260 -0.0000 0.5636
vn -0.7252 -0.0000 -0.6886
vn -0.7287 -0.0000 -0.6848
vn -0.7275 0.1260 -0.6745
vn -0.7402 0.1404 -0.6576
vn -0.6304 0.2882 -0.7208
vn -0.6960 0.2808 -0.6609
vn 0.7106 0.7034 -0.0170
vn 0.8216 0.4612 0.3349
vn 0.8217 0.4612 0.3349
vn 0.7238 -0.0000 -0.6901
vn 0.7238 -0.0000 -0.6900
vn 0.9545 -0.0473 0.2943
vn 0.9283 -0.0432 0.3694
vn 0.9806 -0.1323 0.1445
vn 0.9652 -0.1354 0.2236
vn -0.1872 -0.1134 -0.9757
vn -0.4255 -0.1170 -0.8974
vn -0.0503 -0.1983 -0.9788
vn -0.2374 -0.2363 -0.9422
vn 0.6303 -0.3263 -0.7045
vn 0.6131 -0.4284 -0.6638
vn 0.6130 -0.4284 -0.6638
vn 0.9086 -0.0382 0.4160
vn 0.9419 -0.1418 0.3046
vn -0.6008 -0.1034 -0.7927
vn -0.4345 -0.2280 -0.8714
vn 0.6436 -0.5167 -0.5646
vn 0.8468 -0.0249 0.5313
vn 0.8787 -0.1222 0.4615
vn -0.6842 -0.1076 -0.7213
vn -0.5539 -0.2635 -0.7898
vn 0.8280 -0.5554 -0.0776
vn 0.8585 -0.1494 0.4906
vn 0.8353 -0.0190 0.5495
vn 0.8459 -0.1123 0.5214
vn 0.8331 -0.0121 0.5530
vn -0.7275 -0.1260 -0.6745
vn -0.7402 -0.1404 -0.6576
vn -0.6304 -0.2882 -0.7208
vn -0.6960 -0.2808 -0.6609
vn 0.7106 -0.7034 -0.0170
vn 0.8216 -0.4612 0.3349
vn 0.7106 -0.7033 -0.0170
vn 0.8217 -0.4612 0.3349
vn 0.7238 -0.0001 -0.6901
vn -0.7328 0.4409 -0.5182
vn -0.5912 0.3847 -0.7089
vn -0.8446 0.2594 -0.4684
vn -0.6413 0.2747 -0.7164
vn -0.6886 0.1047 0.7176
vn -0.6979 0.1570 0.6988
vn -0.9726 0.2114 0.0965
vn -0.8870 0.4526 -0.0921
vn -0.3216 0.1565 0.9339
vn -0.3951 0.1436 0.9073
vn -0.3200 0.0513 0.9460
vn -0.3558 0.0547 0.9330
vn 0.0174 0.6248 -0.7806
vn 0.0099 0.4800 -0.8772
vn -0.1610 0.5930 -0.7889
vn -0.2135 0.4369 -0.8738
vn -0.0038 0.7770 -0.6294
vn -0.2230 0.7423 -0.6319
vn -0.4382 0.8811 0.1780
vn -0.2091 0.9684 0.1362
vn -0.3542 -0.0000 0.9352
vn -0.3133 -0.0000 0.9497
vn -0.9859 -0.0000 0.1673
vn -0.6803 -0.0000 0.7329
vn -0.8778 -0.0000 -0.4791
vn -0.6710 -0.0000 -0.7414
vn 0.0082 -0.0000 -1.0000
vn -0.2319 -0.0000 -0.9727
vn -0.6413 -0.2747 -0.7164
vn -0.5912 -0.3847 -0.7089
vn -0.8446 -0.2594 -0.4684
vn -0.7328 -0.4409 -0.5182
vn -0.6886 -0.1047 0.7176
vn -0.9726 -0.2114 0.0965
vn -0.6979 -0.1570 0.6988
vn -0.8870 -0.4526 -0.0921
vn -0.3558 -0.0547 0.9330
vn -0.3951 -0.1436 0.9074
vn -0.3200 -0.0513 0.9460
vn -0.3216 -0.1564 0.9339
vn -0.2135 -0.4369 -0.8738
vn 0.0099 -0.4799 -0.8773
vn -0.1610 -0.5930 -0.7889
vn 0.0174 -0.6248 -0.7806
vn -0.2230 -0.7423 -0.6319
vn -0.0038 -0.7770 -0.6294
vn -0.4382 -0.8811 0.1780
vn -0.2091 -0.9684 0.1362
vn -0.4756 0.7740 0.4179
vn -0.5569 0.6858 0.4685
vn -0.6517 0.6390 0.4086
vn -0.6683 0.5955 0.4458
vn -0.2209 0.8432 0.4901
vn -0.2344 0.8519 0.4682
vn -0.0040 0.8795 0.4759
vn -0.0031 0.8888 0.4583
vn -0.6091 0.6594 0.4407
vn -0.5852 0.6600 0.4711
vn -0.4461 0.7769 0.4443
vn -0.4125 0.7708 0.4856
vn -0.4468 0.7569 0.4770
vn -0.3709 0.7800 0.5040
vn -0.8155 0.4588 -0.3529
vn -0.8792 0.2713 -0.3916
vn -0.8660 0.4917 -0.0908
vn -0.9502 0.2897 -0.1151
vn -0.5851 0.5827 -0.5640
vn -0.6703 0.3888 -0.6321
vn -0.6862 0.6638 -0.2977
vn -0.7058 0.7068 -0.0487
vn -0.8563 0.4990 0.1331
vn -0.9489 0.2952 0.1120
vn -0.8249 0.4923 0.2777
vn -0.9178 0.3002 0.2597
vn -0.6868 0.7108 0.1519
vn -0.6666 0.6872 0.2887
vn 0.8514 0.4953 0.1725
vn 0.7922 0.4862 0.3689
vn 0.9539 0.2650 0.1413
vn 0.8994 0.2584 0.3527
vn 0.0312 0.0962 -0.9949
vn 0.0301 0.1309 -0.9909
vn 0.3138 0.0913 -0.9451
vn 0.3419 0.1561 -0.9267
vn 0.1888 0.9615 0.1997
vn -0.0225 0.9823 0.1862
vn 0.1963 0.9284 0.3155
vn -0.0168 0.9540 0.2995
vn -0.7621 0.4875 0.4261
vn -0.7356 0.4999 0.4573
vn -0.7913 0.4880 0.3683
vn -0.8554 0.3106 0.4145
vn -0.8827 0.3055 0.3571
vn -0.6399 0.6688 0.3784
vn 0.8655 0.2569 0.4300
vn 0.8615 0.2528 0.4404
vn 0.7716 0.4664 0.4325
vn 0.7611 0.4746 0.4421
vn -0.0078 0.9050 0.4253
vn 0.2155 0.8796 0.4240
vn 0.2068 0.8627 0.4615
vn 0.2077 0.8981 0.3876
vn -0.0124 0.9254 0.3787
vn 0.2143 0.8517 -0.4782
vn -0.0151 0.8896 -0.4565
vn 0.2083 0.9571 -0.2013
vn -0.0272 0.9833 -0.1799
vn 0.1898 0.9812 0.0345
vn -0.0274 0.9991 0.0317
vn 0.0230 0.7157 -0.6981
vn 0.1998 0.6862 -0.6994
vn -0.3851 0.4748 -0.7913
vn -0.4380 0.3197 -0.8402
vn 0.8835 0.2772 0.3775
vn 0.7836 0.4736 0.4022
vn -0.2467 0.1529 -0.9570
vn 0.0300 0.1309 -0.9909
vn -0.2335 0.0888 -0.9683
vn 0.0311 0.0962 -0.9949
vn -0.2236 0.5207 -0.8240
vn -0.4181 0.6287 -0.6557
vn -0.2862 0.2974 -0.9109
vn -0.5363 0.2716 -0.7991
vn -0.8102 0.4425 0.3845
vn -0.8073 0.4146 0.4200
vn 0.5764 0.0845 -0.8128
vn 0.5676 0.1792 -0.8036
vn 0.8954 0.1177 -0.4294
vn 0.7739 0.0967 -0.6259
vn 0.8800 0.2408 -0.4095
vn 0.7654 0.2067 -0.6095
vn -0.0821 0.9156 0.3935
vn 0.4001 0.8251 0.3989
vn 0.1515 0.8304 0.5362
vn 0.2782 0.8377 0.4701
vn -0.0789 0.8474 0.5251
vn 0.6307 0.6610 0.4067
vn 0.6184 0.6682 0.4137
vn 0.4377 0.7898 0.4296
vn 0.4103 0.8000 0.4378
vn -0.0030 0.8888 0.4584
vn 0.2254 0.8782 0.4217
vn 0.4122 0.8323 0.3707
vn 0.6765 0.6663 0.3136
vn 0.5690 0.7302 0.3782
vn 0.7297 0.6061 0.3166
vn 0.0073 -0.2344 -0.9721
vn -0.4017 -0.0497 -0.9144
vn 0.4128 -0.0845 -0.9069
vn 0.0074 -0.2343 -0.9721
vn 0.3939 0.3077 -0.8661
vn 0.5891 0.2780 -0.7587
vn 0.3039 0.5355 -0.7880
vn 0.4476 0.6779 -0.5832
vn 0.0312 0.6521 -0.7575
vn 0.0370 0.8397 -0.5418
vn 0.0311 0.6521 -0.7575
vn -0.3780 0.3761 -0.8460
vn -0.4318 0.2418 -0.8690
vn -0.2757 0.6053 -0.7467
vn -0.0351 0.5323 -0.8458
vn 0.1877 0.5044 -0.8428
vn 0.3563 0.4332 -0.8279
vn 0.8747 0.4308 0.2221
vn 0.4492 0.2441 -0.8594
vn 0.8737 0.4735 -0.1114
vn 0.9521 0.2638 -0.1545
vn -0.2833 0.7967 0.5339
vn 0.4081 0.8123 0.4167
vn -0.8385 0.3260 0.4366
vn -0.8268 0.3494 0.4408
vn -0.7204 0.5177 0.4616
vn -0.2369 0.8597 -0.4525
vn -0.1712 0.6989 -0.6945
vn -0.0273 0.9833 -0.1799
vn -0.2679 0.9435 -0.1951
vn -0.2705 0.9626 0.0160
vn -0.2630 0.9482 0.1780
vn -0.2533 0.9209 0.2964
vn -0.2449 0.8915 0.3812
vn -0.0079 0.9050 0.4253
vn -0.2404 0.8669 0.4366
vn -0.4476 0.7565 -0.4768
vn -0.5071 0.8290 -0.2359
vn -0.5119 0.8590 -0.0080
vn -0.4967 0.8518 0.1662
vn -0.4827 0.8253 0.2929
vn -0.4645 0.7992 0.3815
vn -0.3279 0.6329 -0.7014
vn 0.3470 0.6481 -0.6779
vn 0.4344 0.7442 -0.5074
vn 0.4711 0.8455 -0.2516
vn 0.4547 0.8905 0.0169
vn 0.4321 0.8754 0.2167
vn 0.4266 0.8357 0.3458
vn 0.4364 0.8030 0.4059
vn 0.4367 0.7961 0.4191
vn 0.7062 0.6358 -0.3116
vn 0.6245 0.5419 -0.5625
vn 0.7053 0.7077 -0.0410
vn 0.6570 0.7249 0.2070
vn 0.6131 0.6987 0.3688
vn 0.6041 0.6739 0.4253
vn 0.6142 0.6679 0.4203
vn 0.5323 0.3241 -0.7821
vn 0.8282 0.4178 -0.3734
vn 0.7234 0.3608 -0.5886
vn -0.9389 -0.0000 0.3442
vn -0.5140 0.0001 -0.8578
vn -0.9019 0.2459 0.3551
vn -0.5025 0.1590 -0.8498
vn -0.8937 0.2200 0.3911
vn -0.9243 -0.0000 0.3817
vn -0.9080 -0.0000 0.4191
vn -0.9098 -0.0000 0.4151
vn -0.8877 0.1870 0.4207
vn -0.8865 0.1981 0.4181
vn -0.9090 -0.0000 0.4167
vn -0.8904 0.1773 0.4191
vn -0.9159 -0.0000 0.4013
vn -0.8998 0.1662 0.4035
vn -0.9241 0.1612 0.3466
vn -0.9390 -0.0000 0.3439
vn -0.9704 -0.0000 0.2417
vn -0.9567 0.1568 0.2454
vn -0.9957 -0.0000 0.0925
vn -0.9834 0.1534 0.0970
vn -0.9809 0.1505 -0.1232
vn -0.9921 -0.0000 -0.1254
vn -0.9133 -0.0000 -0.4073
vn -0.9027 0.1438 -0.4055
vn -0.6814 0.1114 -0.7234
vn -0.6843 -0.0000 -0.7292
vn -0.4509 -0.0000 -0.8926
vn -0.4476 0.0874 -0.8899
vn -0.2376 -0.0000 -0.9714
vn 0.0253 -0.0000 -0.9997
vn 0.0254 -0.0000 -0.9997
vn 0.3142 -0.0000 -0.9493
vn 0.5775 -0.0000 -0.8164
vn 0.8982 -0.0000 -0.4395
vn 0.7739 -0.0000 -0.6334
vn 0.9843 -0.0000 -0.1762
vn 0.9765 0.1312 -0.1711
vn 0.9912 -0.0000 0.1325
vn 0.9824 0.1330 0.1311
vn 0.9301 0.1254 0.3453
vn 0.9389 -0.0000 0.3441
vn 0.9039 -0.0000 0.4278
vn 0.8927 0.1264 0.4325
vn 0.8961 0.1366 0.4224
vn 0.9076 -0.0000 0.4199
vn 0.9215 0.1484 0.3588
vn 0.9344 -0.0000 0.3563
vn 0.9617 0.1963 0.1913
vn 0.9834 0.0001 0.1814
vn 0.9500 0.1759 0.2581
vn 0.9684 -0.0000 0.2493
vn 0.9640 0.2088 0.1649
vn 0.9882 -0.0000 0.1533
vn 0.4703 -0.0000 -0.8825
vn 0.4520 0.1192 -0.8840
vn -0.8143 0.3783 0.4403
vn 0.9391 0.1601 0.3041
vn 0.8915 0.3060 0.3341
vn 0.8886 0.3927 0.2371
vn 0.8917 0.3423 0.2962
vn 0.7850 0.4931 0.3749
vn -0.3829 0.8185 0.4283
vn 0.9546 -0.0000 0.2978
vn 0.7722 0.5294 0.3514
vn 0.6321 0.6673 0.3940
vn 0.4510 0.7901 0.4151
vn -0.5920 0.6555 0.4689
vn -0.4299 0.7666 0.4770
vn -0.5912 0.6440 0.4856
vn -0.6987 0.5440 0.4645
vn -0.4542 0.7478 0.4843
vn -0.3270 0.2559 0.9097
vn -0.5471 0.3334 0.7678
vn -0.0318 0.2596 0.9652
vn 0.2818 0.3065 0.9092
vn 0.5316 0.3686 0.7626
vn 0.7117 0.4017 0.5763
vn 0.7698 0.5163 0.3753
vn 0.6155 0.7244 0.3106
vn -0.5270 0.7552 0.3897
vn -0.6927 0.5735 0.4373
vn -0.6888 0.4365 0.5789
vn 0.4442 0.4784 -0.7575
vn -0.4484 0.1667 -0.8782
vn -0.6854 0.2106 -0.6971
vn -0.6683 -0.5955 0.4458
vn -0.5569 -0.6858 0.4685
vn -0.6517 -0.6390 0.4086
vn -0.4756 -0.7740 0.4180
vn -0.2209 -0.8431 0.4902
vn -0.0040 -0.8795 0.4759
vn -0.2344 -0.8519 0.4683
vn -0.0031 -0.8888 0.4583
vn -0.4125 -0.7708 0.4856
vn -0.5852 -0.6600 0.4711
vn -0.4461 -0.7769 0.4443
vn -0.6091 -0.6594 0.4407
vn -0.3709 -0.7800 0.5040
vn -0.4468 -0.7569 0.4769
vn -0.9502 -0.2897 -0.1151
vn -0.8792 -0.2713 -0.3916
vn -0.8661 -0.4916 -0.0908
vn -0.8155 -0.4588 -0.3529
vn -0.6703 -0.3888 -0.6321
vn -0.6862 -0.6638 -0.2977
vn -0.5851 -0.5827 -0.5640
vn -0.7058 -0.7068 -0.0487
vn -0.9178 -0.3002 0.2597
vn -0.9489 -0.2952 0.1120
vn -0.8249 -0.4923 0.2777
vn -0.8563 -0.4990 0.1331
vn -0.6868 -0.7108 0.1519
vn -0.6666 -0.6872 0.2887
vn 0.8994 -0.2584 0.3527
vn 0.7922 -0.4862 0.3689
vn 0.9539 -0.2650 0.1413
vn 0.8514 -0.4953 0.1725
vn 0.0312 -0.0962 -0.9949
vn 0.3138 -0.0913 -0.9451
vn 0.0301 -0.1309 -0.9909
vn 0.3419 -0.1561 -0.9267
vn 0.1888 -0.9615 0.1997
vn 0.1963 -0.9284 0.3155
vn -0.0225 -0.9823 0.1862
vn -0.0168 -0.9540 0.2995
vn -0.7621 -0.4875 0.4261
vn -0.7356 -0.4999 0.4573
vn -0.8827 -0.3056 0.3570
vn -0.7913 -0.4880 0.3683
vn -0.8556 -0.3102 0.4143
vn -0.6399 -0.6688 0.3784
vn 0.7610 -0.4748 0.4421
vn 0.8615 -0.2528 0.4404
vn 0.7716 -0.4664 0.4325
vn 0.8655 -0.2569 0.4300
vn -0.0078 -0.9050 0.4253
vn 0.2155 -0.8796 0.4240
vn 0.2068 -0.8627 0.4614
vn -0.0124 -0.9254 0.3787
vn 0.2077 -0.8981 0.3876
vn 0.2143 -0.8517 -0.4782
vn 0.2083 -0.9571 -0.2013
vn -0.0151 -0.8896 -0.4565
vn -0.0272 -0.9833 -0.1799
vn 0.1897 -0.9812 0.0345
vn -0.0274 -0.9991 0.0317
vn 0.1998 -0.6862 -0.6994
vn 0.0230 -0.7157 -0.6981
vn -0.4379 -0.3197 -0.8402
vn -0.3851 -0.4748 -0.7913
vn 0.7836 -0.4736 0.4022
vn 0.8835 -0.2772 0.3775
vn -0.2467 -0.1529 -0.9570
vn -0.2335 -0.0887 -0.9683
vn 0.0311 -0.0962 -0.9949
vn -0.5363 -0.2716 -0.7991
vn -0.4182 -0.6287 -0.6556
vn -0.2862 -0.2974 -0.9109
vn -0.2236 -0.5207 -0.8240
vn -0.8102 -0.4424 0.3845
vn -0.8073 -0.4146 0.4200
vn 0.5764 -0.0845 -0.8128
vn 0.5676 -0.1792 -0.8036
vn 0.7654 -0.2067 -0.6095
vn 0.7739 -0.0967 -0.6259
vn 0.8799 -0.2407 -0.4096
vn 0.8954 -0.1177 -0.4295
vn -0.0821 -0.9156 0.3935
vn 0.1515 -0.8303 0.5362
vn 0.4001 -0.8251 0.3988
vn 0.2782 -0.8377 0.4701
vn -0.0789 -0.8474 0.5251
vn 0.6306 -0.6610 0.4067
vn 0.4377 -0.7898 0.4296
vn 0.6184 -0.6682 0.4136
vn 0.4102 -0.8000 0.4379
vn 0.2254 -0.8783 0.4217
vn 0.4120 -0.8323 0.3709
vn 0.5690 -0.7302 0.3782
vn 0.6765 -0.6663 0.3136
vn 0.7298 -0.6062 0.3162
vn 0.0073 0.2343 -0.9721
vn -0.4017 0.0497 -0.9144
vn 0.4128 0.0845 -0.9069
vn 0.0074 0.2343 -0.9721
vn 0.3940 -0.3078 -0.8661
vn 0.5891 -0.2780 -0.7587
vn 0.3039 -0.5355 -0.7880
vn 0.0312 -0.6521 -0.7575
vn 0.4476 -0.6779 -0.5831
vn 0.0371 -0.8397 -0.5418
vn 0.0311 -0.6521 -0.7575
vn 0.0370 -0.8397 -0.5418
vn -0.5007 -0.2679 -0.8231
vn -0.4084 -0.4202 -0.8103
vn -0.2323 -0.4590 -0.8575
vn -0.0352 -0.5323 -0.8458
vn 0.1876 -0.5044 -0.8428
vn -0.0351 -0.5323 -0.8458
vn 0.3563 -0.4332 -0.8279
vn 0.8747 -0.4308 0.2221
vn 0.4492 -0.2442 -0.8594
vn 0.9521 -0.2638 -0.1546
vn 0.8737 -0.4735 -0.1114
vn -0.2833 -0.7967 0.5339
vn -0.0790 -0.8474 0.5251
vn 0.4081 -0.8123 0.4168
vn -0.7204 -0.5177 0.4616
vn -0.8268 -0.3495 0.4408
vn -0.8385 -0.3260 0.4366
vn -0.2369 -0.8597 -0.4525
vn -0.1712 -0.6989 -0.6945
vn -0.2679 -0.9435 -0.1951
vn -0.0273 -0.9833 -0.1799
vn -0.2705 -0.9626 0.0160
vn -0.2630 -0.9482 0.1780
vn -0.2533 -0.9209 0.2964
vn -0.2448 -0.8915 0.3812
vn -0.2404 -0.8669 0.4366
vn -0.0079 -0.9050 0.4253
vn -0.5071 -0.8290 -0.2359
vn -0.4476 -0.7565 -0.4768
vn -0.5119 -0.8590 -0.0080
vn -0.4967 -0.8518 0.1662
vn -0.4827 -0.8253 0.2929
vn -0.4645 -0.7992 0.3815
vn -0.3279 -0.6329 -0.7014
vn 0.3470 -0.6481 -0.6779
vn 0.4345 -0.7440 -0.5076
vn 0.4711 -0.8455 -0.2516
vn 0.4548 -0.8904 0.0168
vn 0.4321 -0.8754 0.2167
vn 0.4266 -0.8357 0.3458
vn 0.4364 -0.8030 0.4059
vn 0.4367 -0.7961 0.4191
vn 0.7061 -0.6358 -0.3118
vn 0.6243 -0.5423 -0.5623
vn 0.7053 -0.7077 -0.0410
vn 0.6570 -0.7249 0.2070
vn 0.6130 -0.6986 0.3691
vn 0.6038 -0.6741 0.4255
vn 0.6145 -0.6677 0.4201
vn 0.5324 -0.3243 -0.7819
vn 0.8282 -0.4178 -0.3734
vn 0.7233 -0.3610 -0.5886
vn -0.5025 -0.1590 -0.8498
vn -0.9019 -0.2459 0.3551
vn -0.8937 -0.2200 0.3911
vn -0.8866 -0.1981 0.4181
vn -0.8877 -0.1870 0.4207
vn -0.8904 -0.1773 0.4192
vn -0.8998 -0.1662 0.4035
vn -0.9241 -0.1612 0.3466
vn -0.9567 -0.1568 0.2454
vn -0.9834 -0.1534 0.0970
vn -0.9809 -0.1505 -0.1232
vn -0.9027 -0.1438 -0.4055
vn -0.6814 -0.1114 -0.7234
vn -0.4476 -0.0874 -0.8899
vn 0.3142 -0.0000 -0.9494
vn 0.9765 -0.1312 -0.1712
vn 0.9824 -0.1330 0.1311
vn 0.9301 -0.1254 0.3453
vn 0.8927 -0.1264 0.4325
vn 0.8961 -0.1366 0.4224
vn 0.9215 -0.1484 0.3588
vn 0.9617 -0.1963 0.1913
vn 0.9500 -0.1759 0.2581
vn 0.9834 -0.0001 0.1814
vn 0.9640 -0.2088 0.1649
vn 0.9882 -0.0000 0.1534
vn 0.4520 -0.1192 -0.8840
vn -0.8143 -0.3783 0.4403
vn 0.8915 -0.3060 0.3341
vn 0.9391 -0.1601 0.3041
vn 0.8917 -0.3423 0.2962
vn 0.8886 -0.3927 0.2371
vn 0.7850 -0.4932 0.3749
vn -0.3829 -0.8185 0.4282
vn 0.7721 -0.5294 0.3514
vn 0.6321 -0.6673 0.3939
vn 0.4510 -0.7901 0.4151
vn -0.5920 -0.6555 0.4689
vn -0.4300 -0.7667 0.4768
vn -0.6988 -0.5440 0.4645
vn -0.5912 -0.6440 0.4856
vn -0.4542 -0.7478 0.4843
vn -0.3269 -0.2558 0.9098
vn -0.5471 -0.3334 0.7678
vn -0.0318 -0.2595 0.9652
vn 0.2819 -0.3065 0.9092
vn -0.0318 -0.2596 0.9652
vn 0.5315 -0.3687 0.7626
vn 0.7117 -0.4017 0.5763
vn 0.7698 -0.5163 0.3751
vn 0.6154 -0.7244 0.3107
vn -0.5271 -0.7553 0.3896
vn -0.6927 -0.5735 0.4373
vn -0.6887 -0.4365 0.5789
vn 0.4444 -0.4783 -0.7574
vn 0.9974 -0.0124 0.0706
vn 0.7084 0.6795 0.1908
vn 0.9997 -0.0041 0.0233
vn 0.7043 0.6950 0.1448
vn -0.7011 0.6855 0.1965
vn -0.9978 -0.0149 0.0640
vn -0.7083 0.6907 0.1458
vn -0.9997 -0.0045 0.0257
vn 0.0126 0.9698 0.2437
vn -0.0022 0.9810 0.1938
vn 0.7044 -0.7025 -0.1016
vn 0.7083 -0.7039 -0.0532
vn 0.9997 -0.0042 0.0233
vn 0.9974 -0.0125 0.0706
vn -0.7082 -0.6990 -0.0993
vn -0.7044 -0.7078 -0.0522
vn -0.0022 -0.9882 -0.1534
vn 0.0126 -0.9947 -0.1025
vn 0.9999 0.0021 -0.0124
vn 0.7064 -0.6947 -0.1352
vn 1.0000 0.0014 -0.0080
vn 0.7056 -0.6962 -0.1320
vn -0.7071 -0.6952 -0.1290
vn -0.7077 -0.6938 -0.1333
vn -1.0000 0.0008 -0.0048
vn -0.9999 0.0018 -0.0104
vn 0.0002 -0.9827 -0.1851
vn 0.0012 -0.9832 -0.1824
vn 0.9999 0.0022 -0.0125
vn 0.7064 0.6991 0.1106
vn 0.7054 0.6995 0.1141
vn -0.7071 0.6974 0.1166
vn -0.7077 0.6976 0.1120
vn 0.0010 0.9863 0.1649
vn 0.0002 0.9868 0.1621
vn 1.0000 0.0003 -0.0016
vn 0.7039 0.6991 0.1256
vn 0.7039 -0.6999 -0.1211
vn -0.0057 -0.9860 -0.1664
vn -0.7106 -0.6944 -0.1132
vn -1.0000 -0.0017 0.0095
vn -0.7107 0.6912 0.1312
vn -0.0057 0.9835 0.1808
vn 0.6444 -0.7225 0.2504
vn 0.9161 -0.0720 0.3943
vn 0.0154 -0.9862 0.1647
vn -0.5354 -0.7791 0.3260
vn -0.8342 -0.0923 0.5436
vn -0.5252 0.6283 0.5740
vn 0.0117 0.8645 0.5026
vn 0.6394 0.5876 0.4958
vn 0.9161 -0.0720 0.3944
vn 0.7059 0.6985 0.1172
vn 0.0003 0.9852 0.1713
vn -0.7082 0.6951 0.1238
vn -1.0000 -0.0005 0.0028
vn -0.7085 -0.6951 -0.1216
vn 0.0003 -0.9844 -0.1759
vn 0.7058 -0.6966 -0.1289
vn 1.0000 0.0013 -0.0071
vn 1.0000 0.0013 -0.0072
vn 0.9999 0.0120 -0.0119
vn 0.7018 0.7038 0.1097
vn 0.7117 -0.6893 -0.1351
vn 0.0004 -0.9824 -0.1867
vn -0.7132 -0.6878 -0.1354
vn -0.9998 0.0122 -0.0127
vn -0.7029 0.7029 0.1089
vn -0.0002 0.9873 0.1589
vn 0.9963 0.0442 -0.0733
vn 0.6881 0.7247 0.0364
vn 0.4476 0.6779 -0.5831
vn 0.7223 -0.6637 -0.1943
vn 0.9963 0.0441 -0.0734
vn 0.4129 -0.0845 -0.9069
vn -0.0046 -0.9686 -0.2487
vn 0.0073 -0.2343 -0.9721
vn -0.7293 -0.6571 -0.1906
vn -0.4017 -0.0498 -0.9144
vn -0.9970 0.0360 -0.0688
vn -0.4182 0.6287 -0.6557
vn -0.6970 0.7161 0.0375
vn -0.0004 0.9969 0.0787
vn -0.7058 0.3949 -0.5881
vn -0.7548 0.4089 -0.5130
vn -0.3392 0.3434 -0.8758
vn -0.4172 0.3404 -0.8427
vn -0.7874 0.3629 -0.4983
vn -0.4015 0.1838 -0.8972
vn -0.9263 0.3753 0.0322
vn -0.9201 0.3917 -0.0029
vn -0.9342 0.3560 0.0218
vn -0.8561 0.2684 0.4417
vn -0.8695 0.2995 0.3928
vn -0.9342 0.3560 0.0219
vn -0.9201 0.3917 -0.0028
vn -0.9264 0.3753 0.0323
vn -0.8838 0.2567 0.3912
vn -0.6605 0.1857 0.7275
vn -0.7239 0.0176 0.6897
vn -0.6403 0.1780 0.7472
vn 0.0399 -0.0091 0.9992
vn -0.1382 0.0740 0.9876
vn -0.0732 0.0031 0.9973
vn -0.0823 -0.0292 0.9962
vn 0.0285 0.2431 0.9696
vn 0.0665 0.2236 0.9724
vn 0.0785 -0.0061 0.9969
vn 0.0415 -0.1836 0.9821
vn 0.0800 -0.1843 0.9796
vn -0.1673 0.2354 0.9574
vn 0.0186 0.5632 0.8261
vn 0.0034 0.3743 0.9273
vn 0.0761 0.4761 0.8761
vn 0.3528 0.9190 0.1758
vn 0.2908 0.8024 0.5211
vn 0.5811 0.7945 0.1761
vn 0.5113 0.7003 0.4981
vn 0.8913 -0.0787 0.4465
vn 0.9942 -0.0186 0.1056
vn 0.7786 0.3847 0.4958
vn 0.8590 0.4859 0.1612
vn 0.9942 -0.0186 0.1055
vn 0.9469 0.0558 -0.3167
vn 0.8590 0.4859 0.1611
vn 0.8305 0.4941 -0.2572
vn 0.3390 0.8679 -0.3631
vn 0.5580 0.7832 -0.2743
vn 0.5812 0.7945 0.1760
vn 0.2178 0.5554 -0.8026
vn 0.3967 0.5638 -0.7244
vn 0.6808 0.1271 -0.7214
vn 0.6227 0.4081 -0.6676
vn 0.3619 0.2701 -0.8922
vn 0.3804 0.1606 -0.9108
vn 0.2264 0.3045 -0.9252
vn 0.0664 0.5349 -0.8423
vn 0.1234 0.5403 -0.8324
vn 0.0266 0.2879 -0.9573
vn 0.0646 0.2946 -0.9534
vn 0.0496 0.1735 -0.9836
vn 0.0185 0.1743 -0.9845
vn 0.0040 0.2853 -0.9584
vn 0.0093 0.2843 -0.9587
vn 0.0044 0.1781 -0.9840
vn 0.0072 0.1760 -0.9844
vn 0.0187 0.5153 -0.8568
vn 0.0360 0.5275 -0.8488
vn -0.1022 0.2017 -0.9741
vn -0.1403 0.2554 -0.9566
vn -0.1181 0.3117 -0.9428
vn -0.0742 0.8949 -0.4401
vn -0.0309 0.4676 -0.8834
vn -0.2002 0.8885 -0.4130
vn -0.0842 0.4931 -0.8659
vn -0.0070 0.4732 -0.8809
vn -0.0033 0.8939 -0.4482
vn -0.0887 0.9834 0.1585
vn -0.0026 0.9880 0.1542
vn -0.2299 0.9593 0.1637
vn 0.2007 0.8877 -0.4143
vn 0.2090 0.9628 0.1712
vn 0.1476 0.9735 0.1749
vn 0.1170 0.7934 0.5974
vn 0.2089 0.9628 0.1713
vn 0.1609 0.8122 0.5607
vn 0.0891 0.6012 0.7941
vn 0.2001 0.6349 0.7463
vn 0.0633 0.5623 0.8245
vn -0.0605 0.8124 0.5799
vn -0.0887 0.9834 0.1586
vn -0.1818 0.8247 0.5355
vn -0.2299 0.9593 0.1638
vn 0.0134 0.7897 0.6134
vn -0.0076 0.5596 0.8287
vn 0.0413 0.5216 0.8522
vn -0.1005 0.5940 0.7982
vn -0.0092 0.0345 0.9994
vn 0.0172 0.2818 0.9593
vn 0.0206 0.0184 0.9996
vn 0.0368 0.2613 0.9646
vn -0.0193 -0.1761 0.9842
vn 0.0128 -0.1789 0.9838
vn -0.0145 0.2749 -0.9614
vn -0.0080 0.2809 -0.9597
vn 0.0649 0.8991 -0.4330
vn 0.0973 0.9071 -0.4096
vn 0.0912 0.9821 0.1649
vn 0.1231 0.9777 0.1700
vn 0.0968 0.7761 0.6231
vn 0.1231 0.9777 0.1701
vn 0.0790 0.7636 0.6409
vn 0.0912 0.9821 0.1650
vn 0.0550 0.5349 0.8431
vn 0.0569 0.5134 0.8563
vn 0.0598 -0.0039 0.9982
vn 0.0562 -0.1842 0.9813
vn 0.0677 0.2202 0.9731
vn 0.0606 0.7673 0.6384
vn 0.0692 0.4981 0.8644
vn 0.0491 0.9866 0.1555
vn 0.0355 0.8895 -0.4555
vn 0.0490 0.9866 0.1554
vn 0.0080 0.4878 -0.8729
vn 0.0135 0.5012 -0.8652
vn -0.0033 0.2841 -0.9588
vn 0.0033 0.2855 -0.9584
vn -0.0033 0.1827 -0.9832
vn 0.0048 0.1809 -0.9835
vn 0.1291 0.9037 -0.4083
vn 0.1476 0.9735 0.1748
vn -0.0475 0.0743 0.9961
vn 0.0066 0.3123 0.9500
vn -0.0746 -0.1747 0.9818
vn 0.1268 0.2997 -0.9456
vn 0.1056 0.1727 -0.9793
vn -0.0478 0.2868 -0.9568
vn -0.0865 0.2485 -0.9648
vn -0.0418 0.2579 -0.9653
vn -0.3739 0.8469 -0.3780
vn -0.1788 0.5237 -0.8329
vn -0.5891 0.7209 -0.3651
vn -0.3378 0.4902 -0.8035
vn -0.4398 0.8842 0.1575
vn -0.6546 0.7460 0.1226
vn -0.3882 0.7887 0.4767
vn -0.4398 0.8841 0.1576
vn -0.6066 0.6682 0.4308
vn -0.6546 0.7459 0.1227
vn -0.2975 0.6189 0.7269
vn -0.5212 0.5152 0.6804
vn -0.2373 0.0788 0.9682
vn -0.4503 0.1110 0.8859
vn -0.2157 0.0479 0.9753
vn -0.4129 0.1072 0.9044
vn -0.2262 -0.1065 0.9682
vn -0.4661 -0.1498 0.8720
vn 0.4261 0.5850 0.6901
vn 0.6594 0.2793 0.6980
vn 0.7336 -0.1192 0.6691
vn 0.5441 0.3593 0.7582
vn 0.3283 0.5105 0.7948
vn 0.1933 0.1704 -0.9662
vn -0.2456 -0.1668 0.9549
vn 0.0186 0.5633 0.8260
vn 0.5442 0.3593 0.7581
vn 0.6989 -0.1214 0.7048
vn -0.3409 -0.0063 -0.9401
vn -0.7093 -0.1606 -0.6863
vn -0.3333 0.1726 -0.9269
vn -0.7516 0.1200 -0.6486
vn -0.3300 -0.1750 -0.9276
vn -0.5918 -0.5517 -0.5878
vn -0.3953 0.1486 -0.9065
vn -0.7929 -0.1645 -0.5867
vn -0.6534 -0.7457 -0.1301
vn -0.9299 -0.3551 -0.0959
vn -0.9340 -0.3439 -0.0966
vn -0.9993 0.0066 -0.0359
vn -0.9993 0.0065 -0.0358
vn -0.9093 -0.0760 0.4092
vn -0.8523 -0.4095 0.3255
vn -0.6534 -0.7457 -0.1300
vn -0.6043 -0.7742 0.1883
vn -0.9299 -0.3551 -0.0958
vn -0.8875 -0.3614 0.2860
vn -0.7172 -0.2521 0.6497
vn -0.5041 -0.7206 0.4760
vn -0.6750 -0.1352 0.7254
vn -0.6356 -0.4340 0.6385
vn 0.0412 -0.3615 0.9315
vn -0.0724 -0.3609 0.9298
vn -0.0656 -0.1830 0.9809
vn -0.0743 -0.3522 0.9330
vn 0.0299 -0.5740 0.8183
vn -0.0530 -0.5896 0.8060
vn 0.0776 -0.3646 0.9279
vn 0.0654 -0.5574 0.8276
vn -0.0118 -0.3824 0.9239
vn -0.0465 -0.4192 0.9067
vn 0.0037 -0.6183 0.7859
vn 0.0119 -0.5945 0.8040
vn -0.1600 -0.5544 0.8167
vn 0.0025 -0.6721 0.7405
vn 0.0228 -0.8099 0.5862
vn 0.0841 -0.7484 0.6579
vn 0.5113 -0.8283 0.2291
vn 0.2908 -0.9322 0.2154
vn 0.5812 -0.8068 -0.1062
vn 0.3529 -0.9237 -0.1491
vn 0.7782 -0.5315 0.3346
vn 0.8590 -0.5118 -0.0147
vn 0.8590 -0.5118 -0.0148
vn 0.8305 -0.3761 -0.4109
vn 0.5812 -0.8068 -0.1063
vn 0.5578 -0.6423 -0.5256
vn 0.3391 -0.6913 -0.6381
vn 0.3965 -0.2818 -0.8737
vn 0.2177 -0.2476 -0.9441
vn 0.6228 -0.1551 -0.7669
vn 0.3619 0.0515 -0.9308
vn 0.2264 0.0303 -0.9736
vn -0.1814 -0.1933 -0.9642
vn -0.1059 0.1687 -0.9800
vn -0.1195 0.0491 -0.9916
vn -0.1208 0.1821 -0.9758
vn -0.0874 -0.1532 -0.9843
vn -0.0306 -0.1213 -0.9921
vn -0.2027 -0.7014 -0.6833
vn -0.0756 -0.6960 -0.7140
vn -0.0072 -0.1274 -0.9918
vn -0.0036 -0.6925 -0.7214
vn -0.0882 -0.9826 -0.1636
vn -0.0028 -0.9855 -0.1695
vn -0.2292 -0.9615 -0.1515
vn 0.1341 -0.7097 -0.6916
vn 0.0716 -0.2132 -0.9744
vn 0.2009 -0.6924 -0.6929
vn 0.1236 -0.2229 -0.9670
vn 0.2091 -0.9633 -0.1686
vn 0.1496 -0.9744 -0.1678
vn 0.2091 -0.9633 -0.1685
vn 0.1612 -0.9550 0.2489
vn 0.0916 -0.8404 0.5342
vn 0.2064 -0.8533 0.4789
vn -0.0882 -0.9826 -0.1635
vn -0.1773 -0.9552 0.2370
vn -0.0593 -0.9572 0.2833
vn -0.0028 -0.9855 -0.1694
vn 0.0110 -0.9477 0.3190
vn -0.0087 -0.8153 0.5789
vn -0.0990 -0.8349 0.5414
vn -0.0133 0.1833 -0.9830
vn -0.0069 0.1834 -0.9830
vn -0.0142 0.0896 -0.9959
vn -0.0081 0.0836 -0.9965
vn 0.0548 -0.3649 0.9294
vn 0.0583 -0.5569 0.8285
vn 0.0575 -0.7723 0.6326
vn 0.0375 -0.7877 0.6149
vn 0.0501 -0.9382 0.3426
vn 0.0469 -0.9838 -0.1730
vn 0.0406 -0.6844 -0.7279
vn 0.0469 -0.9838 -0.1731
vn 0.0132 -0.1453 -0.9893
vn 0.0097 0.0738 -0.9972
vn 0.0247 -0.1641 -0.9861
vn -0.0003 0.0790 -0.9969
vn 0.0647 0.0494 -0.9967
vn 0.0294 0.0587 -0.9978
vn 0.0449 -0.2016 -0.9784
vn 0.1059 -0.7116 -0.6945
vn 0.1261 -0.9765 -0.1748
vn 0.1261 -0.9765 -0.1747
vn 0.1496 -0.9744 -0.1677
vn 0.0943 -0.9430 0.3191
vn 0.1161 -0.9499 0.2901
vn 0.0610 -0.8122 0.5802
vn 0.0501 -0.7916 0.6090
vn 0.1268 0.0417 -0.9911
vn -0.0485 0.0767 -0.9959
vn -0.0436 0.1832 -0.9821
vn -0.0413 0.1073 -0.9934
vn -0.3843 -0.6715 -0.6335
vn -0.4374 -0.8886 -0.1382
vn -0.3813 -0.9042 0.1926
vn -0.4374 -0.8886 -0.1381
vn -0.2913 -0.8283 0.4786
vn -0.2144 -0.3947 0.8934
vn -0.2159 -0.1792 0.9598
vn -0.4095 -0.4230 0.8083
vn -0.4228 -0.1659 0.8909
vn -0.2086 -0.5938 0.7771
vn -0.2233 -0.2698 0.9367
vn -0.3944 -0.5520 0.7347
vn -0.4635 -0.1885 0.8658
vn 0.4235 -0.7859 0.4506
vn 0.6583 -0.5006 0.5621
vn 0.5423 -0.5951 0.5931
vn 0.3447 -0.7382 0.5799
vn 0.0227 -0.8099 0.5861
vn 0.0141 0.0659 -0.9977
vn 0.0096 0.0694 -0.9975
vn 0.0289 -0.1844 -0.9824
vn 0.0741 -0.6973 -0.7129
vn 0.0907 -0.9800 -0.1770
vn 0.0908 -0.9800 -0.1770
vn 0.0703 -0.9377 0.3402
vn 0.0459 -0.7776 0.6271
vn 0.0267 -0.5813 0.8133
vn 0.0150 -0.3716 0.9283
vn 0.0343 0.0054 0.9994
vn 0.0270 -0.1817 0.9830
vn 0.0509 0.2392 0.9696
vn 0.0704 0.7595 0.6467
vn 0.0659 0.4989 0.8641
vn 0.0652 0.9855 0.1566
vn 0.0652 0.9855 0.1565
vn 0.0441 0.8900 -0.4538
vn 0.0538 -0.6835 -0.7280
vn 0.0617 -0.9820 -0.1785
vn 0.0617 -0.9820 -0.1784
vn 0.0555 -0.9358 0.3482
vn 0.0485 -0.7709 0.6351
vn 0.0259 -0.3664 0.9301
vn 0.0355 -0.5687 0.8218
vn -0.1364 -0.4230 0.8958
vn -0.2353 -0.4205 0.8763
vn -0.4456 -0.4236 0.7887
vn -0.8650 -0.4222 0.2710
vn -0.6544 -0.4346 0.6187
vn -0.9216 -0.3663 -0.1282
vn -0.7600 -0.1983 -0.6189
vn -0.9216 -0.3663 -0.1283
vn -0.4186 -0.0140 -0.9081
vn -0.1426 0.1021 -0.9845
vn -0.0880 0.1169 -0.9892
vn -0.3993 0.2603 0.8791
vn -0.2083 0.2862 0.9353
vn -0.0567 0.2645 0.9627
vn -0.9604 -0.2779 0.0203
vn -0.9559 -0.2931 0.0207
vn -0.7967 -0.2313 0.5583
vn -0.7964 -0.2504 0.5505
vn -0.5353 -0.1959 0.8216
vn -0.5309 -0.1740 0.8294
vn -0.5226 -0.1870 -0.8318
vn -0.7879 -0.2521 -0.5618
vn -0.5099 -0.1714 -0.8430
vn -0.7804 -0.2379 -0.5782
vn -0.9559 -0.2931 0.0205
vn -0.9604 -0.2780 0.0202
vn -0.0000 -0.1473 0.9891
vn 0.2771 -0.1595 0.9475
vn -0.0000 -0.1227 0.9924
vn 0.2730 -0.1358 0.9524
vn 0.5354 -0.1959 0.8216
vn 0.5309 -0.1740 0.8294
vn -0.2730 -0.1358 0.9524
vn -0.2771 -0.1595 0.9475
vn -0.0000 -0.1217 -0.9926
vn -0.2489 -0.1399 -0.9584
vn -0.0000 -0.1088 -0.9941
vn -0.2409 -0.1259 -0.9623
vn 0.5099 -0.1714 -0.8430
vn 0.5226 -0.1870 -0.8318
vn 0.2409 -0.1259 -0.9623
vn 0.2489 -0.1399 -0.9584
vn 0.7804 -0.2379 -0.5782
vn 0.7879 -0.2521 -0.5618
vn 0.9604 -0.2780 0.0202
vn 0.9559 -0.2931 0.0205
vn 0.7964 -0.2504 0.5505
vn 0.9559 -0.2930 0.0207
vn 0.7967 -0.2313 0.5583
vn 0.9604 -0.2780 0.0203
vn 0.8227 -0.2821 -0.4935
vn 0.8353 -0.2750 -0.4761
vn 0.5838 -0.2178 -0.7821
vn 0.6023 -0.2165 -0.7684
vn 0.9458 -0.3240 0.0202
vn 0.9490 -0.3148 0.0199
vn 0.8173 -0.2924 0.4965
vn 0.9490 -0.3148 0.0200
vn 0.8090 -0.2951 0.5084
vn 0.5767 -0.2510 0.7774
vn 0.5656 -0.2472 0.7868
vn 0.3077 -0.2208 0.9255
vn 0.3001 -0.2126 0.9299
vn -0.0000 -0.2109 0.9775
vn -0.0000 -0.2011 0.9796
vn -0.3001 -0.2126 0.9299
vn -0.3077 -0.2208 0.9255
vn -0.3203 -0.2353 0.9176
vn -0.3142 -0.2283 0.9215
vn -0.5964 -0.2569 0.7605
vn -0.5867 -0.2543 0.7688
vn -0.5767 -0.2510 0.7774
vn -0.5656 -0.2472 0.7868
vn -0.8173 -0.2924 0.4965
vn -0.8090 -0.2951 0.5084
vn -0.9458 -0.3240 0.0203
vn -0.9490 -0.3148 0.0200
vn -0.8353 -0.2750 -0.4760
vn -0.9490 -0.3148 0.0199
vn -0.8227 -0.2821 -0.4935
vn -0.9458 -0.3240 0.0202
vn -0.6023 -0.2165 -0.7684
vn -0.5838 -0.2178 -0.7821
vn -0.2904 -0.1674 -0.9422
vn -0.3019 -0.1717 -0.9378
vn -0.0000 -0.1529 -0.9882
vn -0.0000 -0.1468 -0.9892
vn 0.2904 -0.1674 -0.9422
vn 0.3019 -0.1717 -0.9378
vn -0.4976 -0.1569 -0.8531
vn -0.7721 -0.2226 -0.5953
vn -0.4830 -0.1360 -0.8650
vn -0.7634 -0.2022 -0.6134
vn -0.9652 -0.2607 0.0183
vn -0.9704 -0.2409 0.0147
vn -0.7985 -0.1934 0.5700
vn -0.7975 -0.2113 0.5651
vn -0.5266 -0.1524 0.8364
vn -0.5216 -0.1345 0.8425
vn -0.2625 -0.0937 0.9604
vn -0.2682 -0.1125 0.9568
vn -0.0000 -0.0794 0.9968
vn -0.0000 -0.0990 0.9951
vn 0.2681 -0.1124 0.9568
vn 0.2625 -0.0937 0.9604
vn 0.5266 -0.1524 0.8363
vn 0.5216 -0.1345 0.8425
vn 0.7975 -0.2113 0.5651
vn 0.7985 -0.1934 0.5700
vn 0.9652 -0.2607 0.0183
vn 0.9704 -0.2409 0.0147
vn 0.7634 -0.2022 -0.6134
vn 0.7721 -0.2226 -0.5953
vn 0.4830 -0.1360 -0.8650
vn 0.4976 -0.1569 -0.8531
vn 0.2244 -0.0901 -0.9703
vn 0.2336 -0.1112 -0.9659
vn -0.0000 -0.0719 -0.9974
vn -0.0000 -0.0933 -0.9956
vn -0.2337 -0.1112 -0.9659
vn -0.2244 -0.0901 -0.9703
vn -0.5466 -0.2275 0.8059
vn -0.5543 -0.2399 0.7970
vn -0.2864 -0.1900 0.9391
vn -0.2924 -0.2011 0.9349
vn -0.7604 -0.0472 -0.6477
vn -0.4520 -0.0193 -0.8918
vn -0.7632 -0.1433 -0.6301
vn -0.4708 -0.0885 -0.8778
vn -0.9987 -0.0502 -0.0003
vn -0.9853 -0.1703 0.0101
vn -0.8086 -0.1362 0.5724
vn -0.8212 -0.0336 0.5696
vn -0.9853 -0.1703 0.0102
vn -0.9987 -0.0502 -0.0002
vn -0.5198 -0.0902 0.8495
vn -0.5159 -0.0101 0.8566
vn 0.8212 -0.0336 0.5696
vn 0.5159 -0.0101 0.8566
vn 0.8086 -0.1362 0.5724
vn 0.5198 -0.0902 0.8495
vn 0.9987 -0.0501 -0.0002
vn 0.9853 -0.1703 0.0102
vn 0.7632 -0.1433 -0.6301
vn 0.7604 -0.0472 -0.6477
vn 0.9853 -0.1703 0.0101
vn 0.9987 -0.0502 -0.0003
vn 0.4708 -0.0885 -0.8778
vn 0.4520 -0.0193 -0.8918
vn 0.2185 -0.0496 -0.9746
vn 0.2065 0.0045 -0.9784
vn -0.0000 -0.0349 -0.9994
vn -0.0000 0.0123 -0.9999
vn -0.2065 0.0045 -0.9784
vn -0.2185 -0.0496 -0.9746
vn -0.0000 -0.0461 0.9989
vn -0.0000 0.0144 0.9999
vn -0.2596 -0.0574 0.9640
vn -0.2536 0.0087 0.9673
vn 0.2536 0.0087 0.9673
vn 0.2596 -0.0574 0.9640
vn -0.9521 -0.3051 0.0214
vn -0.9472 -0.3200 0.0216
vn -0.7965 -0.2657 0.5432
vn -0.7982 -0.2818 0.5325
vn -0.5398 -0.2133 0.8143
vn -0.5485 -0.2110 -0.8091
vn -0.8023 -0.2775 -0.5285
vn -0.5347 -0.1985 -0.8214
vn -0.7953 -0.2631 -0.5462
vn -0.9472 -0.3200 0.0215
vn -0.9521 -0.3051 0.0213
vn -0.0000 -0.1772 0.9842
vn 0.2864 -0.1900 0.9391
vn -0.0000 -0.1671 0.9859
vn 0.2810 -0.1785 0.9430
vn 0.5466 -0.2275 0.8059
vn 0.5398 -0.2133 0.8143
vn -0.2810 -0.1785 0.9430
vn -0.0000 -0.1411 -0.9900
vn -0.2672 -0.1608 -0.9501
vn -0.0000 -0.1332 -0.9911
vn -0.2569 -0.1517 -0.9545
vn 0.5347 -0.1985 -0.8214
vn 0.5485 -0.2110 -0.8091
vn 0.2569 -0.1517 -0.9545
vn 0.2672 -0.1608 -0.9501
vn 0.7953 -0.2631 -0.5462
vn 0.8023 -0.2775 -0.5285
vn 0.9521 -0.3051 0.0213
vn 0.9472 -0.3200 0.0215
vn 0.7982 -0.2818 0.5325
vn 0.9472 -0.3200 0.0216
vn 0.7965 -0.2657 0.5432
vn 0.9521 -0.3051 0.0214
vn 0.8103 -0.2872 -0.5108
vn 0.5638 -0.2176 -0.7967
vn 0.9433 -0.3312 0.0212
vn 0.9433 -0.3312 0.0213
vn 0.8009 -0.2947 0.5212
vn 0.5543 -0.2399 0.7970
vn 0.2924 -0.2011 0.9349
vn -0.0000 -0.1880 0.9822
vn -0.8010 -0.2947 0.5212
vn -0.9433 -0.3312 0.0213
vn -0.9433 -0.3312 0.0212
vn -0.8103 -0.2872 -0.5109
vn -0.5638 -0.2176 -0.7967
vn -0.2779 -0.1640 -0.9465
vn -0.0000 -0.1428 -0.9898
vn 0.2779 -0.1640 -0.9465
vn 0.8469 -0.2674 -0.4597
vn 0.8568 -0.2621 -0.4440
vn 0.6165 -0.2157 -0.7572
vn 0.6253 -0.2174 -0.7495
vn 0.9521 -0.3053 0.0189
vn 0.9547 -0.2970 0.0195
vn 0.8330 -0.2857 0.4737
vn 0.9547 -0.2969 0.0196
vn 0.8254 -0.2892 0.4849
vn 0.9521 -0.3053 0.0190
vn 0.5964 -0.2569 0.7605
vn 0.5867 -0.2543 0.7689
vn 0.3203 -0.2353 0.9176
vn 0.3142 -0.2283 0.9215
vn -0.0000 -0.2290 0.9734
vn -0.0000 -0.2200 0.9755
vn -0.8254 -0.2891 0.4849
vn -0.8330 -0.2857 0.4737
vn -0.9521 -0.3053 0.0190
vn -0.9547 -0.2969 0.0196
vn -0.8568 -0.2621 -0.4440
vn -0.9547 -0.2969 0.0195
vn -0.8469 -0.2674 -0.4597
vn -0.9521 -0.3053 0.0189
vn -0.6253 -0.2174 -0.7495
vn -0.6166 -0.2156 -0.7572
vn -0.3189 -0.1831 -0.9299
vn -0.3112 -0.1763 -0.9339
vn -0.0000 -0.1702 -0.9854
vn -0.0000 -0.1597 -0.9872
vn 0.3112 -0.1763 -0.9339
vn 0.3189 -0.1831 -0.9299
vn 0.8877 -0.2170 -0.4061
vn 0.6534 -0.1967 -0.7310
vn 0.8724 -0.2408 -0.4254
vn 0.6375 -0.2101 -0.7412
vn 0.9671 -0.2501 0.0468
vn 0.9616 -0.2727 0.0318
vn 0.8469 -0.2537 0.4674
vn 0.9671 -0.2501 0.0469
vn 0.8401 -0.2696 0.4706
vn 0.9616 -0.2727 0.0319
vn 0.6008 -0.2461 0.7606
vn 0.6027 -0.2510 0.7575
vn 0.3211 -0.2397 0.9162
vn 0.3118 -0.2465 0.9176
vn -0.3212 -0.2395 0.9162
vn -0.3089 -0.2422 0.9197
vn -0.0000 -0.2382 0.9712
vn 0.0008 -0.2500 0.9682
vn -0.8404 -0.2686 0.4707
vn -0.8489 -0.2417 0.4701
vn -0.6027 -0.2506 0.7576
vn -0.6013 -0.2373 0.7630
vn -0.9617 -0.2721 0.0321
vn -0.9708 -0.2349 0.0480
vn -0.8724 -0.2406 -0.4254
vn -0.8854 -0.2097 -0.4149
vn -0.9618 -0.2720 0.0320
vn -0.9708 -0.2349 0.0479
vn -0.3272 -0.1911 -0.9254
vn -0.3397 -0.2142 -0.9158
vn -0.6374 -0.2096 -0.7415
vn -0.6492 -0.2003 -0.7337
vn 0.3380 -0.2127 -0.9168
vn -0.0016 -0.2328 -0.9725
vn 0.3272 -0.1916 -0.9253
vn -0.0002 -0.1870 -0.9824
vn -0.7561 0.0486 -0.6526
vn -0.4281 0.0451 -0.9026
vn -0.9963 0.0840 -0.0163
vn -0.9963 0.0840 -0.0162
vn -0.8264 0.0965 0.5548
vn -0.5076 0.1077 0.8549
vn -0.2486 0.1158 0.9617
vn -0.0000 0.1175 0.9931
vn 0.2486 0.1158 0.9617
vn 0.5076 0.1077 0.8549
vn 0.8264 0.0965 0.5548
vn 0.9963 0.0840 -0.0162
vn 0.7561 0.0486 -0.6526
vn 0.9963 0.0840 -0.0163
vn 0.4281 0.0451 -0.9026
vn 0.1965 0.0551 -0.9790
vn -0.0000 0.0550 -0.9985
vn -0.1965 0.0551 -0.9790
vn 0.2819 0.3066 0.9091
vn 0.5316 0.3687 0.7626
vn -0.0318 0.2597 0.9652
vn -0.3269 0.2559 0.9098
vn -0.5470 0.3333 0.7679
vn -0.6888 0.4365 0.5788
vn -0.5271 0.7552 0.3897
vn -0.6928 0.5734 0.4373
vn -0.3829 0.8185 0.4282
vn -0.2345 0.8519 0.4682
vn 0.2254 0.8783 0.4217
vn 0.2254 0.8782 0.4218
vn 0.7698 0.5163 0.3752
vn 0.7116 0.4018 0.5763
vn 0.7698 0.5164 0.3752
vn -0.3187 0.5051 -0.8020
vn -0.3815 0.3178 -0.8680
vn -0.4500 0.7197 -0.5286
vn -0.6423 0.4893 -0.5900
vn -0.5274 0.8434 -0.1031
vn -0.7826 0.6194 -0.0618
vn -0.7414 0.2142 -0.6360
vn -0.9524 0.3033 -0.0296
vn -0.4089 0.1464 -0.9007
vn -0.7826 0.6194 -0.0617
vn -0.6994 0.5729 0.4272
vn -0.5274 0.8434 -0.1029
vn -0.4857 0.8165 0.3120
vn -0.4703 0.4610 0.7526
vn -0.3803 0.7175 0.5837
vn -0.8046 0.3027 0.5109
vn -0.4982 0.2668 0.8250
vn -0.9524 0.3033 -0.0295
vn -0.0000 0.9872 -0.1596
vn -0.2234 0.9623 -0.1549
vn -0.0000 0.9353 0.3538
vn -0.2119 0.9108 0.3543
vn -0.0000 0.7628 0.6466
vn -0.2062 0.7469 0.6321
vn -0.2116 0.9154 0.3424
vn -0.2032 0.9340 0.2938
vn -0.1805 0.7572 0.6277
vn -0.1124 0.7597 0.6405
vn -0.2352 0.9620 -0.1387
vn -0.2541 0.9591 -0.1246
vn -0.1887 0.5036 -0.8430
vn -0.2065 0.7654 -0.6096
vn -0.0000 0.5067 -0.8621
vn -0.0000 0.7863 -0.6178
vn -0.2234 0.9623 -0.1550
vn -0.0000 0.9872 -0.1597
vn -0.1839 0.8198 -0.5423
vn -0.2542 0.9591 -0.1247
vn -0.2081 0.7815 -0.5881
vn -0.2352 0.9620 -0.1388
vn -0.0864 0.5148 -0.8529
vn -0.1731 0.5313 -0.8293
vn -0.1759 0.5804 0.7951
vn -0.2280 0.4273 0.8749
vn -0.1744 0.4792 0.8602
vn -0.0000 0.4784 0.8782
vn -0.2158 0.2524 0.9433
vn -0.0000 0.2687 0.9632
vn -0.0000 0.2951 -0.9555
vn -0.1525 0.3037 -0.9405
vn -0.1631 0.4178 -0.8938
vn -0.1873 0.2827 -0.9407
vn -0.1740 0.1316 -0.9759
vn -0.0000 0.1370 -0.9906
vn 0.3187 0.5051 -0.8020
vn 0.4500 0.7198 -0.5286
vn 0.3815 0.3178 -0.8680
vn 0.6423 0.4893 -0.5900
vn 0.5274 0.8433 -0.1031
vn 0.7826 0.6194 -0.0618
vn 0.7414 0.2142 -0.6360
vn 0.9524 0.3033 -0.0296
vn 0.4089 0.1464 -0.9007
vn 0.4857 0.8165 0.3120
vn 0.6994 0.5729 0.4272
vn 0.5274 0.8434 -0.1029
vn 0.7826 0.6194 -0.0617
vn 0.3802 0.7175 0.5837
vn 0.4702 0.4610 0.7526
vn 0.8046 0.3027 0.5109
vn 0.4982 0.2669 0.8249
vn 0.9524 0.3033 -0.0295
vn 0.2234 0.9623 -0.1549
vn 0.2119 0.9108 0.3543
vn 0.2062 0.7469 0.6321
vn 0.2116 0.9154 0.3425
vn 0.1805 0.7572 0.6277
vn 0.2031 0.9340 0.2939
vn 0.1124 0.7597 0.6405
vn 0.2352 0.9620 -0.1387
vn 0.2542 0.9591 -0.1247
vn 0.2065 0.7654 -0.6096
vn 0.1887 0.5037 -0.8430
vn 0.2234 0.9623 -0.1550
vn 0.2352 0.9620 -0.1388
vn 0.2542 0.9591 -0.1248
vn 0.2081 0.7815 -0.5881
vn 0.1839 0.8198 -0.5423
vn 0.1731 0.5313 -0.8293
vn 0.0864 0.5148 -0.8529
vn 0.2280 0.4273 0.8749
vn 0.1759 0.5804 0.7951
vn 0.1744 0.4792 0.8602
vn 0.2157 0.2524 0.9433
vn 0.1525 0.3037 -0.9405
vn 0.1873 0.2827 -0.9407
vn 0.1631 0.4178 -0.8938
vn 0.1740 0.1316 -0.9759
vn 0.7043 -0.6950 0.1448
vn 0.7084 -0.6795 0.1908
vn 0.9997 0.0041 0.0233
vn 0.9974 0.0124 0.0706
vn -0.9997 0.0045 0.0257
vn -0.9978 0.0149 0.0640
vn -0.7083 -0.6907 0.1459
vn -0.7011 -0.6854 0.1965
vn -0.0022 -0.9810 0.1938
vn 0.0126 -0.9698 0.2437
vn 0.7044 0.7025 -0.1016
vn 0.9997 0.0042 0.0233
vn 0.7083 0.7039 -0.0532
vn 0.9974 0.0125 0.0705
vn -0.7082 0.6990 -0.0992
vn -0.7044 0.7078 -0.0522
vn -0.0022 0.9882 -0.1534
vn 0.0126 0.9947 -0.1025
vn 0.7058 0.6961 -0.1318
vn 0.7064 0.6947 -0.1352
vn 1.0000 -0.0014 -0.0080
vn 0.9999 -0.0021 -0.0125
vn -0.7073 0.6950 -0.1291
vn -1.0000 -0.0008 -0.0048
vn -0.7077 0.6938 -0.1333
vn -0.9999 -0.0018 -0.0104
vn 0.0012 0.9832 -0.1825
vn 0.0002 0.9827 -0.1851
vn 0.7054 -0.6995 0.1141
vn 0.7064 -0.6991 0.1106
vn 0.9999 -0.0022 -0.0125
vn -0.7071 -0.6974 0.1166
vn -0.7077 -0.6976 0.1120
vn 0.0010 -0.9863 0.1649
vn -0.0000 -0.9868 0.1621
vn 1.0000 -0.0004 -0.0016
vn 0.7039 -0.6991 0.1256
vn 1.0000 -0.0003 -0.0016
vn 0.7039 0.6999 -0.1211
vn -0.0057 0.9860 -0.1665
vn -0.7106 0.6944 -0.1132
vn -1.0000 0.0017 0.0095
vn -0.7107 -0.6912 0.1311
vn -0.0057 -0.9835 0.1808
vn 0.9161 0.0720 0.3944
vn 0.6444 0.7225 0.2504
vn 0.0154 0.9862 0.1647
vn -0.5354 0.7791 0.3260
vn -0.8343 0.0923 0.5436
vn -0.5252 -0.6283 0.5740
vn 0.0117 -0.8645 0.5026
vn 0.6394 -0.5876 0.4958
vn 0.9161 0.0719 0.3943
vn 0.7059 -0.6985 0.1173
vn 0.0002 -0.9852 0.1714
vn -0.7083 -0.6950 0.1236
vn -1.0000 0.0005 0.0028
vn -0.7085 0.6951 -0.1216
vn 0.0003 0.9844 -0.1758
vn 0.7059 0.6965 -0.1287
vn 1.0000 -0.0012 -0.0071
vn 1.0000 -0.0013 -0.0071
vn 0.9999 -0.0121 -0.0119
vn 0.7019 -0.7038 0.1097
vn 0.7118 0.6893 -0.1351
vn 0.9999 -0.0120 -0.0119
vn 0.0004 0.9824 -0.1866
vn -0.7132 0.6878 -0.1354
vn -0.9998 -0.0122 -0.0126
vn -0.7029 -0.7029 0.1089
vn -0.0002 -0.9873 0.1589
vn 0.6881 -0.7247 0.0364
vn 0.9963 -0.0441 -0.0734
vn 0.4129 0.0845 -0.9069
vn 0.7223 0.6637 -0.1943
vn -0.0046 0.9686 -0.2487
vn -0.7293 0.6570 -0.1907
vn -0.4018 0.0497 -0.9144
vn -0.9970 -0.0360 -0.0688
vn -0.4181 -0.6288 -0.6556
vn -0.6970 -0.7161 0.0375
vn -0.0005 -0.9969 0.0787
vn -0.7058 -0.3949 -0.5881
vn -0.3392 -0.3434 -0.8758
vn -0.7548 -0.4089 -0.5129
vn -0.4172 -0.3404 -0.8427
vn -0.4015 -0.1838 -0.8972
vn -0.7874 -0.3629 -0.4982
vn -0.9263 -0.3753 0.0322
vn -0.9201 -0.3916 -0.0029
vn -0.9342 -0.3560 0.0218
vn -0.8561 -0.2684 0.4417
vn -0.9342 -0.3560 0.0219
vn -0.8695 -0.2995 0.3927
vn -0.9201 -0.3917 -0.0028
vn -0.8838 -0.2567 0.3912
vn -0.9263 -0.3753 0.0323
vn -0.7239 -0.0176 0.6897
vn -0.6605 -0.1857 0.7275
vn -0.6402 -0.1780 0.7472
vn 0.0399 0.0091 0.9992
vn -0.0733 -0.0032 0.9973
vn -0.1382 -0.0740 0.9876
vn -0.0823 0.0292 0.9962
vn 0.0285 -0.2431 0.9696
vn 0.0664 -0.2236 0.9724
vn 0.0785 0.0061 0.9969
vn 0.0800 0.1842 0.9796
vn 0.0415 0.1836 0.9821
vn -0.1673 -0.2354 0.9574
vn 0.0034 -0.3743 0.9273
vn 0.0186 -0.5632 0.8261
vn 0.0761 -0.4762 0.8761
vn 0.5113 -0.7003 0.4981
vn 0.2908 -0.8024 0.5211
vn 0.5811 -0.7945 0.1761
vn 0.3528 -0.9190 0.1758
vn 0.8914 0.0787 0.4464
vn 0.7786 -0.3847 0.4958
vn 0.9942 0.0186 0.1056
vn 0.8590 -0.4859 0.1612
vn 0.8590 -0.4859 0.1611
vn 0.9469 -0.0558 -0.3167
vn 0.8305 -0.4941 -0.2572
vn 0.5811 -0.7945 0.1760
vn 0.5580 -0.7832 -0.2744
vn 0.3390 -0.8679 -0.3631
vn 0.3967 -0.5638 -0.7245
vn 0.2178 -0.5554 -0.8026
vn 0.6808 -0.1272 -0.7213
vn 0.6227 -0.4080 -0.6677
vn 0.3804 -0.1606 -0.9108
vn 0.3618 -0.2700 -0.8923
vn 0.2264 -0.3046 -0.9252
vn 0.0646 -0.2945 -0.9535
vn 0.1234 -0.5403 -0.8324
vn 0.0266 -0.2879 -0.9573
vn 0.0664 -0.5350 -0.8423
vn 0.0496 -0.1735 -0.9836
vn 0.0185 -0.1743 -0.9845
vn 0.0040 -0.2853 -0.9584
vn 0.0044 -0.1781 -0.9840
vn 0.0093 -0.2842 -0.9587
vn 0.0072 -0.1761 -0.9843
vn 0.0360 -0.5275 -0.8488
vn 0.0187 -0.5153 -0.8568
vn -0.1023 -0.2017 -0.9741
vn -0.1403 -0.2554 -0.9566
vn -0.1181 -0.3117 -0.9428
vn -0.0842 -0.4930 -0.8659
vn -0.0309 -0.4676 -0.8834
vn -0.2002 -0.8885 -0.4130
vn -0.0742 -0.8949 -0.4401
vn -0.0070 -0.4732 -0.8809
vn -0.0034 -0.8939 -0.4482
vn -0.0887 -0.9834 0.1585
vn -0.0026 -0.9880 0.1541
vn -0.2299 -0.9593 0.1637
vn 0.2007 -0.8877 -0.4144
vn 0.2090 -0.9628 0.1712
vn 0.1476 -0.9735 0.1749
vn 0.2090 -0.9628 0.1713
vn 0.1170 -0.7933 0.5975
vn 0.1609 -0.8123 0.5606
vn 0.0891 -0.6012 0.7941
vn 0.2001 -0.6349 0.7463
vn 0.0633 -0.5622 0.8246
vn -0.2299 -0.9593 0.1638
vn -0.0887 -0.9834 0.1586
vn -0.1818 -0.8247 0.5355
vn -0.0605 -0.8124 0.5799
vn -0.0026 -0.9880 0.1542
vn 0.0134 -0.7897 0.6133
vn -0.0076 -0.5596 0.8287
vn 0.0412 -0.5216 0.8522
vn -0.1005 -0.5940 0.7981
vn 0.0369 -0.2613 0.9646
vn 0.0173 -0.2818 0.9593
vn 0.0206 -0.0184 0.9996
vn -0.0092 -0.0346 0.9994
vn -0.0194 0.1760 0.9842
vn 0.0128 0.1789 0.9838
vn -0.0145 -0.2749 -0.9614
vn -0.0080 -0.2809 -0.9597
vn 0.0649 -0.8991 -0.4329
vn 0.0973 -0.9071 -0.4096
vn 0.0912 -0.9821 0.1649
vn 0.1231 -0.9777 0.1700
vn 0.0912 -0.9821 0.1650
vn 0.1231 -0.9777 0.1701
vn 0.0790 -0.7636 0.6409
vn 0.0968 -0.7761 0.6232
vn 0.0551 -0.5349 0.8431
vn 0.0569 -0.5134 0.8563
vn 0.0597 0.0038 0.9982
vn 0.0562 0.1842 0.9813
vn 0.0676 -0.2203 0.9731
vn 0.0606 -0.7673 0.6384
vn 0.0692 -0.4980 0.8644
vn 0.0491 -0.9866 0.1555
vn 0.0354 -0.8895 -0.4555
vn 0.0490 -0.9866 0.1554
vn 0.0080 -0.4878 -0.8729
vn 0.0032 -0.2855 -0.9584
vn 0.0135 -0.5012 -0.8652
vn -0.0032 -0.2841 -0.9588
vn 0.0048 -0.1809 -0.9835
vn -0.0033 -0.1828 -0.9831
vn 0.1291 -0.9037 -0.4083
vn 0.1476 -0.9735 0.1748
vn -0.0475 -0.0743 0.9961
vn 0.0066 -0.3123 0.9500
vn -0.0746 0.1747 0.9818
vn 0.1268 -0.2997 -0.9456
vn 0.1056 -0.1727 -0.9793
vn -0.0478 -0.2868 -0.9568
vn -0.0865 -0.2485 -0.9648
vn -0.0419 -0.2579 -0.9653
vn -0.3378 -0.4901 -0.8035
vn -0.1788 -0.5237 -0.8329
vn -0.5891 -0.7209 -0.3651
vn -0.3739 -0.8469 -0.3780
vn -0.6546 -0.7460 0.1226
vn -0.4398 -0.8842 0.1575
vn -0.6546 -0.7460 0.1227
vn -0.4398 -0.8842 0.1576
vn -0.6067 -0.6681 0.4308
vn -0.3882 -0.7887 0.4767
vn -0.5212 -0.5152 0.6804
vn -0.2975 -0.6190 0.7269
vn -0.4129 -0.1072 0.9044
vn -0.4503 -0.1110 0.8859
vn -0.2157 -0.0479 0.9753
vn -0.2373 -0.0788 0.9682
vn -0.4661 0.1498 0.8720
vn -0.2262 0.1065 0.9682
vn 0.4261 -0.5850 0.6901
vn 0.6594 -0.2794 0.6980
vn 0.7336 0.1191 0.6691
vn 0.5441 -0.3593 0.7582
vn 0.3283 -0.5105 0.7948
vn 0.1933 -0.1704 -0.9662
vn -0.2456 0.1669 0.9549
vn 0.0186 -0.5633 0.8260
vn 0.5442 -0.3593 0.7581
vn 0.6989 0.1214 0.7048
vn -0.7516 -0.1201 -0.6485
vn -0.7093 0.1606 -0.6863
vn -0.3333 -0.1726 -0.9269
vn -0.3408 0.0063 -0.9401
vn -0.7929 0.1645 -0.5868
vn -0.5918 0.5516 -0.5878
vn -0.3953 -0.1486 -0.9065
vn -0.3300 0.1750 -0.9276
vn -0.9299 0.3551 -0.0959
vn -0.6535 0.7457 -0.1300
vn -0.9993 -0.0065 -0.0358
vn -0.9340 0.3439 -0.0966
vn -0.9993 -0.0065 -0.0357
vn -0.9093 0.0759 0.4093
vn -0.9340 0.3439 -0.0965
vn -0.8523 0.4095 0.3255
vn -0.8875 0.3614 0.2860
vn -0.6043 0.7742 0.1883
vn -0.9299 0.3551 -0.0958
vn -0.6535 0.7457 -0.1299
vn -0.7172 0.2521 0.6497
vn -0.5041 0.7205 0.4761
vn -0.6749 0.1352 0.7254
vn -0.6356 0.4340 0.6385
vn 0.0412 0.3615 0.9315
vn -0.0724 0.3609 0.9298
vn -0.0655 0.1831 0.9809
vn -0.0530 0.5896 0.8060
vn -0.0743 0.3522 0.9330
vn 0.0299 0.5740 0.8183
vn 0.0776 0.3646 0.9279
vn 0.0654 0.5574 0.8276
vn -0.0118 0.3824 0.9239
vn -0.0465 0.4192 0.9067
vn 0.0120 0.5945 0.8040
vn 0.0037 0.6183 0.7859
vn -0.1600 0.5544 0.8167
vn 0.0228 0.8099 0.5862
vn 0.0025 0.6721 0.7405
vn 0.0841 0.7484 0.6579
vn 0.3529 0.9237 -0.1491
vn 0.2908 0.9322 0.2155
vn 0.5812 0.8068 -0.1062
vn 0.5113 0.8283 0.2291
vn 0.7782 0.5315 0.3346
vn 0.8590 0.5118 -0.0147
vn 0.8590 0.5118 -0.0148
vn 0.8305 0.3761 -0.4109
vn 0.3391 0.6913 -0.6380
vn 0.5578 0.6423 -0.5256
vn 0.5812 0.8068 -0.1063
vn 0.2177 0.2476 -0.9441
vn 0.3966 0.2818 -0.8737
vn 0.6228 0.1551 -0.7669
vn 0.3619 -0.0515 -0.9308
vn 0.2264 -0.0302 -0.9736
vn -0.1059 -0.1687 -0.9800
vn -0.1814 0.1933 -0.9642
vn -0.1208 -0.1821 -0.9758
vn -0.1195 -0.0491 -0.9916
vn -0.0874 0.1532 -0.9843
vn -0.2027 0.7014 -0.6833
vn -0.0306 0.1213 -0.9921
vn -0.0756 0.6960 -0.7140
vn -0.0037 0.6926 -0.7214
vn -0.0072 0.1274 -0.9918
vn -0.0028 0.9855 -0.1695
vn -0.0882 0.9826 -0.1636
vn -0.2292 0.9615 -0.1515
vn 0.1340 0.7097 -0.6916
vn 0.2009 0.6924 -0.6929
vn 0.0716 0.2132 -0.9744
vn 0.1236 0.2229 -0.9670
vn 0.2091 0.9633 -0.1686
vn 0.1496 0.9744 -0.1678
vn 0.2091 0.9633 -0.1685
vn 0.1612 0.9550 0.2489
vn 0.0916 0.8404 0.5342
vn 0.2063 0.8533 0.4789
vn -0.1773 0.9552 0.2370
vn -0.0882 0.9826 -0.1635
vn -0.0593 0.9572 0.2833
vn 0.0110 0.9477 0.3190
vn -0.0028 0.9855 -0.1694
vn -0.0990 0.8350 0.5413
vn -0.0087 0.8153 0.5789
vn -0.0081 -0.0836 -0.9965
vn -0.0069 -0.1834 -0.9830
vn -0.0142 -0.0896 -0.9959
vn -0.0134 -0.1834 -0.9829
vn 0.0548 0.3649 0.9294
vn 0.0583 0.5569 0.8285
vn 0.0574 0.7723 0.6326
vn 0.0501 0.9382 0.3426
vn 0.0375 0.7878 0.6148
vn 0.0469 0.9838 -0.1730
vn 0.0469 0.9838 -0.1731
vn 0.0405 0.6845 -0.7279
vn 0.0132 0.1453 -0.9893
vn 0.0096 -0.0738 -0.9972
vn -0.0003 -0.0790 -0.9969
vn 0.0247 0.1641 -0.9861
vn 0.0647 -0.0495 -0.9967
vn 0.0295 -0.0587 -0.9978
vn 0.1059 0.7116 -0.6945
vn 0.0449 0.2016 -0.9784
vn 0.1262 0.9765 -0.1748
vn 0.1262 0.9765 -0.1747
vn 0.0943 0.9430 0.3192
vn 0.1496 0.9744 -0.1677
vn 0.1161 0.9499 0.2901
vn 0.0610 0.8122 0.5802
vn 0.0501 0.7916 0.6090
vn 0.1268 -0.0417 -0.9911
vn -0.0436 -0.1833 -0.9821
vn -0.0485 -0.0767 -0.9959
vn -0.0413 -0.1073 -0.9934
vn -0.3843 0.6716 -0.6335
vn -0.4374 0.8886 -0.1382
vn -0.3813 0.9042 0.1926
vn -0.4374 0.8886 -0.1381
vn -0.2915 0.8282 0.4786
vn -0.4228 0.1659 0.8909
vn -0.2159 0.1791 0.9598
vn -0.4099 0.4229 0.8082
vn -0.2144 0.3947 0.8934
vn -0.2086 0.5939 0.7770
vn -0.3944 0.5520 0.7347
vn -0.2233 0.2698 0.9367
vn -0.4635 0.1885 0.8658
vn 0.4235 0.7859 0.4506
vn 0.6583 0.5006 0.5621
vn 0.3447 0.7382 0.5799
vn 0.5423 0.5951 0.5932
vn 0.0228 0.8099 0.5861
vn 0.5423 0.5951 0.5931
vn -0.2455 0.1669 0.9549
vn 0.0141 -0.0659 -0.9977
vn 0.0096 -0.0694 -0.9975
vn 0.0288 0.1843 -0.9824
vn 0.0741 0.6973 -0.7130
vn 0.0908 0.9800 -0.1770
vn 0.0703 0.9377 0.3402
vn 0.0459 0.7776 0.6271
vn 0.0151 0.3716 0.9283
vn 0.0267 0.5813 0.8133
vn 0.0270 0.1818 0.9830
vn 0.0343 -0.0054 0.9994
vn 0.0509 -0.2391 0.9697
vn 0.0659 -0.4989 0.8641
vn 0.0704 -0.7595 0.6467
vn 0.0652 -0.9855 0.1566
vn 0.0652 -0.9855 0.1565
vn 0.0441 -0.8900 -0.4538
vn 0.0539 0.6835 -0.7280
vn 0.0617 0.9820 -0.1785
vn 0.0554 0.9358 0.3482
vn 0.0616 0.9820 -0.1784
vn 0.0485 0.7709 0.6351
vn 0.0354 0.5687 0.8218
vn 0.0259 0.3664 0.9301
vn -0.1364 0.4230 0.8958
vn -0.2353 0.4205 0.8762
vn -0.4456 0.4236 0.7887
vn -0.8650 0.4222 0.2710
vn -0.6544 0.4346 0.6188
vn -0.9216 0.3663 -0.1282
vn -0.9216 0.3663 -0.1283
vn -0.7601 0.1983 -0.6188
vn -0.4186 0.0140 -0.9081
vn -0.1426 -0.1021 -0.9845
vn -0.0880 -0.1169 -0.9892
vn -0.3993 -0.2603 0.8791
vn -0.2083 -0.2862 0.9353
vn -0.0566 -0.2645 0.9627
vn -0.9604 0.2780 0.0203
vn -0.7967 0.2314 0.5584
vn -0.9558 0.2931 0.0207
vn -0.7964 0.2504 0.5506
vn -0.5353 0.1959 0.8216
vn -0.5310 0.1740 0.8293
vn -0.7804 0.2379 -0.5782
vn -0.7880 0.2520 -0.5618
vn -0.5099 0.1715 -0.8430
vn -0.5227 0.1869 -0.8318
vn -0.9604 0.2780 0.0202
vn -0.9559 0.2931 0.0205
vn 0.2731 0.1358 0.9524
vn 0.2771 0.1594 0.9475
vn -0.0000 0.1228 0.9924
vn -0.0000 0.1474 0.9891
vn 0.5309 0.1740 0.8294
vn 0.5354 0.1959 0.8216
vn -0.2731 0.1358 0.9524
vn -0.2771 0.1594 0.9475
vn -0.2409 0.1259 -0.9623
vn -0.2489 0.1398 -0.9584
vn -0.0000 0.1088 -0.9941
vn -0.0000 0.1216 -0.9926
vn 0.5099 0.1715 -0.8430
vn 0.2409 0.1259 -0.9623
vn 0.5227 0.1869 -0.8318
vn 0.2489 0.1398 -0.9584
vn 0.7804 0.2379 -0.5782
vn 0.7880 0.2520 -0.5618
vn 0.9604 0.2780 0.0202
vn 0.9559 0.2931 0.0205
vn 0.9604 0.2780 0.0203
vn 0.9559 0.2931 0.0207
vn 0.7967 0.2314 0.5584
vn 0.7964 0.2504 0.5506
vn 0.8226 0.2821 -0.4936
vn 0.5838 0.2178 -0.7821
vn 0.8353 0.2750 -0.4761
vn 0.6023 0.2165 -0.7684
vn 0.9458 0.3240 0.0202
vn 0.9490 0.3148 0.0199
vn 0.9458 0.3240 0.0203
vn 0.9490 0.3148 0.0200
vn 0.8089 0.2951 0.5086
vn 0.8173 0.2924 0.4965
vn 0.5656 0.2472 0.7868
vn 0.5767 0.2510 0.7774
vn 0.3001 0.2126 0.9299
vn 0.3077 0.2208 0.9255
vn -0.0000 0.2011 0.9796
vn -0.0000 0.2109 0.9775
vn -0.3001 0.2126 0.9299
vn -0.3077 0.2208 0.9255
vn -0.5867 0.2543 0.7688
vn -0.3142 0.2283 0.9215
vn -0.5964 0.2569 0.7605
vn -0.3203 0.2352 0.9176
vn -0.5767 0.2510 0.7774
vn -0.8173 0.2924 0.4965
vn -0.5656 0.2472 0.7868
vn -0.8089 0.2951 0.5085
vn -0.9458 0.3240 0.0203
vn -0.9490 0.3148 0.0200
vn -0.9458 0.3240 0.0202
vn -0.9490 0.3148 0.0199
vn -0.8226 0.2821 -0.4936
vn -0.8353 0.2750 -0.4760
vn -0.5838 0.2178 -0.7821
vn -0.6023 0.2165 -0.7684
vn -0.3019 0.1717 -0.9378
vn -0.2904 0.1674 -0.9422
vn -0.0000 0.1468 -0.9892
vn -0.0000 0.1529 -0.9882
vn 0.2904 0.1674 -0.9422
vn 0.3019 0.1717 -0.9378
vn -0.7634 0.2022 -0.6134
vn -0.7720 0.2228 -0.5953
vn -0.4830 0.1360 -0.8650
vn -0.4976 0.1567 -0.8531
vn -0.9704 0.2411 0.0148
vn -0.9653 0.2605 0.0183
vn -0.7985 0.1934 0.5700
vn -0.9653 0.2606 0.0183
vn -0.7975 0.2113 0.5651
vn -0.5266 0.1524 0.8363
vn -0.5216 0.1345 0.8425
vn -0.2625 0.0938 0.9603
vn -0.0000 0.0794 0.9968
vn -0.2681 0.1125 0.9568
vn -0.0000 0.0990 0.9951
vn 0.2625 0.0938 0.9603
vn 0.2682 0.1125 0.9568
vn 0.5216 0.1345 0.8425
vn 0.5266 0.1524 0.8364
vn 0.7985 0.1934 0.5701
vn 0.7975 0.2113 0.5651
vn 0.9704 0.2411 0.0148
vn 0.9653 0.2606 0.0183
vn 0.7634 0.2022 -0.6134
vn 0.9653 0.2605 0.0183
vn 0.7720 0.2228 -0.5953
vn 0.4830 0.1360 -0.8650
vn 0.4976 0.1567 -0.8531
vn 0.2245 0.0903 -0.9703
vn 0.2337 0.1110 -0.9660
vn -0.0000 0.0719 -0.9974
vn -0.0000 0.0934 -0.9956
vn -0.2245 0.0903 -0.9703
vn -0.2337 0.1110 -0.9660
vn -0.2924 0.2011 0.9349
vn -0.5543 0.2399 0.7970
vn -0.2864 0.1900 0.9391
vn -0.5465 0.2275 0.8060
vn -0.4709 0.0886 -0.8778
vn -0.4520 0.0194 -0.8918
vn -0.7631 0.1433 -0.6301
vn -0.7604 0.0471 -0.6477
vn -0.9853 0.1703 0.0101
vn -0.9987 0.0501 -0.0002
vn -0.8087 0.1360 0.5723
vn -0.9853 0.1703 0.0102
vn -0.8212 0.0336 0.5696
vn -0.9987 0.0501 -0.0001
vn -0.5198 0.0902 0.8495
vn -0.5159 0.0100 0.8566
vn 0.5198 0.0902 0.8495
vn 0.5159 0.0100 0.8566
vn 0.8087 0.1360 0.5723
vn 0.8212 0.0336 0.5696
vn 0.9853 0.1703 0.0102
vn 0.9987 0.0501 -0.0001
vn 0.7631 0.1433 -0.6301
vn 0.9853 0.1703 0.0101
vn 0.7604 0.0471 -0.6477
vn 0.9987 0.0500 -0.0002
vn 0.4709 0.0886 -0.8778
vn 0.4520 0.0194 -0.8918
vn 0.2186 0.0495 -0.9746
vn 0.2067 -0.0047 -0.9784
vn -0.0000 0.0349 -0.9994
vn -0.0000 -0.0126 -0.9999
vn -0.2186 0.0495 -0.9746
vn -0.2067 -0.0047 -0.9784
vn -0.0000 0.0460 0.9989
vn -0.2596 0.0574 0.9640
vn -0.0000 -0.0144 0.9999
vn -0.2536 -0.0087 0.9673
vn 0.2596 0.0574 0.9640
vn 0.2536 -0.0087 0.9673
vn -0.9521 0.3051 0.0214
vn -0.7965 0.2657 0.5431
vn -0.9472 0.3200 0.0216
vn -0.7982 0.2819 0.5324
vn -0.5398 0.2133 0.8143
vn -0.5485 0.2110 -0.8091
vn -0.5347 0.1986 -0.8214
vn -0.8023 0.2775 -0.5285
vn -0.7953 0.2631 -0.5462
vn -0.9521 0.3051 0.0213
vn -0.9472 0.3200 0.0215
vn 0.2810 0.1785 0.9430
vn 0.2864 0.1900 0.9391
vn -0.0000 0.1671 0.9859
vn -0.0000 0.1773 0.9841
vn 0.5398 0.2133 0.8143
vn 0.5465 0.2275 0.8060
vn -0.2810 0.1785 0.9430
vn -0.2569 0.1517 -0.9545
vn -0.2672 0.1608 -0.9501
vn -0.0000 0.1333 -0.9911
vn -0.0000 0.1411 -0.9900
vn 0.5347 0.1986 -0.8214
vn 0.2569 0.1517 -0.9545
vn 0.5484 0.2110 -0.8092
vn 0.2672 0.1608 -0.9501
vn 0.7953 0.2631 -0.5462
vn 0.8023 0.2775 -0.5285
vn 0.9521 0.3051 0.0213
vn 0.9472 0.3199 0.0215
vn 0.9521 0.3051 0.0214
vn 0.9472 0.3200 0.0216
vn 0.7965 0.2657 0.5431
vn 0.7982 0.2819 0.5324
vn 0.5637 0.2175 -0.7968
vn 0.8103 0.2872 -0.5109
vn 0.9433 0.3312 0.0212
vn 0.9433 0.3312 0.0213
vn 0.8010 0.2947 0.5212
vn 0.5543 0.2399 0.7970
vn 0.2924 0.2011 0.9349
vn -0.0000 0.1879 0.9822
vn -0.8010 0.2947 0.5212
vn -0.9433 0.3312 0.0213
vn -0.9433 0.3312 0.0212
vn -0.8103 0.2872 -0.5109
vn -0.5637 0.2175 -0.7968
vn -0.2779 0.1640 -0.9465
vn -0.0000 0.1428 -0.9897
vn 0.2779 0.1640 -0.9465
vn 0.8469 0.2674 -0.4597
vn 0.6165 0.2157 -0.7572
vn 0.8568 0.2621 -0.4441
vn 0.6253 0.2174 -0.7495
vn 0.9521 0.3053 0.0190
vn 0.9547 0.2969 0.0195
vn 0.9521 0.3053 0.0191
vn 0.9547 0.2969 0.0196
vn 0.8254 0.2892 0.4849
vn 0.8331 0.2857 0.4737
vn 0.5867 0.2543 0.7689
vn 0.5964 0.2569 0.7605
vn 0.3142 0.2283 0.9215
vn 0.3203 0.2352 0.9176
vn -0.0000 0.2200 0.9755
vn -0.0000 0.2285 0.9736
vn -0.8254 0.2891 0.4849
vn -0.8331 0.2857 0.4737
vn -0.9521 0.3053 0.0191
vn -0.9547 0.2969 0.0196
vn -0.9547 0.2969 0.0195
vn -0.8469 0.2674 -0.4597
vn -0.8568 0.2621 -0.4441
vn -0.6253 0.2174 -0.7495
vn -0.6165 0.2157 -0.7572
vn -0.3112 0.1763 -0.9339
vn -0.3189 0.1832 -0.9299
vn -0.0000 0.1598 -0.9872
vn -0.0000 0.1702 -0.9854
vn 0.3111 0.1763 -0.9339
vn 0.3189 0.1832 -0.9299
vn 0.6376 0.2101 -0.7411
vn 0.6534 0.1967 -0.7311
vn 0.8724 0.2408 -0.4254
vn 0.8876 0.2171 -0.4062
vn 0.9616 0.2727 0.0318
vn 0.9671 0.2501 0.0469
vn 0.9616 0.2727 0.0319
vn 0.9671 0.2501 0.0470
vn 0.8401 0.2696 0.4706
vn 0.8469 0.2537 0.4674
vn 0.6027 0.2510 0.7575
vn 0.6009 0.2461 0.7605
vn 0.3118 0.2465 0.9176
vn 0.3211 0.2397 0.9162
vn -0.3211 0.2394 0.9163
vn -0.0000 0.2382 0.9712
vn -0.3090 0.2423 0.9197
vn 0.0007 0.2500 0.9683
vn -0.8404 0.2686 0.4708
vn -0.6027 0.2506 0.7576
vn -0.8489 0.2417 0.4701
vn -0.6014 0.2374 0.7629
vn -0.9617 0.2721 0.0321
vn -0.9708 0.2349 0.0479
vn -0.8724 0.2406 -0.4254
vn -0.9618 0.2720 0.0320
vn -0.8854 0.2097 -0.4148
vn -0.9708 0.2349 0.0478
vn -0.3272 0.1911 -0.9254
vn -0.6374 0.2096 -0.7415
vn -0.3397 0.2142 -0.9158
vn -0.6492 0.2003 -0.7338
vn -0.0002 0.1870 -0.9824
vn -0.0016 0.2327 -0.9725
vn 0.3272 0.1917 -0.9253
vn 0.3380 0.2127 -0.9168
vn -0.7562 -0.0487 -0.6526
vn -0.4281 -0.0452 -0.9026
vn -0.9963 -0.0840 -0.0164
vn -0.9963 -0.0840 -0.0163
vn -0.8263 -0.0965 0.5549
vn -0.5075 -0.1076 0.8549
vn -0.2486 -0.1158 0.9617
vn -0.0000 -0.1174 0.9931
vn 0.2486 -0.1158 0.9617
vn 0.5075 -0.1076 0.8549
vn 0.8263 -0.0965 0.5549
vn 0.9963 -0.0840 -0.0163
vn 0.7562 -0.0487 -0.6526
vn 0.9963 -0.0840 -0.0164
vn 0.4281 -0.0452 -0.9026
vn 0.1965 -0.0550 -0.9790
vn -0.0000 -0.0551 -0.9985
vn -0.1965 -0.0550 -0.9790
vn 0.2819 -0.3066 0.9092
vn 0.5315 -0.3688 0.7626
vn -0.3269 -0.2559 0.9098
vn -0.6927 -0.5736 0.4372
vn -0.5271 -0.7552 0.3896
vn -0.6928 -0.5735 0.4373
vn -0.3830 -0.8185 0.4282
vn -0.3829 -0.8186 0.4282
vn -0.0016 0.2328 -0.9725
vn -0.0031 -0.8889 0.4582
vn -0.2345 -0.8519 0.4682
vn -0.0016 0.2329 -0.9725
vn -0.0030 -0.8889 0.4581
vn 0.3379 0.2128 -0.9168
vn 0.2253 -0.8783 0.4217
vn 0.4120 -0.8323 0.3708
vn 0.6154 -0.7244 0.3106
vn 0.7699 -0.5164 0.3751
vn 0.7698 -0.5164 0.3751
vn 0.7116 -0.4018 0.5764
vn -0.3187 -0.5051 -0.8020
vn -0.4500 -0.7197 -0.5287
vn -0.3815 -0.3177 -0.8681
vn -0.6423 -0.4892 -0.5900
vn -0.5274 -0.8434 -0.1030
vn -0.7826 -0.6194 -0.0619
vn -0.7414 -0.2142 -0.6360
vn -0.9524 -0.3033 -0.0296
vn -0.4089 -0.1465 -0.9007
vn -0.4857 -0.8165 0.3120
vn -0.6994 -0.5730 0.4271
vn -0.5274 -0.8434 -0.1028
vn -0.7826 -0.6195 -0.0619
vn -0.3802 -0.7175 0.5837
vn -0.4703 -0.4609 0.7526
vn -0.8046 -0.3025 0.5110
vn -0.4982 -0.2670 0.8249
vn -0.9524 -0.3034 -0.0295
vn -0.0000 -0.9872 -0.1596
vn -0.0000 -0.9353 0.3538
vn -0.2234 -0.9623 -0.1549
vn -0.2119 -0.9108 0.3543
vn -0.0000 -0.7628 0.6466
vn -0.2062 -0.7469 0.6321
vn -0.2116 -0.9154 0.3425
vn -0.1805 -0.7572 0.6277
vn -0.2032 -0.9340 0.2939
vn -0.1124 -0.7597 0.6405
vn -0.2352 -0.9620 -0.1387
vn -0.2542 -0.9591 -0.1248
vn -0.0000 -0.7863 -0.6178
vn -0.2065 -0.7654 -0.6096
vn -0.0000 -0.5066 -0.8622
vn -0.1887 -0.5037 -0.8430
vn -0.0000 -0.9872 -0.1597
vn -0.2234 -0.9623 -0.1550
vn -0.2352 -0.9620 -0.1388
vn -0.2542 -0.9590 -0.1249
vn -0.2081 -0.7815 -0.5881
vn -0.1839 -0.8198 -0.5423
vn -0.1731 -0.5314 -0.8292
vn -0.0864 -0.5148 -0.8529
vn -0.2280 -0.4273 0.8749
vn -0.1758 -0.5802 0.7952
vn -0.1744 -0.4792 0.8602
vn -0.0000 -0.4787 0.8780
vn -0.0000 -0.2686 0.9633
vn -0.2157 -0.2524 0.9433
vn -0.0000 -0.2950 -0.9555
vn -0.1525 -0.3037 -0.9405
vn -0.1873 -0.2825 -0.9408
vn -0.1631 -0.4178 -0.8938
vn -0.1740 -0.1316 -0.9759
vn -0.0000 -0.1371 -0.9906
vn 0.3187 -0.5051 -0.8020
vn 0.3815 -0.3177 -0.8681
vn 0.4500 -0.7197 -0.5287
vn 0.6423 -0.4892 -0.5900
vn 0.5274 -0.8433 -0.1029
vn 0.7826 -0.6195 -0.0619
vn 0.7414 -0.2142 -0.6360
vn 0.9524 -0.3034 -0.0296
vn 0.4089 -0.1465 -0.9007
vn 0.7826 -0.6195 -0.0618
vn 0.6994 -0.5730 0.4271
vn 0.5274 -0.8434 -0.1028
vn 0.4857 -0.8165 0.3120
vn 0.4703 -0.4609 0.7526
vn 0.3803 -0.7175 0.5837
vn 0.8046 -0.3025 0.5110
vn 0.4982 -0.2670 0.8249
vn 0.9524 -0.3034 -0.0295
vn 0.2234 -0.9623 -0.1549
vn 0.2120 -0.9108 0.3543
vn 0.2062 -0.7469 0.6321
vn 0.2116 -0.9154 0.3424
vn 0.2032 -0.9340 0.2939
vn 0.1805 -0.7572 0.6277
vn 0.1124 -0.7597 0.6405
vn 0.2352 -0.9620 -0.1387
vn 0.2541 -0.9591 -0.1247
vn 0.1887 -0.5036 -0.8430
vn 0.2065 -0.7654 -0.6096
vn 0.2234 -0.9623 -0.1550
vn 0.1839 -0.8198 -0.5423
vn 0.2541 -0.9591 -0.1248
vn 0.2081 -0.7815 -0.5881
vn 0.2352 -0.9620 -0.1388
vn 0.0864 -0.5148 -0.8529
vn 0.1731 -0.5314 -0.8292
vn 0.1758 -0.5802 0.7952
vn 0.2280 -0.4273 0.8749
vn 0.1744 -0.4792 0.8602
vn 0.2158 -0.2523 0.9433
vn 0.1525 -0.3037 -0.9405
vn 0.1631 -0.4178 -0.8938
vn 0.1873 -0.2825 -0.9408
vn 0.1740 -0.1316 -0.9759
vn -0.4484 -0.1667 -0.8781
vn -0.6854 -0.2106 -0.6971
vn 0.6331 0.3542 0.6883
vn 0.7958 0.4089 -0.4467
vn 0.9577 0.1259 -0.2588
vn 0.9551 0.1454 -0.2583
vn 0.8305 0.3813 -0.4060
vn 0.5155 0.5853 -0.6258
vn 0.4548 0.6839 0.5705
vn 0.0010 0.6868 -0.7269
vn 0.0168 0.7985 0.6018
vn 0.5329 0.6120 -0.5844
vn 0.0007 0.7353 -0.6777
vn 0.0009 0.6868 -0.7269
vn 0.0152 0.7988 0.6014
vn -0.4997 0.5837 -0.6399
vn -0.4702 0.7308 0.4948
vn -0.6776 0.4157 0.6067
vn -0.8229 0.3504 -0.4473
vn -0.8161 0.3780 -0.4371
vn -0.5007 0.6228 -0.6012
vn 0.0006 0.7353 -0.6777
vn -0.9898 0.0107 -0.1419
vn -0.5822 0.1341 0.8019
vn -0.9842 0.0255 -0.1755
vn 0.9591 0.1530 -0.2380
vn 0.8495 0.3752 -0.3709
vn 0.9640 0.1585 -0.2136
vn 0.8648 0.3711 -0.3383
vn 0.5531 0.6264 -0.5493
vn -0.0004 0.7603 -0.6496
vn 0.5699 0.6373 -0.5187
vn -0.0004 0.7833 -0.6216
vn -0.5125 0.6483 -0.5631
vn -0.8252 0.3990 -0.3997
vn -0.8450 0.3988 -0.3563
vn -0.5328 0.6608 -0.5287
vn -0.9833 0.0485 -0.1755
vn -0.9837 0.0752 -0.1633
vn 0.9691 0.1567 -0.1903
vn 0.8773 0.3649 -0.3117
vn 0.9736 0.1548 -0.1679
vn 0.8855 0.3699 -0.2812
vn 0.5818 0.6492 -0.4899
vn -0.0001 0.8068 -0.5908
vn 0.5881 0.6712 -0.4513
vn -0.0000 0.8365 -0.5479
vn -0.5587 0.6676 -0.4921
vn -0.0002 0.8068 -0.5908
vn -0.8610 0.3953 -0.3200
vn -0.8733 0.3910 -0.2907
vn -0.5744 0.6804 -0.4550
vn -0.9835 0.0991 -0.1514
vn -0.9832 0.1118 -0.1446
vn 0.9761 0.1628 -0.1442
vn 0.8920 0.3810 -0.2434
vn 0.9770 0.1749 -0.1217
vn 0.8920 0.3991 -0.2125
vn 0.6040 0.6915 -0.3963
vn -0.0000 0.8717 -0.4900
vn 0.6139 0.7092 -0.3468
vn 0.0001 0.9007 -0.4345
vn -0.5915 0.7004 -0.3994
vn -0.0000 0.8717 -0.4901
vn -0.8787 0.4053 -0.2522
vn -0.8864 0.4138 -0.2076
vn -0.6121 0.7133 -0.3414
vn -0.0001 0.9007 -0.4345
vn -0.9839 0.1239 -0.1289
vn -0.9841 0.1389 -0.1103
vn 0.7831 0.0534 0.6195
vn 0.9807 -0.0639 -0.1847
vn -0.9762 -0.2111 0.0488
vn -0.9608 -0.2047 0.1870
vn -0.9972 -0.0236 -0.0713
vn -0.9604 0.0708 0.2694
vn -0.9682 -0.1864 0.1667
vn -0.9713 -0.2303 0.0589
vn -0.2078 0.1413 0.9679
vn 0.9378 -0.3312 -0.1038
vn 0.7421 -0.2351 0.6277
vn 0.8591 -0.0000 0.5118
vn 0.8451 -0.5305 -0.0664
vn 0.9978 -0.0000 -0.0664
vn -0.9929 -0.0866 -0.0812
vn -0.6789 0.0288 0.7336
vn -0.9574 -0.2853 -0.0446
vn -0.8446 -0.0000 0.5354
vn -0.9660 0.2369 -0.1034
vn -0.9501 0.3119 -0.0055
vn -0.9777 0.1843 -0.1011
vn -0.9871 0.1596 -0.0082
vn 0.9830 -0.0629 -0.1728
vn -0.9789 -0.2042 0.0099
vn -0.9955 -0.0293 -0.0897
vn 0.9874 -0.0543 -0.1484
vn 0.9911 -0.0455 -0.1255
vn -0.9802 -0.1971 -0.0183
vn -0.9944 -0.0319 -0.1007
vn -0.9802 -0.1965 -0.0237
vn -0.9945 -0.0339 -0.0992
vn 0.9936 -0.0404 -0.1052
vn 0.9956 -0.0341 -0.0869
vn -0.9823 -0.1852 -0.0286
vn -0.9951 -0.0339 -0.0924
vn -0.9831 -0.1809 -0.0297
vn -0.9957 -0.0321 -0.0865
vn 0.9973 -0.0266 -0.0691
vn 0.9988 -0.0179 -0.0461
vn -0.9818 -0.1876 -0.0297
vn -0.9963 -0.0306 -0.0801
vn -0.9756 -0.2170 -0.0324
vn -0.9965 -0.0299 -0.0776
vn 0.9997 -0.0089 -0.0232
vn 0.9775 0.1872 -0.0969
vn 0.8918 0.4150 -0.1804
vn 0.8884 0.4337 -0.1507
vn 0.9770 0.2002 -0.0736
vn 1.0000 -0.0000 0.0001
vn 0.6199 0.7249 -0.3006
vn -0.0000 0.9239 -0.3826
vn -0.0000 0.9486 -0.3166
vn 0.6193 0.7444 -0.2495
vn -0.6273 0.7191 -0.2991
vn -0.8914 0.4147 -0.1828
vn -0.6232 0.7405 -0.2514
vn -0.8875 0.4330 -0.1575
vn -0.9819 0.1559 -0.1076
vn -0.9660 -0.2535 -0.0507
vn -0.9956 -0.0337 -0.0878
vn -0.9814 0.1721 -0.0847
vn -0.9947 -0.0630 -0.0813
vn -0.9998 -0.0080 -0.0206
vn -0.9953 -0.0348 -0.0900
vn 0.9756 0.2136 -0.0507
vn 0.9997 0.0091 0.0236
vn 0.8816 0.4555 -0.1236
vn 0.8726 0.4789 -0.0961
vn 0.9736 0.2270 -0.0248
vn 0.9987 0.0183 0.0481
vn 0.6106 0.7649 -0.2052
vn -0.0000 0.9669 -0.2552
vn -0.0000 0.9781 -0.2083
vn 0.5914 0.7887 -0.1679
vn -0.6106 0.7649 -0.2052
vn -0.8816 0.4555 -0.1236
vn -0.5914 0.7887 -0.1679
vn -0.8726 0.4789 -0.0961
vn -0.9805 0.1904 -0.0484
vn -0.9999 0.0044 0.0115
vn -0.9776 0.2088 -0.0248
vn -0.9992 0.0139 0.0362
vn 0.9702 0.2424 0.0011
vn 0.9969 0.0283 0.0735
vn 0.8621 0.5030 -0.0618
vn 0.8465 0.5320 -0.0233
vn 0.9647 0.2615 0.0313
vn 0.9941 0.0392 0.1015
vn 0.5694 0.8131 -0.1209
vn -0.0000 0.9888 -0.1495
vn -0.0000 0.9963 -0.0855
vn 0.5437 0.8366 -0.0671
vn -0.5694 0.8131 -0.1209
vn -0.8621 0.5030 -0.0618
vn -0.5437 0.8366 -0.0671
vn -0.8465 0.5320 -0.0233
vn -0.9724 0.2333 -0.0000
vn -0.9976 0.0249 0.0652
vn -0.9655 0.2588 0.0301
vn -0.9945 0.0377 0.0980
vn 0.9567 0.2840 0.0641
vn 0.9895 0.0517 0.1346
vn 0.8271 0.5617 0.0176
vn 0.8039 0.5920 0.0572
vn 0.9452 0.3103 0.1019
vn 0.9826 0.0668 0.1736
vn 0.5153 0.8569 -0.0130
vn -0.0000 0.9997 -0.0236
vn -0.0000 0.9997 0.0248
vn 0.4877 0.8724 0.0317
vn -0.5153 0.8569 -0.0130
vn -0.8271 0.5617 0.0175
vn -0.4877 0.8724 0.0317
vn -0.8039 0.5920 0.0572
vn -0.9567 0.2840 0.0641
vn -0.9895 0.0518 0.1347
vn -0.9452 0.3103 0.1018
vn -0.9826 0.0668 0.1736
vn 0.9280 0.3422 0.1476
vn 0.9713 0.0853 0.2220
vn 0.7745 0.6233 0.1076
vn 0.7362 0.6541 0.1740
vn 0.9006 0.3813 0.2087
vn 0.9518 0.1101 0.2861
vn 0.4594 0.8841 0.0855
vn -0.0000 0.9969 0.0786
vn 0.0001 0.9885 0.1511
vn 0.4334 0.8875 0.1568
vn -0.4594 0.8841 0.0855
vn -0.7745 0.6233 0.1076
vn -0.4334 0.8875 0.1568
vn -0.7362 0.6541 0.1740
vn -0.0001 0.9885 0.1511
vn -0.9280 0.3422 0.1476
vn -0.9713 0.0853 0.2220
vn -0.9006 0.3813 0.2087
vn -0.9518 0.1101 0.2861
vn 0.8575 0.4278 0.2860
vn 0.9175 0.1426 0.3712
vn 0.6883 0.6815 0.2487
vn 0.6331 0.7040 0.3220
vn 0.8001 0.4669 0.3765
vn 0.8562 0.1853 0.4822
vn 0.4130 0.8817 0.2281
vn -0.0000 0.9753 0.2209
vn 0.0001 0.9584 0.2854
vn 0.4037 0.8649 0.2983
vn -0.4130 0.8817 0.2281
vn -0.6883 0.6815 0.2487
vn -0.4037 0.8649 0.2983
vn -0.6331 0.7040 0.3220
vn -0.0001 0.9584 0.2854
vn -0.8575 0.4277 0.2861
vn -0.9175 0.1427 0.3712
vn -0.8001 0.4669 0.3765
vn -0.8562 0.1854 0.4822
vn 0.7623 0.2321 0.6042
vn 0.6414 0.6151 0.4585
vn 0.6821 0.2622 0.6826
vn 0.5813 0.6122 0.5359
vn -0.0000 0.3588 0.9334
vn 0.4070 0.8296 0.3822
vn 0.3944 0.7821 0.4825
vn 0.0001 0.9338 0.3578
vn -0.0000 0.8825 0.4703
vn -0.0001 0.9338 0.3578
vn -0.4070 0.8296 0.3822
vn -0.3944 0.7821 0.4825
vn -0.6414 0.6151 0.4585
vn -0.5813 0.6122 0.5360
vn -0.7623 0.2321 0.6042
vn -0.6823 0.2622 0.6824
vn -0.9895 -0.1366 -0.0465
vn -0.9925 -0.1038 -0.0641
vn -0.9842 -0.1746 -0.0297
vn -0.9768 -0.2139 -0.0130
vn -0.9688 -0.2478 0.0050
vn -0.9647 -0.2630 0.0107
vn -0.9659 -0.2588 0.0076
vn -0.9721 -0.2342 0.0138
vn -0.9417 -0.3142 -0.1205
vn -0.9548 -0.1070 -0.2773
vn 0.9450 -0.3092 -0.1064
vn 0.8533 -0.5168 -0.0690
vn 0.9979 0.0001 -0.0652
vn -0.9857 -0.1386 -0.0954
vn -0.9270 -0.3719 -0.0484
vn -0.9701 0.2048 -0.1304
vn 0.9528 -0.2918 -0.0831
vn 0.8619 -0.5045 -0.0511
vn 0.9573 -0.2837 -0.0550
vn 0.8708 -0.4911 -0.0221
vn 0.9987 0.0001 -0.0519
vn 0.9999 0.0001 -0.0161
vn -0.8939 -0.4465 -0.0397
vn -0.9771 -0.1932 -0.0893
vn -0.9731 -0.2196 -0.0694
vn -0.8625 -0.5060 -0.0130
vn -0.9749 0.1705 -0.1434
vn -0.9783 0.1490 -0.1442
vn 0.9610 -0.2742 -0.0355
vn 0.8731 -0.4874 0.0092
vn 0.9670 -0.2542 -0.0183
vn 0.8858 -0.4619 0.0439
vn 0.7084 -0.7040 0.0504
vn 0.6086 -0.7810 0.1404
vn -0.8468 -0.5309 0.0324
vn -0.9749 -0.2171 -0.0504
vn -0.5913 -0.7925 0.1492
vn -0.8475 -0.5251 0.0771
vn -0.9815 0.1296 -0.1411
vn -0.9828 0.1202 -0.1400
vn -0.9793 -0.2002 -0.0282
vn 0.9725 -0.2328 0.0031
vn 0.8799 -0.4686 0.0790
vn 0.9750 -0.2202 0.0286
vn 0.8802 -0.4614 0.1110
vn 0.5905 -0.7903 0.1636
vn -0.0023 -0.9844 0.1758
vn 0.0037 -0.9803 0.1976
vn 0.6048 -0.7695 0.2053
vn 0.0024 -0.9653 0.2613
vn 0.0036 -0.9803 0.1976
vn -0.5870 -0.7936 0.1602
vn -0.0024 -0.9844 0.1758
vn -0.8456 -0.5242 0.1007
vn -0.6056 -0.7688 0.2052
vn -0.8587 -0.4974 0.1236
vn 0.0024 -0.9652 0.2613
vn -0.9813 -0.1923 -0.0080
vn -0.9817 0.1223 -0.1461
vn -0.9758 0.1394 -0.1686
vn -0.9815 -0.1914 0.0076
vn 0.9760 -0.2113 0.0534
vn 0.8810 -0.4515 0.1415
vn 0.9762 -0.2022 0.0782
vn 0.8807 -0.4411 0.1724
vn 0.6106 -0.7518 0.2487
vn -0.0000 -0.9481 0.3181
vn 0.6093 -0.7379 0.2903
vn -0.0000 -0.9301 0.3674
vn -0.6106 -0.7518 0.2487
vn -0.8691 -0.4712 0.1507
vn -0.6093 -0.7378 0.2907
vn -0.8775 -0.4461 0.1762
vn -0.9797 -0.1984 0.0305
vn -0.9662 0.1541 -0.2068
vn -0.9949 -0.0065 -0.1007
vn -0.9815 -0.1836 0.0541
vn 0.9754 -0.1937 0.1053
vn 0.8781 -0.4307 0.2083
vn 0.9735 -0.1856 0.1335
vn 0.8723 -0.4210 0.2487
vn 0.6028 -0.7210 0.3418
vn -0.0000 -0.9041 0.4274
vn 0.5901 -0.7020 0.3986
vn -0.0000 -0.8703 0.4925
vn -0.6028 -0.7210 0.3418
vn -0.8781 -0.4307 0.2083
vn -0.5901 -0.7020 0.3986
vn -0.8723 -0.4210 0.2487
vn -0.9803 -0.1749 0.0916
vn -0.9777 -0.1719 0.1209
vn 0.9704 -0.1786 0.1625
vn 0.8634 -0.4146 0.2876
vn 0.9650 -0.1721 0.1976
vn 0.8493 -0.4083 0.3346
vn 0.5718 -0.6871 0.4483
vn -0.0000 -0.8389 0.5443
vn 0.5469 -0.6675 0.5053
vn -0.0000 -0.8018 0.5976
vn -0.5718 -0.6871 0.4483
vn -0.8634 -0.4146 0.2876
vn -0.5469 -0.6675 0.5053
vn -0.8493 -0.4083 0.3346
vn -0.9726 -0.1731 0.1553
vn -0.9658 -0.1713 0.1945
vn 0.9570 -0.1659 0.2381
vn 0.8300 -0.3997 0.3891
vn 0.9455 -0.1611 0.2831
vn 0.8057 -0.3950 0.4413
vn 0.5183 -0.6404 0.5668
vn -0.0000 -0.7545 0.6563
vn 0.4891 -0.6187 0.6148
vn 0.0001 -0.7175 0.6965
vn -0.5183 -0.6404 0.5668
vn -0.8300 -0.3997 0.3891
vn -0.4891 -0.6187 0.6148
vn -0.8057 -0.3950 0.4413
vn -0.0001 -0.7175 0.6965
vn -0.9570 -0.1659 0.2381
vn -0.9455 -0.1611 0.2831
vn 0.9279 -0.1547 0.3391
vn 0.7752 -0.3883 0.4983
vn 0.9002 -0.1432 0.4112
vn 0.7357 -0.3689 0.5680
vn 0.4597 -0.5954 0.6589
vn 0.0001 -0.6831 0.7303
vn 0.4334 -0.5536 0.7112
vn 0.0001 -0.6318 0.7751
vn -0.0001 -0.6831 0.7303
vn -0.4597 -0.5955 0.6589
vn -0.7752 -0.3883 0.4983
vn -0.4332 -0.5534 0.7114
vn -0.7357 -0.3689 0.5680
vn -0.0000 -0.6318 0.7751
vn -0.9279 -0.1547 0.3391
vn -0.9002 -0.1432 0.4112
vn 0.8571 -0.1255 0.4997
vn 0.6878 -0.3387 0.6420
vn 0.7999 -0.0942 0.5927
vn 0.6326 -0.3061 0.7114
vn 0.4124 -0.5005 0.7612
vn -0.0000 -0.5750 0.8182
vn 0.4032 -0.4410 0.8019
vn -0.0000 -0.5188 0.8549
vn -0.4124 -0.5005 0.7612
vn -0.6878 -0.3387 0.6420
vn -0.4031 -0.4410 0.8019
vn -0.6326 -0.3061 0.7114
vn -0.8571 -0.1255 0.4997
vn -0.7999 -0.0942 0.5927
vn 0.6412 -0.1495 0.7526
vn 0.5814 -0.0959 0.8080
vn 0.3944 -0.2579 0.8820
vn 0.4068 -0.3599 0.8396
vn -0.0000 -0.3406 0.9402
vn 0.0001 -0.4534 0.8913
vn -0.0001 -0.4534 0.8913
vn -0.4068 -0.3599 0.8396
vn -0.3941 -0.2579 0.8821
vn -0.6412 -0.1495 0.7526
vn -0.5814 -0.0959 0.8080
vn -0.9897 0.0706 -0.1248
vn -0.9929 0.0343 -0.1141
vn -0.9845 0.1099 -0.1366
vn -0.9808 0.1318 -0.1435
vn -0.9809 0.1345 -0.1408
vn -0.9808 0.1356 -0.1404
vn -0.9772 0.1555 -0.1447
vn -0.9775 0.1636 -0.1328
vn -0.9417 0.1524 -0.2998
vn 0.6183 -0.7761 0.1236
vn -0.0145 -0.9677 0.2518
vn -0.6286 -0.7604 0.1633
vn -0.0146 -0.9677 0.2518
vn -0.9916 -0.0000 0.1290
vn -0.9998 -0.0000 0.0176
vn -0.9997 -0.0000 -0.0225
vn -0.9996 -0.0000 -0.0275
vn -1.0000 -0.0000 -0.0053
vn 0.6253 -0.3253 0.7093
vn 0.7831 -0.0533 0.6196
vn 0.9686 -0.0690 -0.2388
vn 0.9807 0.0639 -0.1847
vn 0.9597 -0.0934 -0.2649
vn 0.7625 -0.2379 -0.6016
vn 0.6253 -0.3253 0.7094
vn 0.9597 -0.0933 -0.2649
vn 0.4673 -0.6409 0.6090
vn 0.4510 -0.3201 -0.8331
vn 0.0215 -0.6709 0.7412
vn 0.0005 -0.3433 -0.9392
vn -0.4689 -0.6878 0.5541
vn 0.0215 -0.6709 0.7413
vn -0.4153 -0.3197 -0.8517
vn 0.0004 -0.3433 -0.9392
vn -0.6532 -0.3551 0.6688
vn -0.7658 -0.2014 -0.6107
vn -0.9879 0.0093 -0.1551
vn -0.9762 0.2111 0.0488
vn -0.9972 0.0236 -0.0713
vn -0.9608 0.2047 0.1869
vn -0.9604 -0.0708 0.2694
vn -0.9918 0.0291 -0.1243
vn -0.9713 0.2303 0.0589
vn -0.5726 -0.1253 0.8102
vn -0.9682 0.1864 0.1667
vn -0.2080 -0.1413 0.9679
vn 0.9378 0.3312 -0.1038
vn 0.7420 0.2351 0.6278
vn 0.8451 0.5305 -0.0664
vn 0.8591 -0.0001 0.5118
vn 0.9978 -0.0001 -0.0664
vn -0.6789 -0.0289 0.7336
vn -0.9574 0.2853 -0.0446
vn -0.9929 0.0866 -0.0812
vn -0.9660 -0.2369 -0.1034
vn -0.9501 -0.3119 -0.0055
vn -0.9871 -0.1596 -0.0082
vn -0.9777 -0.1843 -0.1011
vn 0.9149 -0.3244 -0.2403
vn 0.9006 -0.3659 -0.2346
vn 0.6658 -0.6541 -0.3590
vn 0.6399 -0.6731 -0.3708
vn 0.9274 -0.2778 -0.2506
vn 0.9885 -0.1462 -0.0374
vn 0.9780 -0.1471 0.1480
vn 0.9943 -0.0810 -0.0695
vn 0.4722 -0.3181 -0.8221
vn -0.0003 -0.3644 -0.9313
vn 0.4528 0.3104 0.8358
vn 0.0001 0.3775 0.9260
vn 0.4640 0.2135 0.8597
vn 0.0002 0.2832 0.9591
vn 0.8756 0.1175 0.4685
vn 0.8319 0.0202 0.5546
vn 0.9917 -0.0981 0.0828
vn 0.9646 -0.2275 0.1335
vn 0.8585 -0.3654 -0.3597
vn 0.8353 -0.4706 -0.2841
vn 0.4958 -0.5486 -0.6732
vn 0.4824 -0.6477 -0.5897
vn -0.0000 -0.6159 -0.7878
vn 0.0001 -0.7127 -0.7015
vn -0.0000 0.0105 0.9999
vn -0.0000 -0.2045 0.9789
vn 0.4342 -0.0482 0.8995
vn 0.3713 -0.2544 0.8930
vn 0.7523 -0.2088 0.6248
vn 0.6433 -0.3914 0.6580
vn 0.8689 -0.4276 0.2495
vn 0.7434 -0.5778 0.3368
vn 0.7527 -0.6462 -0.1263
vn 0.6439 -0.7650 0.0157
vn 0.4346 -0.8065 -0.4010
vn 0.3718 -0.9020 -0.2196
vn 0.0001 -0.8651 -0.5016
vn 0.0001 -0.9521 -0.3059
vn -0.0000 -0.8639 0.5036
vn -0.0000 0.1716 0.9852
vn 0.4676 0.1083 0.8773
vn 0.8113 -0.0653 0.5809
vn 0.9372 -0.3014 0.1755
vn 0.8117 -0.5371 -0.2296
vn 0.4685 -0.7099 -0.5259
vn 0.0001 -0.7733 -0.6340
vn 0.9886 -0.1462 -0.0374
vn 0.9780 -0.1472 0.1480
vn 0.9277 0.2241 0.2987
vn 0.9056 0.1957 0.3762
vn 0.9978 0.0633 0.0214
vn 0.9986 0.0055 0.0519
vn 0.8586 -0.2229 -0.4616
vn 0.8665 -0.2820 -0.4120
vn 0.4936 -0.4027 -0.7708
vn 0.4977 -0.4699 -0.7291
vn -0.0000 -0.4699 -0.8827
vn -0.0000 -0.5365 -0.8439
vn 0.9943 -0.0810 -0.0694
vn 0.9951 0.0927 -0.0347
vn 0.8419 -0.1720 -0.5115
vn 0.4888 -0.3350 -0.8055
vn -0.0000 -0.4021 -0.9156
vn 0.9906 0.0805 -0.1102
vn 0.9923 -0.0749 -0.0988
vn 0.8296 -0.1652 -0.5333
vn 0.4891 -0.3181 -0.8121
vn -0.0003 -0.3790 -0.9254
vn 0.9637 -0.0990 -0.2479
vn 0.8113 -0.1823 -0.5554
vn 0.0014 -0.8793 -0.4763
vn -0.6117 -0.6967 -0.3747
vn 0.0052 -0.8681 -0.4964
vn -0.5622 -0.7273 -0.3936
vn -0.6125 -0.6995 -0.3682
vn -0.8940 -0.3875 -0.2251
vn -0.9098 -0.3326 -0.2483
vn -0.9980 -0.0103 -0.0622
vn -0.9751 -0.2175 -0.0442
vn -0.9337 -0.2569 -0.2495
vn -0.0001 0.3775 0.9260
vn -0.4543 0.3116 0.8346
vn 0.0001 0.2832 0.9591
vn -0.4648 0.2142 0.8591
vn -0.8777 0.1202 0.4639
vn -0.8310 0.0218 0.5558
vn -0.9926 -0.0922 0.0793
vn -0.9646 -0.2275 0.1335
vn -0.8617 -0.3606 -0.3570
vn -0.8353 -0.4707 -0.2842
vn -0.4958 -0.5486 -0.6732
vn -0.4824 -0.6477 -0.5897
vn -0.0000 -0.6160 -0.7878
vn -0.0001 -0.7127 -0.7015
vn -0.4342 -0.0483 0.8995
vn -0.3715 -0.2544 0.8929
vn -0.7523 -0.2088 0.6248
vn -0.6432 -0.3914 0.6581
vn -0.8689 -0.4276 0.2495
vn -0.7434 -0.5778 0.3368
vn -0.7526 -0.6462 -0.1263
vn -0.6436 -0.7652 0.0156
vn -0.4346 -0.8065 -0.4010
vn -0.3716 -0.9020 -0.2197
vn -0.0001 -0.8651 -0.5016
vn -0.0000 -0.9521 -0.3059
vn -0.0000 -0.8640 0.5035
vn -0.4676 0.1081 0.8773
vn -0.8113 -0.0653 0.5809
vn -0.9372 -0.3014 0.1755
vn -0.8117 -0.5371 -0.2296
vn -0.4685 -0.7099 -0.5259
vn -0.0001 -0.7733 -0.6340
vn -0.9099 0.1851 0.3712
vn -0.9507 0.1742 0.2568
vn -0.9992 0.0007 0.0412
vn -0.9995 0.0289 -0.0088
vn -0.8755 -0.2699 -0.4009
vn -0.8744 -0.2120 -0.4364
vn -0.4976 -0.4699 -0.7291
vn -0.4868 -0.4090 -0.7719
vn -0.9750 -0.2175 -0.0443
vn -0.9980 -0.0103 -0.0621
vn -0.9959 0.0478 -0.0771
vn -0.8562 -0.1720 -0.4871
vn -0.4624 -0.3515 -0.8140
vn -0.9943 0.0165 -0.1053
vn -0.9917 0.0583 -0.1144
vn -0.8466 -0.1557 -0.5089
vn -0.4423 -0.3326 -0.8329
vn -0.0004 -0.3790 -0.9254
vn -0.9885 0.0151 -0.1503
vn -0.8210 -0.1660 -0.5462
vn -0.4268 -0.3249 -0.8440
vn -0.0004 -0.3644 -0.9313
vn -0.5418 0.3437 0.7670
vn -0.0014 0.4436 0.8962
vn 0.9723 -0.0821 -0.2190
vn 0.9637 -0.0991 -0.2479
vn 0.9829 0.0629 -0.1728
vn -0.9789 0.2042 0.0099
vn -0.9955 0.0293 -0.0897
vn -0.9907 0.0380 -0.1305
vn 0.9874 0.0542 -0.1484
vn 0.9719 -0.1234 -0.2006
vn 0.9680 -0.1550 -0.1976
vn 0.9911 0.0454 -0.1255
vn -0.9908 0.0080 -0.1350
vn -0.9802 0.1971 -0.0183
vn -0.9944 0.0319 -0.1007
vn -0.9802 0.1965 -0.0240
vn -0.9945 0.0339 -0.0988
vn -0.9901 -0.0361 -0.1358
vn 0.9936 0.0404 -0.1052
vn 0.9680 -0.1626 -0.1911
vn 0.9710 -0.1671 -0.1709
vn 0.9956 0.0342 -0.0867
vn -0.9877 -0.0745 -0.1373
vn -0.9823 0.1852 -0.0286
vn -0.9951 0.0339 -0.0924
vn -0.9831 0.1809 -0.0297
vn -0.9957 0.0324 -0.0866
vn -0.9860 -0.1011 -0.1324
vn 0.9973 0.0265 -0.0691
vn 0.9734 -0.1719 -0.1514
vn 0.9761 -0.1766 -0.1263
vn 0.8921 -0.3958 -0.2178
vn 0.9988 0.0179 -0.0461
vn 0.6136 -0.7074 -0.3510
vn -0.0000 -0.8994 -0.4371
vn 0.0015 -0.8793 -0.4763
vn -0.6090 -0.7150 -0.3433
vn -0.8864 -0.4138 -0.2076
vn -0.9848 -0.1221 -0.1232
vn -0.9963 0.0306 -0.0798
vn -0.9818 0.1877 -0.0294
vn -0.9965 0.0299 -0.0779
vn -0.9756 0.2170 -0.0320
vn -0.9841 -0.1389 -0.1102
vn 0.9997 0.0089 -0.0232
vn 0.9775 -0.1872 -0.0969
vn 0.8918 -0.4149 -0.1804
vn 0.9770 -0.2002 -0.0736
vn 0.8884 -0.4337 -0.1507
vn 0.6199 -0.7249 -0.3006
vn -0.0000 -0.9239 -0.3826
vn 0.6193 -0.7444 -0.2495
vn -0.0000 -0.9485 -0.3166
vn -0.6273 -0.7191 -0.2990
vn -0.8914 -0.4147 -0.1827
vn -0.6232 -0.7405 -0.2514
vn -0.8875 -0.4330 -0.1575
vn -0.0001 -0.9486 -0.3166
vn -0.9819 -0.1560 -0.1076
vn -0.9956 0.0337 -0.0878
vn -0.9660 0.2535 -0.0507
vn -0.9814 -0.1721 -0.0847
vn -0.9998 0.0080 -0.0206
vn -0.9947 0.0631 -0.0813
vn -0.9953 0.0346 -0.0901
vn 0.9997 -0.0091 0.0236
vn 0.9756 -0.2135 -0.0507
vn 0.8816 -0.4555 -0.1236
vn 0.9736 -0.2270 -0.0248
vn 0.8726 -0.4789 -0.0961
vn 0.9987 -0.0183 0.0477
vn 0.6105 -0.7650 -0.2052
vn -0.0000 -0.9669 -0.2552
vn 0.5913 -0.7888 -0.1678
vn -0.0000 -0.9781 -0.2083
vn -0.6106 -0.7649 -0.2052
vn -0.8816 -0.4555 -0.1236
vn -0.5913 -0.7888 -0.1678
vn -0.8726 -0.4789 -0.0961
vn -0.9805 -0.1904 -0.0484
vn -0.9999 -0.0044 0.0114
vn -0.9776 -0.2088 -0.0248
vn -0.9992 -0.0139 0.0362
vn 0.9969 -0.0283 0.0735
vn 0.9702 -0.2423 0.0011
vn 0.8620 -0.5031 -0.0618
vn 0.9647 -0.2616 0.0313
vn 0.8465 -0.5320 -0.0233
vn 0.9941 -0.0392 0.1015
vn 0.5694 -0.8131 -0.1209
vn -0.0000 -0.9888 -0.1495
vn 0.5437 -0.8366 -0.0671
vn -0.0000 -0.9963 -0.0854
vn -0.5694 -0.8131 -0.1209
vn -0.8620 -0.5031 -0.0618
vn -0.5437 -0.8366 -0.0671
vn -0.8465 -0.5320 -0.0233
vn -0.9724 -0.2333 -0.0000
vn -0.9976 -0.0249 0.0652
vn -0.9655 -0.2588 0.0301
vn -0.9945 -0.0378 0.0980
vn 0.9895 -0.0519 0.1349
vn 0.9567 -0.2840 0.0641
vn 0.8271 -0.5617 0.0175
vn 0.9451 -0.3105 0.1018
vn 0.8039 -0.5920 0.0572
vn 0.9826 -0.0666 0.1736
vn 0.5153 -0.8569 -0.0130
vn -0.0000 -0.9997 -0.0236
vn 0.4878 -0.8724 0.0317
vn -0.0000 -0.9997 0.0248
vn -0.5153 -0.8569 -0.0130
vn -0.8271 -0.5617 0.0175
vn -0.4877 -0.8724 0.0317
vn -0.8039 -0.5920 0.0572
vn -0.9567 -0.2840 0.0641
vn -0.9895 -0.0519 0.1348
vn -0.9451 -0.3105 0.1018
vn -0.9826 -0.0666 0.1736
vn 0.9713 -0.0855 0.2220
vn 0.9280 -0.3422 0.1476
vn 0.7746 -0.6232 0.1076
vn 0.9005 -0.3815 0.2087
vn 0.7362 -0.6541 0.1740
vn 0.9519 -0.1099 0.2862
vn 0.4593 -0.8841 0.0854
vn -0.0000 -0.9969 0.0786
vn 0.4334 -0.8874 0.1568
vn 0.0001 -0.9885 0.1511
vn -0.4593 -0.8841 0.0854
vn -0.7746 -0.6232 0.1076
vn -0.4334 -0.8874 0.1568
vn -0.7362 -0.6541 0.1740
vn -0.0001 -0.9885 0.1511
vn -0.9280 -0.3422 0.1476
vn -0.9713 -0.0855 0.2220
vn -0.9005 -0.3815 0.2087
vn -0.9519 -0.1099 0.2862
vn 0.9176 -0.1425 0.3712
vn 0.8574 -0.4279 0.2861
vn 0.6883 -0.6815 0.2487
vn 0.8001 -0.4671 0.3765
vn 0.6332 -0.7039 0.3220
vn 0.8562 -0.1854 0.4822
vn 0.4130 -0.8817 0.2281
vn -0.0000 -0.9753 0.2209
vn 0.4036 -0.8649 0.2983
vn -0.0000 -0.9584 0.2853
vn -0.4130 -0.8817 0.2281
vn -0.6883 -0.6815 0.2487
vn -0.4036 -0.8649 0.2983
vn -0.6332 -0.7039 0.3220
vn -0.0001 -0.9584 0.2854
vn -0.8574 -0.4278 0.2861
vn -0.9176 -0.1426 0.3712
vn -0.8001 -0.4671 0.3765
vn -0.8562 -0.1853 0.4822
vn 0.7623 -0.2321 0.6042
vn 0.6821 -0.2623 0.6826
vn 0.6415 -0.6150 0.4586
vn 0.5814 -0.6121 0.5360
vn -0.0000 -0.3588 0.9334
vn 0.3944 -0.7820 0.4826
vn 0.4070 -0.8296 0.3822
vn -0.0000 -0.8825 0.4703
vn 0.0001 -0.9338 0.3578
vn -0.0001 -0.9338 0.3578
vn -0.4070 -0.8296 0.3822
vn -0.3944 -0.7820 0.4826
vn -0.6415 -0.6150 0.4586
vn -0.5814 -0.6121 0.5360
vn -0.6823 -0.2622 0.6824
vn -0.7623 -0.2321 0.6042
vn -0.9895 0.1366 -0.0465
vn -0.9925 0.1038 -0.0641
vn -0.9842 0.1747 -0.0297
vn -0.9768 0.2139 -0.0126
vn -0.9688 0.2478 0.0050
vn -0.9648 0.2629 0.0110
vn -0.9659 0.2588 0.0076
vn -0.9721 0.2342 0.0137
vn -0.9417 0.3142 -0.1205
vn -0.9548 0.1070 -0.2773
vn 0.8533 0.5168 -0.0690
vn 0.9450 0.3092 -0.1064
vn 0.9979 -0.0001 -0.0652
vn -0.9857 0.1386 -0.0954
vn -0.9270 0.3719 -0.0484
vn -0.9701 -0.2048 -0.1305
vn 0.9528 0.2919 -0.0831
vn 0.8619 0.5045 -0.0511
vn 0.9573 0.2837 -0.0550
vn 0.8708 0.4911 -0.0221
vn 0.9987 -0.0001 -0.0519
vn 0.9999 -0.0001 -0.0160
vn -0.9771 0.1932 -0.0893
vn -0.8939 0.4465 -0.0397
vn -0.9731 0.2196 -0.0694
vn -0.8625 0.5059 -0.0134
vn -0.9749 -0.1705 -0.1435
vn -0.9782 -0.1490 -0.1446
vn 0.9610 0.2742 -0.0355
vn 0.8731 0.4874 0.0092
vn 0.8858 0.4619 0.0443
vn 0.9670 0.2542 -0.0183
vn 0.7084 0.7040 0.0504
vn 0.6087 0.7811 0.1392
vn -0.8468 0.5309 0.0324
vn -0.9749 0.2171 -0.0504
vn -0.8475 0.5251 0.0771
vn -0.5914 0.7926 0.1488
vn -0.9815 -0.1296 -0.1412
vn -0.9827 -0.1202 -0.1408
vn -0.9793 0.2003 -0.0286
vn 0.9725 0.2328 0.0031
vn 0.8799 0.4685 0.0790
vn 0.9750 0.2202 0.0286
vn 0.8802 0.4614 0.1114
vn 0.5904 0.7902 0.1640
vn -0.0023 0.9844 0.1758
vn 0.0037 0.9804 0.1972
vn 0.6048 0.7694 0.2056
vn 0.0024 0.9652 0.2617
vn -0.5870 0.7935 0.1606
vn -0.0024 0.9844 0.1758
vn 0.0036 0.9804 0.1972
vn -0.8457 0.5242 0.1000
vn -0.8587 0.4974 0.1236
vn -0.6056 0.7688 0.2052
vn -0.9813 0.1923 -0.0076
vn -0.9816 -0.1223 -0.1469
vn -0.9758 -0.1394 -0.1686
vn -0.9815 0.1914 0.0076
vn 0.9760 0.2113 0.0534
vn 0.8810 0.4515 0.1415
vn 0.9762 0.2022 0.0782
vn 0.8807 0.4411 0.1724
vn 0.6106 0.7518 0.2487
vn -0.0000 0.9481 0.3181
vn 0.6093 0.7378 0.2903
vn -0.0000 0.9301 0.3674
vn -0.6106 0.7518 0.2487
vn -0.8691 0.4712 0.1507
vn -0.8775 0.4461 0.1762
vn -0.6093 0.7378 0.2907
vn -0.9797 0.1984 0.0305
vn -0.9662 -0.1541 -0.2068
vn -0.9815 0.1836 0.0542
vn -0.9949 0.0065 -0.1007
vn 0.9754 0.1937 0.1053
vn 0.8781 0.4308 0.2083
vn 0.8723 0.4210 0.2487
vn 0.9735 0.1856 0.1335
vn 0.6027 0.7210 0.3418
vn -0.0000 0.9041 0.4273
vn -0.0000 0.8703 0.4925
vn 0.5901 0.7020 0.3986
vn -0.6028 0.7210 0.3418
vn -0.8781 0.4308 0.2083
vn -0.5901 0.7020 0.3986
vn -0.8723 0.4210 0.2487
vn -0.9803 0.1750 0.0915
vn -0.9777 0.1719 0.1209
vn 0.9704 0.1786 0.1625
vn 0.8633 0.4147 0.2876
vn 0.8493 0.4083 0.3346
vn 0.9650 0.1721 0.1976
vn 0.5718 0.6871 0.4483
vn -0.0000 0.8389 0.5443
vn -0.0000 0.8018 0.5976
vn 0.5469 0.6675 0.5053
vn -0.5718 0.6871 0.4483
vn -0.8633 0.4147 0.2876
vn -0.5469 0.6675 0.5053
vn -0.8493 0.4083 0.3346
vn -0.9726 0.1730 0.1553
vn -0.9976 -0.0248 0.0653
vn -0.9658 0.1712 0.1945
vn -0.9945 -0.0377 0.0980
vn -0.9658 0.1712 0.1946
vn 0.9570 0.1659 0.2381
vn 0.8300 0.3996 0.3891
vn 0.8057 0.3951 0.4413
vn 0.9455 0.1611 0.2831
vn 0.5183 0.6404 0.5668
vn -0.0000 0.7545 0.6563
vn 0.0001 0.7175 0.6965
vn 0.4891 0.6188 0.6148
vn -0.5183 0.6404 0.5668
vn -0.8300 0.3996 0.3891
vn -0.4891 0.6188 0.6148
vn -0.8057 0.3951 0.4413
vn -0.0001 0.7175 0.6965
vn -0.9570 0.1659 0.2381
vn -0.9455 0.1611 0.2831
vn 0.9279 0.1547 0.3391
vn 0.7752 0.3883 0.4983
vn 0.7357 0.3688 0.5680
vn 0.9002 0.1432 0.4112
vn 0.4597 0.5955 0.6588
vn -0.0000 0.6831 0.7303
vn 0.0001 0.6319 0.7751
vn 0.4334 0.5535 0.7112
vn -0.0001 0.6831 0.7303
vn -0.4596 0.5955 0.6589
vn -0.7752 0.3883 0.4983
vn -0.4333 0.5534 0.7114
vn -0.7357 0.3688 0.5680
vn -0.0000 0.6319 0.7751
vn -0.9279 0.1547 0.3391
vn -0.9002 0.1432 0.4112
vn 0.8571 0.1255 0.4997
vn 0.6878 0.3389 0.6419
vn 0.6326 0.3061 0.7114
vn 0.7999 0.0942 0.5927
vn 0.4124 0.5005 0.7612
vn -0.0000 0.5749 0.8183
vn -0.0000 0.5188 0.8549
vn 0.4032 0.4410 0.8019
vn -0.0000 0.5749 0.8182
vn -0.4124 0.5005 0.7612
vn -0.6878 0.3389 0.6419
vn -0.4031 0.4410 0.8019
vn -0.6326 0.3061 0.7114
vn -0.8571 0.1255 0.4997
vn -0.7999 0.0942 0.5927
vn 0.6412 0.1495 0.7526
vn 0.5814 0.0957 0.8080
vn 0.4068 0.3599 0.8396
vn 0.3944 0.2579 0.8820
vn -0.0000 0.4536 0.8912
vn 0.0001 0.3406 0.9402
vn -0.4068 0.3599 0.8396
vn -0.0001 0.3406 0.9402
vn -0.3941 0.2579 0.8821
vn -0.6412 0.1495 0.7526
vn -0.5814 0.0957 0.8080
vn -0.9897 -0.0706 -0.1244
vn -0.9929 -0.0343 -0.1141
vn -0.9845 -0.1098 -0.1366
vn -0.9807 -0.1317 -0.1442
vn -0.9808 -0.1342 -0.1415
vn -0.9808 -0.1356 -0.1404
vn -0.9772 -0.1555 -0.1442
vn -0.9776 -0.1636 -0.1327
vn -0.9417 -0.1523 -0.2998
vn 0.0053 -0.8681 -0.4964
vn 0.6399 -0.6830 -0.3522
vn 0.5665 0.3333 0.7537
vn -0.0013 0.4436 0.8962
vn -0.9660 -0.2190 0.1373
vn -0.9660 -0.2190 0.1374
vn -0.0145 0.9677 0.2518
vn 0.6183 0.7761 0.1236
vn -0.6532 -0.3552 0.6687
vn -0.0146 0.9677 0.2518
vn -0.6286 0.7604 0.1633
vn -0.9917 -0.0000 0.1289
vn -0.9998 -0.0000 0.0175
vn 0.9976 0.0579 0.0377
vn 0.9991 -0.0000 0.0431
vn 0.9875 0.1112 -0.1114
vn 0.9950 -0.0000 -0.0996
vn 0.9772 0.1666 -0.1314
vn 0.9945 0.1020 0.0252
vn 0.9874 0.1557 0.0280
vn 0.9916 0.1265 0.0276
vn 0.9654 0.2502 -0.0740
vn 0.9739 0.1949 -0.1162
vn 0.9995 0.0268 -0.0172
vn 0.9577 0.2627 -0.1175
vn 0.9514 -0.2760 0.1369
vn 0.8515 -0.4991 0.1610
vn 0.3099 -0.6898 0.6543
vn 0.8536 -0.2969 0.4280
vn 0.8185 -0.2480 0.5182
vn 0.3124 -0.5724 0.7581
vn 0.2775 -0.4369 0.8556
vn 0.7902 -0.1889 0.5831
vn 0.7402 -0.1125 0.6630
vn 0.7569 -0.1506 0.6359
vn 0.1794 -0.2229 0.9582
vn 0.2196 -0.3354 0.9161
vn 0.7424 -0.0000 0.6700
vn 0.1646 -0.0001 0.9864
vn 0.7374 -0.0001 -0.6755
vn 0.7133 0.2245 -0.6639
vn 0.6447 0.3512 -0.6790
vn 0.5895 0.4524 -0.6692
vn 0.5277 0.5903 -0.6108
vn -0.5457 -0.5969 0.5882
vn -0.6068 -0.4594 0.6487
vn -0.6610 -0.3431 0.6673
vn -0.7288 -0.2058 0.6530
vn -0.7705 -0.0000 0.6374
vn 0.5233 0.6509 -0.5500
vn 0.0750 -0.8906 -0.4487
vn -0.4670 -0.7068 0.5314
vn -0.0656 0.0001 -0.9978
vn -0.0786 0.2223 -0.9718
vn 0.7374 -0.0000 -0.6755
vn -0.1248 0.3536 -0.9270
vn -0.1508 0.4613 -0.8743
vn -0.1629 0.5847 -0.7947
vn 0.5278 0.5903 -0.6108
vn -0.1427 0.6338 -0.7603
vn 0.0748 -0.8906 -0.4486
vn -0.7213 -0.1652 -0.6726
vn -0.9166 -0.3958 0.0572
vn -0.4669 -0.7068 0.5314
vn -0.9630 -0.2659 0.0433
vn -0.6067 -0.4595 0.6487
vn -0.9850 -0.1717 0.0162
vn -0.6610 -0.3432 0.6673
vn -0.9923 -0.1237 0.0107
vn -0.7288 -0.2058 0.6531
vn -0.9975 -0.0701 0.0021
vn -1.0000 -0.0000 -0.0069
vn -0.1423 0.4639 -0.8744
vn -0.1465 0.3449 -0.9271
vn -0.2308 0.4379 -0.8689
vn -0.2327 0.3152 -0.9201
vn -0.7234 0.6287 0.2853
vn -0.6921 0.5984 0.4036
vn -0.6003 0.7478 0.2836
vn -0.5667 0.7063 0.4242
vn -0.6620 0.6410 -0.3884
vn -0.4833 0.6760 -0.5564
vn -0.6125 0.7107 -0.3462
vn -0.4816 0.7020 -0.5247
vn -0.6873 0.4536 -0.5674
vn -0.7844 0.5138 -0.3473
vn -0.6434 0.5788 -0.5010
vn -0.7090 0.6129 -0.3489
vn -0.1663 0.7023 -0.6922
vn -0.2787 0.6771 -0.6811
vn -0.1789 0.7962 -0.5779
vn -0.3305 0.7331 -0.5945
vn -0.4061 0.6408 -0.6516
vn -0.3592 0.5192 -0.7755
vn -0.5490 0.5602 -0.6203
vn -0.5358 0.4684 -0.7025
vn -0.4198 0.8446 0.3324
vn -0.6332 0.7094 0.3096
vn -0.5579 0.7025 0.4419
vn -0.7193 0.6862 0.1081
vn -0.7586 0.6512 0.0242
vn -0.6590 0.7505 0.0490
vn -0.6681 0.7429 -0.0420
vn -0.1661 0.7206 -0.6731
vn -0.3459 0.6512 -0.6755
vn -0.7465 0.6443 0.1661
vn -0.6336 0.7562 0.1633
vn -0.7620 0.6453 -0.0540
vn -0.7610 0.6468 0.0509
vn -0.7667 0.6296 -0.1261
vn -0.6661 0.7273 -0.1652
vn -0.7497 0.6344 -0.1884
vn -0.1452 0.5819 -0.8002
vn -0.2390 0.5573 -0.7952
vn -0.3836 0.7913 0.4761
vn -0.6563 0.7195 0.2270
vn -0.3354 0.4103 -0.8480
vn -0.3141 0.3006 -0.9006
vn -0.2344 0.2271 -0.9452
vn -0.1461 0.2625 -0.9538
vn -0.1907 0.1788 -0.9652
vn -0.1269 0.2240 -0.9663
vn -0.3781 0.3761 -0.8460
vn -0.5025 0.1589 -0.8499
vn -0.1993 0.1070 -0.9741
vn -0.2559 0.1355 -0.9572
vn -0.2667 -0.0000 -0.9638
vn -0.1927 -0.0000 -0.9813
vn -0.5140 -0.0000 -0.8578
vn -0.8611 0.2526 -0.4412
vn -0.8532 0.1851 -0.4877
vn -0.9257 0.2323 -0.2987
vn -0.9250 0.1478 -0.3500
vn -0.8401 0.3417 -0.4212
vn -0.8368 0.2194 -0.5017
vn -0.8756 0.2974 -0.3805
vn -0.7377 0.3410 -0.5827
vn -0.7990 0.3148 -0.5123
vn -0.8882 0.1673 -0.4279
vn -0.8846 0.1565 -0.4392
vn -0.7672 0.2830 -0.5756
vn -0.8661 0.1252 -0.4839
vn -0.7444 0.2210 -0.6301
vn -0.8429 0.1392 -0.5197
vn -0.8323 0.0954 -0.5460
vn -0.9176 0.1148 -0.3807
vn -0.9115 0.0851 -0.4023
vn -0.7030 0.1031 -0.7037
vn -0.8298 0.0680 -0.5539
vn -0.7218 0.1552 -0.6744
vn -0.8502 0.0939 -0.5181
vn -0.6122 0.1132 -0.7826
vn -0.6295 0.1709 -0.7580
vn -0.3163 0.1354 -0.9389
vn -0.3035 0.2188 -0.9274
vn -0.8256 -0.0000 -0.5642
vn -0.9091 -0.0000 -0.4165
vn -0.6955 -0.0000 -0.7185
vn -0.8179 -0.0000 -0.5754
vn -0.6056 -0.0000 -0.7957
vn -0.5249 0.1140 -0.8435
vn -0.4195 0.1166 -0.9002
vn -0.5197 -0.0000 -0.8544
vn -0.4221 -0.0000 -0.9066
vn -0.3296 -0.0000 -0.9441
vn -0.5373 0.1829 -0.8233
vn -0.7091 0.3108 -0.6328
vn -0.6634 0.2415 -0.7082
vn -0.8200 0.4305 -0.3773
vn -0.8946 0.3577 -0.2678
vn -0.7596 0.3734 -0.5325
vn 0.7460 -0.6155 -0.2544
vn 0.0649 0.9263 -0.3711
vn 0.6427 -0.3613 -0.6755
vn 0.0033 0.8391 -0.5440
vn 0.4053 -0.1131 -0.9071
vn 0.2869 -0.0839 -0.9543
vn 0.3544 -0.2135 -0.9104
vn 0.0651 0.9263 -0.3712
vn 0.1137 0.9935 0.0114
vn 0.6113 -0.7574 0.2292
vn 0.7138 -0.3361 -0.6144
vn 0.4508 -0.0549 -0.8909
vn -0.0516 0.2084 -0.9767
vn 0.0367 0.2658 -0.9633
vn 0.8927 -0.3747 -0.2502
vn 0.0732 0.9851 0.1556
vn 0.5457 -0.7606 0.3516
vn 0.8172 -0.5461 -0.1844
vn 0.8693 -0.4826 -0.1070
vn 0.7141 -0.6464 0.2689
vn 0.7460 -0.5793 0.3283
vn 0.8005 -0.2438 -0.5475
vn 0.5291 0.0714 -0.8456
vn 0.1214 0.3898 -0.9129
vn -0.0409 -0.2001 0.9789
vn 0.5019 -0.5107 0.6980
vn -0.0074 -0.1979 0.9802
vn 0.4555 -0.4353 0.7766
vn 0.7752 -0.4990 0.3874
vn 0.9213 -0.3856 -0.0496
vn 0.8748 -0.1263 -0.4677
vn 0.6206 0.2100 -0.7555
vn 0.2201 0.5323 -0.8175
vn 0.0324 -0.1581 0.9869
vn 0.4666 -0.3739 0.8016
vn 0.7997 -0.4091 0.4395
vn 0.9619 -0.2731 0.0137
vn 0.9263 -0.0061 -0.3767
vn 0.6920 0.3323 -0.6408
vn 0.3076 0.6497 -0.6952
vn 0.0621 -0.1110 0.9919
vn 0.4769 -0.3072 0.8235
vn 0.8073 -0.3242 0.4931
vn 0.9792 -0.1732 0.1053
vn 0.9627 0.1044 -0.2495
vn 0.7518 0.4445 -0.4871
vn 0.3903 0.7507 -0.5329
vn 0.1183 -0.0210 0.9928
vn 0.4960 -0.1937 0.8464
vn 0.8043 -0.1995 0.5598
vn 0.9737 -0.0479 0.2228
vn 0.9716 0.2212 -0.0843
vn 0.7883 0.5437 -0.2880
vn 0.4619 0.8249 -0.3258
vn 0.4843 0.6617 0.5724
vn 0.9021 0.0742 -0.4252
vn 0.8836 -0.1794 -0.4326
vn 0.7211 0.3941 -0.5698
vn 0.9709 -0.2292 -0.0694
vn 0.8413 -0.5375 -0.0584
vn 0.9070 -0.4185 0.0481
vn 0.3477 -0.8458 0.4045
vn 0.4081 -0.7536 0.5153
vn 0.9046 0.2304 -0.3588
vn 0.3625 0.7801 -0.5100
vn 0.4124 0.7898 -0.4541
vn -0.2562 -0.5715 0.7796
vn -0.1798 -0.4842 0.8563
vn 0.4502 -0.6565 0.6052
vn 0.9253 -0.3405 0.1673
vn 0.9294 0.2813 -0.2388
vn 0.4627 0.8258 -0.3225
vn -0.1103 -0.3835 0.9169
vn 0.4839 -0.5505 0.6803
vn 0.9309 -0.2486 0.2676
vn 0.9346 0.3350 -0.1194
vn 0.4926 0.8474 -0.1980
vn -0.0338 -0.2716 0.9618
vn 0.5085 -0.4274 0.7475
vn 0.9167 -0.1456 0.3720
vn 0.9218 0.3874 0.0145
vn 0.5153 0.8551 -0.0570
vn 0.4093 0.4936 0.7673
vn 0.5457 -0.7607 0.3515
vn 0.0733 0.9851 0.1557
vn 0.6113 -0.7575 0.2293
vn 0.1137 0.9934 0.0115
vn -0.9458 0.2596 0.1951
vn -0.8871 0.2781 0.3685
vn -0.9555 0.2943 -0.0181
vn -0.9224 0.3857 0.0195
vn -0.8358 0.3428 -0.4290
vn -0.7835 0.4419 -0.4369
vn -0.5325 0.3069 -0.7889
vn -0.4755 0.3873 -0.7899
vn -0.1418 0.1464 -0.9790
vn -0.0517 0.2084 -0.9767
vn -0.8292 0.5026 0.2445
vn -0.5788 0.0440 0.8143
vn -0.7065 0.2039 0.6777
vn -0.8186 0.3394 0.4633
vn -0.8644 0.4956 0.0841
vn -0.7195 0.5706 -0.3960
vn -0.3956 0.4904 -0.7765
vn 0.0366 0.2658 -0.9633
vn -0.5232 0.1368 0.8412
vn -0.4728 0.0346 0.8805
vn -0.0410 -0.2001 0.9789
vn -0.7454 0.3832 0.5454
vn -0.7929 0.5947 0.1330
vn -0.6360 0.6940 -0.3374
vn -0.3056 0.6190 -0.7234
vn 0.1213 0.3898 -0.9129
vn -0.0075 -0.1978 0.9802
vn -0.4257 0.1261 0.8961
vn -0.6719 0.4409 0.5950
vn -0.7087 0.6823 0.1793
vn -0.5429 0.7979 -0.2621
vn -0.2079 0.7472 -0.6312
vn 0.2199 0.5324 -0.8174
vn 0.0323 -0.1581 0.9869
vn -0.3633 0.1722 0.9156
vn -0.5916 0.5042 0.6291
vn -0.6135 0.7548 0.2321
vn -0.4423 0.8788 -0.1789
vn -0.1114 0.8473 -0.5192
vn 0.3075 0.6497 -0.6952
vn -0.3062 0.2068 0.9293
vn -0.5115 0.5384 0.6697
vn -0.5172 0.7981 0.3091
vn -0.3391 0.9385 -0.0643
vn -0.0127 0.9280 -0.3724
vn 0.3903 0.7508 -0.5329
vn 0.1182 -0.0210 0.9928
vn -0.2120 0.2687 0.9396
vn -0.3918 0.5789 0.7151
vn -0.3879 0.8294 0.4021
vn -0.2150 0.9734 0.0790
vn 0.0911 0.9781 -0.1869
vn 0.4842 0.6617 0.5724
vn -0.8718 -0.0237 0.4893
vn -0.8538 0.5088 0.1105
vn -0.9283 0.0475 0.3687
vn -0.9017 0.4208 0.0996
vn -0.5993 0.7785 -0.1868
vn -0.3331 0.8563 -0.3948
vn -0.8293 0.5026 0.2445
vn -0.3885 -0.6708 0.6317
vn -0.8205 -0.0298 0.5709
vn -0.3241 -0.6408 0.6959
vn -0.8080 0.5676 0.1581
vn -0.3882 0.8879 -0.2470
vn 0.3624 0.7801 -0.5100
vn -0.1918 0.8920 -0.4093
vn -0.2562 -0.5714 0.7796
vn -0.7376 0.0019 0.6753
vn -0.7248 0.6354 0.2663
vn -0.2450 0.9469 -0.2082
vn -0.1799 -0.4842 0.8563
vn -0.6407 0.0592 0.7655
vn -0.6268 0.6819 0.3770
vn -0.1735 0.9813 -0.0829
vn -0.5461 0.1270 0.8281
vn -0.5315 0.7108 0.4607
vn -0.1090 0.9937 0.0246
vn 0.4926 0.8475 -0.1980
vn -0.0339 -0.2716 0.9618
vn -0.4348 0.1936 0.8795
vn -0.4178 0.7282 0.5434
vn -0.0358 0.9893 0.1414
vn 0.5152 0.8552 -0.0570
vn 0.3636 -0.3973 0.8426
vn -0.5477 0.2001 -0.8124
vn -0.1150 0.0471 -0.9923
vn -0.8737 0.2619 -0.4101
vn -0.9736 0.2250 -0.0387
vn -0.9646 0.1303 0.2295
vn -0.9670 0.1804 0.1801
vn -0.7586 0.6511 0.0242
vn -0.3885 -0.6709 0.6317
vn 0.2967 -0.9030 0.3109
vn 0.7533 0.6555 -0.0530
vn 0.8563 0.5118 -0.0699
vn 0.7419 0.6398 -0.2004
vn 0.8468 0.4874 -0.2130
vn 0.7469 0.6579 0.0969
vn 0.8482 0.5229 0.0843
vn 0.9209 0.3780 -0.0952
vn 0.9182 0.3895 0.0717
vn 0.9615 0.2496 -0.1150
vn 0.9031 0.3546 -0.2421
vn 0.9345 0.2360 -0.2664
vn 0.9645 0.2562 0.0635
vn 0.9828 0.1363 -0.1244
vn 0.9886 0.1382 0.0603
vn 0.9354 0.2492 0.2511
vn 0.8757 0.2317 0.4236
vn 0.9575 0.1338 0.2557
vn 0.8924 0.1251 0.4336
vn 0.7250 0.6434 0.2457
vn 0.8244 0.5123 0.2407
vn 0.6891 0.6134 0.3858
vn 0.7855 0.4828 0.3872
vn 0.8917 0.3807 0.2447
vn 0.8421 0.3549 0.4061
vn 0.6350 0.5648 0.5271
vn 0.7203 0.4373 0.5384
vn 0.5711 0.5041 0.6478
vn 0.6124 0.4032 0.6800
vn 0.7604 0.3201 0.5651
vn 0.6433 0.3012 0.7039
vn 0.7827 0.2112 0.5855
vn 0.6643 0.2007 0.7200
vn 0.7950 0.1159 0.5954
vn 0.6755 0.1113 0.7289
vn 0.5348 0.1140 0.8372
vn 0.5224 0.2083 0.8268
vn 0.4014 0.1181 0.9082
vn 0.3788 0.2286 0.8968
vn 0.4626 0.4306 0.7750
vn 0.4445 0.5551 0.7030
vn 0.3185 0.4657 0.8256
vn 0.3092 0.5939 0.7428
vn 0.4954 0.3171 0.8087
vn 0.3427 0.3447 0.8739
vn 0.1825 0.4918 0.8514
vn 0.1715 0.6189 0.7665
vn 0.0113 0.6310 0.7757
vn 0.0174 0.5080 0.8612
vn 0.2150 0.3790 0.9001
vn 0.0220 0.4206 0.9070
vn 0.2716 0.2503 0.9293
vn 0.1684 0.3520 0.9207
vn 0.2310 0.2527 0.9396
vn -0.3959 0.1189 0.9106
vn -0.2596 0.1240 0.9577
vn -0.3744 0.2376 0.8963
vn -0.2428 0.2552 0.9359
vn 0.0173 0.5080 0.8612
vn 0.0112 0.6310 0.7757
vn -0.1644 0.4973 0.8519
vn -0.1561 0.6227 0.7668
vn -0.3163 0.5959 0.7381
vn -0.3214 0.4703 0.8219
vn -0.1913 0.3854 0.9027
vn -0.3420 0.3582 0.8688
vn -0.4768 0.5540 0.6824
vn -0.4884 0.4382 0.7547
vn -0.6018 0.5051 0.6186
vn -0.6370 0.4155 0.6493
vn -0.5179 0.3347 0.7872
vn -0.6642 0.3226 0.6744
vn -0.5431 0.2182 0.8108
vn -0.6872 0.2129 0.6945
vn -0.6999 0.1135 0.7052
vn -0.5547 0.1153 0.8240
vn -0.8688 0.2391 0.4336
vn -0.8880 0.1239 0.4429
vn -0.7891 0.2226 0.5725
vn -0.8038 0.1171 0.5832
vn -0.7233 0.4455 0.5276
vn -0.6518 0.5555 0.5162
vn -0.7765 0.4799 0.4084
vn -0.7614 0.3399 0.5520
vn -0.8306 0.3656 0.4201
vn -0.0051 0.5988 -0.8009
vn -0.0033 0.4747 -0.8801
vn 0.0008 0.3567 -0.9342
vn 0.1305 0.2259 -0.9654
vn 0.1454 0.2513 -0.9569
vn 0.2091 0.1818 -0.9608
vn 0.2881 0.2018 -0.9361
vn 0.3321 0.1122 -0.9366
vn 0.2534 0.0918 -0.9630
vn 0.1480 0.5959 -0.7893
vn 0.1443 0.4662 -0.8728
vn 0.2926 0.5731 -0.7655
vn 0.2894 0.4413 -0.8494
vn 0.1451 0.3301 -0.9327
vn 0.2843 0.3011 -0.9102
vn 0.4322 0.5417 -0.7210
vn 0.4370 0.4062 -0.8026
vn 0.5662 0.4958 -0.6585
vn 0.6012 0.3892 -0.6979
vn 0.4465 0.2831 -0.8489
vn 0.6286 0.2925 -0.7206
vn 0.4534 0.1966 -0.8694
vn 0.6459 0.1981 -0.7373
vn 0.4738 0.1143 -0.8732
vn 0.6556 0.1110 -0.7469
vn 0.2064 0.9739 -0.0941
vn 0.4163 0.9058 -0.0784
vn 0.1825 0.9345 -0.3056
vn 0.3954 0.8791 -0.2663
vn 0.0332 0.9955 -0.0891
vn 0.0244 0.9485 -0.3158
vn 0.0151 0.9931 0.1160
vn 0.2026 0.9723 0.1169
vn 0.4173 0.9021 0.1100
vn 0.6105 0.7898 -0.0591
vn 0.5906 0.7751 -0.2245
vn 0.6092 0.7861 0.1045
vn 0.1136 0.9935 0.0114
vn 0.0150 0.9931 0.1160
vn -0.1773 0.8607 0.4772
vn -0.1743 0.9172 0.3584
vn 0.0232 0.9820 0.1877
vn 0.0133 0.9540 0.2996
vn -0.5167 0.6463 0.5615
vn -0.3389 0.7089 0.6185
vn -0.1707 0.8430 0.5100
vn -0.1631 0.7407 0.6518
vn 0.0122 0.8625 0.5060
vn 0.0072 0.7486 0.6630
vn 0.5879 0.7647 0.2638
vn 0.4000 0.8705 0.2867
vn 0.3685 0.8070 0.4614
vn 0.5476 0.7251 0.4176
vn 0.1940 0.9344 0.2989
vn 0.0134 0.9540 0.2996
vn 0.1856 0.8523 0.4890
vn 0.3296 0.7083 0.6243
vn 0.1740 0.7371 0.6530
vn 0.0073 0.7486 0.6630
vn 0.4884 0.6573 0.5739
vn 0.0650 0.9263 -0.3711
vn -0.0240 0.8558 -0.5167
vn 0.1594 0.8533 -0.4965
vn 0.3620 0.8125 -0.4570
vn 0.5485 0.7335 -0.4013
vn 0.7063 0.6082 -0.3622
vn 0.8104 0.4552 -0.3689
vn 0.1501 0.7292 -0.6676
vn -0.0130 0.7327 -0.6804
vn 0.3197 0.6984 -0.6403
vn 0.4848 0.6506 -0.5846
vn 0.6405 0.5535 -0.5324
vn 0.7304 0.4199 -0.5387
vn -0.6621 0.6410 -0.3884
vn -0.7667 0.6295 -0.1261
vn -0.4833 0.6760 -0.5563
vn -0.3458 0.6512 -0.6755
vn -0.1149 0.0471 -0.9923
vn -0.1661 0.7207 -0.6731
vn 0.7415 -0.6549 -0.1457
vn 0.6002 -0.6375 0.4831
vn -0.1417 0.1464 -0.9790
vn 0.7494 -0.5380 -0.3858
vn -0.7246 -0.4098 0.5541
vn -0.5579 0.7024 0.4420
vn -0.8600 -0.2340 0.4535
vn -0.6564 0.7195 0.2270
vn -0.1527 0.2785 0.9482
vn -0.1201 0.3372 0.9337
vn 0.0212 0.3803 0.9246
vn 0.2905 -0.0000 0.9569
vn 0.2359 0.0345 0.9712
vn 0.2093 -0.0000 0.9779
vn 0.2467 0.1259 0.9609
vn 0.2917 0.1209 0.9488
vn 0.3562 0.4332 -0.8279
vn 0.1876 0.5044 -0.8429
vn 0.4491 0.2441 -0.8595
vn 0.0074 0.2342 -0.9722
vn 0.0061 0.2764 -0.9610
vn -0.2757 0.6052 -0.7468
vn -0.2642 -0.0000 0.9645
vn -0.1363 -0.0000 0.9907
vn -0.1653 0.0800 0.9830
vn -0.9579 0.1627 0.2365
vn -0.3992 -0.0000 0.9168
vn -0.5594 -0.0000 0.8289
vn -0.7047 -0.0000 0.7095
vn -0.8092 -0.0000 0.5875
vn -0.8947 -0.0000 0.4467
vn 0.7889 0.2059 -0.5790
vn 0.7700 0.3063 -0.5597
vn 0.8578 0.3295 -0.3944
vn 0.8817 0.2207 -0.4170
vn 0.0219 0.4205 0.9070
vn 0.0211 0.3802 0.9246
vn 0.2625 -0.0000 -0.9649
vn 0.4702 -0.0000 -0.8826
vn 0.3438 -0.0000 -0.9390
vn 0.4884 -0.0000 -0.8726
vn 0.6599 -0.0000 -0.7514
vn 0.7979 0.1165 -0.5915
vn 0.8024 -0.0000 -0.5968
vn 0.9001 -0.0000 -0.4357
vn 0.8943 0.1238 -0.4299
vn 0.9590 -0.0000 -0.2833
vn 0.9514 0.1306 -0.2789
vn 0.9918 -0.0000 -0.1274
vn 0.9982 -0.0000 0.0599
vn 0.9660 -0.0000 0.2586
vn 0.8992 -0.0000 0.4375
vn 0.8001 -0.0000 0.5998
vn 0.6804 -0.0000 0.7328
vn 0.5400 -0.0000 0.8417
vn 0.4051 -0.0000 0.9143
vn -0.1686 0.1314 0.9769
vn -0.1628 0.1724 0.9715
vn -0.6129 0.3546 -0.7061
vn -0.5661 0.2608 -0.7820
vn -0.4218 0.2011 -0.8841
vn -0.4840 0.3872 -0.7848
vn -0.4393 0.2842 -0.8522
vn 0.0233 0.9820 0.1877
vn 0.7494 -0.5381 -0.3858
vn 0.0732 0.9851 0.1557
vn -0.1773 0.8607 0.4773
vn -0.3884 -0.6708 0.6318
vn -0.6853 -0.0000 -0.7283
vn -0.6931 0.1279 -0.7094
vn -0.7092 0.1999 -0.6760
vn -0.7160 0.3478 -0.6052
vn -0.7127 0.2743 -0.6456
vn -0.6790 0.0289 0.7336
vn -0.2079 0.1412 0.9679
vn 0.0151 0.7988 0.6014
vn 0.7832 0.0533 0.6195
vn 0.8591 -0.0000 0.5117
vn 0.9875 -0.1113 -0.1114
vn 0.9976 -0.0579 0.0377
vn 0.9772 -0.1667 -0.1314
vn 0.9945 -0.1020 0.0251
vn 0.9874 -0.1557 0.0278
vn 0.9653 -0.2502 -0.0740
vn 0.9916 -0.1265 0.0276
vn 0.9739 -0.1949 -0.1161
vn 0.9577 -0.2628 -0.1177
vn 0.9995 -0.0269 -0.0172
vn 0.9514 0.2760 0.1369
vn 0.8515 0.4990 0.1609
vn 0.8537 0.2969 0.4278
vn 0.3099 0.6897 0.6544
vn 0.3123 0.5725 0.7581
vn 0.8185 0.2480 0.5182
vn 0.7902 0.1889 0.5831
vn 0.2775 0.4369 0.8556
vn 0.7402 0.1126 0.6630
vn 0.1794 0.2229 0.9582
vn 0.7570 0.1506 0.6358
vn 0.2196 0.3353 0.9162
vn 0.1646 0.0001 0.9864
vn 0.7133 -0.2244 -0.6639
vn 0.6447 -0.3512 -0.6790
vn 0.5896 -0.4523 -0.6692
vn 0.5277 -0.5903 -0.6108
vn -0.5456 0.5969 0.5882
vn -0.6068 0.4594 0.6487
vn -0.6611 0.3432 0.6672
vn -0.7288 0.2058 0.6530
vn 0.5232 -0.6508 -0.5502
vn 0.0752 0.8905 -0.4486
vn -0.4669 0.7068 0.5314
vn 0.7133 -0.2245 -0.6639
vn -0.0786 -0.2223 -0.9718
vn -0.0655 -0.0000 -0.9979
vn -0.1248 -0.3536 -0.9270
vn -0.1508 -0.4613 -0.8743
vn 0.5896 -0.4523 -0.6691
vn -0.1628 -0.5847 -0.7948
vn 0.5278 -0.5903 -0.6107
vn 0.5232 -0.6507 -0.5502
vn -0.1427 -0.6337 -0.7603
vn 0.0750 0.8905 -0.4487
vn -0.7215 0.1652 -0.6725
vn -0.9166 0.3958 0.0569
vn -0.9630 0.2659 0.0433
vn -0.6067 0.4594 0.6487
vn -0.9850 0.1717 0.0162
vn -0.7288 0.2057 0.6531
vn -0.9923 0.1237 0.0109
vn -0.9975 0.0701 0.0021
vn -0.2327 -0.3152 -0.9201
vn -0.1465 -0.3449 -0.9271
vn -0.2308 -0.4379 -0.8689
vn -0.1423 -0.4639 -0.8744
vn -0.5667 -0.7063 0.4242
vn -0.6922 -0.5984 0.4036
vn -0.6002 -0.7478 0.2836
vn -0.7234 -0.6287 0.2853
vn -0.6620 -0.6410 -0.3884
vn -0.6125 -0.7107 -0.3462
vn -0.4835 -0.6759 -0.5562
vn -0.4816 -0.7020 -0.5247
vn -0.7090 -0.6129 -0.3489
vn -0.7844 -0.5138 -0.3473
vn -0.6434 -0.5788 -0.5010
vn -0.6873 -0.4537 -0.5672
vn -0.1663 -0.7023 -0.6922
vn -0.1789 -0.7962 -0.5779
vn -0.2787 -0.6771 -0.6811
vn -0.3305 -0.7331 -0.5944
vn -0.4061 -0.6408 -0.6516
vn -0.5490 -0.5602 -0.6203
vn -0.3592 -0.5192 -0.7755
vn -0.5358 -0.4684 -0.7025
vn -0.6331 -0.7094 0.3097
vn -0.4198 -0.8446 0.3324
vn -0.5578 -0.7024 0.4421
vn -0.7193 -0.6862 0.1081
vn -0.6590 -0.7505 0.0490
vn -0.7586 -0.6512 0.0242
vn -0.6681 -0.7429 -0.0420
vn -0.3459 -0.6512 -0.6755
vn -0.1659 -0.7204 -0.6735
vn -0.7465 -0.6443 0.1661
vn -0.6336 -0.7562 0.1633
vn -0.7610 -0.6468 0.0509
vn -0.7620 -0.6453 -0.0540
vn -0.7667 -0.6296 -0.1261
vn -0.6661 -0.7273 -0.1652
vn -0.7497 -0.6344 -0.1884
vn -0.1452 -0.5819 -0.8002
vn -0.2390 -0.5573 -0.7952
vn -0.3836 -0.7913 0.4761
vn -0.6564 -0.7195 0.2269
vn -0.3354 -0.4103 -0.8480
vn -0.3141 -0.3006 -0.9006
vn -0.1258 -0.2208 -0.9672
vn -0.1461 -0.2625 -0.9538
vn -0.1910 -0.1810 -0.9648
vn -0.2344 -0.2271 -0.9452
vn -0.4083 -0.4203 -0.8103
vn -0.2322 -0.4591 -0.8575
vn -0.5024 -0.1590 -0.8499
vn -0.1993 -0.1070 -0.9741
vn -0.2559 -0.1355 -0.9572
vn -0.7376 -0.3410 -0.5828
vn -0.8368 -0.2194 -0.5017
vn -0.8757 -0.2974 -0.3805
vn -0.8401 -0.3416 -0.4213
vn -0.8882 -0.1674 -0.4278
vn -0.7990 -0.3148 -0.5123
vn -0.8844 -0.1555 -0.4400
vn -0.8661 -0.1252 -0.4839
vn -0.7673 -0.2830 -0.5754
vn -0.7445 -0.2211 -0.6300
vn -0.8502 -0.0939 -0.5181
vn -0.8298 -0.0680 -0.5539
vn -0.7218 -0.1552 -0.6744
vn -0.7030 -0.1031 -0.7037
vn -0.6122 -0.1132 -0.7826
vn -0.6296 -0.1709 -0.7579
vn -0.3163 -0.1354 -0.9389
vn -0.3036 -0.2188 -0.9274
vn -0.4195 -0.1166 -0.9002
vn -0.5249 -0.1140 -0.8435
vn -0.5374 -0.1829 -0.8232
vn -0.6634 -0.2415 -0.7082
vn -0.7091 -0.3108 -0.6329
vn -0.8200 -0.4305 -0.3772
vn -0.8947 -0.3577 -0.2676
vn -0.7595 -0.3734 -0.5326
vn -0.8865 -0.4091 -0.2161
vn 0.0034 -0.8391 -0.5440
vn 0.0650 -0.9263 -0.3711
vn 0.6427 0.3613 -0.6756
vn 0.7464 0.6148 -0.2547
vn 0.4051 0.1129 -0.9073
vn 0.2869 0.0837 -0.9543
vn 0.3546 0.2136 -0.9103
vn 0.6116 0.7573 0.2289
vn 0.7464 0.6149 -0.2546
vn 0.1138 -0.9934 0.0117
vn 0.0651 -0.9263 -0.3712
vn 0.7137 0.3362 -0.6145
vn 0.4508 0.0550 -0.8909
vn -0.0516 -0.2084 -0.9767
vn 0.0367 -0.2659 -0.9633
vn 0.8934 0.3715 -0.2525
vn 0.5461 0.7605 0.3514
vn 0.0734 -0.9851 0.1556
vn 0.7460 0.5794 0.3284
vn 0.8693 0.4826 -0.1070
vn 0.7142 0.6463 0.2689
vn 0.8172 0.5461 -0.1844
vn 0.8005 0.2438 -0.5475
vn 0.5291 -0.0714 -0.8456
vn 0.1214 -0.3897 -0.9129
vn -0.0409 0.2001 0.9789
vn -0.0074 0.1979 0.9802
vn 0.5021 0.5109 0.6978
vn 0.4555 0.4352 0.7767
vn 0.7752 0.4990 0.3874
vn 0.9213 0.3856 -0.0496
vn 0.8748 0.1263 -0.4677
vn 0.6205 -0.2100 -0.7555
vn 0.2201 -0.5322 -0.8175
vn 0.0324 0.1580 0.9869
vn 0.4665 0.3740 0.8015
vn 0.7997 0.4092 0.4394
vn 0.9619 0.2730 0.0137
vn 0.9262 0.0061 -0.3769
vn 0.6920 -0.3323 -0.6408
vn 0.3075 -0.6497 -0.6952
vn 0.0621 0.1110 0.9919
vn 0.4770 0.3072 0.8235
vn 0.8072 0.3242 0.4932
vn 0.9792 0.1731 0.1055
vn 0.9627 -0.1045 -0.2495
vn 0.7519 -0.4446 -0.4868
vn 0.3904 -0.7507 -0.5329
vn 0.1183 0.0210 0.9928
vn 0.4960 0.1938 0.8465
vn 0.8044 0.1995 0.5596
vn 0.9737 0.0479 0.2226
vn 0.9716 -0.2212 -0.0843
vn 0.7884 -0.5436 -0.2880
vn 0.4619 -0.8249 -0.3258
vn 0.4842 -0.6617 0.5724
vn 0.9020 -0.0741 -0.4254
vn 0.7205 -0.3943 -0.5704
vn 0.8836 0.1794 -0.4326
vn 0.9710 0.2283 -0.0701
vn 0.8413 0.5375 -0.0584
vn 0.3478 0.8459 0.4044
vn 0.9070 0.4184 0.0477
vn 0.4081 0.7536 0.5154
vn 0.9046 -0.2304 -0.3586
vn 0.4125 -0.7898 -0.4540
vn 0.3624 -0.7800 -0.5102
vn -0.2562 0.5715 0.7796
vn -0.1799 0.4844 0.8562
vn 0.4502 0.6565 0.6052
vn 0.9253 0.3405 0.1673
vn 0.9295 -0.2814 -0.2386
vn 0.4627 -0.8257 -0.3225
vn -0.1103 0.3834 0.9170
vn 0.4839 0.5505 0.6803
vn 0.9309 0.2487 0.2674
vn 0.9346 -0.3350 -0.1194
vn 0.4926 -0.8474 -0.1981
vn -0.0338 0.2716 0.9618
vn 0.5085 0.4274 0.7475
vn 0.9167 0.1456 0.3720
vn 0.9218 -0.3874 0.0143
vn 0.5153 -0.8551 -0.0568
vn 0.4093 -0.4936 0.7673
vn 0.0735 -0.9851 0.1556
vn 0.1138 -0.9934 0.0116
vn -0.9458 -0.2595 0.1951
vn -0.9555 -0.2943 -0.0183
vn -0.8871 -0.2782 0.3683
vn -0.9224 -0.3858 0.0196
vn -0.8358 -0.3427 -0.4290
vn -0.7835 -0.4418 -0.4370
vn -0.5324 -0.3070 -0.7889
vn -0.4755 -0.3874 -0.7898
vn -0.1418 -0.1466 -0.9790
vn -0.0517 -0.2084 -0.9767
vn -0.8293 -0.5025 0.2443
vn -0.7065 -0.2040 0.6777
vn -0.5788 -0.0440 0.8143
vn -0.8186 -0.3394 0.4633
vn -0.8644 -0.4956 0.0845
vn -0.7194 -0.5706 -0.3961
vn -0.3957 -0.4905 -0.7765
vn 0.0366 -0.2660 -0.9633
vn -0.5232 -0.1367 0.8412
vn -0.4729 -0.0345 0.8805
vn -0.7926 -0.5951 0.1327
vn -0.7455 -0.3831 0.5453
vn -0.6360 -0.6941 -0.3373
vn -0.3056 -0.6189 -0.7235
vn -0.4255 -0.1261 0.8961
vn -0.0075 0.1979 0.9802
vn -0.6720 -0.4410 0.5949
vn -0.7087 -0.6823 0.1793
vn -0.5428 -0.7979 -0.2623
vn -0.2079 -0.7472 -0.6312
vn 0.2200 -0.5323 -0.8175
vn -0.3633 -0.1722 0.9156
vn -0.5916 -0.5041 0.6292
vn -0.6135 -0.7547 0.2323
vn -0.4424 -0.8788 -0.1789
vn -0.1113 -0.8475 -0.5190
vn 0.3075 -0.6498 -0.6952
vn -0.3062 -0.2066 0.9293
vn 0.0620 0.1110 0.9919
vn -0.5115 -0.5382 0.6698
vn -0.5173 -0.7982 0.3088
vn -0.3391 -0.9386 -0.0641
vn -0.0127 -0.9279 -0.3727
vn 0.3903 -0.7508 -0.5329
vn -0.2119 -0.2686 0.9396
vn 0.1182 0.0209 0.9928
vn -0.3917 -0.5788 0.7152
vn -0.3878 -0.8294 0.4021
vn -0.2150 -0.9734 0.0792
vn 0.0911 -0.9781 -0.1869
vn 0.4618 -0.8250 -0.3258
vn 0.4843 -0.6618 0.5723
vn -0.8717 0.0236 0.4896
vn -0.9284 -0.0475 0.3685
vn -0.8537 -0.5090 0.1104
vn -0.9017 -0.4208 0.0996
vn -0.5993 -0.7785 -0.1868
vn -0.3331 -0.8562 -0.3948
vn -0.8204 0.0298 0.5710
vn -0.3885 0.6708 0.6317
vn -0.3241 0.6407 0.6961
vn -0.8080 -0.5677 0.1579
vn -0.3882 -0.8879 -0.2470
vn -0.1919 -0.8918 -0.4096
vn -0.7378 -0.0018 0.6751
vn -0.2562 0.5715 0.7795
vn -0.7248 -0.6354 0.2663
vn -0.2450 -0.9469 -0.2083
vn -0.6408 -0.0593 0.7654
vn -0.1799 0.4843 0.8562
vn -0.6268 -0.6819 0.3771
vn -0.1735 -0.9813 -0.0829
vn 0.4627 -0.8258 -0.3225
vn -0.5461 -0.1270 0.8281
vn -0.5314 -0.7107 0.4610
vn -0.1089 -0.9937 0.0246
vn 0.4926 -0.8474 -0.1982
vn -0.4349 -0.1936 0.8794
vn -0.0339 0.2716 0.9618
vn -0.4179 -0.7283 0.5431
vn -0.0358 -0.9893 0.1414
vn 0.5152 -0.8552 -0.0568
vn 0.3644 0.3974 0.8422
vn -0.5480 -0.2000 -0.8122
vn -0.1150 -0.0471 -0.9923
vn -0.8737 -0.2619 -0.4101
vn -0.9736 -0.2250 -0.0385
vn -0.9646 -0.1303 0.2295
vn -0.9670 -0.1804 0.1800
vn -0.3240 0.6407 0.6961
vn 0.2967 0.9029 0.3111
vn 0.8468 -0.4874 -0.2130
vn 0.8562 -0.5119 -0.0700
vn 0.7419 -0.6398 -0.2004
vn 0.7534 -0.6555 -0.0530
vn 0.8482 -0.5229 0.0843
vn 0.7469 -0.6579 0.0969
vn 0.9182 -0.3895 0.0717
vn 0.9209 -0.3780 -0.0952
vn 0.9031 -0.3546 -0.2420
vn 0.9615 -0.2496 -0.1150
vn 0.9346 -0.2359 -0.2663
vn 0.9645 -0.2562 0.0635
vn 0.9828 -0.1363 -0.1244
vn 0.9886 -0.1382 0.0603
vn 0.8923 -0.1252 0.4337
vn 0.8757 -0.2317 0.4236
vn 0.9575 -0.1338 0.2557
vn 0.9354 -0.2492 0.2511
vn 0.8244 -0.5123 0.2407
vn 0.7250 -0.6434 0.2457
vn 0.7855 -0.4828 0.3872
vn 0.6891 -0.6134 0.3858
vn 0.8421 -0.3549 0.4061
vn 0.8917 -0.3807 0.2447
vn 0.7203 -0.4373 0.5384
vn 0.6350 -0.5648 0.5271
vn 0.6124 -0.4032 0.6799
vn 0.5711 -0.5042 0.6478
vn 0.6433 -0.3012 0.7039
vn 0.7604 -0.3201 0.5651
vn 0.7827 -0.2112 0.5855
vn 0.6643 -0.2008 0.7200
vn 0.6758 -0.1113 0.7287
vn 0.7951 -0.1159 0.5953
vn 0.5348 -0.1140 0.8372
vn 0.4014 -0.1181 0.9082
vn 0.5224 -0.2083 0.8269
vn 0.3788 -0.2286 0.8968
vn 0.4626 -0.4306 0.7750
vn 0.4445 -0.5551 0.7030
vn 0.3185 -0.4657 0.8256
vn 0.3092 -0.5939 0.7428
vn 0.4954 -0.3171 0.8087
vn 0.3427 -0.3447 0.8739
vn 0.1825 -0.4918 0.8514
vn 0.1715 -0.6189 0.7665
vn 0.0174 -0.5080 0.8612
vn 0.0113 -0.6310 0.7757
vn 0.2150 -0.3790 0.9001
vn 0.0220 -0.4206 0.9070
vn 0.2716 -0.2503 0.9293
vn 0.1684 -0.3520 0.9207
vn 0.2310 -0.2527 0.9396
vn -0.2428 -0.2552 0.9359
vn -0.2596 -0.1240 0.9577
vn -0.3744 -0.2376 0.8963
vn -0.3959 -0.1189 0.9106
vn 0.0173 -0.5080 0.8612
vn -0.1644 -0.4973 0.8519
vn 0.0112 -0.6310 0.7757
vn -0.1560 -0.6227 0.7668
vn -0.3214 -0.4703 0.8219
vn -0.3163 -0.5959 0.7381
vn -0.3420 -0.3582 0.8688
vn -0.1913 -0.3854 0.9027
vn -0.4884 -0.4382 0.7547
vn -0.4768 -0.5540 0.6824
vn -0.6370 -0.4155 0.6493
vn -0.6017 -0.5050 0.6188
vn -0.6642 -0.3226 0.6744
vn -0.5179 -0.3347 0.7872
vn -0.5431 -0.2182 0.8108
vn -0.6872 -0.2129 0.6945
vn -0.5547 -0.1153 0.8240
vn -0.6998 -0.1135 0.7052
vn -0.8688 -0.2391 0.4336
vn -0.7891 -0.2226 0.5725
vn -0.8880 -0.1239 0.4429
vn -0.8038 -0.1171 0.5832
vn -0.7233 -0.4455 0.5276
vn -0.6518 -0.5555 0.5162
vn -0.7765 -0.4799 0.4084
vn -0.7614 -0.3399 0.5520
vn -0.8306 -0.3656 0.4201
vn -0.0033 -0.4747 -0.8801
vn -0.0051 -0.5988 -0.8009
vn 0.0008 -0.3567 -0.9342
vn 0.2881 -0.2018 -0.9361
vn 0.1454 -0.2513 -0.9569
vn 0.2091 -0.1818 -0.9608
vn 0.1305 -0.2259 -0.9654
vn 0.3321 -0.1122 -0.9366
vn 0.2534 -0.0918 -0.9630
vn 0.1443 -0.4662 -0.8728
vn 0.1480 -0.5959 -0.7893
vn 0.2894 -0.4413 -0.8494
vn 0.2926 -0.5731 -0.7655
vn 0.1451 -0.3301 -0.9327
vn 0.2843 -0.3011 -0.9102
vn 0.4370 -0.4062 -0.8026
vn 0.4322 -0.5417 -0.7210
vn 0.6012 -0.3892 -0.6979
vn 0.5662 -0.4958 -0.6585
vn 0.6286 -0.2923 -0.7207
vn 0.4465 -0.2831 -0.8489
vn 0.4534 -0.1966 -0.8694
vn 0.6459 -0.1981 -0.7373
vn 0.6556 -0.1110 -0.7469
vn 0.4738 -0.1143 -0.8732
vn 0.3954 -0.8791 -0.2663
vn 0.4163 -0.9058 -0.0784
vn 0.1825 -0.9345 -0.3056
vn 0.2064 -0.9739 -0.0941
vn 0.0244 -0.9485 -0.3158
vn 0.0332 -0.9955 -0.0891
vn 0.2026 -0.9723 0.1169
vn 0.0151 -0.9931 0.1160
vn 0.4173 -0.9021 0.1100
vn 0.5905 -0.7752 -0.2245
vn 0.6105 -0.7898 -0.0591
vn 0.6092 -0.7861 0.1045
vn 0.0150 -0.9931 0.1160
vn 0.1137 -0.9934 0.0116
vn -0.1743 -0.9172 0.3584
vn -0.1773 -0.8607 0.4772
vn 0.0133 -0.9540 0.2996
vn 0.0232 -0.9820 0.1875
vn -0.3389 -0.7089 0.6185
vn -0.5167 -0.6463 0.5615
vn 0.0072 -0.7486 0.6630
vn -0.1631 -0.7407 0.6518
vn 0.0122 -0.8625 0.5060
vn -0.1707 -0.8431 0.5100
vn 0.5879 -0.7647 0.2638
vn 0.4000 -0.8705 0.2867
vn 0.5477 -0.7250 0.4176
vn 0.3685 -0.8070 0.4614
vn 0.1940 -0.9344 0.2989
vn 0.0134 -0.9540 0.2996
vn 0.1856 -0.8523 0.4890
vn 0.3296 -0.7083 0.6243
vn 0.1740 -0.7371 0.6530
vn 0.0073 -0.7486 0.6630
vn 0.4884 -0.6573 0.5739
vn -0.0240 -0.8558 -0.5167
vn 0.0033 -0.8391 -0.5440
vn 0.0651 -0.9263 -0.3711
vn 0.1594 -0.8533 -0.4965
vn 0.3620 -0.8125 -0.4570
vn 0.5485 -0.7335 -0.4013
vn 0.7063 -0.6082 -0.3622
vn 0.8104 -0.4552 -0.3689
vn -0.0130 -0.7327 -0.6804
vn 0.1501 -0.7292 -0.6676
vn 0.3197 -0.6984 -0.6403
vn 0.4848 -0.6506 -0.5846
vn 0.6405 -0.5535 -0.5324
vn 0.7304 -0.4199 -0.5387
vn -0.7667 -0.6295 -0.1261
vn -0.6620 -0.6410 -0.3883
vn -0.1149 -0.0471 -0.9923
vn -0.1659 -0.7203 -0.6735
vn -0.3459 -0.6511 -0.6756
vn 0.7415 0.6550 -0.1457
vn 0.6003 0.6375 0.4829
vn 0.9711 0.2283 -0.0701
vn -0.1417 -0.1466 -0.9790
vn 0.7493 0.5382 -0.3859
vn -0.6332 -0.7093 0.3097
vn -0.7246 0.4099 0.5541
vn -0.5579 -0.7023 0.4422
vn -0.8600 0.2341 0.4534
vn -0.6564 -0.7194 0.2270
vn -0.1527 -0.2785 0.9482
vn -0.1201 -0.3372 0.9337
vn 0.0212 -0.3803 0.9246
vn 0.2359 -0.0345 0.9712
vn 0.2467 -0.1259 0.9609
vn 0.2917 -0.1209 0.9488
vn 0.4491 -0.2441 -0.8595
vn 0.0061 -0.2764 -0.9610
vn 0.0074 -0.2342 -0.9722
vn 0.1876 -0.5044 -0.8429
vn -0.1653 -0.0800 0.9830
vn -0.9579 -0.1627 0.2365
vn 0.7700 -0.3063 -0.5597
vn 0.7889 -0.2059 -0.5790
vn 0.8578 -0.3295 -0.3944
vn 0.8817 -0.2207 -0.4170
vn 0.0219 -0.4205 0.9070
vn 0.0211 -0.3803 0.9246
vn 0.7979 -0.1164 -0.5914
vn 0.8943 -0.1238 -0.4299
vn 0.9514 -0.1306 -0.2789
vn -0.1686 -0.1314 0.9769
vn -0.1628 -0.1724 0.9715
vn -0.5661 -0.2608 -0.7820
vn -0.6130 -0.3546 -0.7061
vn -0.4218 -0.2011 -0.8841
vn -0.4393 -0.2842 -0.8522
vn -0.4839 -0.3870 -0.7849
vn -0.1773 -0.8606 0.4773
vn -0.6931 -0.1279 -0.7094
vn -0.7093 -0.1999 -0.6760
vn -0.7160 -0.3479 -0.6052
vn -0.7126 -0.2743 -0.6457
vn -0.6790 -0.0288 0.7336
vn 0.0214 -0.6709 0.7412
vn 0.6253 -0.3254 0.7093
vn 0.7832 -0.0534 0.6195
vn 0.7421 0.2351 0.6277
vn -0.9257 -0.2323 -0.2987
vn -0.9476 -0.2464 -0.2031
vn -0.9250 -0.1479 -0.3500
vn -0.9615 -0.1376 -0.2379
vn -0.9176 -0.1148 -0.3807
vn -0.9623 -0.0938 -0.2552
vn -0.9116 -0.0850 -0.4023
vn -0.9601 -0.0790 -0.2682
vn -0.9091 -0.0000 -0.4166
vn -0.9576 -0.0000 -0.2882
vn -0.9601 0.0790 -0.2682
vn -0.9623 0.0938 -0.2552
vn -0.9615 0.1376 -0.2379
vn -0.9476 0.2464 -0.2032
vn -0.8865 0.4091 -0.2161
vn -0.8323 -0.0954 -0.5461
vn -0.8429 -0.1392 -0.5197
vn -0.8532 -0.1851 -0.4877
vn -0.8611 -0.2526 -0.4412
vn -0.7235 0.6286 0.2853
vn -0.8137 0.5036 0.2903
vn -0.8390 0.5182 0.1661
vn -0.8754 0.3819 0.2964
vn -0.9043 0.3917 0.1696
vn -0.9187 0.2522 0.3040
vn -0.9501 0.2605 0.1715
vn -0.9756 0.1345 0.1734
vn -0.9414 0.1302 0.3112
vn -0.9644 0.2602 -0.0475
vn -0.9891 0.1332 -0.0633
vn -0.9638 0.2613 0.0532
vn -0.9893 0.1348 0.0564
vn -0.7610 0.6467 0.0509
vn -0.8493 0.5250 0.0546
vn -0.8448 0.5323 -0.0551
vn -0.9493 -0.0000 0.3143
vn -0.9845 -0.0000 0.1753
vn -0.9983 -0.0000 0.0580
vn -0.9893 0.1348 0.0565
vn -0.9975 -0.0000 -0.0710
vn -0.9776 0.1277 -0.1671
vn -0.9861 -0.0000 -0.1663
vn -0.9175 0.3940 0.0549
vn -0.9148 0.4010 -0.0486
vn -0.7845 0.5138 -0.3473
vn -0.8286 0.5272 -0.1885
vn -0.7090 0.6129 -0.3488
vn -0.7497 0.6343 -0.1884
vn -0.9000 0.4080 -0.1536
vn -0.9579 0.2560 -0.1299
vn -0.9175 0.3940 0.0550
vn -0.8493 0.5250 0.0545
vn -0.7765 0.4799 0.4083
vn -0.6922 0.5984 0.4036
vn -0.8306 0.3656 0.4200
vn -0.8880 0.1239 0.4428
vn -0.9476 0.2464 -0.2031
vn -0.9601 0.0791 -0.2682
vn -0.9576 -0.0000 -0.2881
vn -0.7765 -0.4799 0.4083
vn -0.8137 -0.5036 0.2903
vn -0.7235 -0.6286 0.2853
vn -0.8390 -0.5182 0.1661
vn -0.8754 -0.3819 0.2964
vn -0.9044 -0.3916 0.1695
vn -0.8306 -0.3656 0.4200
vn -0.9187 -0.2522 0.3040
vn -0.9501 -0.2605 0.1715
vn -0.9756 -0.1345 0.1734
vn -0.9414 -0.1302 0.3112
vn -0.9644 -0.2603 -0.0475
vn -0.9638 -0.2613 0.0532
vn -0.9891 -0.1332 -0.0633
vn -0.9893 -0.1348 0.0564
vn -0.8448 -0.5323 -0.0551
vn -0.8493 -0.5250 0.0546
vn -0.7610 -0.6467 0.0509
vn -0.8880 -0.1239 0.4428
vn -0.9893 -0.1348 0.0565
vn -0.9776 -0.1277 -0.1671
vn -0.9148 -0.4010 -0.0486
vn -0.9175 -0.3940 0.0549
vn -0.7497 -0.6343 -0.1884
vn -0.8286 -0.5272 -0.1885
vn -0.7090 -0.6129 -0.3488
vn -0.7845 -0.5138 -0.3473
vn -0.9000 -0.4080 -0.1536
vn -0.9579 -0.2560 -0.1299
vn -0.9175 -0.3940 0.0550
vn -0.8493 -0.5250 0.0545
vn -0.9601 -0.0791 -0.2682
vn 0.9923 0.0877 -0.0873
vn 0.9966 0.0697 0.0448
vn 0.9119 -0.2172 -0.3481
vn 0.6655 -0.7436 -0.0645
vn 0.6603 -0.6325 0.4049
vn 0.6725 -0.4322 0.6008
vn 0.7103 -0.2787 0.6464
vn 0.5848 -0.6175 -0.5261
vn 0.8843 -0.1039 -0.4553
vn 0.9992 -0.0255 -0.0309
vn 0.9990 -0.0110 0.0423
vn 0.9934 0.0435 0.1060
vn 0.9902 0.0223 0.1375
vn 0.7380 -0.1293 0.6623
vn 0.7308 -0.1056 0.6744
vn -0.1364 -0.0491 0.9894
vn 0.6258 -0.1518 0.7651
vn -0.2702 -0.0290 0.9624
vn 0.6340 -0.1102 0.7654
vn 0.9819 -0.0461 -0.1835
vn 0.9979 -0.0000 0.0645
vn 0.9892 -0.0000 0.1463
vn 0.7313 -0.0000 0.6820
vn -0.3080 -0.0000 0.9514
vn 0.6344 -0.0000 0.7730
vn -0.7122 0.0907 0.6961
vn -0.9145 0.0867 0.3952
vn -0.7232 -0.0000 0.6906
vn -0.9179 -0.0000 0.3969
vn -0.6746 0.1956 0.7118
vn -0.9034 0.1644 0.3960
vn 0.1212 -0.2482 0.9611
vn 0.3297 -0.5187 0.7888
vn 0.5862 -0.3224 0.7432
vn 0.5182 -0.5514 0.6538
vn 0.4857 -0.8714 0.0685
vn 0.5427 -0.6756 0.4990
vn 0.3039 -0.8886 0.3437
vn -0.5349 0.5403 0.6497
vn -0.8041 0.4514 0.3869
vn -0.5920 0.3691 0.7165
vn -0.8697 0.2974 0.3938
vn 0.3749 -0.8743 -0.3082
vn 0.2303 -0.9358 -0.2669
vn -0.1483 -0.0558 0.9874
vn -0.0434 -0.0326 0.9985
vn -0.9139 -0.2141 0.3450
vn -0.9213 -0.1223 0.3691
vn -0.9727 -0.1921 -0.1301
vn -0.9827 -0.1210 -0.1404
vn -0.9234 -0.0000 0.3840
vn -0.9906 -0.0000 -0.1368
vn 0.0112 -0.0000 0.9999
vn -0.9306 -0.3459 -0.1198
vn -0.8255 -0.5472 -0.1381
vn -0.8756 -0.3723 0.3076
vn -0.7947 -0.5603 0.2335
vn -0.3609 -0.1982 0.9113
vn -0.5505 -0.4276 0.7170
vn -0.6009 -0.7840 0.1558
vn -0.4930 -0.6317 0.5983
vn -0.6111 -0.7599 -0.2216
vn -0.0155 0.2245 0.9744
vn 0.0057 0.0993 0.9950
vn 0.3664 0.2142 0.9055
vn 0.4047 0.0945 0.9096
vn 0.0158 -0.0000 0.9999
vn 0.4176 -0.0000 0.9086
vn -0.3209 -0.9354 0.1484
vn -0.3289 -0.8908 -0.3136
vn -0.3307 -0.7250 0.6042
vn -0.0161 0.5607 0.8279
vn -0.0394 0.3897 0.9201
vn 0.2988 0.5115 0.8057
vn 0.2997 0.3529 0.8864
vn -0.5245 -0.6632 -0.5339
vn -0.3908 -0.5236 -0.7570
vn -0.2550 -0.7461 -0.6151
vn -0.1894 -0.5593 -0.8070
vn -0.1909 -0.3305 -0.9243
vn -0.4726 -0.3501 -0.8087
vn -0.2214 -0.2012 -0.9542
vn -0.5037 -0.2234 -0.8345
vn -0.2396 -0.0847 -0.9672
vn -0.5192 -0.0986 -0.8489
vn -0.2398 -0.0000 -0.9708
vn -0.5222 -0.0000 -0.8528
vn -0.2375 -0.1268 -0.9631
vn -0.5123 -0.1407 -0.8472
vn -0.7253 -0.4689 -0.5041
vn -0.7989 -0.2891 -0.5274
vn -0.8233 -0.1632 -0.5436
vn -0.8363 -0.1089 -0.5373
vn -0.8456 -0.0000 -0.5339
vn 0.3631 -0.4674 -0.8060
vn 0.4184 -0.2787 -0.8644
vn 0.4954 -0.5596 -0.6643
vn 0.6970 -0.2274 -0.6800
vn 0.7887 -0.1550 -0.5949
vn 0.4470 -0.1909 -0.8739
vn 0.4651 -0.1123 -0.8781
vn 0.4755 -0.0537 -0.8781
vn 0.8535 -0.0896 -0.5134
vn 0.8883 -0.0381 -0.4577
vn 0.8991 -0.0000 -0.4378
vn 0.4780 -0.0000 -0.8784
vn 0.1463 -0.7514 -0.6434
vn 0.2871 -0.7311 -0.6189
vn 0.2012 -0.5271 -0.8256
vn 0.1005 -0.5353 -0.8387
vn -0.3402 -0.0000 0.9403
vn -0.3334 0.0998 0.9375
vn -0.3148 0.2277 0.9214
vn -0.0189 -0.9477 -0.3187
vn -0.0030 -0.9797 0.2004
vn -0.0967 -0.7575 0.6456
vn 0.2054 -0.6991 0.6849
vn -0.2645 0.5608 0.7845
vn -0.2860 0.3990 0.8712
vn -0.0372 -0.7552 -0.6545
vn -0.0231 -0.5459 -0.8375
vn 0.2182 -0.2033 -0.9545
vn 0.1854 -0.3171 -0.9301
vn 0.0914 -0.2166 -0.9720
vn 0.0916 -0.3471 -0.9334
vn 0.2395 -0.0000 -0.9709
vn 0.2373 -0.0534 -0.9700
vn 0.1114 -0.0000 -0.9938
vn 0.1056 -0.0609 -0.9925
vn 0.2333 -0.1101 -0.9662
vn 0.0952 -0.1181 -0.9884
vn -0.0252 -0.3463 -0.9378
vn -0.0406 -0.2100 -0.9768
vn -0.0482 -0.1254 -0.9909
vn -0.0456 -0.0740 -0.9962
vn -0.0416 -0.0000 -0.9991
vn -0.2701 -0.0290 0.9624
vn -0.1364 -0.0490 0.9894
vn 0.2054 -0.6990 0.6849
vn 0.1212 -0.2481 0.9611
vn 0.6695 0.1977 0.7160
vn 0.7031 0.0857 0.7059
vn -0.1483 -0.0559 0.9874
vn 0.7128 -0.0000 0.7014
vn 0.0111 -0.0000 0.9999
vn -0.4929 -0.6317 0.5984
vn -0.3307 -0.7249 0.6042
vn 0.5847 0.3940 0.7092
vn 0.6236 0.3025 0.7208
vn -0.3609 -0.1981 0.9113
vn -0.0161 0.5607 0.8278
vn -0.0967 -0.7575 0.6457
vn -0.3307 -0.7249 0.6043
vn 0.9923 -0.0877 -0.0872
vn 0.9966 -0.0697 0.0448
vn 0.6655 0.7436 -0.0643
vn 0.9119 0.2172 -0.3481
vn 0.6605 0.6325 0.4046
vn 0.6725 0.4321 0.6009
vn 0.7103 0.2787 0.6464
vn 0.5847 0.6175 -0.5261
vn 0.8842 0.1039 -0.4553
vn 0.9992 0.0255 -0.0309
vn 0.9934 -0.0436 0.1060
vn 0.9990 0.0110 0.0423
vn 0.9902 -0.0223 0.1375
vn 0.7308 0.1056 0.6744
vn 0.7380 0.1293 0.6623
vn 0.6340 0.1102 0.7654
vn 0.6258 0.1518 0.7651
vn -0.2702 0.0290 0.9624
vn -0.1364 0.0491 0.9894
vn 0.9819 0.0461 -0.1835
vn -0.7122 -0.0907 0.6961
vn -0.9145 -0.0867 0.3952
vn -0.6746 -0.1956 0.7118
vn -0.9034 -0.1647 0.3959
vn 0.1212 0.2482 0.9611
vn 0.5862 0.3224 0.7432
vn 0.3297 0.5187 0.7888
vn 0.5183 0.5515 0.6536
vn 0.4858 0.8714 0.0685
vn 0.5427 0.6756 0.4990
vn 0.3039 0.8886 0.3437
vn -0.8697 -0.2974 0.3938
vn -0.8041 -0.4514 0.3869
vn -0.5920 -0.3691 0.7165
vn -0.5348 -0.5403 0.6497
vn 0.3749 0.8743 -0.3082
vn 0.2303 0.9358 -0.2669
vn -0.1483 0.0558 0.9874
vn -0.9139 0.2141 0.3450
vn -0.0434 0.0325 0.9985
vn -0.9213 0.1223 0.3691
vn -0.9727 0.1921 -0.1301
vn -0.9827 0.1210 -0.1404
vn -0.9906 -0.0000 -0.1367
vn -0.9306 0.3459 -0.1198
vn -0.8756 0.3723 0.3076
vn -0.8255 0.5472 -0.1381
vn -0.7947 0.5603 0.2335
vn -0.3609 0.1981 0.9113
vn -0.5505 0.4276 0.7170
vn -0.6009 0.7840 0.1558
vn -0.4930 0.6317 0.5983
vn -0.6111 0.7599 -0.2216
vn -0.0155 -0.2245 0.9744
vn 0.3664 -0.2142 0.9055
vn 0.0057 -0.0993 0.9950
vn 0.4047 -0.0945 0.9096
vn -0.3214 0.9352 0.1484
vn -0.3289 0.8908 -0.3136
vn -0.3307 0.7250 0.6042
vn -0.0161 -0.5607 0.8279
vn 0.2988 -0.5115 0.8057
vn -0.0394 -0.3897 0.9201
vn 0.2997 -0.3529 0.8864
vn -0.1894 0.5593 -0.8070
vn -0.3908 0.5236 -0.7570
vn -0.2550 0.7460 -0.6151
vn -0.5245 0.6632 -0.5339
vn -0.1909 0.3305 -0.9243
vn -0.2214 0.2012 -0.9542
vn -0.4726 0.3501 -0.8087
vn -0.5037 0.2234 -0.8345
vn -0.2396 0.0847 -0.9672
vn -0.5192 0.0986 -0.8489
vn -0.2375 0.1268 -0.9631
vn -0.5123 0.1407 -0.8472
vn -0.7253 0.4689 -0.5041
vn -0.7990 0.2891 -0.5273
vn -0.8233 0.1632 -0.5436
vn -0.8363 0.1089 -0.5373
vn 0.3631 0.4674 -0.8060
vn 0.4957 0.5595 -0.6643
vn 0.4184 0.2787 -0.8644
vn 0.6970 0.2274 -0.6800
vn 0.7887 0.1550 -0.5949
vn 0.4470 0.1909 -0.8739
vn 0.4651 0.1123 -0.8781
vn 0.8535 0.0896 -0.5134
vn 0.4755 0.0537 -0.8781
vn 0.8883 0.0381 -0.4577
vn 0.2871 0.7311 -0.6189
vn 0.1463 0.7514 -0.6434
vn 0.2012 0.5271 -0.8256
vn 0.1005 0.5353 -0.8386
vn -0.3334 -0.0998 0.9375
vn -0.3148 -0.2277 0.9214
vn -0.0189 0.9477 -0.3187
vn -0.0030 0.9797 0.2004
vn -0.0967 0.7575 0.6456
vn 0.2054 0.6991 0.6849
vn -0.2645 -0.5608 0.7845
vn -0.2860 -0.3990 0.8712
vn -0.0372 0.7552 -0.6545
vn -0.0231 0.5460 -0.8375
vn 0.2182 0.2033 -0.9545
vn 0.0914 0.2166 -0.9720
vn 0.1854 0.3171 -0.9301
vn 0.0916 0.3471 -0.9334
vn 0.1056 0.0609 -0.9925
vn 0.2373 0.0534 -0.9700
vn 0.0952 0.1181 -0.9884
vn 0.2333 0.1101 -0.9662
vn -0.0252 0.3463 -0.9378
vn -0.0406 0.2100 -0.9768
vn -0.0483 0.1254 -0.9909
vn -0.0456 0.0740 -0.9962
vn -0.2701 0.0290 0.9624
vn -0.0434 0.0326 0.9985
vn 0.7031 -0.0857 0.7059
vn 0.6695 -0.1977 0.7160
vn -0.4929 0.6316 0.5984
vn -0.3307 0.7249 0.6042
vn 0.5847 -0.3940 0.7092
vn 0.6236 -0.3025 0.7208
vn -0.3307 0.7249 0.6043
vn -0.0968 0.7575 0.6457
vt 0.291777 0.982558
vt 0.291787 0.985402
vt 0.290015 0.985874
vt 0.290015 0.987077
vt 0.291669 0.988281
vt 0.289973 0.988281
vt 0.381812 0.988281
vt 0.379772 0.988281
vt 0.381823 0.987120
vt 0.379746 0.985181
vt 0.381882 0.986035
vt 0.380028 0.982577
vt 0.382033 0.984997
vt 0.380461 0.980593
vt 0.291440 0.980593
vt 0.289869 0.984997
vt 0.294188 0.978761
vt 0.294253 0.983651
vt 0.294145 0.988281
vt 0.377067 0.988281
vt 0.377144 0.983091
vt 0.377374 0.978345
vt 0.378156 0.975839
vt 0.293745 0.975839
vt 0.298536 0.973864
vt 0.298776 0.981207
vt 0.298730 0.988281
vt 0.371823 0.988281
vt 0.372108 0.979539
vt 0.372484 0.971710
vt 0.373789 0.968674
vt 0.298112 0.968674
vt 0.311870 0.963899
vt 0.325290 0.957944
vt 0.315056 0.975639
vt 0.331397 0.972200
vt 0.315307 0.988281
vt 0.332031 0.988281
vt 0.365846 0.988281
vt 0.359375 0.988281
vt 0.366096 0.976083
vt 0.359378 0.974520
vt 0.365609 0.965105
vt 0.358636 0.962048
vt 0.364172 0.959391
vt 0.354783 0.954604
vt 0.307729 0.959391
vt 0.317118 0.954604
vt 0.289062 0.988281
vt 0.382812 0.988281
vt 0.709985 0.987077
vt 0.708213 0.985402
vt 0.709985 0.985874
vt 0.708223 0.982558
vt 0.710027 0.988281
vt 0.708331 0.988281
vt 0.618188 0.988281
vt 0.618177 0.987120
vt 0.620228 0.988281
vt 0.620254 0.985181
vt 0.618119 0.986035
vt 0.619972 0.982577
vt 0.617968 0.984997
vt 0.619539 0.980593
vt 0.710132 0.984997
vt 0.708561 0.980593
vt 0.705747 0.983651
vt 0.705812 0.978761
vt 0.705855 0.988281
vt 0.622933 0.988281
vt 0.622856 0.983091
vt 0.622626 0.978345
vt 0.621871 0.975839
vt 0.706255 0.975839
vt 0.701224 0.981207
vt 0.701464 0.973864
vt 0.701270 0.988281
vt 0.628177 0.988281
vt 0.627892 0.979539
vt 0.627516 0.971710
vt 0.626211 0.968674
vt 0.701888 0.968674
vt 0.688130 0.963899
vt 0.684944 0.975639
vt 0.674710 0.957944
vt 0.668603 0.972200
vt 0.684693 0.988281
vt 0.667969 0.988281
vt 0.634154 0.988281
vt 0.633904 0.976083
vt 0.640625 0.988281
vt 0.640622 0.974520
vt 0.634390 0.965105
vt 0.641364 0.962048
vt 0.635828 0.959391
vt 0.645217 0.954604
vt 0.692271 0.959391
vt 0.682882 0.954604
vt 0.710938 0.988281
vt 0.617188 0.988281
vt 0.489495 0.748924
vt 0.492106 0.745887
vt 0.495289 0.748814
vt 0.495749 0.744977
vt 0.494491 0.753239
vt 0.489344 0.752123
vt 0.494957 0.751229
vt 0.488446 0.750991
vt 0.482784 0.755021
vt 0.486592 0.752508
vt 0.492129 0.760431
vt 0.493787 0.755407
vt 0.484670 0.742176
vt 0.492115 0.736395
vt 0.488324 0.745220
vt 0.494314 0.741363
vt 0.481364 0.748572
vt 0.485311 0.749439
vt 0.485110 0.751633
vt 0.481150 0.751867
vt 0.500000 0.755557
vt 0.500000 0.761719
vt 0.500000 0.750968
vt 0.500000 0.753215
vt 0.500000 0.748691
vt 0.500000 0.744628
vt 0.500000 0.734249
vt 0.500000 0.739803
vt 0.504251 0.744977
vt 0.507894 0.745887
vt 0.504710 0.748814
vt 0.510505 0.748924
vt 0.505509 0.753239
vt 0.505043 0.751229
vt 0.510656 0.752123
vt 0.511554 0.750991
vt 0.506213 0.755407
vt 0.513408 0.752508
vt 0.507871 0.760431
vt 0.517216 0.755021
vt 0.505686 0.741363
vt 0.507885 0.736395
vt 0.511676 0.745220
vt 0.515329 0.742176
vt 0.514689 0.749439
vt 0.518636 0.748572
vt 0.514890 0.751633
vt 0.518850 0.751867
vt 0.469415 0.264789
vt 0.470046 0.257147
vt 0.477242 0.262861
vt 0.476232 0.256567
vt 0.446622 0.237100
vt 0.447544 0.246600
vt 0.439810 0.239734
vt 0.443066 0.246939
vt 0.462922 0.226022
vt 0.464525 0.235503
vt 0.453151 0.227056
vt 0.455328 0.237588
vt 0.465351 0.257560
vt 0.463915 0.262225
vt 0.469547 0.176764
vt 0.479825 0.176876
vt 0.469903 0.188259
vt 0.480464 0.188604
vt 0.458520 0.165267
vt 0.468512 0.165515
vt 0.459485 0.176315
vt 0.459492 0.187334
vt 0.470138 0.198169
vt 0.480660 0.198512
vt 0.470475 0.208518
vt 0.480815 0.208750
vt 0.459724 0.197768
vt 0.460762 0.208468
vt 0.366668 0.196738
vt 0.366542 0.207312
vt 0.355415 0.197015
vt 0.355359 0.207300
vt 0.349447 0.126437
vt 0.358358 0.128153
vt 0.348535 0.141466
vt 0.362213 0.143550
vt 0.397745 0.196773
vt 0.408384 0.197313
vt 0.396635 0.209165
vt 0.406605 0.210900
vt 0.471612 0.225639
vt 0.472453 0.234470
vt 0.470879 0.217102
vt 0.481005 0.225564
vt 0.480850 0.217144
vt 0.461611 0.217256
vt 0.354905 0.224375
vt 0.355166 0.215794
vt 0.365111 0.224717
vt 0.366136 0.216224
vt 0.399676 0.231320
vt 0.396096 0.239734
vt 0.391852 0.228577
vt 0.389265 0.237272
vt 0.394591 0.218993
vt 0.403396 0.221451
vt 0.393378 0.164356
vt 0.402369 0.161538
vt 0.395750 0.172885
vt 0.405896 0.170685
vt 0.397571 0.184418
vt 0.408175 0.183536
vt 0.399031 0.154909
vt 0.390330 0.158284
vt 0.456408 0.157868
vt 0.465945 0.155595
vt 0.354400 0.232718
vt 0.364139 0.233338
vt 0.473915 0.140589
vt 0.477548 0.128153
vt 0.487518 0.138615
vt 0.486459 0.126437
vt 0.449981 0.152428
vt 0.450710 0.147597
vt 0.463345 0.148025
vt 0.461056 0.143937
vt 0.484223 0.262054
vt 0.483640 0.256173
vt 0.347229 0.154908
vt 0.360006 0.155158
vt 0.345764 0.177805
vt 0.346418 0.167319
vt 0.356630 0.177177
vt 0.357954 0.166287
vt 0.376657 0.269491
vt 0.368136 0.263061
vt 0.374551 0.264291
vt 0.372378 0.260770
vt 0.378110 0.267853
vt 0.371357 0.243219
vt 0.374000 0.234851
vt 0.375607 0.245464
vt 0.381511 0.237304
vt 0.392840 0.246940
vt 0.387544 0.245934
vt 0.382901 0.246571
vt 0.359556 0.261088
vt 0.367691 0.256301
vt 0.360440 0.254850
vt 0.471788 0.129025
vt 0.470003 0.137057
vt 0.365089 0.137418
vt 0.364118 0.129025
vt 0.371830 0.148468
vt 0.373812 0.144066
vt 0.383435 0.152521
vt 0.384377 0.147774
vt 0.396148 0.150156
vt 0.393907 0.146727
vt 0.439759 0.150156
vt 0.441999 0.146727
vt 0.477526 0.266748
vt 0.484434 0.266008
vt 0.469529 0.268570
vt 0.461208 0.271951
vt 0.459250 0.269491
vt 0.374698 0.271951
vt 0.367105 0.266673
vt 0.359227 0.264264
vt 0.351111 0.260194
vt 0.351032 0.263093
vt 0.366908 0.186761
vt 0.355939 0.186878
vt 0.461213 0.265496
vt 0.457796 0.267853
vt 0.371269 0.256463
vt 0.481406 0.234119
vt 0.482219 0.242969
vt 0.473924 0.243391
vt 0.433537 0.161538
vt 0.436875 0.154909
vt 0.442736 0.164225
vt 0.445547 0.158033
vt 0.430011 0.170685
vt 0.439994 0.173457
vt 0.427731 0.183536
vt 0.438275 0.184968
vt 0.427522 0.197313
vt 0.438119 0.197157
vt 0.429301 0.210900
vt 0.439482 0.209373
vt 0.432510 0.221451
vt 0.441653 0.219112
vt 0.436230 0.231320
vt 0.444410 0.228579
vt 0.450221 0.165198
vt 0.449793 0.175174
vt 0.449039 0.186229
vt 0.448999 0.197405
vt 0.450204 0.208719
vt 0.451512 0.217928
vt 0.450961 0.158845
vt 0.384122 0.160004
vt 0.384712 0.165650
vt 0.385887 0.174622
vt 0.387240 0.185275
vt 0.387950 0.196607
vt 0.387441 0.208263
vt 0.386236 0.217789
vt 0.384496 0.227067
vt 0.377225 0.175802
vt 0.377273 0.165853
vt 0.377676 0.186024
vt 0.377944 0.196623
vt 0.377780 0.207715
vt 0.376909 0.216830
vt 0.375553 0.225801
vt 0.369797 0.156511
vt 0.367506 0.176317
vt 0.368389 0.165905
vt 0.500000 0.261542
vt 0.500000 0.265519
vt 0.491922 0.261816
vt 0.491879 0.265701
vt 0.491711 0.255979
vt 0.500000 0.255889
vt 0.500000 0.242524
vt 0.500000 0.250053
vt 0.490934 0.242819
vt 0.491420 0.250277
vt 0.500000 0.233855
vt 0.490487 0.234121
vt 0.500000 0.225505
vt 0.490533 0.225644
vt 0.490454 0.217285
vt 0.500000 0.217194
vt 0.500000 0.208883
vt 0.490556 0.208905
vt 0.500000 0.198680
vt 0.490576 0.198726
vt 0.490448 0.188738
vt 0.500000 0.188727
vt 0.500000 0.177083
vt 0.490221 0.177050
vt 0.489641 0.165193
vt 0.500000 0.165553
vt 0.500000 0.150278
vt 0.488518 0.150620
vt 0.500000 0.138258
vt 0.500000 0.125000
vt 0.335938 0.125000
vt 0.335938 0.140700
vt 0.335938 0.154319
vt 0.335938 0.177847
vt 0.335938 0.167557
vt 0.335938 0.187192
vt 0.345322 0.187053
vt 0.335938 0.196922
vt 0.345279 0.196940
vt 0.345215 0.207083
vt 0.335938 0.206893
vt 0.335938 0.214976
vt 0.345001 0.215302
vt 0.344938 0.223712
vt 0.335938 0.223384
vt 0.344757 0.232051
vt 0.335938 0.231766
vt 0.343535 0.253670
vt 0.335938 0.253588
vt 0.343790 0.247862
vt 0.335938 0.247652
vt 0.343364 0.260079
vt 0.335938 0.260271
vt 0.335938 0.263372
vt 0.343797 0.262919
vt 0.483080 0.250464
vt 0.344246 0.240659
vt 0.353351 0.241233
vt 0.351698 0.253992
vt 0.352366 0.248324
vt 0.362732 0.241968
vt 0.451710 0.247974
vt 0.335938 0.240409
vt 0.361260 0.249160
vt 0.368808 0.250483
vt 0.372266 0.251265
vt 0.466888 0.244239
vt 0.460879 0.246296
vt 0.468776 0.250990
vt 0.475186 0.250556
vt 0.464136 0.251861
vt 0.458354 0.263306
vt 0.460011 0.260901
vt 0.455851 0.265510
vt 0.377380 0.262521
vt 0.380055 0.265510
vt 0.375568 0.259457
vt 0.374889 0.256061
vt 0.375853 0.252168
vt 0.378752 0.248903
vt 0.455967 0.250509
vt 0.459129 0.253971
vt 0.460433 0.257772
vt 0.379016 0.158204
vt 0.475379 0.152823
vt 0.478117 0.165098
vt 0.523768 0.256567
vt 0.529954 0.257147
vt 0.522758 0.262861
vt 0.530585 0.264789
vt 0.553378 0.237100
vt 0.560190 0.239734
vt 0.552456 0.246600
vt 0.556934 0.246939
vt 0.544672 0.237588
vt 0.535475 0.235503
vt 0.546849 0.227056
vt 0.537078 0.226022
vt 0.536085 0.262225
vt 0.534649 0.257561
vt 0.519536 0.188604
vt 0.520175 0.176876
vt 0.530097 0.188259
vt 0.530453 0.176764
vt 0.531488 0.165515
vt 0.540515 0.176315
vt 0.541480 0.165267
vt 0.540508 0.187334
vt 0.519185 0.208750
vt 0.519340 0.198512
vt 0.529525 0.208518
vt 0.529862 0.198169
vt 0.540276 0.197768
vt 0.539238 0.208468
vt 0.644640 0.207300
vt 0.633458 0.207312
vt 0.644585 0.197015
vt 0.633332 0.196738
vt 0.650553 0.126437
vt 0.651465 0.141466
vt 0.641642 0.128153
vt 0.637786 0.143550
vt 0.602255 0.196773
vt 0.603365 0.209165
vt 0.591616 0.197313
vt 0.593395 0.210900
vt 0.528388 0.225639
vt 0.527547 0.234470
vt 0.519149 0.217144
vt 0.529121 0.217102
vt 0.518995 0.225564
vt 0.538389 0.217256
vt 0.633863 0.216224
vt 0.644834 0.215794
vt 0.634889 0.224717
vt 0.645095 0.224375
vt 0.600324 0.231320
vt 0.608148 0.228577
vt 0.603904 0.239734
vt 0.610735 0.237272
vt 0.596604 0.221451
vt 0.605409 0.218993
vt 0.606622 0.164356
vt 0.604250 0.172885
vt 0.597631 0.161538
vt 0.594105 0.170685
vt 0.602429 0.184418
vt 0.591825 0.183536
vt 0.609670 0.158284
vt 0.600969 0.154909
vt 0.534055 0.155595
vt 0.543592 0.157868
vt 0.635861 0.233338
vt 0.645600 0.232718
vt 0.526085 0.140589
vt 0.512482 0.138615
vt 0.522452 0.128153
vt 0.513541 0.126437
vt 0.538944 0.143937
vt 0.549290 0.147597
vt 0.536655 0.148025
vt 0.550019 0.152428
vt 0.515777 0.262054
vt 0.516360 0.256173
vt 0.652771 0.154908
vt 0.639994 0.155158
vt 0.642046 0.166287
vt 0.653582 0.167319
vt 0.643370 0.177177
vt 0.654235 0.177804
vt 0.623344 0.269491
vt 0.625449 0.264291
vt 0.631864 0.263061
vt 0.627622 0.260770
vt 0.621889 0.267853
vt 0.628643 0.243219
vt 0.624393 0.245464
vt 0.626000 0.234851
vt 0.618489 0.237304
vt 0.607160 0.246940
vt 0.612456 0.245934
vt 0.617099 0.246571
vt 0.632309 0.256301
vt 0.640444 0.261088
vt 0.639560 0.254850
vt 0.528212 0.129025
vt 0.529997 0.137057
vt 0.634911 0.137418
vt 0.635882 0.129025
vt 0.628170 0.148468
vt 0.626188 0.144066
vt 0.616565 0.152521
vt 0.603852 0.150156
vt 0.615623 0.147774
vt 0.606093 0.146727
vt 0.560242 0.150156
vt 0.558002 0.146727
vt 0.515566 0.266008
vt 0.522474 0.266748
vt 0.530471 0.268570
vt 0.538792 0.271951
vt 0.540750 0.269491
vt 0.632895 0.266673
vt 0.625302 0.271951
vt 0.640773 0.264264
vt 0.648889 0.260194
vt 0.648968 0.263093
vt 0.644061 0.186878
vt 0.633092 0.186761
vt 0.538787 0.265496
vt 0.542204 0.267853
vt 0.628731 0.256463
vt 0.526076 0.243391
vt 0.517781 0.242969
vt 0.518594 0.234119
vt 0.566463 0.161538
vt 0.557264 0.164225
vt 0.563125 0.154909
vt 0.554453 0.158033
vt 0.560006 0.173457
vt 0.569989 0.170685
vt 0.572269 0.183536
vt 0.561724 0.184968
vt 0.572478 0.197313
vt 0.561881 0.197157
vt 0.570699 0.210900
vt 0.560518 0.209373
vt 0.567490 0.221451
vt 0.558347 0.219112
vt 0.555590 0.228579
vt 0.563770 0.231320
vt 0.550206 0.175174
vt 0.549779 0.165198
vt 0.550961 0.186229
vt 0.551001 0.197405
vt 0.549796 0.208719
vt 0.548488 0.217928
vt 0.549039 0.158845
vt 0.615878 0.160004
vt 0.615287 0.165650
vt 0.614109 0.174621
vt 0.612760 0.185275
vt 0.612050 0.196607
vt 0.612559 0.208263
vt 0.613764 0.217789
vt 0.615504 0.227067
vt 0.622775 0.175802
vt 0.622720 0.165847
vt 0.622324 0.186024
vt 0.622056 0.196623
vt 0.622220 0.207715
vt 0.623084 0.216833
vt 0.624447 0.225801
vt 0.630203 0.156511
vt 0.632494 0.176317
vt 0.631611 0.165905
vt 0.508121 0.265701
vt 0.508078 0.261816
vt 0.508290 0.255979
vt 0.508580 0.250277
vt 0.509066 0.242819
vt 0.509513 0.234121
vt 0.509467 0.225644
vt 0.509546 0.217285
vt 0.509444 0.208905
vt 0.509424 0.198726
vt 0.509552 0.188738
vt 0.509779 0.177050
vt 0.510359 0.165193
vt 0.511482 0.150620
vt 0.664062 0.125000
vt 0.664062 0.140700
vt 0.664062 0.154319
vt 0.664062 0.167557
vt 0.664062 0.177847
vt 0.654678 0.187053
vt 0.664062 0.187192
vt 0.664062 0.196922
vt 0.654721 0.196940
vt 0.664062 0.206893
vt 0.654785 0.207083
vt 0.664062 0.214976
vt 0.654999 0.215302
vt 0.655062 0.223712
vt 0.664062 0.223384
vt 0.664062 0.231766
vt 0.655243 0.232051
vt 0.656465 0.253670
vt 0.656210 0.247862
vt 0.664062 0.253588
vt 0.664062 0.247652
vt 0.656636 0.260079
vt 0.664062 0.260271
vt 0.656203 0.262919
vt 0.664062 0.263372
vt 0.516920 0.250464
vt 0.646649 0.241233
vt 0.655754 0.240659
vt 0.647634 0.248324
vt 0.648302 0.253992
vt 0.637268 0.241968
vt 0.548289 0.247974
vt 0.664062 0.240409
vt 0.638740 0.249160
vt 0.631192 0.250483
vt 0.627734 0.251265
vt 0.533112 0.244239
vt 0.539121 0.246296
vt 0.524813 0.250556
vt 0.531224 0.250990
vt 0.535864 0.251861
vt 0.541646 0.263306
vt 0.539989 0.260901
vt 0.544149 0.265510
vt 0.622620 0.262521
vt 0.619945 0.265510
vt 0.624432 0.259457
vt 0.625111 0.256061
vt 0.624147 0.252168
vt 0.621248 0.248903
vt 0.544033 0.250509
vt 0.540871 0.253971
vt 0.539567 0.257772
vt 0.620984 0.158204
vt 0.386719 0.308171
vt 0.396419 0.308171
vt 0.386719 0.317208
vt 0.396419 0.317208
vt 0.416062 0.308171
vt 0.425781 0.308171
vt 0.416062 0.317208
vt 0.425781 0.317208
vt 0.406250 0.308171
vt 0.406250 0.317208
vt 0.455144 0.317208
vt 0.455144 0.308171
vt 0.464844 0.317208
vt 0.464844 0.308171
vt 0.435501 0.317208
vt 0.435501 0.308171
vt 0.445312 0.317208
vt 0.445312 0.308171
vt 0.464844 0.356476
vt 0.455144 0.356476
vt 0.464844 0.346684
vt 0.455144 0.346684
vt 0.435501 0.346684
vt 0.435501 0.356476
vt 0.425781 0.346684
vt 0.425781 0.356476
vt 0.445312 0.356476
vt 0.445312 0.346684
vt 0.386719 0.356476
vt 0.386719 0.346684
vt 0.396419 0.356476
vt 0.396419 0.346684
vt 0.416062 0.346684
vt 0.416062 0.356476
vt 0.406250 0.346684
vt 0.406250 0.356476
vt 0.386719 0.327030
vt 0.396419 0.327030
vt 0.455144 0.327030
vt 0.464844 0.327030
vt 0.445312 0.327030
vt 0.435501 0.327030
vt 0.425781 0.327030
vt 0.416062 0.327030
vt 0.406250 0.327030
vt 0.456195 0.300562
vt 0.466756 0.300562
vt 0.445927 0.300562
vt 0.435823 0.300562
vt 0.425781 0.300562
vt 0.415739 0.300562
vt 0.405635 0.300562
vt 0.395368 0.300562
vt 0.384807 0.300562
vt 0.396419 0.336905
vt 0.406250 0.336905
vt 0.416062 0.336905
vt 0.425781 0.336905
vt 0.435501 0.336905
vt 0.445312 0.336905
vt 0.455144 0.336905
vt 0.464844 0.336905
vt 0.386719 0.336905
vt 0.386719 0.367394
vt 0.396419 0.367394
vt 0.455144 0.367394
vt 0.464844 0.367394
vt 0.445312 0.367394
vt 0.435501 0.367394
vt 0.425781 0.367394
vt 0.416062 0.367394
vt 0.406250 0.367394
vt 0.386719 0.375672
vt 0.396419 0.376759
vt 0.386719 0.379146
vt 0.396419 0.380473
vt 0.455144 0.374949
vt 0.464844 0.375672
vt 0.455144 0.378322
vt 0.464844 0.379201
vt 0.445312 0.374515
vt 0.445312 0.377618
vt 0.435501 0.374789
vt 0.435501 0.378322
vt 0.425781 0.379146
vt 0.425781 0.375704
vt 0.416062 0.380481
vt 0.416062 0.376762
vt 0.406250 0.381044
vt 0.406250 0.377160
vt 0.050210 0.189657
vt 0.043286 0.188216
vt 0.049809 0.181651
vt 0.043957 0.181060
vt 0.040572 0.186488
vt 0.041938 0.179422
vt 0.038810 0.193826
vt 0.042728 0.194161
vt 0.048438 0.197250
vt 0.177557 0.187394
vt 0.182997 0.186407
vt 0.178125 0.197250
vt 0.183834 0.194161
vt 0.187753 0.193826
vt 0.186577 0.184875
vt 0.182163 0.178684
vt 0.185398 0.178579
vt 0.177157 0.179313
vt 0.178521 0.144947
vt 0.179616 0.155086
vt 0.176661 0.155203
vt 0.182194 0.155391
vt 0.186485 0.145231
vt 0.186325 0.134099
vt 0.178295 0.133830
vt 0.167969 0.145262
vt 0.167969 0.134066
vt 0.175817 0.056035
vt 0.177942 0.045192
vt 0.182839 0.055947
vt 0.181438 0.044775
vt 0.201405 0.038572
vt 0.194530 0.041020
vt 0.193376 0.023836
vt 0.187652 0.028433
vt 0.167969 0.019047
vt 0.167969 0.010931
vt 0.178474 0.020868
vt 0.181666 0.013801
vt 0.058594 0.010384
vt 0.058594 0.018867
vt 0.044896 0.013801
vt 0.048326 0.020936
vt 0.032476 0.041640
vt 0.025158 0.038572
vt 0.038669 0.029665
vt 0.033187 0.023836
vt 0.040447 0.043330
vt 0.044777 0.033372
vt 0.058594 0.025751
vt 0.050669 0.026777
vt 0.052777 0.031603
vt 0.058594 0.030923
vt 0.050958 0.036017
vt 0.033444 0.069299
vt 0.036499 0.056415
vt 0.043934 0.069695
vt 0.045822 0.057103
vt 0.058594 0.057193
vt 0.058594 0.069803
vt 0.042606 0.096819
vt 0.043119 0.083376
vt 0.058594 0.096851
vt 0.058594 0.083456
vt 0.030196 0.096700
vt 0.031346 0.083129
vt 0.042666 0.171998
vt 0.044804 0.172037
vt 0.049684 0.172021
vt 0.021503 0.149916
vt 0.029760 0.149794
vt 0.022857 0.161894
vt 0.031212 0.161470
vt 0.028714 0.136714
vt 0.020993 0.136715
vt 0.013527 0.149947
vt 0.013087 0.136533
vt 0.015548 0.162777
vt 0.028637 0.055345
vt 0.021064 0.053641
vt 0.208204 0.067658
vt 0.200546 0.068468
vt 0.205499 0.053641
vt 0.198104 0.054593
vt 0.190143 0.055512
vt 0.187174 0.043127
vt 0.192043 0.069033
vt 0.205255 0.148183
vt 0.213035 0.149947
vt 0.203711 0.159787
vt 0.211014 0.162777
vt 0.213475 0.136533
vt 0.205439 0.135620
vt 0.196012 0.146270
vt 0.195763 0.134703
vt 0.194847 0.156999
vt 0.178019 0.082980
vt 0.185839 0.082955
vt 0.178226 0.096303
vt 0.186376 0.096362
vt 0.167969 0.082948
vt 0.167969 0.096265
vt 0.046896 0.149733
vt 0.044205 0.136582
vt 0.022862 0.096497
vt 0.024215 0.082795
vt 0.015134 0.096127
vt 0.016424 0.082155
vt 0.202394 0.082623
vt 0.210138 0.082155
vt 0.203618 0.096346
vt 0.211429 0.096127
vt 0.193617 0.082877
vt 0.194482 0.096396
vt 0.178376 0.121656
vt 0.167969 0.121698
vt 0.186515 0.121902
vt 0.204795 0.122866
vt 0.195121 0.122300
vt 0.213100 0.123341
vt 0.021392 0.123636
vt 0.013462 0.123341
vt 0.029003 0.123722
vt 0.029638 0.110049
vt 0.043040 0.123652
vt 0.042604 0.110053
vt 0.058594 0.123637
vt 0.058594 0.110046
vt 0.026133 0.068693
vt 0.018358 0.067658
vt 0.177340 0.069495
vt 0.184598 0.069331
vt 0.167969 0.069455
vt 0.048631 0.044312
vt 0.058594 0.044438
vt 0.049717 0.161401
vt 0.045795 0.161469
vt 0.043677 0.161330
vt 0.027246 0.173253
vt 0.034838 0.172123
vt 0.034782 0.183046
vt 0.038847 0.177786
vt 0.020229 0.175884
vt 0.029804 0.188860
vt 0.200093 0.170440
vt 0.206333 0.175884
vt 0.192187 0.181226
vt 0.196758 0.188860
vt 0.192901 0.166314
vt 0.188906 0.175332
vt 0.180543 0.163676
vt 0.181300 0.170691
vt 0.176931 0.164069
vt 0.177088 0.171209
vt 0.183480 0.163845
vt 0.184351 0.170280
vt 0.182319 0.033462
vt 0.176359 0.028061
vt 0.167969 0.026387
vt 0.175580 0.036916
vt 0.179185 0.037112
vt 0.058594 0.036659
vt 0.425781 0.292969
vt 0.415429 0.292969
vt 0.404815 0.292969
vt 0.394139 0.292969
vt 0.381789 0.292969
vt 0.067625 0.181645
vt 0.067127 0.189639
vt 0.058594 0.181980
vt 0.058594 0.191080
vt 0.078581 0.177700
vt 0.082521 0.182935
vt 0.075475 0.179361
vt 0.076734 0.186413
vt 0.087327 0.188814
vt 0.078265 0.193757
vt 0.068684 0.197263
vt 0.058594 0.199219
vt 0.167969 0.199219
vt 0.157879 0.197263
vt 0.167969 0.188423
vt 0.158399 0.187528
vt 0.139235 0.188814
vt 0.144255 0.181870
vt 0.148297 0.193757
vt 0.149835 0.185121
vt 0.151165 0.179041
vt 0.147615 0.175932
vt 0.167969 0.180117
vt 0.158995 0.179761
vt 0.158503 0.146059
vt 0.160005 0.156405
vt 0.167969 0.155352
vt 0.154712 0.156534
vt 0.149581 0.145887
vt 0.149067 0.156535
vt 0.157936 0.134439
vt 0.149418 0.134539
vt 0.158140 0.082960
vt 0.158799 0.069496
vt 0.151273 0.069238
vt 0.150264 0.082872
vt 0.160307 0.056115
vt 0.152474 0.055741
vt 0.158275 0.045219
vt 0.154026 0.044317
vt 0.148381 0.028455
vt 0.141532 0.041038
vt 0.142641 0.023877
vt 0.134650 0.038605
vt 0.157534 0.020874
vt 0.154311 0.013832
vt 0.072251 0.013832
vt 0.068799 0.020958
vt 0.083922 0.023877
vt 0.091912 0.038605
vt 0.078426 0.029695
vt 0.084591 0.041666
vt 0.072312 0.033393
vt 0.076620 0.043349
vt 0.066439 0.026792
vt 0.064317 0.031612
vt 0.066125 0.036028
vt 0.082701 0.171368
vt 0.074804 0.171786
vt 0.067800 0.172014
vt 0.058594 0.172120
vt 0.086177 0.161843
vt 0.087618 0.149691
vt 0.094381 0.161761
vt 0.095700 0.149770
vt 0.088531 0.136629
vt 0.096102 0.136585
vt 0.103587 0.149662
vt 0.103918 0.136352
vt 0.101613 0.162682
vt 0.090917 0.068688
vt 0.083603 0.069310
vt 0.088410 0.055358
vt 0.080549 0.056430
vt 0.095981 0.053648
vt 0.098691 0.067613
vt 0.130581 0.053648
vt 0.137991 0.054594
vt 0.145963 0.055518
vt 0.148890 0.043126
vt 0.124949 0.162682
vt 0.122976 0.149662
vt 0.132435 0.159986
vt 0.130950 0.148283
vt 0.122645 0.136352
vt 0.130797 0.135652
vt 0.140491 0.146654
vt 0.141620 0.157501
vt 0.058594 0.149668
vt 0.058594 0.136553
vt 0.070587 0.149698
vt 0.073078 0.136554
vt 0.157789 0.121905
vt 0.149105 0.122055
vt 0.140907 0.122385
vt 0.140667 0.134944
vt 0.131469 0.122810
vt 0.123129 0.123168
vt 0.095626 0.123543
vt 0.103433 0.123168
vt 0.088176 0.123671
vt 0.074592 0.110048
vt 0.087489 0.110030
vt 0.074226 0.123638
vt 0.071225 0.057114
vt 0.073097 0.069705
vt 0.085714 0.083140
vt 0.092812 0.082780
vt 0.100585 0.082073
vt 0.125978 0.082073
vt 0.127872 0.067613
vt 0.133719 0.082537
vt 0.135573 0.068428
vt 0.144094 0.069002
vt 0.142511 0.082807
vt 0.068435 0.044324
vt 0.067899 0.161386
vt 0.058594 0.161268
vt 0.073911 0.161427
vt 0.090010 0.173135
vt 0.096901 0.175842
vt 0.135904 0.170805
vt 0.129662 0.175842
vt 0.143450 0.166681
vt 0.159570 0.165017
vt 0.167969 0.164394
vt 0.159292 0.171931
vt 0.167969 0.171806
vt 0.149023 0.165080
vt 0.153323 0.164756
vt 0.149565 0.170545
vt 0.152387 0.171008
vt 0.153767 0.033578
vt 0.159681 0.028039
vt 0.160640 0.036839
vt 0.157219 0.036415
vt 0.436134 0.292969
vt 0.446747 0.292969
vt 0.457424 0.292969
vt 0.469773 0.292969
vt 0.167969 0.033644
vt 0.167969 0.059650
vt 0.073964 0.083384
vt 0.074525 0.096820
vt 0.086890 0.096699
vt 0.094176 0.096459
vt 0.101877 0.096007
vt 0.124685 0.096007
vt 0.132500 0.096235
vt 0.141653 0.096321
vt 0.149654 0.096314
vt 0.157945 0.096285
vt 0.178332 0.109328
vt 0.167969 0.109302
vt 0.186480 0.109443
vt 0.204183 0.109763
vt 0.194696 0.109589
vt 0.212244 0.109763
vt 0.014319 0.109763
vt 0.022045 0.109960
vt 0.094971 0.109897
vt 0.102628 0.109609
vt 0.123935 0.109609
vt 0.132005 0.109651
vt 0.141224 0.109559
vt 0.157876 0.109468
vt 0.149352 0.109456
vt 0.157172 0.156196
vt 0.156081 0.164507
vt 0.155192 0.171275
vt 0.153182 0.186584
vt 0.154169 0.179062
vt 0.152188 0.194146
vt 0.073867 0.188192
vt 0.074374 0.194146
vt 0.073258 0.181044
vt 0.072490 0.172034
vt 0.071592 0.161492
vt 0.187065 0.169856
vt 0.187554 0.164363
vt 0.187200 0.155810
vt 0.271462 0.384906
vt 0.274321 0.375950
vt 0.280836 0.386123
vt 0.283155 0.377425
vt 0.292791 0.377981
vt 0.291108 0.386436
vt 0.219749 0.593534
vt 0.229290 0.592626
vt 0.221594 0.602252
vt 0.231734 0.601472
vt 0.237398 0.590793
vt 0.240257 0.599750
vt 0.316406 0.378450
vt 0.329074 0.378190
vt 0.316406 0.386662
vt 0.329985 0.386462
vt 0.340028 0.377984
vt 0.341711 0.386440
vt 0.302833 0.386459
vt 0.303746 0.378188
vt 0.195312 0.594200
vt 0.208502 0.593994
vt 0.195312 0.602812
vt 0.209507 0.602626
vt 0.169024 0.602255
vt 0.170868 0.593536
vt 0.181111 0.602628
vt 0.182115 0.593995
vt 0.158883 0.601476
vt 0.161327 0.592630
vt 0.150361 0.599755
vt 0.153219 0.590798
vt 0.349665 0.377430
vt 0.358500 0.375954
vt 0.351983 0.386128
vt 0.361358 0.384911
vt 0.172685 0.557590
vt 0.175408 0.549520
vt 0.179296 0.558583
vt 0.181307 0.550466
vt 0.166662 0.555865
vt 0.169933 0.547933
vt 0.336148 0.334779
vt 0.341786 0.333089
vt 0.338791 0.342774
vt 0.345057 0.341021
vt 0.330259 0.335796
vt 0.332161 0.343775
vt 0.323770 0.336420
vt 0.324800 0.344369
vt 0.316406 0.336702
vt 0.316406 0.344689
vt 0.308021 0.344368
vt 0.309050 0.336418
vt 0.310858 0.322053
vt 0.310031 0.328669
vt 0.305921 0.321397
vt 0.304381 0.328027
vt 0.302562 0.335794
vt 0.300661 0.343774
vt 0.296673 0.334778
vt 0.294031 0.342772
vt 0.287766 0.341019
vt 0.291037 0.333088
vt 0.215207 0.549519
vt 0.220682 0.547932
vt 0.217931 0.557589
vt 0.223953 0.555863
vt 0.209308 0.550466
vt 0.211319 0.558582
vt 0.203831 0.559168
vt 0.202720 0.551044
vt 0.195313 0.551236
vt 0.195313 0.559374
vt 0.186785 0.559169
vt 0.187895 0.551044
vt 0.223369 0.611165
vt 0.234003 0.610588
vt 0.224944 0.620498
vt 0.236054 0.620164
vt 0.242884 0.609069
vt 0.245234 0.618966
vt 0.266485 0.404122
vt 0.268835 0.394225
vt 0.276705 0.404445
vt 0.278673 0.395067
vt 0.289521 0.395060
vt 0.288060 0.404030
vt 0.301170 0.403552
vt 0.301968 0.394856
vt 0.316406 0.403610
vt 0.316406 0.394989
vt 0.330848 0.394860
vt 0.331643 0.403557
vt 0.343296 0.395066
vt 0.344754 0.404038
vt 0.354145 0.395074
vt 0.356110 0.404453
vt 0.363984 0.394231
vt 0.366333 0.404129
vt 0.145386 0.618973
vt 0.147735 0.609075
vt 0.154565 0.620170
vt 0.156616 0.610593
vt 0.165676 0.620502
vt 0.167250 0.611168
vt 0.179290 0.620591
vt 0.180152 0.611422
vt 0.195312 0.620704
vt 0.195313 0.611579
vt 0.210467 0.611421
vt 0.211330 0.620589
vt 0.296567 0.360616
vt 0.298667 0.352033
vt 0.305791 0.361079
vt 0.306938 0.352576
vt 0.238578 0.641126
vt 0.227034 0.640837
vt 0.237850 0.630451
vt 0.226427 0.630472
vt 0.247836 0.641087
vt 0.247214 0.629771
vt 0.275056 0.414512
vt 0.274402 0.424871
vt 0.264505 0.414927
vt 0.263882 0.426243
vt 0.286795 0.413596
vt 0.286247 0.423428
vt 0.358407 0.424883
vt 0.346556 0.423441
vt 0.357757 0.414523
vt 0.346014 0.413607
vt 0.368933 0.426251
vt 0.368311 0.414934
vt 0.152771 0.630458
vt 0.152044 0.641132
vt 0.143407 0.629778
vt 0.142786 0.641095
vt 0.164194 0.630476
vt 0.163588 0.640843
vt 0.178471 0.630372
vt 0.178484 0.640535
vt 0.195312 0.630429
vt 0.195312 0.640540
vt 0.212138 0.640532
vt 0.212150 0.630369
vt 0.316406 0.412781
vt 0.316406 0.422145
vt 0.300486 0.412802
vt 0.300522 0.422332
vt 0.332279 0.422343
vt 0.332323 0.412810
vt 0.277474 0.366962
vt 0.280834 0.358006
vt 0.285695 0.368610
vt 0.288393 0.359749
vt 0.294627 0.369353
vt 0.215667 0.575751
vt 0.223788 0.574734
vt 0.217751 0.584690
vt 0.226619 0.583694
vt 0.230885 0.572850
vt 0.234244 0.581806
vt 0.316406 0.361407
vt 0.327030 0.361080
vt 0.316406 0.370013
vt 0.328079 0.369709
vt 0.336254 0.360619
vt 0.338193 0.369355
vt 0.304741 0.369707
vt 0.195312 0.576529
vt 0.206261 0.576308
vt 0.195312 0.585428
vt 0.207397 0.585218
vt 0.172865 0.584692
vt 0.174949 0.575752
vt 0.183220 0.585220
vt 0.184355 0.576309
vt 0.163998 0.583697
vt 0.166828 0.574736
vt 0.156372 0.581809
vt 0.159730 0.572852
vt 0.344428 0.359752
vt 0.351988 0.358009
vt 0.347126 0.368613
vt 0.355347 0.366965
vt 0.169813 0.565969
vt 0.177191 0.566998
vt 0.163248 0.564131
vt 0.348471 0.349287
vt 0.341552 0.351077
vt 0.334155 0.352035
vt 0.325883 0.352577
vt 0.316406 0.352908
vt 0.291269 0.351075
vt 0.284351 0.349285
vt 0.227368 0.564129
vt 0.220802 0.565967
vt 0.213425 0.566997
vt 0.205012 0.567572
vt 0.195313 0.567787
vt 0.185604 0.567572
vt 0.178027 0.541672
vt 0.180265 0.534943
vt 0.183236 0.542565
vt 0.184878 0.535779
vt 0.173107 0.540233
vt 0.175842 0.533641
vt 0.331433 0.320377
vt 0.335877 0.318797
vt 0.333603 0.327012
vt 0.338611 0.325389
vt 0.326896 0.321406
vt 0.328438 0.328031
vt 0.321955 0.322060
vt 0.322786 0.328672
vt 0.316406 0.322285
vt 0.316406 0.328916
vt 0.299219 0.327009
vt 0.301388 0.320372
vt 0.294211 0.325388
vt 0.296946 0.318796
vt 0.210349 0.534942
vt 0.214772 0.533640
vt 0.212587 0.541671
vt 0.217507 0.540232
vt 0.205738 0.535780
vt 0.207379 0.542565
vt 0.200837 0.536287
vt 0.201689 0.543113
vt 0.195312 0.536514
vt 0.195312 0.543308
vt 0.188926 0.543113
vt 0.189777 0.536287
vt 0.183171 0.526084
vt 0.186748 0.527973
vt 0.181998 0.529613
vt 0.186105 0.530565
vt 0.179765 0.524183
vt 0.178074 0.528258
vt 0.328099 0.310536
vt 0.331954 0.309339
vt 0.329594 0.314833
vt 0.333645 0.313414
vt 0.324368 0.311289
vt 0.325545 0.315751
vt 0.321206 0.316312
vt 0.320583 0.311806
vt 0.311600 0.316296
vt 0.312218 0.311758
vt 0.316406 0.316483
vt 0.316406 0.311982
vt 0.303225 0.314818
vt 0.304725 0.310425
vt 0.307266 0.315730
vt 0.308428 0.311243
vt 0.299180 0.313414
vt 0.300872 0.309318
vt 0.208616 0.529611
vt 0.207436 0.526078
vt 0.212538 0.528258
vt 0.210846 0.524162
vt 0.200207 0.531152
vt 0.199953 0.529349
vt 0.204510 0.530570
vt 0.203868 0.527971
vt 0.190659 0.529396
vt 0.195314 0.530169
vt 0.190409 0.531152
vt 0.195312 0.531495
vt 0.237959 0.652341
vt 0.226603 0.651731
vt 0.246992 0.653047
vt 0.264727 0.438204
vt 0.274836 0.435675
vt 0.286413 0.433639
vt 0.301031 0.432258
vt 0.316406 0.431964
vt 0.331753 0.432274
vt 0.346380 0.433653
vt 0.357967 0.435687
vt 0.368087 0.438212
vt 0.152664 0.652348
vt 0.143632 0.653056
vt 0.164020 0.651737
vt 0.179253 0.651267
vt 0.195313 0.651230
vt 0.211370 0.651265
vt 0.320032 0.307384
vt 0.323229 0.307001
vt 0.316406 0.307437
vt 0.312790 0.307245
vt 0.309652 0.306798
vt 0.306406 0.306174
vt 0.302578 0.305251
vt 0.206333 0.523018
vt 0.209141 0.520095
vt 0.203196 0.525981
vt 0.199760 0.528189
vt 0.195307 0.529583
vt 0.190847 0.528312
vt 0.187233 0.526294
vt 0.184164 0.523505
vt 0.181330 0.520688
vt 0.326473 0.306641
vt 0.330389 0.305844
vt 0.218674 0.675301
vt 0.223167 0.668936
vt 0.221739 0.678525
vt 0.231121 0.670559
vt 0.226726 0.684155
vt 0.238182 0.674705
vt 0.235812 0.662050
vt 0.244244 0.663911
vt 0.225615 0.660901
vt 0.273536 0.459861
vt 0.280597 0.454678
vt 0.284993 0.469311
vt 0.289529 0.462505
vt 0.290262 0.451031
vt 0.293736 0.457529
vt 0.276326 0.445277
vt 0.287433 0.442369
vt 0.267475 0.449068
vt 0.316406 0.476562
vt 0.305360 0.476107
vt 0.316406 0.469137
vt 0.306172 0.468461
vt 0.316406 0.459285
vt 0.306695 0.459053
vt 0.300670 0.467560
vt 0.297720 0.466440
vt 0.301593 0.458529
vt 0.298566 0.458188
vt 0.299961 0.474489
vt 0.296905 0.473987
vt 0.205253 0.676212
vt 0.205277 0.683091
vt 0.195312 0.676146
vt 0.195312 0.683581
vt 0.206358 0.690951
vt 0.195312 0.691406
vt 0.213791 0.681259
vt 0.214813 0.688830
vt 0.211184 0.682269
vt 0.211757 0.689332
vt 0.213418 0.675786
vt 0.210671 0.675946
vt 0.302422 0.450421
vt 0.298876 0.450318
vt 0.306590 0.450564
vt 0.316406 0.450607
vt 0.303372 0.441132
vt 0.316406 0.441085
vt 0.195313 0.668306
vt 0.206134 0.668228
vt 0.210047 0.668262
vt 0.213050 0.668341
vt 0.209397 0.660245
vt 0.195313 0.660432
vt 0.171953 0.675310
vt 0.168889 0.678535
vt 0.167459 0.668944
vt 0.159505 0.670567
vt 0.163901 0.684165
vt 0.152444 0.674714
vt 0.154813 0.662058
vt 0.146381 0.663920
vt 0.165010 0.660908
vt 0.343265 0.462515
vt 0.352200 0.454688
vt 0.347818 0.469321
vt 0.359275 0.459870
vt 0.339045 0.457538
vt 0.342517 0.451042
vt 0.356473 0.445288
vt 0.345348 0.442384
vt 0.365337 0.449076
vt 0.327441 0.476125
vt 0.326620 0.468486
vt 0.326081 0.459079
vt 0.332122 0.467577
vt 0.331180 0.458546
vt 0.335070 0.466452
vt 0.334210 0.458199
vt 0.332844 0.474506
vt 0.335903 0.474004
vt 0.185359 0.683103
vt 0.185381 0.676219
vt 0.184278 0.690969
vt 0.178874 0.689349
vt 0.175816 0.688848
vt 0.179446 0.682277
vt 0.176837 0.681272
vt 0.179957 0.675951
vt 0.177209 0.675795
vt 0.333883 0.450328
vt 0.330335 0.450439
vt 0.326169 0.450590
vt 0.329366 0.441150
vt 0.184496 0.668229
vt 0.177574 0.668346
vt 0.180578 0.668264
vt 0.181227 0.660245
vt 0.603581 0.317208
vt 0.603581 0.308171
vt 0.613281 0.317208
vt 0.613281 0.308171
vt 0.574219 0.317208
vt 0.574219 0.308171
vt 0.583938 0.317208
vt 0.583938 0.308171
vt 0.593750 0.317208
vt 0.593750 0.308171
vt 0.544856 0.317208
vt 0.535156 0.317208
vt 0.544856 0.308171
vt 0.535156 0.308171
vt 0.564499 0.317208
vt 0.564499 0.308171
vt 0.554688 0.317208
vt 0.554688 0.308171
vt 0.544856 0.346684
vt 0.544856 0.356476
vt 0.535156 0.346684
vt 0.535156 0.356476
vt 0.564499 0.346684
vt 0.574219 0.346684
vt 0.564499 0.356476
vt 0.574219 0.356476
vt 0.554688 0.346684
vt 0.554688 0.356476
vt 0.603581 0.346684
vt 0.613281 0.346684
vt 0.603581 0.356476
vt 0.613281 0.356476
vt 0.583938 0.346684
vt 0.583938 0.356476
vt 0.593750 0.346684
vt 0.593750 0.356476
vt 0.613281 0.327030
vt 0.603581 0.327030
vt 0.535156 0.327030
vt 0.544856 0.327030
vt 0.554688 0.327030
vt 0.564499 0.327030
vt 0.574219 0.327030
vt 0.583938 0.327030
vt 0.593750 0.327030
vt 0.533244 0.300562
vt 0.543805 0.300562
vt 0.554073 0.300562
vt 0.564177 0.300562
vt 0.574219 0.300562
vt 0.584261 0.300562
vt 0.594365 0.300562
vt 0.604632 0.300562
vt 0.615193 0.300562
vt 0.603581 0.336905
vt 0.593750 0.336905
vt 0.583938 0.336905
vt 0.574219 0.336905
vt 0.564499 0.336905
vt 0.554688 0.336905
vt 0.544856 0.336905
vt 0.535156 0.336905
vt 0.613281 0.336905
vt 0.613281 0.367394
vt 0.603581 0.367394
vt 0.544856 0.367394
vt 0.535156 0.367394
vt 0.554688 0.367394
vt 0.564499 0.367394
vt 0.574219 0.367394
vt 0.583938 0.367394
vt 0.593750 0.367394
vt 0.603581 0.380473
vt 0.603581 0.376759
vt 0.613281 0.379146
vt 0.613281 0.375672
vt 0.535156 0.379201
vt 0.535156 0.375672
vt 0.544856 0.378322
vt 0.544856 0.374949
vt 0.554688 0.377618
vt 0.554688 0.374515
vt 0.564499 0.374789
vt 0.564499 0.378322
vt 0.574219 0.379146
vt 0.574219 0.375704
vt 0.583938 0.380481
vt 0.583938 0.376762
vt 0.593750 0.381044
vt 0.593750 0.377160
vt 0.949790 0.189657
vt 0.950191 0.181651
vt 0.956714 0.188216
vt 0.956043 0.181060
vt 0.958062 0.179422
vt 0.959428 0.186488
vt 0.961190 0.193826
vt 0.957272 0.194161
vt 0.951562 0.197250
vt 0.822443 0.187394
vt 0.821875 0.197250
vt 0.817003 0.186407
vt 0.816166 0.194161
vt 0.813423 0.184875
vt 0.812248 0.193826
vt 0.814602 0.178579
vt 0.817837 0.178684
vt 0.822843 0.179313
vt 0.821479 0.144947
vt 0.823339 0.155203
vt 0.820384 0.155086
vt 0.817806 0.155391
vt 0.813515 0.145231
vt 0.813675 0.134099
vt 0.821705 0.133830
vt 0.832031 0.134066
vt 0.832031 0.145262
vt 0.824183 0.056035
vt 0.817161 0.055947
vt 0.822057 0.045192
vt 0.818562 0.044775
vt 0.812347 0.028433
vt 0.805470 0.041020
vt 0.806624 0.023836
vt 0.798595 0.038572
vt 0.832031 0.019047
vt 0.821526 0.020868
vt 0.832031 0.010931
vt 0.818334 0.013801
vt 0.941406 0.010384
vt 0.955104 0.013801
vt 0.941406 0.018867
vt 0.951674 0.020936
vt 0.966813 0.023836
vt 0.974842 0.038572
vt 0.961331 0.029665
vt 0.967524 0.041640
vt 0.955223 0.033372
vt 0.959553 0.043330
vt 0.941406 0.025751
vt 0.949331 0.026777
vt 0.941406 0.030923
vt 0.947223 0.031603
vt 0.949042 0.036017
vt 0.954178 0.057103
vt 0.963501 0.056415
vt 0.956066 0.069695
vt 0.966556 0.069299
vt 0.941406 0.057193
vt 0.941403 0.069803
vt 0.957394 0.096819
vt 0.941406 0.096851
vt 0.956881 0.083376
vt 0.941406 0.083456
vt 0.968654 0.083129
vt 0.969804 0.096700
vt 0.957335 0.171998
vt 0.955196 0.172037
vt 0.950316 0.172021
vt 0.968788 0.161470
vt 0.970240 0.149794
vt 0.977143 0.161894
vt 0.978497 0.149916
vt 0.971286 0.136714
vt 0.979007 0.136715
vt 0.986473 0.149947
vt 0.986913 0.136533
vt 0.984452 0.162777
vt 0.971363 0.055345
vt 0.978936 0.053641
vt 0.791796 0.067658
vt 0.794501 0.053641
vt 0.799454 0.068468
vt 0.801896 0.054593
vt 0.809857 0.055512
vt 0.812826 0.043127
vt 0.807957 0.069033
vt 0.788986 0.162777
vt 0.786965 0.149947
vt 0.796288 0.159787
vt 0.794745 0.148183
vt 0.786525 0.136533
vt 0.794561 0.135620
vt 0.803988 0.146270
vt 0.804237 0.134703
vt 0.805153 0.156999
vt 0.813624 0.096362
vt 0.814161 0.082955
vt 0.821774 0.096303
vt 0.821981 0.082980
vt 0.832031 0.082948
vt 0.832031 0.096265
vt 0.953104 0.149733
vt 0.955795 0.136582
vt 0.977138 0.096497
vt 0.975785 0.082795
vt 0.984866 0.096127
vt 0.983576 0.082155
vt 0.788571 0.096127
vt 0.789862 0.082155
vt 0.796382 0.096346
vt 0.797606 0.082623
vt 0.806383 0.082877
vt 0.805518 0.096396
vt 0.821624 0.121656
vt 0.832031 0.121698
vt 0.813485 0.121902
vt 0.795205 0.122866
vt 0.804879 0.122300
vt 0.786900 0.123341
vt 0.978608 0.123636
vt 0.986538 0.123341
vt 0.970997 0.123722
vt 0.957396 0.110053
vt 0.970362 0.110049
vt 0.956960 0.123652
vt 0.941406 0.110046
vt 0.941406 0.123637
vt 0.973867 0.068693
vt 0.981642 0.067658
vt 0.822660 0.069495
vt 0.815402 0.069331
vt 0.832029 0.069455
vt 0.951369 0.044312
vt 0.941406 0.044438
vt 0.950283 0.161401
vt 0.954205 0.161469
vt 0.956323 0.161330
vt 0.961153 0.177786
vt 0.965162 0.172123
vt 0.965217 0.183046
vt 0.972754 0.173253
vt 0.970196 0.188860
vt 0.979770 0.175884
vt 0.803241 0.188860
vt 0.793667 0.175884
vt 0.807813 0.181226
vt 0.799907 0.170440
vt 0.811094 0.175332
vt 0.807099 0.166314
vt 0.822912 0.171209
vt 0.818700 0.170691
vt 0.823069 0.164069
vt 0.819457 0.163676
vt 0.815649 0.170280
vt 0.816520 0.163845
vt 0.817681 0.033462
vt 0.823641 0.028061
vt 0.832031 0.026387
vt 0.824420 0.036916
vt 0.820815 0.037112
vt 0.941406 0.036659
vt 0.574219 0.292969
vt 0.584571 0.292969
vt 0.595185 0.292969
vt 0.605861 0.292969
vt 0.618211 0.292969
vt 0.941406 0.191080
vt 0.932873 0.189639
vt 0.941406 0.181980
vt 0.932375 0.181645
vt 0.923266 0.186413
vt 0.917479 0.182935
vt 0.924525 0.179361
vt 0.921419 0.177700
vt 0.921735 0.193757
vt 0.912673 0.188814
vt 0.941404 0.199218
vt 0.931316 0.197263
vt 0.832033 0.199218
vt 0.832031 0.188423
vt 0.842121 0.197263
vt 0.841600 0.187528
vt 0.850165 0.185121
vt 0.855745 0.181870
vt 0.851703 0.193757
vt 0.860765 0.188814
vt 0.848835 0.179041
vt 0.852385 0.175932
vt 0.832031 0.180117
vt 0.841005 0.179761
vt 0.841497 0.146059
vt 0.839995 0.156405
vt 0.832031 0.155352
vt 0.850933 0.156535
vt 0.845288 0.156534
vt 0.850419 0.145887
vt 0.842064 0.134439
vt 0.850582 0.134539
vt 0.841860 0.082960
vt 0.841201 0.069496
vt 0.849736 0.082872
vt 0.848727 0.069238
vt 0.839693 0.056115
vt 0.841725 0.045219
vt 0.847526 0.055741
vt 0.845974 0.044317
vt 0.865349 0.038605
vt 0.858468 0.041038
vt 0.857359 0.023877
vt 0.851619 0.028455
vt 0.842466 0.020874
vt 0.845689 0.013832
vt 0.927749 0.013832
vt 0.931201 0.020958
vt 0.915409 0.041666
vt 0.908088 0.038605
vt 0.921574 0.029695
vt 0.916078 0.023877
vt 0.923380 0.043349
vt 0.927688 0.033393
vt 0.933561 0.026792
vt 0.935683 0.031612
vt 0.933875 0.036028
vt 0.925196 0.171786
vt 0.917299 0.171368
vt 0.941406 0.172120
vt 0.932200 0.172014
vt 0.913823 0.161843
vt 0.905618 0.161761
vt 0.912382 0.149691
vt 0.904300 0.149770
vt 0.903898 0.136585
vt 0.911468 0.136629
vt 0.896082 0.136352
vt 0.896413 0.149662
vt 0.898386 0.162682
vt 0.909082 0.068688
vt 0.911590 0.055358
vt 0.916398 0.069310
vt 0.919451 0.056430
vt 0.904019 0.053648
vt 0.901309 0.067613
vt 0.869419 0.053648
vt 0.862009 0.054594
vt 0.854037 0.055518
vt 0.851109 0.043126
vt 0.875051 0.162682
vt 0.867565 0.159986
vt 0.877024 0.149662
vt 0.869050 0.148283
vt 0.869203 0.135652
vt 0.877355 0.136352
vt 0.858380 0.157501
vt 0.859509 0.146654
vt 0.926922 0.136554
vt 0.941406 0.136553
vt 0.929413 0.149698
vt 0.941406 0.149668
vt 0.842211 0.121905
vt 0.850895 0.122055
vt 0.859093 0.122385
vt 0.868531 0.122810
vt 0.859333 0.134944
vt 0.876871 0.123168
vt 0.896567 0.123168
vt 0.904374 0.123543
vt 0.911824 0.123671
vt 0.925408 0.110048
vt 0.925774 0.123638
vt 0.912511 0.110030
vt 0.928775 0.057114
vt 0.926903 0.069705
vt 0.907188 0.082780
vt 0.914286 0.083140
vt 0.899415 0.082073
vt 0.874022 0.082073
vt 0.866281 0.082537
vt 0.872128 0.067613
vt 0.864427 0.068428
vt 0.855906 0.069002
vt 0.857489 0.082807
vt 0.931565 0.044324
vt 0.941406 0.161268
vt 0.932101 0.161386
vt 0.926089 0.161427
vt 0.909990 0.173135
vt 0.903099 0.175842
vt 0.864096 0.170805
vt 0.870338 0.175842
vt 0.856550 0.166681
vt 0.832031 0.171806
vt 0.832031 0.164394
vt 0.840708 0.171931
vt 0.840430 0.165017
vt 0.850977 0.165080
vt 0.850435 0.170545
vt 0.846677 0.164756
vt 0.847613 0.171008
vt 0.846233 0.033578
vt 0.840319 0.028039
vt 0.842781 0.036415
vt 0.839360 0.036839
vt 0.563866 0.292969
vt 0.553253 0.292969
vt 0.542576 0.292969
vt 0.530227 0.292969
vt 0.832031 0.033644
vt 0.832031 0.059650
vt 0.926036 0.083384
vt 0.925475 0.096820
vt 0.913110 0.096699
vt 0.905824 0.096459
vt 0.898123 0.096007
vt 0.867499 0.096235
vt 0.875315 0.096007
vt 0.858347 0.096321
vt 0.842055 0.096285
vt 0.850346 0.096314
vt 0.832031 0.109302
vt 0.821668 0.109328
vt 0.813520 0.109443
vt 0.805304 0.109589
vt 0.795817 0.109763
vt 0.787756 0.109763
vt 0.985681 0.109763
vt 0.977955 0.109960
vt 0.905029 0.109897
vt 0.897372 0.109609
vt 0.867995 0.109651
vt 0.876065 0.109609
vt 0.858776 0.109559
vt 0.850648 0.109456
vt 0.842124 0.109468
vt 0.842828 0.156196
vt 0.843919 0.164507
vt 0.844808 0.171275
vt 0.846818 0.186584
vt 0.845831 0.179062
vt 0.847812 0.194146
vt 0.925626 0.194146
vt 0.926133 0.188192
vt 0.926742 0.181044
vt 0.927510 0.172034
vt 0.928408 0.161492
vt 0.812935 0.169856
vt 0.812446 0.164363
vt 0.812800 0.155810
vt 0.728538 0.384906
vt 0.719164 0.386123
vt 0.725680 0.375950
vt 0.716845 0.377425
vt 0.707209 0.377981
vt 0.708893 0.386436
vt 0.768265 0.601472
vt 0.770710 0.592626
vt 0.778406 0.602252
vt 0.780251 0.593534
vt 0.759744 0.599750
vt 0.762602 0.590793
vt 0.670015 0.386462
vt 0.670926 0.378190
vt 0.683594 0.386662
vt 0.683594 0.378450
vt 0.658289 0.386440
vt 0.659971 0.377984
vt 0.697167 0.386459
vt 0.696254 0.378188
vt 0.790493 0.602626
vt 0.791498 0.593994
vt 0.804688 0.602812
vt 0.804688 0.594200
vt 0.830976 0.602255
vt 0.818889 0.602628
vt 0.829132 0.593536
vt 0.817885 0.593995
vt 0.841117 0.601476
vt 0.838673 0.592630
vt 0.849639 0.599755
vt 0.846781 0.590798
vt 0.638642 0.384911
vt 0.641500 0.375954
vt 0.648017 0.386128
vt 0.650335 0.377430
vt 0.827315 0.557591
vt 0.820704 0.558583
vt 0.824592 0.549520
vt 0.818692 0.550466
vt 0.833338 0.555865
vt 0.830067 0.547933
vt 0.654943 0.341021
vt 0.658214 0.333089
vt 0.661209 0.342774
vt 0.663851 0.334779
vt 0.667839 0.343775
vt 0.669741 0.335796
vt 0.675200 0.344369
vt 0.676230 0.336420
vt 0.683594 0.344689
vt 0.683594 0.336702
vt 0.691979 0.344368
vt 0.690950 0.336418
vt 0.695619 0.328027
vt 0.689969 0.328669
vt 0.694079 0.321397
vt 0.689142 0.322053
vt 0.697438 0.335794
vt 0.703327 0.334778
vt 0.699339 0.343774
vt 0.705969 0.342772
vt 0.712234 0.341019
vt 0.708963 0.333088
vt 0.776047 0.555863
vt 0.779318 0.547932
vt 0.782069 0.557589
vt 0.784793 0.549519
vt 0.788681 0.558582
vt 0.790692 0.550466
vt 0.797280 0.551044
vt 0.796169 0.559168
vt 0.804687 0.559374
vt 0.804687 0.551236
vt 0.813215 0.559169
vt 0.812105 0.551044
vt 0.763946 0.620164
vt 0.765997 0.610588
vt 0.775056 0.620498
vt 0.776631 0.611165
vt 0.754766 0.618966
vt 0.757116 0.609069
vt 0.733515 0.404122
vt 0.723295 0.404445
vt 0.731165 0.394225
vt 0.721327 0.395067
vt 0.710479 0.395060
vt 0.711940 0.404030
vt 0.698829 0.403552
vt 0.683594 0.403610
vt 0.698032 0.394856
vt 0.683594 0.394989
vt 0.668357 0.403557
vt 0.669152 0.394860
vt 0.655246 0.404038
vt 0.656704 0.395066
vt 0.643890 0.404453
vt 0.645855 0.395074
vt 0.633667 0.404129
vt 0.636016 0.394231
vt 0.854614 0.618973
vt 0.845434 0.620170
vt 0.852265 0.609075
vt 0.843384 0.610593
vt 0.834324 0.620502
vt 0.832750 0.611168
vt 0.820710 0.620591
vt 0.819848 0.611422
vt 0.804687 0.620704
vt 0.804687 0.611579
vt 0.788670 0.620589
vt 0.789533 0.611421
vt 0.693062 0.352576
vt 0.701334 0.352033
vt 0.694209 0.361079
vt 0.703433 0.360616
vt 0.773574 0.630472
vt 0.772966 0.640837
vt 0.762150 0.630451
vt 0.761422 0.641126
vt 0.752787 0.629771
vt 0.752164 0.641087
vt 0.724944 0.414512
vt 0.735495 0.414927
vt 0.725598 0.424871
vt 0.736118 0.426243
vt 0.713205 0.413596
vt 0.713753 0.423428
vt 0.653986 0.413607
vt 0.653444 0.423441
vt 0.642243 0.414523
vt 0.641594 0.424883
vt 0.631689 0.414934
vt 0.631067 0.426251
vt 0.847229 0.630458
vt 0.856593 0.629778
vt 0.847956 0.641132
vt 0.857214 0.641095
vt 0.835806 0.630476
vt 0.836412 0.640843
vt 0.821529 0.630372
vt 0.821516 0.640535
vt 0.804687 0.630429
vt 0.804687 0.640540
vt 0.787850 0.630369
vt 0.787862 0.640532
vt 0.683594 0.412781
vt 0.699514 0.412802
vt 0.683594 0.422145
vt 0.699478 0.422332
vt 0.667676 0.412810
vt 0.667720 0.422343
vt 0.722525 0.366962
vt 0.714305 0.368610
vt 0.719167 0.358006
vt 0.711607 0.359749
vt 0.705373 0.369353
vt 0.784333 0.575751
vt 0.782249 0.584690
vt 0.776212 0.574734
vt 0.773381 0.583694
vt 0.765756 0.581806
vt 0.769115 0.572850
vt 0.671921 0.369709
vt 0.672970 0.361080
vt 0.683594 0.370013
vt 0.683594 0.361407
vt 0.661807 0.369355
vt 0.663746 0.360619
vt 0.695259 0.369707
vt 0.792603 0.585218
vt 0.793739 0.576308
vt 0.804687 0.585428
vt 0.804687 0.576529
vt 0.827134 0.584692
vt 0.816780 0.585220
vt 0.825051 0.575752
vt 0.815645 0.576309
vt 0.836002 0.583697
vt 0.833172 0.574736
vt 0.843628 0.581809
vt 0.840270 0.572852
vt 0.644653 0.366965
vt 0.648012 0.358009
vt 0.652874 0.368613
vt 0.655572 0.359752
vt 0.822809 0.566998
vt 0.830187 0.565969
vt 0.836752 0.564131
vt 0.651529 0.349287
vt 0.658448 0.351077
vt 0.665845 0.352035
vt 0.674117 0.352577
vt 0.683594 0.352908
vt 0.708731 0.351075
vt 0.715649 0.349285
vt 0.772632 0.564129
vt 0.779198 0.565967
vt 0.786575 0.566997
vt 0.794989 0.567572
vt 0.804687 0.567787
vt 0.814396 0.567572
vt 0.821972 0.541672
vt 0.816764 0.542565
vt 0.819735 0.534943
vt 0.815122 0.535779
vt 0.826893 0.540233
vt 0.824158 0.533641
vt 0.661389 0.325389
vt 0.664123 0.318797
vt 0.666397 0.327012
vt 0.668567 0.320377
vt 0.671562 0.328031
vt 0.673104 0.321406
vt 0.677213 0.328672
vt 0.678045 0.322060
vt 0.683594 0.328916
vt 0.683594 0.322285
vt 0.700781 0.327009
vt 0.698612 0.320372
vt 0.705789 0.325388
vt 0.703054 0.318796
vt 0.782493 0.540232
vt 0.785227 0.533640
vt 0.787413 0.541671
vt 0.789651 0.534942
vt 0.794262 0.535780
vt 0.792620 0.542565
vt 0.798311 0.543113
vt 0.799163 0.536287
vt 0.804688 0.543308
vt 0.804688 0.536514
vt 0.811074 0.543113
vt 0.810222 0.536287
vt 0.813895 0.530565
vt 0.813253 0.527973
vt 0.818002 0.529613
vt 0.816829 0.526084
vt 0.821926 0.528258
vt 0.820235 0.524183
vt 0.666355 0.313414
vt 0.668046 0.309339
vt 0.670406 0.314833
vt 0.671901 0.310536
vt 0.674455 0.315751
vt 0.675632 0.311289
vt 0.679417 0.311806
vt 0.678794 0.316312
vt 0.688400 0.316296
vt 0.683594 0.316483
vt 0.687782 0.311758
vt 0.683594 0.311982
vt 0.696775 0.314818
vt 0.692734 0.315730
vt 0.695275 0.310425
vt 0.691572 0.311243
vt 0.700820 0.313414
vt 0.699128 0.309318
vt 0.791384 0.529611
vt 0.787462 0.528258
vt 0.792564 0.526078
vt 0.789154 0.524162
vt 0.799793 0.531152
vt 0.795489 0.530570
vt 0.800047 0.529349
vt 0.796132 0.527971
vt 0.804688 0.531495
vt 0.804686 0.530169
vt 0.809591 0.531152
vt 0.809341 0.529396
vt 0.762041 0.652341
vt 0.773397 0.651731
vt 0.753008 0.653047
vt 0.735273 0.438204
vt 0.725164 0.435675
vt 0.713587 0.433639
vt 0.698969 0.432258
vt 0.683594 0.431964
vt 0.668247 0.432274
vt 0.653620 0.433653
vt 0.642033 0.435687
vt 0.631913 0.438212
vt 0.847336 0.652348
vt 0.856368 0.653056
vt 0.835980 0.651737
vt 0.820747 0.651267
vt 0.804687 0.651230
vt 0.788630 0.651265
vt 0.679968 0.307384
vt 0.676771 0.307001
vt 0.683594 0.307437
vt 0.687210 0.307245
vt 0.690348 0.306798
vt 0.693595 0.306174
vt 0.697422 0.305251
vt 0.793667 0.523018
vt 0.790859 0.520095
vt 0.796804 0.525981
vt 0.800240 0.528189
vt 0.804693 0.529583
vt 0.809153 0.528312
vt 0.812767 0.526294
vt 0.815836 0.523505
vt 0.818670 0.520688
vt 0.669611 0.305844
vt 0.673527 0.306641
vt 0.781326 0.675301
vt 0.778261 0.678525
vt 0.776833 0.668936
vt 0.768879 0.670559
vt 0.773274 0.684155
vt 0.761818 0.674705
vt 0.764188 0.662050
vt 0.755756 0.663911
vt 0.774385 0.660901
vt 0.710471 0.462505
vt 0.719403 0.454678
vt 0.715007 0.469311
vt 0.726464 0.459861
vt 0.706264 0.457529
vt 0.709738 0.451031
vt 0.723674 0.445277
vt 0.712567 0.442369
vt 0.732525 0.449068
vt 0.683594 0.476562
vt 0.683594 0.469137
vt 0.694640 0.476107
vt 0.693828 0.468461
vt 0.683594 0.459285
vt 0.693305 0.459053
vt 0.699330 0.467560
vt 0.698407 0.458529
vt 0.702280 0.466440
vt 0.701434 0.458188
vt 0.700039 0.474489
vt 0.703094 0.473987
vt 0.804688 0.683581
vt 0.794723 0.683091
vt 0.804687 0.676146
vt 0.794747 0.676212
vt 0.804688 0.691406
vt 0.793642 0.690951
vt 0.788243 0.689332
vt 0.785187 0.688830
vt 0.788816 0.682269
vt 0.786209 0.681259
vt 0.789329 0.675946
vt 0.786582 0.675786
vt 0.701124 0.450318
vt 0.697578 0.450421
vt 0.693411 0.450564
vt 0.683594 0.450607
vt 0.683594 0.441085
vt 0.696628 0.441132
vt 0.804687 0.668306
vt 0.793866 0.668228
vt 0.786950 0.668341
vt 0.789953 0.668262
vt 0.790603 0.660245
vt 0.804687 0.660432
vt 0.828047 0.675310
vt 0.832541 0.668944
vt 0.831111 0.678535
vt 0.840495 0.670567
vt 0.836099 0.684165
vt 0.847556 0.674714
vt 0.845186 0.662058
vt 0.853619 0.663920
vt 0.834990 0.660908
vt 0.640725 0.459870
vt 0.647800 0.454688
vt 0.652183 0.469321
vt 0.656735 0.462515
vt 0.657484 0.451042
vt 0.660954 0.457539
vt 0.643527 0.445288
vt 0.654652 0.442384
vt 0.634663 0.449076
vt 0.672559 0.476125
vt 0.673380 0.468486
vt 0.673919 0.459079
vt 0.667878 0.467577
vt 0.664930 0.466452
vt 0.668820 0.458546
vt 0.665790 0.458199
vt 0.667156 0.474506
vt 0.664097 0.474004
vt 0.814619 0.676219
vt 0.814641 0.683103
vt 0.815722 0.690969
vt 0.823163 0.681272
vt 0.824184 0.688848
vt 0.820554 0.682277
vt 0.821126 0.689349
vt 0.822791 0.675795
vt 0.820043 0.675951
vt 0.669665 0.450439
vt 0.666117 0.450328
vt 0.673831 0.450590
vt 0.670634 0.441150
vt 0.815504 0.668229
vt 0.819421 0.668264
vt 0.822426 0.668346
vt 0.818773 0.660245
vt 0.524621 0.152823
vt 0.521882 0.165098
vt 0.076638 0.485736
vt 0.080107 0.491221
vt 0.074387 0.490853
vt 0.074282 0.499162
vt 0.082598 0.499142
vt 0.086542 0.490929
vt 0.083906 0.485494
vt 0.091626 0.489730
vt 0.088921 0.484247
vt 0.089421 0.498545
vt 0.094892 0.497040
vt 0.037280 0.228011
vt 0.039985 0.222528
vt 0.042443 0.228850
vt 0.044745 0.222822
vt 0.052427 0.222246
vt 0.050130 0.228255
vt 0.047241 0.236791
vt 0.039650 0.236449
vt 0.034014 0.235321
vt 0.055424 0.227366
vt 0.058324 0.220767
vt 0.052404 0.236293
vt 0.074730 0.507708
vt 0.084755 0.507561
vt 0.075376 0.518037
vt 0.086733 0.517766
vt 0.091981 0.506920
vt 0.098132 0.505426
vt 0.094978 0.517169
vt 0.101778 0.515711
vt 0.037015 0.244893
vt 0.030774 0.243707
vt 0.044708 0.245107
vt 0.042383 0.255612
vt 0.033955 0.255234
vt 0.027129 0.253993
vt 0.050723 0.245059
vt 0.049536 0.255614
vt 0.075782 0.529579
vt 0.088846 0.529409
vt 0.076354 0.542380
vt 0.091044 0.542300
vt 0.097863 0.528670
vt 0.105296 0.527303
vt 0.100781 0.541512
vt 0.108785 0.540341
vt 0.031020 0.266803
vt 0.023610 0.265584
vt 0.040021 0.267061
vt 0.037834 0.280102
vt 0.028097 0.279707
vt 0.020121 0.278623
vt 0.048369 0.267457
vt 0.047346 0.280450
vt 0.077187 0.556371
vt 0.092279 0.555696
vt 0.077834 0.571134
vt 0.093393 0.571111
vt 0.103033 0.555176
vt 0.111657 0.554773
vt 0.104684 0.570645
vt 0.113609 0.570112
vt 0.025803 0.293413
vt 0.017250 0.293054
vt 0.035926 0.294173
vt 0.035427 0.309358
vt 0.024187 0.308913
vt 0.015297 0.308393
vt 0.046611 0.294457
vt 0.046587 0.309491
vt 0.065423 0.483864
vt 0.065128 0.490064
vt 0.061463 0.226497
vt 0.063134 0.222026
vt 0.065311 0.225888
vt 0.065248 0.220466
vt 0.061457 0.221326
vt 0.059016 0.226691
vt 0.065185 0.218857
vt 0.057598 0.488282
vt 0.058171 0.481712
vt 0.052102 0.479614
vt 0.051611 0.486079
vt 0.049363 0.484816
vt 0.075626 0.223552
vt 0.073272 0.217145
vt 0.079939 0.222347
vt 0.079403 0.215297
vt 0.068287 0.225348
vt 0.066845 0.221791
vt 0.070250 0.225048
vt 0.068126 0.220510
vt 0.064532 0.498790
vt 0.059568 0.235253
vt 0.065615 0.234779
vt 0.063933 0.507435
vt 0.063321 0.517826
vt 0.058116 0.244415
vt 0.065846 0.243974
vt 0.056523 0.255390
vt 0.066116 0.255017
vt 0.062475 0.529414
vt 0.062090 0.542239
vt 0.055741 0.267320
vt 0.066237 0.267040
vt 0.055531 0.280335
vt 0.066371 0.280207
vt 0.062109 0.556251
vt 0.062449 0.571501
vt 0.056239 0.294199
vt 0.066426 0.294357
vt 0.058101 0.309102
vt 0.066476 0.309150
vt 0.062449 0.586668
vt 0.078254 0.586415
vt 0.093685 0.586613
vt 0.093369 0.602045
vt 0.078387 0.601955
vt 0.062449 0.602087
vt 0.105443 0.586326
vt 0.114552 0.586160
vt 0.114624 0.602393
vt 0.105408 0.602160
vt 0.023449 0.324613
vt 0.014354 0.324442
vt 0.035589 0.324704
vt 0.023482 0.340451
vt 0.035496 0.340354
vt 0.014283 0.340675
vt 0.047966 0.324775
vt 0.061949 0.324576
vt 0.066514 0.324572
vt 0.050448 0.340278
vt 0.062740 0.332847
vt 0.066406 0.344800
vt 0.066406 0.336149
vt 0.078221 0.617479
vt 0.062449 0.617510
vt 0.092597 0.617668
vt 0.091344 0.633036
vt 0.077591 0.632738
vt 0.062450 0.632675
vt 0.104180 0.617991
vt 0.113293 0.618635
vt 0.111106 0.634587
vt 0.102312 0.633578
vt 0.015614 0.356917
vt 0.024719 0.356284
vt 0.036298 0.355972
vt 0.026593 0.371867
vt 0.037563 0.371330
vt 0.017801 0.372869
vt 0.050683 0.355780
vt 0.066406 0.355857
vt 0.051324 0.371033
vt 0.066406 0.371023
vt 0.076615 0.647472
vt 0.062450 0.647325
vt 0.089423 0.647866
vt 0.086918 0.661905
vt 0.075330 0.661438
vt 0.062450 0.661224
vt 0.099632 0.648620
vt 0.107930 0.650002
vt 0.103841 0.664572
vt 0.096191 0.662848
vt 0.020976 0.388283
vt 0.029273 0.386906
vt 0.039484 0.386155
vt 0.032714 0.401132
vt 0.041986 0.400192
vt 0.025066 0.402854
vt 0.052295 0.385765
vt 0.066406 0.385697
vt 0.053573 0.399729
vt 0.066406 0.399593
vt 0.073635 0.674407
vt 0.062450 0.674134
vt 0.083755 0.674979
vt 0.080324 0.686877
vt 0.071768 0.686182
vt 0.062450 0.685851
vt 0.091995 0.676125
vt 0.098863 0.678122
vt 0.093339 0.690355
vt 0.087379 0.688195
vt 0.030043 0.416404
vt 0.036910 0.414409
vt 0.045148 0.413265
vt 0.041525 0.426478
vt 0.048580 0.425163
vt 0.035567 0.428637
vt 0.055267 0.412697
vt 0.066406 0.412813
vt 0.057136 0.424469
vt 0.066406 0.424502
vt 0.069861 0.696552
vt 0.062450 0.696172
vt 0.076802 0.697318
vt 0.073214 0.706182
vt 0.067947 0.705396
vt 0.062450 0.704963
vt 0.082670 0.698731
vt 0.087637 0.700940
vt 0.081766 0.709741
vt 0.077846 0.707605
vt 0.041269 0.439221
vt 0.046235 0.437015
vt 0.052102 0.435603
vt 0.051060 0.445888
vt 0.055691 0.444465
vt 0.047140 0.448022
vt 0.059044 0.434837
vt 0.066406 0.434800
vt 0.060958 0.443680
vt 0.066406 0.443572
vt 0.066120 0.712605
vt 0.062450 0.712140
vt 0.069787 0.713362
vt 0.066898 0.718903
vt 0.064631 0.718261
vt 0.062450 0.717806
vt 0.073232 0.714673
vt 0.076115 0.716549
vt 0.071041 0.721414
vt 0.069169 0.719966
vt 0.052791 0.454830
vt 0.055673 0.452956
vt 0.059118 0.451645
vt 0.059737 0.458249
vt 0.062008 0.457186
vt 0.057865 0.459696
vt 0.062786 0.450889
vt 0.066406 0.450726
vt 0.064275 0.456544
vt 0.066406 0.456370
vt 0.062450 0.721485
vt 0.064414 0.722098
vt 0.062450 0.724007
vt 0.063480 0.724393
vt 0.062500 0.726562
vt 0.066461 0.723072
vt 0.064525 0.724951
vt 0.067540 0.724070
vt 0.065033 0.725518
vt 0.061367 0.462352
vt 0.062445 0.461355
vt 0.063873 0.463799
vt 0.064381 0.463233
vt 0.064492 0.460380
vt 0.065426 0.462676
vt 0.066406 0.464844
vt 0.066406 0.460016
vt 0.066406 0.462469
vt 0.055056 0.309639
vt 0.058997 0.325110
vt 0.053179 0.294591
vt 0.052472 0.280605
vt 0.052671 0.267527
vt 0.053444 0.255566
vt 0.054825 0.244866
vt 0.056361 0.235844
vt 0.064840 0.331263
vt 0.066536 0.332773
vt 0.055903 0.497118
vt 0.048249 0.494608
vt 0.045045 0.493014
vt 0.078748 0.232604
vt 0.082581 0.231377
vt 0.071198 0.234272
vt 0.053888 0.506195
vt 0.044419 0.503510
vt 0.051182 0.517072
vt 0.039598 0.514268
vt 0.040495 0.501655
vt 0.034886 0.512304
vt 0.085589 0.240890
vt 0.081453 0.242140
vt 0.083977 0.253855
vt 0.089183 0.252600
vt 0.073225 0.243010
vt 0.075041 0.254516
vt 0.048969 0.528803
vt 0.033996 0.526430
vt 0.047792 0.541849
vt 0.033796 0.540896
vt 0.028308 0.524795
vt 0.025770 0.540387
vt 0.092659 0.265898
vt 0.085383 0.266774
vt 0.102019 0.279725
vt 0.093607 0.280113
vt 0.076218 0.266927
vt 0.076922 0.280151
vt 0.086252 0.280197
vt 0.047061 0.555991
vt 0.033484 0.555636
vt 0.046531 0.570919
vt 0.032539 0.570783
vt 0.023510 0.555514
vt 0.017437 0.542357
vt 0.014813 0.554796
vt 0.021377 0.570560
vt 0.012532 0.569990
vt 0.114093 0.293078
vt 0.105186 0.293964
vt 0.112022 0.280638
vt 0.095059 0.294328
vt 0.107466 0.308924
vt 0.096222 0.309235
vt 0.116374 0.308272
vt 0.086745 0.294407
vt 0.076646 0.294168
vt 0.074873 0.309075
vt 0.087082 0.309262
vt 0.046175 0.586297
vt 0.031767 0.586248
vt 0.046096 0.601876
vt 0.031601 0.601924
vt 0.020212 0.586121
vt 0.010991 0.585795
vt 0.020042 0.602001
vt 0.010911 0.602122
vt 0.117690 0.324170
vt 0.108544 0.324477
vt 0.097017 0.324626
vt 0.108822 0.340330
vt 0.097238 0.340277
vt 0.117995 0.340403
vt 0.086328 0.324658
vt 0.071087 0.324566
vt 0.070372 0.332833
vt 0.082706 0.340228
vt 0.046332 0.617433
vt 0.032031 0.617593
vt 0.046987 0.632710
vt 0.033250 0.632986
vt 0.020635 0.617883
vt 0.011556 0.618394
vt 0.022299 0.633497
vt 0.013509 0.634434
vt 0.117350 0.356675
vt 0.108249 0.356185
vt 0.096823 0.355910
vt 0.106593 0.371786
vt 0.095621 0.371281
vt 0.115397 0.372715
vt 0.082481 0.355744
vt 0.081861 0.371007
vt 0.047977 0.647454
vt 0.035135 0.647849
vt 0.049262 0.661435
vt 0.037556 0.661937
vt 0.024903 0.648595
vt 0.016601 0.649932
vt 0.028222 0.662895
vt 0.020574 0.664595
vt 0.112305 0.388214
vt 0.103996 0.386879
vt 0.093753 0.386137
vt 0.100682 0.401178
vt 0.091344 0.400223
vt 0.108332 0.402877
vt 0.080900 0.385747
vt 0.079635 0.399725
vt 0.050972 0.674415
vt 0.040720 0.675026
vt 0.052877 0.686189
vt 0.044275 0.686904
vt 0.032432 0.676189
vt 0.025570 0.678198
vt 0.037184 0.688241
vt 0.031234 0.690434
vt 0.103336 0.416479
vt 0.096474 0.414472
vt 0.088185 0.413312
vt 0.091723 0.426525
vt 0.084632 0.425189
vt 0.097673 0.428715
vt 0.077932 0.412704
vt 0.076029 0.424476
vt 0.054812 0.696565
vt 0.047869 0.697344
vt 0.056770 0.705412
vt 0.051506 0.706213
vt 0.042002 0.698772
vt 0.037045 0.701004
vt 0.046879 0.707650
vt 0.042969 0.709803
vt 0.091861 0.439286
vt 0.086905 0.437055
vt 0.081038 0.435628
vt 0.082028 0.445933
vt 0.077402 0.444496
vt 0.085937 0.448084
vt 0.074095 0.434850
vt 0.072137 0.443697
vt 0.058654 0.712622
vt 0.054989 0.713394
vt 0.060203 0.718276
vt 0.057940 0.718934
vt 0.051550 0.714720
vt 0.048676 0.716611
vt 0.055676 0.720012
vt 0.053814 0.721471
vt 0.080230 0.454892
vt 0.077357 0.453003
vt 0.073918 0.451678
vt 0.073230 0.458294
vt 0.070967 0.457216
vt 0.075092 0.459753
vt 0.070253 0.450906
vt 0.068704 0.456559
vt 0.060466 0.722118
vt 0.061440 0.724409
vt 0.060404 0.724980
vt 0.058429 0.723112
vt 0.059903 0.725553
vt 0.057359 0.724118
vt 0.071548 0.462399
vt 0.069003 0.463835
vt 0.070478 0.461393
vt 0.068502 0.463262
vt 0.068441 0.460400
vt 0.067466 0.462691
vt 0.077948 0.309601
vt 0.074062 0.325093
vt 0.079738 0.294546
vt 0.079989 0.280407
vt 0.079287 0.267065
vt 0.078092 0.254473
vt 0.075902 0.243154
vt 0.073695 0.233832
vt 0.068257 0.331257
vt 0.023738 0.533473
vt 0.017468 0.540081
vt 0.101937 0.273244
vt 0.111438 0.278363
vt 0.098766 0.265088
vt 0.093422 0.251347
vt 0.088883 0.239675
vt 0.085273 0.230391
vt 0.081876 0.221655
vt 0.066618 0.747294
vt 0.078125 0.746225
vt 0.068411 0.752454
vt 0.078125 0.752099
vt 0.064734 0.752326
vt 0.244323 0.194151
vt 0.246449 0.188701
vt 0.246565 0.193732
vt 0.238931 0.189368
vt 0.237243 0.194443
vt 0.232581 0.189500
vt 0.231586 0.193750
vt 0.301682 0.118814
vt 0.306482 0.119188
vt 0.302462 0.123822
vt 0.307476 0.123438
vt 0.295266 0.116271
vt 0.295861 0.122462
vt 0.294009 0.121351
vt 0.191062 0.261786
vt 0.187500 0.261334
vt 0.189333 0.257651
vt 0.187500 0.256257
vt 0.196746 0.262143
vt 0.193348 0.261806
vt 0.193589 0.256075
vt 0.190810 0.256872
vt 0.187500 0.254800
vt 0.084188 0.750481
vt 0.083522 0.743944
vt 0.089385 0.747959
vt 0.088523 0.741333
vt 0.091262 0.746535
vt 0.174503 0.250453
vt 0.180484 0.252764
vt 0.173846 0.257576
vt 0.177933 0.258962
vt 0.184776 0.260883
vt 0.186122 0.257518
vt 0.184966 0.256272
vt 0.182964 0.260576
vt 0.048134 0.802639
vt 0.047668 0.816788
vt 0.037768 0.811330
vt 0.036908 0.816076
vt 0.053209 0.790038
vt 0.050080 0.789366
vt 0.042431 0.800943
vt 0.055503 0.779175
vt 0.235897 0.201430
vt 0.230163 0.200306
vt 0.262988 0.257723
vt 0.271307 0.257755
vt 0.261107 0.272957
vt 0.267146 0.274485
vt 0.256035 0.258550
vt 0.255242 0.272164
vt 0.249024 0.258735
vt 0.249529 0.271990
vt 0.242101 0.258989
vt 0.243835 0.272381
vt 0.234975 0.259425
vt 0.238124 0.273359
vt 0.227348 0.260130
vt 0.232327 0.275032
vt 0.255531 0.293606
vt 0.252254 0.295979
vt 0.253795 0.292475
vt 0.251634 0.295381
vt 0.251908 0.291791
vt 0.250848 0.295011
vt 0.249958 0.291587
vt 0.249987 0.294894
vt 0.248015 0.291862
vt 0.249129 0.295036
vt 0.246155 0.292598
vt 0.248354 0.295421
vt 0.244462 0.293756
vt 0.247748 0.296014
vt 0.250000 0.296875
vt 0.260166 0.287925
vt 0.256774 0.286497
vt 0.253334 0.285636
vt 0.249853 0.285383
vt 0.246414 0.285749
vt 0.243012 0.286719
vt 0.239719 0.288259
vt 0.256902 0.230773
vt 0.260334 0.242349
vt 0.255131 0.231253
vt 0.256753 0.243765
vt 0.247854 0.230979
vt 0.248356 0.244188
vt 0.240778 0.230609
vt 0.241192 0.243958
vt 0.233808 0.230236
vt 0.233834 0.243536
vt 0.226514 0.230052
vt 0.226180 0.242411
vt 0.254866 0.220582
vt 0.247601 0.219773
vt 0.241265 0.219277
vt 0.234183 0.218543
vt 0.227228 0.217741
vt 0.247653 0.210369
vt 0.250905 0.209986
vt 0.242116 0.209835
vt 0.235113 0.208684
vt 0.228814 0.207526
vt 0.247898 0.201276
vt 0.242878 0.202058
vt 0.237436 0.326269
vt 0.228533 0.322775
vt 0.236890 0.320638
vt 0.228531 0.316999
vt 0.228864 0.327615
vt 0.218511 0.328344
vt 0.218360 0.313489
vt 0.210772 0.289279
vt 0.217002 0.299758
vt 0.214097 0.300789
vt 0.267756 0.187443
vt 0.275775 0.187048
vt 0.271916 0.204173
vt 0.277900 0.202415
vt 0.282762 0.187467
vt 0.283709 0.201451
vt 0.289792 0.187528
vt 0.289443 0.201194
vt 0.296762 0.187781
vt 0.295153 0.201615
vt 0.303980 0.188514
vt 0.300902 0.202759
vt 0.311714 0.189817
vt 0.306735 0.204719
vt 0.283531 0.223293
vt 0.285262 0.222119
vt 0.286809 0.225666
vt 0.287436 0.225049
vt 0.287148 0.221407
vt 0.288209 0.224667
vt 0.289107 0.221191
vt 0.289088 0.224546
vt 0.291061 0.221475
vt 0.289933 0.224691
vt 0.292915 0.222238
vt 0.290718 0.225089
vt 0.294600 0.223443
vt 0.291314 0.225702
vt 0.289062 0.226562
vt 0.278896 0.217612
vt 0.282262 0.216080
vt 0.285708 0.215160
vt 0.289185 0.214886
vt 0.292645 0.215271
vt 0.296051 0.216303
vt 0.299343 0.217946
vt 0.281598 0.172291
vt 0.283357 0.159781
vt 0.290190 0.172354
vt 0.290588 0.159890
vt 0.297482 0.172118
vt 0.297829 0.159979
vt 0.305025 0.172057
vt 0.305035 0.160004
vt 0.312882 0.172099
vt 0.312549 0.159739
vt 0.281105 0.159133
vt 0.283734 0.148654
vt 0.290868 0.148439
vt 0.297845 0.148374
vt 0.304725 0.148149
vt 0.311835 0.147429
vt 0.287744 0.137577
vt 0.291034 0.138457
vt 0.297003 0.138577
vt 0.303962 0.138093
vt 0.310249 0.137214
vt 0.291330 0.129708
vt 0.296420 0.131123
vt 0.303357 0.130777
vt 0.308900 0.129993
vt 0.275314 0.176374
vt 0.267987 0.180013
vt 0.068024 0.760832
vt 0.061686 0.759870
vt 0.078125 0.760657
vt 0.193319 0.270108
vt 0.187500 0.269936
vt 0.204997 0.270333
vt 0.200310 0.270519
vt 0.201230 0.261976
vt 0.078125 0.769255
vt 0.067287 0.769390
vt 0.058644 0.768579
vt 0.066347 0.779704
vt 0.078125 0.779584
vt 0.207354 0.278202
vt 0.202498 0.279065
vt 0.195151 0.278989
vt 0.187500 0.278946
vt 0.197107 0.289789
vt 0.187500 0.289857
vt 0.204131 0.289612
vt 0.078125 0.791135
vt 0.065546 0.791210
vt 0.064438 0.803953
vt 0.078125 0.803947
vt 0.205591 0.301535
vt 0.198121 0.301685
vt 0.187500 0.301809
vt 0.198477 0.314744
vt 0.187500 0.314927
vt 0.206771 0.314651
vt 0.078125 0.817909
vt 0.063163 0.817830
vt 0.062332 0.832539
vt 0.046630 0.832290
vt 0.078125 0.832659
vt 0.035245 0.831677
vt 0.026197 0.831025
vt 0.028189 0.814551
vt 0.230300 0.343282
vt 0.218871 0.343743
vt 0.239428 0.342743
vt 0.207630 0.328795
vt 0.187500 0.329068
vt 0.197854 0.328697
vt 0.187500 0.343891
vt 0.195956 0.343708
vt 0.207590 0.343976
vt 0.078125 0.847935
vt 0.061825 0.847831
vt 0.046289 0.847870
vt 0.061670 0.863417
vt 0.046600 0.863395
vt 0.078125 0.863463
vt 0.034444 0.847454
vt 0.025259 0.847199
vt 0.034499 0.863418
vt 0.025243 0.863585
vt 0.240366 0.358918
vt 0.230946 0.359121
vt 0.218633 0.359256
vt 0.230881 0.375107
vt 0.218696 0.375048
vt 0.240382 0.375303
vt 0.206151 0.359402
vt 0.187500 0.359355
vt 0.192073 0.359305
vt 0.203673 0.375035
vt 0.187500 0.379469
vt 0.191320 0.367625
vt 0.187500 0.370450
vt 0.078125 0.878985
vt 0.061837 0.879001
vt 0.047381 0.879121
vt 0.062493 0.894326
vt 0.048665 0.894592
vt 0.078125 0.894243
vt 0.035737 0.879387
vt 0.026577 0.879991
vt 0.037641 0.895108
vt 0.028803 0.896102
vt 0.239048 0.391710
vt 0.229625 0.391089
vt 0.217866 0.390798
vt 0.227710 0.406814
vt 0.216566 0.406280
vt 0.236822 0.407820
vt 0.203423 0.390642
vt 0.187500 0.390651
vt 0.202754 0.405993
vt 0.187500 0.405955
vt 0.078125 0.908981
vt 0.063513 0.909128
vt 0.050638 0.909520
vt 0.064855 0.923158
vt 0.053209 0.923648
vt 0.078125 0.922961
vt 0.040378 0.910274
vt 0.032040 0.911662
vt 0.043893 0.924610
vt 0.036210 0.926360
vt 0.233585 0.423380
vt 0.224971 0.421984
vt 0.214596 0.421219
vt 0.221463 0.436325
vt 0.212039 0.435355
vt 0.229415 0.438078
vt 0.201746 0.420815
vt 0.187500 0.420707
vt 0.200431 0.434860
vt 0.187500 0.434680
vt 0.078125 0.935942
vt 0.066617 0.936186
vt 0.056447 0.936797
vt 0.068558 0.948008
vt 0.059963 0.948756
vt 0.078125 0.947721
vt 0.048171 0.937980
vt 0.041275 0.940016
vt 0.052879 0.950122
vt 0.046900 0.952333
vt 0.224350 0.451735
vt 0.217198 0.449698
vt 0.208819 0.448512
vt 0.212502 0.461843
vt 0.205329 0.460477
vt 0.218725 0.464051
vt 0.198700 0.447898
vt 0.187500 0.447662
vt 0.196800 0.459725
vt 0.187500 0.459442
vt 0.078125 0.958103
vt 0.070539 0.958414
vt 0.063571 0.959239
vt 0.072523 0.967280
vt 0.067238 0.968125
vt 0.078125 0.966958
vt 0.057686 0.960708
vt 0.052714 0.962975
vt 0.062598 0.969607
vt 0.058679 0.971804
vt 0.212912 0.474694
vt 0.207716 0.472432
vt 0.201761 0.470963
vt 0.202838 0.481332
vt 0.198146 0.479850
vt 0.206946 0.483523
vt 0.194869 0.470134
vt 0.187500 0.469823
vt 0.192941 0.479001
vt 0.187500 0.478673
vt 0.078125 0.974185
vt 0.074411 0.974494
vt 0.070732 0.975306
vt 0.075949 0.980140
vt 0.073673 0.980828
vt 0.078125 0.979873
vt 0.067283 0.976675
vt 0.064404 0.978610
vt 0.071399 0.981945
vt 0.069530 0.983444
vt 0.201221 0.490329
vt 0.198201 0.488401
vt 0.194722 0.487031
vt 0.194138 0.493670
vt 0.191853 0.492553
vt 0.196095 0.495163
vt 0.191114 0.486215
vt 0.187500 0.485893
vt 0.189636 0.491860
vt 0.187500 0.491583
vt 0.078125 0.983511
vt 0.078125 0.985951
vt 0.076190 0.983972
vt 0.077145 0.986223
vt 0.078125 0.988281
vt 0.076098 0.986833
vt 0.074137 0.985013
vt 0.075601 0.987436
vt 0.073059 0.986053
vt 0.192566 0.497771
vt 0.190024 0.499155
vt 0.191449 0.496737
vt 0.189519 0.498559
vt 0.189413 0.495695
vt 0.188498 0.497949
vt 0.187500 0.500000
vt 0.187500 0.497660
vt 0.187500 0.495222
vt 0.199036 0.344215
vt 0.195034 0.359817
vt 0.200958 0.329038
vt 0.201579 0.314939
vt 0.201224 0.301777
vt 0.200204 0.289797
vt 0.198422 0.279208
vt 0.196443 0.270450
vt 0.189197 0.366047
vt 0.187500 0.367550
vt 0.092692 0.756478
vt 0.085569 0.759177
vt 0.095580 0.754733
vt 0.174891 0.267879
vt 0.171212 0.266586
vt 0.182153 0.269555
vt 0.087373 0.768162
vt 0.096447 0.765349
vt 0.089910 0.778976
vt 0.101181 0.776067
vt 0.100130 0.763374
vt 0.105739 0.774023
vt 0.172304 0.277330
vt 0.168258 0.276073
vt 0.169850 0.288972
vt 0.164701 0.287747
vt 0.180320 0.278152
vt 0.178679 0.289534
vt 0.091961 0.790672
vt 0.106717 0.788199
vt 0.106932 0.802642
vt 0.092959 0.803639
vt 0.112317 0.786514
vt 0.114962 0.802059
vt 0.161136 0.300994
vt 0.168399 0.301805
vt 0.160444 0.315125
vt 0.151703 0.314761
vt 0.177547 0.301845
vt 0.176989 0.315000
vt 0.167716 0.315155
vt 0.093494 0.817712
vt 0.107106 0.817339
vt 0.093860 0.832583
vt 0.107901 0.832461
vt 0.117096 0.817172
vt 0.123350 0.803757
vt 0.125761 0.816476
vt 0.119084 0.832238
vt 0.127953 0.831669
vt 0.148574 0.329032
vt 0.142275 0.315476
vt 0.139864 0.328195
vt 0.159069 0.329319
vt 0.157988 0.344216
vt 0.146727 0.343982
vt 0.137672 0.343388
vt 0.167331 0.329328
vt 0.177364 0.328979
vt 0.179215 0.343871
vt 0.167088 0.344172
vt 0.094102 0.847931
vt 0.108549 0.847914
vt 0.094152 0.863501
vt 0.108729 0.863576
vt 0.120089 0.847811
vt 0.129246 0.847534
vt 0.120367 0.863654
vt 0.129596 0.863737
vt 0.145712 0.359518
vt 0.136379 0.359252
vt 0.157273 0.359605
vt 0.157101 0.375261
vt 0.145458 0.375356
vt 0.136029 0.375456
vt 0.167914 0.359571
vt 0.183017 0.359368
vt 0.171523 0.375145
vt 0.183731 0.367660
vt 0.093914 0.879051
vt 0.108302 0.879222
vt 0.107097 0.894606
vt 0.093275 0.894335
vt 0.119769 0.879501
vt 0.128906 0.879991
vt 0.126968 0.896021
vt 0.118119 0.895103
vt 0.136719 0.391709
vt 0.146050 0.391204
vt 0.157525 0.390902
vt 0.147701 0.406805
vt 0.158733 0.406290
vt 0.138657 0.407740
vt 0.171767 0.390697
vt 0.172404 0.406000
vt 0.092315 0.909096
vt 0.105238 0.909473
vt 0.102848 0.923574
vt 0.091070 0.923100
vt 0.115539 0.910200
vt 0.123903 0.911519
vt 0.119950 0.926190
vt 0.112245 0.924509
vt 0.141722 0.423238
vt 0.150284 0.421905
vt 0.160598 0.421165
vt 0.153577 0.436218
vt 0.162987 0.435274
vt 0.145674 0.437909
vt 0.173369 0.420779
vt 0.174623 0.434796
vt 0.089406 0.936107
vt 0.099723 0.936683
vt 0.096210 0.948584
vt 0.087552 0.947911
vt 0.108071 0.937818
vt 0.114991 0.939807
vt 0.109363 0.952063
vt 0.103357 0.949893
vt 0.150635 0.451526
vt 0.157744 0.449530
vt 0.166116 0.448390
vt 0.162454 0.461607
vt 0.169636 0.460295
vt 0.156262 0.463782
vt 0.176310 0.447813
vt 0.178192 0.459621
vt 0.085667 0.958315
vt 0.092656 0.959050
vt 0.089060 0.967946
vt 0.083758 0.967187
vt 0.098570 0.960446
vt 0.103574 0.962657
vt 0.097679 0.971482
vt 0.093726 0.969351
vt 0.162051 0.474376
vt 0.167234 0.472162
vt 0.173187 0.470763
vt 0.172058 0.481067
vt 0.176765 0.479658
vt 0.167946 0.483201
vt 0.180093 0.470027
vt 0.182007 0.478900
vt 0.081920 0.974418
vt 0.085616 0.975153
vt 0.082698 0.980709
vt 0.080410 0.980082
vt 0.089091 0.976448
vt 0.092004 0.978317
vt 0.086893 0.983201
vt 0.084995 0.981760
vt 0.173621 0.490035
vt 0.176662 0.488162
vt 0.180178 0.486863
vt 0.180723 0.493472
vt 0.183054 0.492417
vt 0.178732 0.494919
vt 0.183834 0.486129
vt 0.185320 0.491792
vt 0.080181 0.983905
vt 0.079217 0.986183
vt 0.082254 0.984868
vt 0.080273 0.986733
vt 0.083351 0.985859
vt 0.080788 0.987293
vt 0.182274 0.497577
vt 0.183425 0.496577
vt 0.184837 0.499012
vt 0.185373 0.498442
vt 0.185525 0.495613
vt 0.186456 0.497889
vt 0.176163 0.344429
vt 0.180086 0.359920
vt 0.174303 0.329394
vt 0.173929 0.315297
vt 0.174489 0.302029
vt 0.175666 0.289535
vt 0.177719 0.278323
vt 0.179754 0.269131
vt 0.185817 0.366064
vt 0.028735 0.808919
vt 0.038364 0.805658
vt 0.262817 0.247064
vt 0.271076 0.250326
vt 0.277847 0.171397
vt 0.224404 0.312022
vt 0.123157 0.801800
vt 0.116887 0.795192
vt 0.199030 0.256896
vt 0.142468 0.313519
vt 0.151969 0.308401
vt 0.155141 0.300244
vt 0.160484 0.286503
vt 0.165023 0.274831
vt 0.168633 0.265548
vt 0.172030 0.256811
vt 0.386196 0.601238
vt 0.398438 0.602241
vt 0.385835 0.603013
vt 0.398438 0.604095
vt 0.375978 0.600402
vt 0.376304 0.598936
vt 0.360900 0.595673
vt 0.367667 0.597047
vt 0.360803 0.596721
vt 0.367457 0.598322
vt 0.356751 0.595660
vt 0.356938 0.596600
vt 0.354460 0.597369
vt 0.355371 0.597792
vt 0.355062 0.600317
vt 0.354014 0.600227
vt 0.353159 0.608464
vt 0.354508 0.608159
vt 0.353748 0.620098
vt 0.352078 0.620107
vt 0.353402 0.649336
vt 0.351963 0.633961
vt 0.355056 0.649042
vt 0.353674 0.633856
vt 0.359108 0.665628
vt 0.361007 0.665363
vt 0.398438 0.605469
vt 0.385802 0.604392
vt 0.375830 0.601681
vt 0.367165 0.599338
vt 0.360675 0.597675
vt 0.355497 0.608061
vt 0.354917 0.620324
vt 0.354965 0.634205
vt 0.356384 0.649294
vt 0.362534 0.665283
vt 0.357119 0.597431
vt 0.356112 0.598127
vt 0.355916 0.600434
vt 0.500000 0.786373
vt 0.487861 0.787452
vt 0.500000 0.785156
vt 0.487364 0.786232
vt 0.477899 0.790017
vt 0.477393 0.788944
vt 0.469176 0.792332
vt 0.462369 0.794238
vt 0.468728 0.791287
vt 0.462005 0.793195
vt 0.458270 0.793589
vt 0.458362 0.794760
vt 0.457597 0.792968
vt 0.456749 0.793813
vt 0.456363 0.790267
vt 0.457555 0.790432
vt 0.457060 0.782564
vt 0.455885 0.782418
vt 0.456480 0.770301
vt 0.455252 0.769969
vt 0.456527 0.756420
vt 0.455249 0.755751
vt 0.457946 0.741331
vt 0.456721 0.740479
vt 0.464097 0.725342
vt 0.462795 0.724679
vt 0.355410 0.760450
vt 0.356182 0.741909
vt 0.373871 0.762899
vt 0.375531 0.743210
vt 0.419592 0.865813
vt 0.422052 0.881452
vt 0.400762 0.870191
vt 0.405326 0.887261
vt 0.387189 0.818976
vt 0.383207 0.816449
vt 0.399012 0.815674
vt 0.393840 0.805185
vt 0.426624 0.790398
vt 0.431791 0.806195
vt 0.411190 0.800727
vt 0.413856 0.810914
vt 0.355696 0.794814
vt 0.373611 0.792555
vt 0.357686 0.810992
vt 0.375010 0.806842
vt 0.391553 0.792165
vt 0.390841 0.781050
vt 0.404566 0.792594
vt 0.407589 0.783521
vt 0.382578 0.882224
vt 0.379868 0.861806
vt 0.375776 0.870008
vt 0.386611 0.843937
vt 0.388133 0.835417
vt 0.401318 0.843085
vt 0.401123 0.833177
vt 0.365378 0.820909
vt 0.376828 0.817056
vt 0.417821 0.851840
vt 0.401017 0.853376
vt 0.416450 0.831077
vt 0.416953 0.840884
vt 0.388549 0.827059
vt 0.400621 0.824543
vt 0.415342 0.821952
vt 0.355066 0.779436
vt 0.373585 0.779601
vt 0.388824 0.895114
vt 0.384188 0.852495
vt 0.391405 0.766016
vt 0.394594 0.747343
vt 0.378882 0.722439
vt 0.356447 0.726014
vt 0.368969 0.705138
vt 0.353914 0.710512
vt 0.363070 0.698370
vt 0.370302 0.695208
vt 0.376103 0.689866
vt 0.380410 0.697035
vt 0.389996 0.705148
vt 0.397820 0.691572
vt 0.387488 0.686308
vt 0.380998 0.683001
vt 0.464193 0.802545
vt 0.471557 0.801164
vt 0.466063 0.806893
vt 0.474811 0.806239
vt 0.450538 0.799569
vt 0.455229 0.795791
vt 0.455846 0.802594
vt 0.458017 0.797045
vt 0.448524 0.790769
vt 0.454266 0.790829
vt 0.453586 0.781804
vt 0.447314 0.779431
vt 0.452696 0.769497
vt 0.446346 0.767473
vt 0.480163 0.798721
vt 0.489899 0.797007
vt 0.483913 0.805331
vt 0.492641 0.804196
vt 0.448817 0.736131
vt 0.454428 0.739460
vt 0.446633 0.752727
vt 0.452822 0.755047
vt 0.441018 0.731728
vt 0.437999 0.747572
vt 0.403704 0.712955
vt 0.398134 0.729017
vt 0.500000 0.796340
vt 0.500000 0.803740
vt 0.454572 0.720489
vt 0.460516 0.723518
vt 0.447047 0.716655
vt 0.430393 0.725814
vt 0.417198 0.718725
vt 0.436590 0.711327
vt 0.423595 0.704705
vt 0.410241 0.697901
vt 0.426320 0.741421
vt 0.437712 0.777020
vt 0.436910 0.762617
vt 0.442696 0.802833
vt 0.454445 0.806765
vt 0.438861 0.789394
vt 0.264247 0.042732
vt 0.258344 0.040247
vt 0.257544 0.032177
vt 0.251667 0.031641
vt 0.262329 0.024067
vt 0.252978 0.021136
vt 0.247150 0.022644
vt 0.258316 0.049939
vt 0.263862 0.052243
vt 0.273088 0.035793
vt 0.276019 0.026381
vt 0.264647 0.014983
vt 0.278583 0.016886
vt 0.260749 0.063430
vt 0.254335 0.059003
vt 0.261369 0.062741
vt 0.270723 0.045348
vt 0.283145 0.049250
vt 0.268507 0.054778
vt 0.280127 0.058979
vt 0.286446 0.039679
vt 0.289851 0.030663
vt 0.293536 0.021548
vt 0.277940 0.077926
vt 0.277822 0.069604
vt 0.292764 0.079473
vt 0.293020 0.070980
vt 0.294412 0.062442
vt 0.296651 0.053821
vt 0.299640 0.045359
vt 0.303359 0.037304
vt 0.307891 0.029759
vt 0.306063 0.078742
vt 0.305966 0.072016
vt 0.306989 0.065287
vt 0.308990 0.058608
vt 0.311881 0.052229
vt 0.315605 0.046419
vt 0.320197 0.041381
vt 0.317302 0.076709
vt 0.316884 0.072280
vt 0.317535 0.067852
vt 0.319081 0.063524
vt 0.321401 0.059550
vt 0.324401 0.056172
vt 0.328045 0.053603
vt 0.326340 0.073520
vt 0.325949 0.071641
vt 0.326165 0.069672
vt 0.326905 0.067791
vt 0.328068 0.066129
vt 0.329575 0.064843
vt 0.331353 0.064070
vt 0.332031 0.070312
vt 0.267996 0.077596
vt 0.263963 0.069774
vt 0.272767 0.073607
vt 0.266013 0.067948
vt 0.257679 0.082663
vt 0.260394 0.090865
vt 0.248403 0.087914
vt 0.251455 0.095104
vt 0.269667 0.088371
vt 0.279283 0.088250
vt 0.242635 0.100704
vt 0.250202 0.108464
vt 0.256449 0.103435
vt 0.263303 0.099834
vt 0.270618 0.098246
vt 0.278275 0.098572
vt 0.257644 0.113610
vt 0.261329 0.109743
vt 0.265790 0.107118
vt 0.270758 0.106271
vt 0.275859 0.107024
vt 0.264805 0.116513
vt 0.266129 0.114594
vt 0.268028 0.113335
vt 0.270252 0.113055
vt 0.272449 0.113710
vt 0.269531 0.117188
vt 0.449780 0.045571
vt 0.438964 0.049687
vt 0.448174 0.036983
vt 0.434048 0.040727
vt 0.446268 0.028176
vt 0.430822 0.032186
vt 0.444125 0.020571
vt 0.428308 0.023472
vt 0.441768 0.014603
vt 0.426760 0.014983
vt 0.441107 0.053590
vt 0.429834 0.063440
vt 0.428867 0.061575
vt 0.425795 0.053734
vt 0.422194 0.044517
vt 0.418855 0.035421
vt 0.415686 0.026247
vt 0.412823 0.016886
vt 0.414223 0.068883
vt 0.421754 0.070401
vt 0.413466 0.077926
vt 0.411981 0.058549
vt 0.409117 0.048840
vt 0.405693 0.039308
vt 0.402014 0.030413
vt 0.397871 0.021548
vt 0.398643 0.079473
vt 0.398650 0.070721
vt 0.397666 0.062135
vt 0.395553 0.053473
vt 0.392447 0.044992
vt 0.388448 0.037003
vt 0.383516 0.029759
vt 0.385343 0.078742
vt 0.385760 0.071962
vt 0.384970 0.065135
vt 0.383020 0.058373
vt 0.380001 0.051942
vt 0.376038 0.046165
vt 0.371209 0.041381
vt 0.374105 0.076709
vt 0.374753 0.072318
vt 0.374246 0.067816
vt 0.372699 0.063416
vt 0.370257 0.059387
vt 0.367073 0.056013
vt 0.363361 0.053603
vt 0.365066 0.073520
vt 0.365550 0.071681
vt 0.365389 0.069716
vt 0.364651 0.067800
vt 0.363439 0.066110
vt 0.361869 0.064817
vt 0.360054 0.064070
vt 0.359375 0.070312
vt 0.449650 0.074571
vt 0.440114 0.068102
vt 0.452750 0.064550
vt 0.445252 0.057594
vt 0.431573 0.064265
vt 0.458458 0.081860
vt 0.444826 0.085931
vt 0.453624 0.092750
vt 0.435001 0.080867
vt 0.424111 0.077481
vt 0.448771 0.100704
vt 0.440533 0.094885
vt 0.431796 0.090537
vt 0.422309 0.088400
vt 0.412123 0.088250
vt 0.441204 0.108464
vt 0.435401 0.103256
vt 0.428666 0.099622
vt 0.421066 0.098173
vt 0.413132 0.098572
vt 0.433762 0.113610
vt 0.430388 0.109676
vt 0.425955 0.107025
vt 0.420752 0.106238
vt 0.415547 0.107024
vt 0.426601 0.116513
vt 0.425418 0.114615
vt 0.423537 0.113332
vt 0.421223 0.113059
vt 0.418957 0.113710
vt 0.421875 0.117188
vt 0.457446 0.018204
vt 0.452597 0.013493
vt 0.459268 0.024573
vt 0.460569 0.033045
vt 0.459588 0.049542
vt 0.460368 0.041945
vt 0.464736 0.047062
vt 0.466258 0.038542
vt 0.232948 0.081860
vt 0.245272 0.080075
vt 0.237782 0.092750
vt 0.253392 0.826284
vt 0.235603 0.818586
vt 0.256656 0.813879
vt 0.239633 0.805846
vt 0.249541 0.840969
vt 0.231488 0.833669
vt 0.218005 0.810825
vt 0.213742 0.827032
vt 0.202512 0.804317
vt 0.222934 0.797085
vt 0.208241 0.789196
vt 0.197924 0.821927
vt 0.186582 0.798523
vt 0.181652 0.817959
vt 0.194448 0.841683
vt 0.192382 0.861840
vt 0.179281 0.839363
vt 0.178210 0.861001
vt 0.244602 0.857395
vt 0.227002 0.850692
vt 0.239444 0.873392
vt 0.223035 0.867658
vt 0.209631 0.845232
vt 0.206655 0.863796
vt 0.234090 0.888246
vt 0.219660 0.884074
vt 0.229397 0.899509
vt 0.218274 0.900372
vt 0.204593 0.882269
vt 0.204221 0.901147
vt 0.191183 0.881682
vt 0.191104 0.901583
vt 0.177684 0.881333
vt 0.177685 0.901689
vt 0.178556 0.922366
vt 0.192976 0.921662
vt 0.180076 0.943734
vt 0.195859 0.942228
vt 0.222766 0.916395
vt 0.236811 0.909519
vt 0.230524 0.932799
vt 0.247197 0.923410
vt 0.207187 0.920082
vt 0.211818 0.939284
vt 0.240053 0.949996
vt 0.258680 0.938399
vt 0.270951 0.954474
vt 0.250605 0.967370
vt 0.219346 0.956640
vt 0.237509 0.974329
vt 0.198219 0.956170
vt 0.215111 0.969568
vt 0.199948 0.966796
vt 0.483966 0.950345
vt 0.482316 0.964791
vt 0.467517 0.948677
vt 0.465051 0.962523
vt 0.413458 0.967370
vt 0.393112 0.954474
vt 0.423181 0.952458
vt 0.404785 0.940055
vt 0.415448 0.927012
vt 0.432198 0.937052
vt 0.442978 0.960689
vt 0.451397 0.944621
vt 0.424649 0.915490
vt 0.439204 0.923293
vt 0.431447 0.907341
vt 0.442897 0.909700
vt 0.455305 0.928040
vt 0.457597 0.911976
vt 0.470390 0.930515
vt 0.471786 0.913289
vt 0.486168 0.913566
vt 0.485558 0.931335
vt 0.470981 0.879903
vt 0.485944 0.880022
vt 0.471514 0.896442
vt 0.486023 0.896576
vt 0.441404 0.895141
vt 0.426509 0.896459
vt 0.438864 0.879827
vt 0.457064 0.895765
vt 0.455770 0.879657
vt 0.336227 0.779620
vt 0.336681 0.759649
vt 0.337407 0.741500
vt 0.321101 0.711384
vt 0.317789 0.726065
vt 0.303672 0.706917
vt 0.288125 0.722812
vt 0.274788 0.709177
vt 0.291613 0.697916
vt 0.316277 0.779893
vt 0.316070 0.759985
vt 0.297283 0.779601
vt 0.295345 0.762118
vt 0.316319 0.742107
vt 0.293565 0.744147
vt 0.279927 0.780020
vt 0.275356 0.765917
vt 0.268297 0.779254
vt 0.260352 0.772127
vt 0.267114 0.749977
vt 0.249087 0.760598
vt 0.258685 0.736336
vt 0.238994 0.749147
vt 0.249898 0.722798
vt 0.228584 0.737278
vt 0.312195 0.846844
vt 0.292487 0.840674
vt 0.313802 0.830455
vt 0.294670 0.826359
vt 0.332031 0.850885
vt 0.333339 0.833641
vt 0.329956 0.867910
vt 0.308933 0.863814
vt 0.288883 0.856947
vt 0.272981 0.833983
vt 0.275663 0.820953
vt 0.269260 0.849094
vt 0.350018 0.849258
vt 0.334106 0.867910
vt 0.356426 0.857836
vt 0.364185 0.877533
vt 0.364876 0.891818
vt 0.355982 0.871151
vt 0.342794 0.893748
vt 0.412844 0.902851
vt 0.399937 0.912417
vt 0.372460 0.905103
vt 0.386618 0.923865
vt 0.355520 0.916546
vt 0.372920 0.936593
vt 0.263611 0.865902
vt 0.282338 0.874906
vt 0.273893 0.892594
vt 0.256765 0.882114
vt 0.301399 0.884383
vt 0.321268 0.893748
vt 0.291046 0.904147
vt 0.308543 0.916546
vt 0.262258 0.908982
vt 0.276624 0.922315
vt 0.291143 0.936593
vt 0.248469 0.897200
vt 0.348384 0.839232
vt 0.355412 0.829787
vt 0.338521 0.814752
vt 0.315047 0.813614
vt 0.296476 0.811086
vt 0.278245 0.807298
vt 0.260231 0.801298
vt 0.244515 0.792882
vt 0.316002 0.797601
vt 0.336723 0.797689
vt 0.297573 0.796458
vt 0.280103 0.794656
vt 0.264153 0.789863
vt 0.251177 0.781490
vt 0.465314 0.022101
vt 0.466674 0.030184
vt 0.464045 0.016750
vt 0.459122 0.012578
vt 0.232284 0.012578
vt 0.238809 0.013493
vt 0.242200 0.021806
vt 0.255211 0.074911
vt 0.266990 0.066371
vt 0.249638 0.014603
vt 0.259940 0.064646
vt 0.458425 0.066588
vt 0.463245 0.072742
vt 0.462986 0.064449
vt 0.458964 0.055746
vt 0.463174 0.055620
vt 0.462391 0.972696
vt 0.448115 0.972496
vt 0.226787 0.979267
vt 0.164062 0.958499
vt 0.169532 0.969468
vt 0.164062 0.970278
vt 0.182535 0.967075
vt 0.181270 0.957281
vt 0.312452 0.701442
vt 0.324149 0.704496
vt 0.302781 0.697184
vt 0.296712 0.692136
vt 0.338622 0.712041
vt 0.337917 0.727499
vt 0.339166 0.705368
vt 0.352693 0.702895
vt 0.500000 0.966429
vt 0.500000 0.977828
vt 0.494281 0.977355
vt 0.456390 0.054907
vt 0.500000 0.950543
vt 0.500000 0.931496
vt 0.500000 0.913773
vt 0.500000 0.896536
vt 0.500000 0.880191
vt 0.226435 0.760676
vt 0.238019 0.770924
vt 0.229447 0.783016
vt 0.216304 0.773764
vt 0.426553 0.974329
vt 0.437276 0.979267
vt 0.286000 0.689045
vt 0.292452 0.686155
vt 0.266944 0.696202
vt 0.240920 0.708634
vt 0.217766 0.724400
vt 0.214541 0.750143
vt 0.202314 0.738808
vt 0.188686 0.754613
vt 0.202760 0.764526
vt 0.177154 0.773961
vt 0.193151 0.781601
vt 0.169339 0.793729
vt 0.164062 0.814775
vt 0.164062 0.838088
vt 0.164062 0.860232
vt 0.164062 0.881585
vt 0.164062 0.901412
vt 0.164062 0.921800
vt 0.164062 0.943180
vt 0.480589 0.975067
vt 0.467739 0.973865
vt 0.425336 0.773902
vt 0.424925 0.757295
vt 0.412726 0.734999
vt 0.408604 0.769609
vt 0.410070 0.751377
vt 0.251915 0.069770
vt 0.242756 0.075432
vt 0.228161 0.072742
vt 0.500000 0.788662
vt 0.488160 0.789782
vt 0.478240 0.792120
vt 0.462543 0.796275
vt 0.469479 0.794450
vt 0.500001 0.985601
vt 0.490996 0.982920
vt 0.479355 0.981978
vt 0.469434 0.980282
vt 0.460078 0.978296
vt 0.449596 0.980056
vt 0.445073 0.982778
vt 0.218990 0.982778
vt 0.213209 0.978267
vt 0.202201 0.974500
vt 0.183550 0.975082
vt 0.171600 0.977055
vt 0.164062 0.982082
vt 0.601562 0.604095
vt 0.601562 0.602241
vt 0.614164 0.603013
vt 0.613804 0.601238
vt 0.624021 0.600402
vt 0.623696 0.598936
vt 0.639100 0.595673
vt 0.639197 0.596721
vt 0.632332 0.597047
vt 0.632543 0.598322
vt 0.643062 0.596600
vt 0.643249 0.595660
vt 0.645540 0.597369
vt 0.644629 0.597792
vt 0.645986 0.600227
vt 0.644938 0.600317
vt 0.645492 0.608159
vt 0.646841 0.608464
vt 0.647923 0.620107
vt 0.646252 0.620098
vt 0.646598 0.649336
vt 0.644944 0.649042
vt 0.648037 0.633961
vt 0.646326 0.633856
vt 0.640892 0.665628
vt 0.638993 0.665363
vt 0.614199 0.604392
vt 0.601562 0.605469
vt 0.624170 0.601681
vt 0.632835 0.599339
vt 0.639325 0.597675
vt 0.644503 0.608061
vt 0.645083 0.620326
vt 0.645035 0.634205
vt 0.643616 0.649294
vt 0.637466 0.665283
vt 0.642881 0.597431
vt 0.643888 0.598127
vt 0.644084 0.600434
vt 0.512636 0.786232
vt 0.512139 0.787452
vt 0.522607 0.788944
vt 0.522101 0.790017
vt 0.530824 0.792332
vt 0.531272 0.791286
vt 0.537631 0.794238
vt 0.537995 0.793195
vt 0.541730 0.793589
vt 0.541638 0.794760
vt 0.542403 0.792968
vt 0.543250 0.793813
vt 0.542445 0.790432
vt 0.543637 0.790267
vt 0.542940 0.782564
vt 0.544115 0.782418
vt 0.543521 0.770301
vt 0.544748 0.769969
vt 0.543473 0.756420
vt 0.542054 0.741331
vt 0.544751 0.755751
vt 0.543279 0.740479
vt 0.535903 0.725342
vt 0.537205 0.724679
vt 0.624469 0.743210
vt 0.643818 0.741909
vt 0.626129 0.762899
vt 0.644589 0.760450
vt 0.594674 0.887261
vt 0.577948 0.881452
vt 0.599238 0.870191
vt 0.580408 0.865813
vt 0.612811 0.818976
vt 0.600988 0.815674
vt 0.616793 0.816449
vt 0.606160 0.805185
vt 0.586144 0.810914
vt 0.568210 0.806195
vt 0.588810 0.800727
vt 0.573376 0.790398
vt 0.644304 0.794814
vt 0.642314 0.810992
vt 0.626388 0.792555
vt 0.624990 0.806842
vt 0.608447 0.792165
vt 0.595434 0.792594
vt 0.609159 0.781050
vt 0.592411 0.783521
vt 0.620132 0.861806
vt 0.617422 0.882224
vt 0.624224 0.870008
vt 0.613389 0.843937
vt 0.598682 0.843085
vt 0.611866 0.835417
vt 0.598877 0.833177
vt 0.623172 0.817056
vt 0.634622 0.820909
vt 0.582179 0.851840
vt 0.598983 0.853376
vt 0.583047 0.840884
vt 0.583550 0.831077
vt 0.611451 0.827059
vt 0.599379 0.824543
vt 0.584658 0.821952
vt 0.644934 0.779436
vt 0.626415 0.779601
vt 0.611176 0.895114
vt 0.615812 0.852495
vt 0.608595 0.766016
vt 0.605407 0.747343
vt 0.646086 0.710512
vt 0.643553 0.726014
vt 0.631031 0.705138
vt 0.621117 0.722439
vt 0.636930 0.698370
vt 0.647307 0.702895
vt 0.623896 0.689866
vt 0.629698 0.695208
vt 0.619590 0.697035
vt 0.610004 0.705148
vt 0.602180 0.691572
vt 0.612512 0.686308
vt 0.619002 0.683001
vt 0.541983 0.797045
vt 0.544771 0.795791
vt 0.544153 0.802594
vt 0.549462 0.799569
vt 0.545734 0.790829
vt 0.551476 0.790769
vt 0.546414 0.781804
vt 0.547304 0.769497
vt 0.552686 0.779431
vt 0.553654 0.767473
vt 0.547178 0.755047
vt 0.545572 0.739460
vt 0.553367 0.752727
vt 0.551183 0.736131
vt 0.558981 0.731728
vt 0.562001 0.747572
vt 0.596296 0.712955
vt 0.601866 0.729017
vt 0.539484 0.723518
vt 0.545428 0.720489
vt 0.552953 0.716655
vt 0.576405 0.704705
vt 0.582802 0.718725
vt 0.563410 0.711327
vt 0.569606 0.725814
vt 0.589759 0.697901
vt 0.573680 0.741421
vt 0.563090 0.762617
vt 0.562288 0.777020
vt 0.557304 0.802833
vt 0.545555 0.806765
vt 0.561139 0.789394
vt 0.547201 0.811635
vt 0.748333 0.031641
vt 0.741656 0.040247
vt 0.742456 0.032174
vt 0.735753 0.042733
vt 0.737671 0.024067
vt 0.747022 0.021136
vt 0.752850 0.022644
vt 0.736139 0.052239
vt 0.741684 0.049939
vt 0.726912 0.035793
vt 0.723981 0.026381
vt 0.735353 0.014983
vt 0.721417 0.016886
vt 0.739250 0.063430
vt 0.738630 0.062748
vt 0.745665 0.059003
vt 0.719873 0.058979
vt 0.716855 0.049250
vt 0.731493 0.054767
vt 0.729277 0.045347
vt 0.713554 0.039679
vt 0.710149 0.030663
vt 0.706465 0.021548
vt 0.722059 0.077926
vt 0.707236 0.079473
vt 0.722178 0.069604
vt 0.706981 0.070980
vt 0.705588 0.062442
vt 0.703349 0.053821
vt 0.700360 0.045359
vt 0.696641 0.037304
vt 0.692110 0.029759
vt 0.693937 0.078742
vt 0.694034 0.072016
vt 0.693011 0.065287
vt 0.691010 0.058608
vt 0.688119 0.052229
vt 0.684395 0.046419
vt 0.679803 0.041381
vt 0.682698 0.076709
vt 0.683116 0.072280
vt 0.682465 0.067852
vt 0.680919 0.063524
vt 0.678599 0.059550
vt 0.675599 0.056172
vt 0.671955 0.053603
vt 0.673660 0.073520
vt 0.674051 0.071641
vt 0.673835 0.069672
vt 0.673096 0.067791
vt 0.671932 0.066129
vt 0.670425 0.064843
vt 0.668647 0.064070
vt 0.667969 0.070312
vt 0.732004 0.077596
vt 0.727233 0.073607
vt 0.736037 0.069774
vt 0.733986 0.067958
vt 0.742321 0.082663
vt 0.751597 0.087914
vt 0.739606 0.090865
vt 0.748546 0.095104
vt 0.730333 0.088371
vt 0.720717 0.088250
vt 0.757365 0.100704
vt 0.749798 0.108464
vt 0.743551 0.103435
vt 0.736697 0.099834
vt 0.729382 0.098246
vt 0.721726 0.098572
vt 0.742356 0.113610
vt 0.738671 0.109743
vt 0.734210 0.107118
vt 0.729242 0.106271
vt 0.724141 0.107024
vt 0.735195 0.116513
vt 0.733872 0.114594
vt 0.731972 0.113335
vt 0.729748 0.113056
vt 0.727551 0.113710
vt 0.730469 0.117188
vt 0.550220 0.045571
vt 0.551826 0.036983
vt 0.561036 0.049687
vt 0.565952 0.040727
vt 0.553732 0.028176
vt 0.569179 0.032186
vt 0.555875 0.020571
vt 0.571693 0.023472
vt 0.558232 0.014603
vt 0.573240 0.014983
vt 0.558893 0.053590
vt 0.571133 0.061575
vt 0.570166 0.063440
vt 0.574205 0.053734
vt 0.577806 0.044517
vt 0.581145 0.035421
vt 0.584314 0.026247
vt 0.587177 0.016886
vt 0.585777 0.068883
vt 0.586534 0.077926
vt 0.578246 0.070401
vt 0.590883 0.048840
vt 0.588019 0.058549
vt 0.594307 0.039308
vt 0.597986 0.030413
vt 0.602129 0.021548
vt 0.601350 0.070721
vt 0.601358 0.079473
vt 0.602334 0.062135
vt 0.604447 0.053473
vt 0.607553 0.044992
vt 0.611552 0.037003
vt 0.616484 0.029759
vt 0.614240 0.071962
vt 0.614657 0.078742
vt 0.615031 0.065135
vt 0.616980 0.058373
vt 0.619999 0.051942
vt 0.623962 0.046165
vt 0.628791 0.041381
vt 0.625247 0.072318
vt 0.625895 0.076709
vt 0.625754 0.067816
vt 0.627301 0.063416
vt 0.629743 0.059387
vt 0.632927 0.056013
vt 0.636639 0.053603
vt 0.634450 0.071681
vt 0.634934 0.073520
vt 0.634611 0.069716
vt 0.635349 0.067800
vt 0.636561 0.066110
vt 0.638131 0.064817
vt 0.639946 0.064070
vt 0.640625 0.070312
vt 0.550349 0.074571
vt 0.547250 0.064550
vt 0.559886 0.068102
vt 0.554748 0.057594
vt 0.568427 0.064265
vt 0.555174 0.085931
vt 0.541542 0.081860
vt 0.546376 0.092750
vt 0.564999 0.080867
vt 0.575889 0.077481
vt 0.559466 0.094885
vt 0.551229 0.100704
vt 0.568204 0.090537
vt 0.577691 0.088400
vt 0.587877 0.088250
vt 0.564599 0.103256
vt 0.558796 0.108464
vt 0.571334 0.099622
vt 0.578934 0.098173
vt 0.586868 0.098572
vt 0.569612 0.109676
vt 0.566238 0.113610
vt 0.574045 0.107025
vt 0.579248 0.106238
vt 0.584453 0.107024
vt 0.574582 0.114615
vt 0.573399 0.116513
vt 0.576463 0.113332
vt 0.578778 0.113059
vt 0.581043 0.113710
vt 0.578125 0.117188
vt 0.542554 0.018204
vt 0.547403 0.013493
vt 0.540732 0.024573
vt 0.539430 0.033045
vt 0.540412 0.049542
vt 0.535264 0.047062
vt 0.539632 0.041945
vt 0.533741 0.038542
vt 0.767052 0.081860
vt 0.762218 0.092750
vt 0.754728 0.080075
vt 0.760367 0.805846
vt 0.764397 0.818586
vt 0.743344 0.813879
vt 0.746608 0.826284
vt 0.768512 0.833669
vt 0.750459 0.840969
vt 0.786258 0.827032
vt 0.781995 0.810825
vt 0.777066 0.797085
vt 0.797488 0.804317
vt 0.791759 0.789196
vt 0.802076 0.821927
vt 0.813418 0.798523
vt 0.818348 0.817959
vt 0.821790 0.861001
vt 0.807618 0.861840
vt 0.820719 0.839363
vt 0.805552 0.841683
vt 0.772998 0.850692
vt 0.755398 0.857395
vt 0.776965 0.867658
vt 0.760556 0.873392
vt 0.793346 0.863796
vt 0.790369 0.845232
vt 0.780340 0.884074
vt 0.765910 0.888246
vt 0.781726 0.900372
vt 0.770603 0.899509
vt 0.795780 0.901147
vt 0.795407 0.882269
vt 0.808817 0.881682
vt 0.808896 0.901583
vt 0.822316 0.901689
vt 0.822316 0.881333
vt 0.821444 0.922366
vt 0.819924 0.943734
vt 0.807024 0.921662
vt 0.804141 0.942228
vt 0.777234 0.916395
vt 0.763189 0.909519
vt 0.769476 0.932799
vt 0.752803 0.923410
vt 0.792813 0.920082
vt 0.788182 0.939284
vt 0.759947 0.949996
vt 0.741320 0.938399
vt 0.749395 0.967370
vt 0.729049 0.954474
vt 0.780654 0.956640
vt 0.762491 0.974329
vt 0.801781 0.956170
vt 0.784889 0.969568
vt 0.800052 0.966796
vt 0.534949 0.962523
vt 0.517684 0.964791
vt 0.532483 0.948677
vt 0.516034 0.950345
vt 0.586542 0.967370
vt 0.576819 0.952458
vt 0.606888 0.954474
vt 0.595215 0.940055
vt 0.567802 0.937052
vt 0.584552 0.927012
vt 0.548603 0.944621
vt 0.557022 0.960689
vt 0.560796 0.923293
vt 0.575351 0.915490
vt 0.557103 0.909700
vt 0.568553 0.907341
vt 0.542403 0.911976
vt 0.544695 0.928040
vt 0.529610 0.930515
vt 0.528214 0.913289
vt 0.514442 0.931335
vt 0.513832 0.913566
vt 0.529019 0.879903
vt 0.528486 0.896442
vt 0.514056 0.880022
vt 0.513977 0.896576
vt 0.558596 0.895141
vt 0.573491 0.896459
vt 0.561136 0.879827
vt 0.542936 0.895765
vt 0.544230 0.879657
vt 0.663319 0.759649
vt 0.663773 0.779620
vt 0.662593 0.741500
vt 0.711875 0.722812
vt 0.682211 0.726065
vt 0.696329 0.706917
vt 0.678900 0.711384
vt 0.725212 0.709177
vt 0.708387 0.697916
vt 0.683930 0.759985
vt 0.683723 0.779893
vt 0.704655 0.762118
vt 0.702717 0.779601
vt 0.683681 0.742107
vt 0.706435 0.744147
vt 0.724644 0.765917
vt 0.720073 0.780020
vt 0.739648 0.772127
vt 0.731703 0.779254
vt 0.750913 0.760598
vt 0.732885 0.749977
vt 0.741315 0.736336
vt 0.761006 0.749147
vt 0.771416 0.737278
vt 0.750102 0.722798
vt 0.705330 0.826359
vt 0.707513 0.840674
vt 0.686198 0.830455
vt 0.687805 0.846844
vt 0.666661 0.833641
vt 0.667969 0.850885
vt 0.691067 0.863814
vt 0.670044 0.867910
vt 0.711117 0.856947
vt 0.724337 0.820953
vt 0.727019 0.833983
vt 0.730740 0.849094
vt 0.665894 0.867910
vt 0.649982 0.849258
vt 0.643574 0.857836
vt 0.635124 0.891818
vt 0.635815 0.877533
vt 0.657206 0.893748
vt 0.644018 0.871151
vt 0.600063 0.912417
vt 0.587156 0.902851
vt 0.627080 0.936593
vt 0.613383 0.923865
vt 0.644480 0.916546
vt 0.627540 0.905103
vt 0.736390 0.865902
vt 0.717662 0.874906
vt 0.743235 0.882114
vt 0.726107 0.892594
vt 0.698600 0.884383
vt 0.678732 0.893748
vt 0.708954 0.904147
vt 0.691457 0.916546
vt 0.737742 0.908982
vt 0.723376 0.922315
vt 0.708857 0.936593
vt 0.751531 0.897200
vt 0.661479 0.814752
vt 0.644588 0.829787
vt 0.651616 0.839232
vt 0.684953 0.813614
vt 0.703524 0.811086
vt 0.721755 0.807298
vt 0.739769 0.801298
vt 0.755485 0.792882
vt 0.663277 0.797689
vt 0.683999 0.797601
vt 0.702427 0.796458
vt 0.719897 0.794656
vt 0.735847 0.789863
vt 0.748823 0.781490
vt 0.533326 0.030184
vt 0.534686 0.022101
vt 0.535955 0.016750
vt 0.540878 0.012578
vt 0.761191 0.013493
vt 0.757800 0.021806
vt 0.767716 0.012578
vt 0.744789 0.074911
vt 0.733010 0.066371
vt 0.750362 0.014603
vt 0.740061 0.064640
vt 0.537014 0.064449
vt 0.541574 0.066588
vt 0.536755 0.072742
vt 0.541036 0.055746
vt 0.536826 0.055620
vt 0.537609 0.972696
vt 0.551885 0.972496
vt 0.773213 0.979267
vt 0.835938 0.958499
vt 0.835938 0.970278
vt 0.830468 0.969468
vt 0.817465 0.967075
vt 0.818730 0.957281
vt 0.687548 0.701442
vt 0.697219 0.697184
vt 0.703287 0.692136
vt 0.662083 0.727499
vt 0.661378 0.712041
vt 0.660834 0.705368
vt 0.675851 0.704496
vt 0.505719 0.977355
vt 0.543610 0.054907
vt 0.761981 0.770924
vt 0.773565 0.760676
vt 0.770553 0.783016
vt 0.783696 0.773764
vt 0.573668 0.974329
vt 0.562945 0.979267
vt 0.714000 0.689045
vt 0.707548 0.686155
vt 0.733056 0.696202
vt 0.759081 0.708634
vt 0.782233 0.724400
vt 0.797686 0.738808
vt 0.785459 0.750143
vt 0.811314 0.754613
vt 0.797240 0.764526
vt 0.822846 0.773961
vt 0.806849 0.781601
vt 0.830661 0.793729
vt 0.835938 0.814775
vt 0.835938 0.838088
vt 0.835938 0.860232
vt 0.835938 0.881585
vt 0.835938 0.901412
vt 0.835938 0.921800
vt 0.835938 0.943180
vt 0.519411 0.975067
vt 0.532261 0.973865
vt 0.575075 0.757295
vt 0.574664 0.773902
vt 0.587274 0.734999
vt 0.589930 0.751377
vt 0.591396 0.769609
vt 0.748085 0.069770
vt 0.757244 0.075432
vt 0.771839 0.072742
vt 0.511840 0.789782
vt 0.521760 0.792120
vt 0.537457 0.796275
vt 0.530520 0.794450
vt 0.509004 0.982920
vt 0.520645 0.981978
vt 0.539922 0.978296
vt 0.530566 0.980282
vt 0.550404 0.980056
vt 0.555148 0.982778
vt 0.786791 0.978267
vt 0.781010 0.982778
vt 0.797800 0.974500
vt 0.816450 0.975082
vt 0.828400 0.977055
vt 0.835938 0.982082
vt 0.533937 0.806893
vt 0.532488 0.811458
vt 0.525189 0.806239
vt 0.521216 0.810771
vt 0.516087 0.805331
vt 0.511642 0.810156
vt 0.507359 0.804196
vt 0.504824 0.809854
vt 0.500000 0.809557
vt 0.495176 0.809854
vt 0.488358 0.810156
vt 0.478784 0.810771
vt 0.467512 0.811458
vt 0.452799 0.811635
vt 0.510100 0.797007
vt 0.519837 0.798721
vt 0.528443 0.801163
vt 0.535807 0.802545
vt 0.089184 1.919127
vt 0.085642 1.891180
vt 0.124740 1.914387
vt 0.122145 1.886303
vt 0.160126 1.912135
vt 0.158222 1.883728
vt 0.191008 1.911304
vt 0.189634 1.882835
vt 0.220676 1.882775
vt 0.221446 1.911082
vt 0.188046 1.836033
vt 0.218306 1.836023
vt 0.188782 1.854726
vt 0.220313 1.854833
vt 0.083907 1.869268
vt 0.082900 1.849655
vt 0.120403 1.861977
vt 0.118736 1.841666
vt 0.250021 1.911354
vt 0.250000 1.882812
vt 0.250000 1.855555
vt 0.250000 1.836858
vt 0.215071 1.822706
vt 0.250000 1.822582
vt 0.156784 1.856984
vt 0.154819 1.837304
vt 0.113581 1.799891
vt 0.116807 1.822749
vt 0.077713 1.809329
vt 0.080685 1.831403
vt 0.154336 1.823991
vt 0.186595 1.823832
vt 0.155597 1.810771
vt 0.127728 1.947155
vt 0.094104 1.950404
vt 0.161541 1.946814
vt 0.191961 1.947306
vt 0.250000 1.947883
vt 0.221887 1.947545
vt 0.185024 1.810417
vt 0.207568 1.809041
vt 0.226716 1.807812
vt 0.240352 1.807207
vt 0.250000 1.806615
vt 0.372272 1.947155
vt 0.375260 1.914387
vt 0.405896 1.950404
vt 0.410816 1.919127
vt 0.377855 1.886303
vt 0.414358 1.891180
vt 0.339874 1.912135
vt 0.341778 1.883728
vt 0.338459 1.946814
vt 0.308992 1.911304
vt 0.308039 1.947306
vt 0.310366 1.882835
vt 0.279324 1.882775
vt 0.278554 1.911082
vt 0.311954 1.836033
vt 0.311218 1.854726
vt 0.281694 1.836023
vt 0.279687 1.854833
vt 0.381264 1.841666
vt 0.417100 1.849655
vt 0.379597 1.861977
vt 0.416093 1.869268
vt 0.278113 1.947545
vt 0.284930 1.822706
vt 0.345181 1.837304
vt 0.343216 1.856984
vt 0.419315 1.831403
vt 0.383193 1.822749
vt 0.422287 1.809329
vt 0.386419 1.799891
vt 0.345664 1.823991
vt 0.313405 1.823832
vt 0.259648 1.807207
vt 0.273284 1.807812
vt 0.292432 1.809041
vt 0.314976 1.810417
vt 0.344403 1.810771
vt 0.361360 0.590940
vt 0.368841 0.590853
vt 0.356868 0.591038
vt 0.350737 0.594617
vt 0.348115 0.602181
vt 0.345271 0.612707
vt 0.344405 0.622036
vt 0.351213 0.588034
vt 0.361458 0.584320
vt 0.377490 0.580728
vt 0.387343 0.579314
vt 0.377215 0.591068
vt 0.386982 0.591512
vt 0.345936 0.635731
vt 0.349510 0.650659
vt 0.323371 0.648053
vt 0.335088 0.641556
vt 0.330280 0.660187
vt 0.340292 0.655268
vt 0.368962 0.582102
vt 0.397797 0.577666
vt 0.398438 0.591035
vt 0.354973 0.666527
vt 0.335989 0.672737
vt 0.345551 0.669245
vt 0.485598 0.636169
vt 0.485312 0.622829
vt 0.500000 0.635867
vt 0.500000 0.622599
vt 0.472855 0.637213
vt 0.471662 0.624801
vt 0.316102 0.637877
vt 0.306798 0.625768
vt 0.331266 0.629047
vt 0.328114 0.616064
vt 0.335462 0.597383
vt 0.332155 0.606123
vt 0.315813 0.598765
vt 0.445654 0.639139
vt 0.451736 0.631366
vt 0.460008 0.638273
vt 0.459295 0.628147
vt 0.335413 0.589033
vt 0.322046 0.585350
vt 0.254514 0.527853
vt 0.253466 0.514588
vt 0.264419 0.524292
vt 0.263293 0.512241
vt 0.276768 0.521359
vt 0.276157 0.510710
vt 0.263359 0.500000
vt 0.275586 0.500000
vt 0.253906 0.500000
vt 0.277996 0.531337
vt 0.281180 0.542582
vt 0.266775 0.536232
vt 0.271403 0.549508
vt 0.256665 0.541535
vt 0.261994 0.557203
vt 0.279659 0.563414
vt 0.267929 0.571422
vt 0.288246 0.556188
vt 0.473294 0.664958
vt 0.486058 0.665644
vt 0.473279 0.678813
vt 0.486125 0.681119
vt 0.500000 0.665652
vt 0.500000 0.681421
vt 0.291368 0.576960
vt 0.298833 0.569127
vt 0.276876 0.586418
vt 0.443891 0.663952
vt 0.460499 0.664154
vt 0.447525 0.674431
vt 0.460770 0.675777
vt 0.297743 0.549440
vt 0.306048 0.544666
vt 0.307165 0.559823
vt 0.313546 0.550875
vt 0.317532 0.542182
vt 0.306015 0.537209
vt 0.321235 0.532939
vt 0.306966 0.528749
vt 0.329078 0.514659
vt 0.310597 0.510347
vt 0.332871 0.505013
vt 0.312664 0.500000
vt 0.324943 0.524018
vt 0.308687 0.520123
vt 0.293136 0.538957
vt 0.291853 0.529009
vt 0.292615 0.519643
vt 0.293493 0.509921
vt 0.294253 0.500000
vt 0.349853 0.572365
vt 0.356055 0.569030
vt 0.351494 0.579152
vt 0.359668 0.576391
vt 0.368121 0.573199
vt 0.363958 0.564560
vt 0.371954 0.560126
vt 0.380349 0.555753
vt 0.376345 0.570308
vt 0.385263 0.567223
vt 0.394422 0.564004
vt 0.388473 0.551297
vt 0.327249 0.574303
vt 0.337982 0.578609
vt 0.342956 0.569027
vt 0.334098 0.563657
vt 0.500000 0.648901
vt 0.485939 0.649079
vt 0.473255 0.649370
vt 0.309960 0.578090
vt 0.302111 0.587163
vt 0.286995 0.601231
vt 0.296403 0.613765
vt 0.443595 0.650338
vt 0.460375 0.649922
vt 0.317125 0.568280
vt 0.324493 0.557454
vt 0.355549 0.554596
vt 0.348322 0.561577
vt 0.346904 0.547046
vt 0.340259 0.555451
vt 0.377671 0.536061
vt 0.370083 0.542288
vt 0.366388 0.524943
vt 0.359913 0.532256
vt 0.362837 0.548398
vt 0.353355 0.539692
vt 0.330252 0.548597
vt 0.336170 0.539751
vt 0.341781 0.531541
vt 0.347351 0.523196
vt 0.352660 0.514908
vt 0.500000 0.609851
vt 0.485061 0.610695
vt 0.470551 0.613660
vt 0.446565 0.626658
vt 0.437489 0.637796
vt 0.458757 0.618325
vt 0.472897 0.690242
vt 0.485420 0.692498
vt 0.472147 0.700081
vt 0.485412 0.702605
vt 0.500000 0.692478
vt 0.500000 0.703125
vt 0.440863 0.677674
vt 0.435525 0.664769
vt 0.453597 0.681341
vt 0.449565 0.687145
vt 0.461033 0.685748
vt 0.461222 0.695021
vt 0.434844 0.650613
vt 0.638640 0.590940
vt 0.631158 0.590853
vt 0.649263 0.594617
vt 0.643132 0.591038
vt 0.651885 0.602181
vt 0.654729 0.612707
vt 0.655595 0.622037
vt 0.648787 0.588034
vt 0.638542 0.584320
vt 0.622510 0.580728
vt 0.622785 0.591068
vt 0.612657 0.579314
vt 0.613018 0.591512
vt 0.650490 0.650659
vt 0.654064 0.635731
vt 0.659708 0.655268
vt 0.664912 0.641556
vt 0.669720 0.660187
vt 0.676629 0.648053
vt 0.631038 0.582102
vt 0.601562 0.591035
vt 0.602203 0.577666
vt 0.645027 0.666527
vt 0.654449 0.669245
vt 0.664011 0.672737
vt 0.514402 0.636169
vt 0.514688 0.622829
vt 0.527145 0.637213
vt 0.528338 0.624801
vt 0.683898 0.637877
vt 0.668734 0.629047
vt 0.693202 0.625768
vt 0.671886 0.616064
vt 0.664538 0.597383
vt 0.667845 0.606123
vt 0.684187 0.598765
vt 0.540705 0.628147
vt 0.548264 0.631366
vt 0.539992 0.638273
vt 0.554346 0.639139
vt 0.664587 0.589033
vt 0.677954 0.585350
vt 0.745486 0.527853
vt 0.735581 0.524292
vt 0.746535 0.514588
vt 0.736707 0.512241
vt 0.723232 0.521359
vt 0.723843 0.510710
vt 0.724414 0.500000
vt 0.736641 0.500000
vt 0.746094 0.500000
vt 0.722004 0.531337
vt 0.733225 0.536232
vt 0.718820 0.542582
vt 0.728597 0.549508
vt 0.743335 0.541535
vt 0.738006 0.557203
vt 0.720341 0.563414
vt 0.732071 0.571422
vt 0.711754 0.556188
vt 0.526706 0.664958
vt 0.526721 0.678813
vt 0.513942 0.665644
vt 0.513875 0.681119
vt 0.708632 0.576960
vt 0.701167 0.569127
vt 0.723124 0.586418
vt 0.556109 0.663952
vt 0.552475 0.674431
vt 0.539500 0.664154
vt 0.539230 0.675777
vt 0.686454 0.550875
vt 0.693952 0.544666
vt 0.692835 0.559823
vt 0.702257 0.549440
vt 0.682468 0.542182
vt 0.678765 0.532939
vt 0.693985 0.537209
vt 0.693034 0.528749
vt 0.670923 0.514659
vt 0.667130 0.505013
vt 0.689403 0.510347
vt 0.687336 0.500000
vt 0.675057 0.524018
vt 0.691313 0.520123
vt 0.706864 0.538957
vt 0.708147 0.529009
vt 0.707385 0.519643
vt 0.706507 0.509921
vt 0.705747 0.500000
vt 0.650147 0.572365
vt 0.648506 0.579152
vt 0.643945 0.569030
vt 0.640332 0.576391
vt 0.631879 0.573199
vt 0.636042 0.564560
vt 0.628046 0.560126
vt 0.623655 0.570308
vt 0.619651 0.555753
vt 0.614737 0.567223
vt 0.605577 0.564008
vt 0.611527 0.551297
vt 0.662018 0.578609
vt 0.672751 0.574303
vt 0.657044 0.569027
vt 0.665902 0.563657
vt 0.514061 0.649079
vt 0.526744 0.649370
vt 0.690040 0.578090
vt 0.697889 0.587163
vt 0.713005 0.601231
vt 0.703597 0.613765
vt 0.556405 0.650338
vt 0.539626 0.649922
vt 0.682875 0.568280
vt 0.675507 0.557454
vt 0.644451 0.554596
vt 0.653096 0.547046
vt 0.651678 0.561577
vt 0.659741 0.555451
vt 0.640087 0.532256
vt 0.629917 0.542288
vt 0.633612 0.524943
vt 0.622329 0.536061
vt 0.646645 0.539692
vt 0.637163 0.548398
vt 0.669748 0.548597
vt 0.663830 0.539751
vt 0.658219 0.531541
vt 0.652649 0.523196
vt 0.647340 0.514908
vt 0.514939 0.610695
vt 0.529449 0.613660
vt 0.562511 0.637796
vt 0.553435 0.626658
vt 0.541243 0.618325
vt 0.514588 0.702605
vt 0.514580 0.692498
vt 0.527853 0.700081
vt 0.527103 0.690242
vt 0.559137 0.677674
vt 0.564475 0.664769
vt 0.550435 0.687145
vt 0.546403 0.681341
vt 0.538778 0.695021
vt 0.538967 0.685748
vt 0.565156 0.650613
s 1
g pm0954_00_00_BodyASkin_BodyVco00
usemtl BodyVco00
f 307/307/294 308/308/295 309/309/296
f 309/309/296 308/308/295 310/310/297
f 308/308/295 311/311/298 310/310/297
f 310/310/297 311/311/298 312/312/299
f 313/313/300 314/314/301 315/315/302
f 315/315/302 314/314/301 316/316/303
f 315/315/302 316/316/303 317/317/304
f 317/317/304 316/316/303 318/318/305
f 317/317/304 318/318/305 319/319/306
f 319/319/306 318/318/305 320/320/307
f 321/321/308 307/307/294 322/322/309
f 322/322/309 307/307/294 309/309/296
f 323/323/310 324/324/311 307/307/294
f 307/307/294 324/324/311 308/308/295
f 324/324/311 325/325/312 308/308/295
f 308/308/295 325/325/312 311/311/298
f 314/314/301 326/326/313 316/316/303
f 316/316/303 326/326/313 327/327/314
f 316/316/303 327/327/314 318/318/305
f 318/318/305 327/327/314 328/328/315
f 318/318/305 328/328/315 320/320/307
f 320/320/307 328/328/315 329/329/316
f 330/330/316 323/323/310 321/321/308
f 321/321/308 323/323/310 307/307/294
f 331/331/317 332/332/318 323/323/310
f 323/323/310 332/332/318 324/324/311
f 332/332/318 333/333/319 324/324/311
f 324/324/311 333/333/319 325/325/312
f 326/326/313 334/334/320 327/327/314
f 327/327/314 334/334/320 335/335/321
f 327/327/314 335/335/321 328/328/315
f 328/328/315 335/335/321 336/336/322
f 328/328/315 336/336/322 329/329/316
f 329/329/316 336/336/322 337/337/323
f 338/338/324 331/331/317 330/330/316
f 330/330/316 331/331/317 323/323/310
f 339/339/325 340/340/326 341/341/327
f 341/341/327 340/340/326 342/342/328
f 343/343/329 341/341/327 344/344/330
f 344/344/330 341/341/327 342/342/328
f 345/345/331 346/346/332 347/347/333
f 347/347/333 346/346/332 348/348/334
f 347/347/333 348/348/334 349/349/335
f 349/349/335 348/348/334 350/350/336
f 349/349/335 350/350/336 351/351/337
f 351/351/337 350/350/336 352/352/338
f 353/353/337 354/354/339 339/339/325
f 339/339/325 354/354/339 340/340/326
f 310/310/297 355/355/340 309/309/296
f 312/312/299 355/355/340 310/310/297
f 315/315/302 356/356/341 313/313/300
f 317/317/304 356/356/341 315/315/302
f 319/319/306 356/356/341 317/317/304
f 309/309/296 355/355/340 322/322/309
f 357/357/342 358/358/343 359/359/344
f 359/359/344 358/358/343 360/360/345
f 361/361/299 362/362/298 357/357/342
f 357/357/342 362/362/298 358/358/343
f 363/363/300 364/364/346 365/365/301
f 365/365/301 364/364/346 366/366/347
f 364/364/346 367/367/348 366/366/347
f 366/366/347 367/367/348 368/368/349
f 367/367/348 369/369/350 368/368/349
f 368/368/349 369/369/350 370/370/351
f 359/359/344 360/360/345 371/371/350
f 371/371/350 360/360/345 372/372/352
f 358/358/343 373/373/353 360/360/345
f 360/360/345 373/373/353 374/374/354
f 362/362/298 375/375/312 358/358/343
f 358/358/343 375/375/312 373/373/353
f 365/365/301 366/366/347 376/376/313
f 376/376/313 366/366/347 377/377/355
f 366/366/347 368/368/349 377/377/355
f 377/377/355 368/368/349 378/378/356
f 368/368/349 370/370/351 378/378/356
f 378/378/356 370/370/351 379/379/357
f 360/360/345 374/374/354 372/372/352
f 372/372/352 374/374/354 380/380/357
f 373/373/353 381/381/358 374/374/354
f 374/374/354 381/381/358 382/382/359
f 375/375/312 383/383/319 373/373/353
f 373/373/353 383/383/319 381/381/358
f 376/376/313 377/377/355 384/384/320
f 384/384/320 377/377/355 385/385/360
f 377/377/355 378/378/356 385/385/360
f 385/385/360 378/378/356 386/386/361
f 378/378/356 379/379/357 386/386/361
f 386/386/361 379/379/357 387/387/362
f 374/374/354 382/382/359 380/380/357
f 380/380/357 382/382/359 388/388/362
f 389/389/363 390/390/364 391/391/365
f 391/391/365 390/390/364 392/392/366
f 393/393/329 394/394/330 390/390/364
f 390/390/364 394/394/330 392/392/366
f 395/395/331 396/396/367 397/397/332
f 397/397/332 396/396/367 398/398/368
f 396/396/367 399/399/369 398/398/368
f 398/398/368 399/399/369 400/400/370
f 399/399/369 401/401/371 400/400/370
f 400/400/370 401/401/371 402/402/372
f 403/403/373 389/389/363 404/404/374
f 404/404/374 389/389/363 391/391/365
f 357/357/342 359/359/344 405/405/375
f 361/361/299 357/357/342 405/405/375
f 364/364/346 363/363/300 406/406/341
f 367/367/348 364/364/346 406/406/341
f 369/369/350 367/367/348 406/406/341
f 359/359/344 371/371/350 405/405/375
f 407/407/376 408/408/377 409/409/378
f 409/409/378 408/408/377 410/410/379
f 411/411/380 412/412/381 413/413/382
f 413/413/382 412/412/381 414/414/383
f 415/415/384 416/416/385 417/417/386
f 417/417/386 416/416/385 418/418/387
f 419/419/388 420/420/389 421/421/390
f 421/421/390 420/420/389 422/422/391
f 423/423/392 419/419/388 424/424/393
f 424/424/393 419/419/388 421/421/390
f 416/416/385 415/415/384 425/425/394
f 425/425/394 415/415/384 426/426/395
f 414/414/383 407/407/376 413/413/382
f 413/413/382 407/407/376 409/409/378
f 425/425/394 426/426/395 424/424/393
f 424/424/393 426/426/395 423/423/392
f 427/427/396 428/428/397 418/418/387
f 418/418/387 428/428/397 417/417/386
f 429/429/398 430/430/399 413/413/382
f 413/413/382 430/430/399 411/411/380
f 431/431/400 429/429/398 409/409/378
f 409/409/378 429/429/398 413/413/382
f 432/432/401 431/431/400 410/410/379
f 410/410/379 431/431/400 409/409/378
f 433/433/402 434/434/403 420/420/389
f 420/420/389 434/434/403 422/422/391
f 430/430/399 427/427/396 411/411/380
f 411/411/380 427/427/396 418/418/387
f 416/416/385 412/412/381 418/418/387
f 418/418/387 412/412/381 411/411/380
f 412/412/381 416/416/385 414/414/383
f 414/414/383 416/416/385 425/425/394
f 407/407/376 414/414/383 424/424/393
f 424/424/393 414/414/383 425/425/394
f 408/408/377 407/407/376 421/421/390
f 421/421/390 407/407/376 424/424/393
f 410/410/379 408/408/377 422/422/391
f 422/422/391 408/408/377 421/421/390
f 434/434/403 432/432/401 422/422/391
f 422/422/391 432/432/401 410/410/379
f 435/435/404 436/436/405 437/437/406
f 437/437/406 436/436/405 438/438/407
f 439/439/408 440/440/409 441/441/410
f 441/441/410 440/440/409 442/442/411
f 443/443/412 444/444/413 445/445/414
f 445/445/414 444/444/413 446/446/415
f 447/447/416 448/448/417 449/449/418
f 449/449/418 448/448/417 450/450/419
f 449/449/418 450/450/419 451/451/420
f 451/451/420 450/450/419 452/452/421
f 444/444/413 453/453/422 446/446/415
f 446/446/415 453/453/422 454/454/423
f 437/437/406 438/438/407 440/440/409
f 440/440/409 438/438/407 442/442/411
f 453/453/422 451/451/420 454/454/423
f 454/454/423 451/451/420 452/452/421
f 427/427/396 443/443/412 428/428/397
f 428/428/397 443/443/412 445/445/414
f 429/429/398 440/440/409 430/430/399
f 430/430/399 440/440/409 439/439/408
f 431/431/400 437/437/406 429/429/398
f 429/429/398 437/437/406 440/440/409
f 432/432/401 435/435/404 431/431/400
f 431/431/400 435/435/404 437/437/406
f 433/433/402 448/448/417 434/434/403
f 434/434/403 448/448/417 447/447/416
f 430/430/399 439/439/408 427/427/396
f 427/427/396 439/439/408 443/443/412
f 444/444/413 443/443/412 441/441/410
f 441/441/410 443/443/412 439/439/408
f 453/453/422 444/444/413 442/442/411
f 442/442/411 444/444/413 441/441/410
f 438/438/407 451/451/420 442/442/411
f 442/442/411 451/451/420 453/453/422
f 436/436/405 449/449/418 438/438/407
f 438/438/407 449/449/418 451/451/420
f 435/435/404 447/447/416 436/436/405
f 436/436/405 447/447/416 449/449/418
f 434/434/403 447/447/416 432/432/401
f 432/432/401 447/447/416 435/435/404
f 341/341/327 343/343/329 332/332/318
f 332/332/318 343/343/329 333/333/319
f 339/339/325 341/341/327 331/331/317
f 331/331/317 341/341/327 332/332/318
f 353/353/337 339/339/325 338/338/324
f 338/338/324 339/339/325 331/331/317
f 336/336/322 349/349/335 337/337/323
f 337/337/323 349/349/335 351/351/337
f 335/335/321 347/347/333 336/336/322
f 336/336/322 347/347/333 349/349/335
f 334/334/320 345/345/331 335/335/321
f 335/335/321 345/345/331 347/347/333
f 384/384/320 385/385/360 395/395/331
f 395/395/331 385/385/360 396/396/367
f 385/385/360 386/386/361 396/396/367
f 396/396/367 386/386/361 399/399/369
f 386/386/361 387/387/362 399/399/369
f 399/399/369 387/387/362 401/401/371
f 382/382/359 389/389/363 388/388/362
f 388/388/362 389/389/363 403/403/373
f 381/381/358 390/390/364 382/382/359
f 382/382/359 390/390/364 389/389/363
f 383/383/319 393/393/329 381/381/358
f 381/381/358 393/393/329 390/390/364
g pm0954_00_00_BodyASkin_Body01
usemtl Body01
f 455/455/424 456/456/425 457/457/426
f 457/457/426 456/456/425 458/458/427
f 459/459/428 460/460/429 461/461/430
f 461/461/430 460/460/429 462/462/431
f 463/463/432 464/464/433 465/465/434
f 465/465/434 464/464/433 466/466/435
f 456/456/425 455/455/424 467/467/436
f 467/467/436 455/455/424 468/468/437
f 469/469/438 470/470/439 471/471/440
f 471/471/440 470/470/439 472/472/441
f 473/473/442 474/474/443 475/475/444
f 475/475/444 474/474/443 469/469/438
f 475/475/444 469/469/438 476/476/445
f 476/476/445 469/469/438 471/471/440
f 477/477/446 478/478/447 479/479/448
f 479/479/448 478/478/447 480/480/449
f 481/481/450 477/477/446 482/482/451
f 482/482/451 477/477/446 479/479/448
f 483/483/452 484/484/453 485/485/454
f 485/485/454 484/484/453 486/486/455
f 487/487/456 488/488/457 489/489/458
f 489/489/458 488/488/457 490/490/459
f 491/491/460 492/492/461 493/493/462
f 493/493/462 492/492/461 494/494/463
f 495/495/464 496/496/465 463/463/432
f 463/463/432 496/496/465 464/464/433
f 495/495/464 497/497/466 498/498/467
f 498/498/467 497/497/466 499/499/468
f 497/497/466 495/495/464 500/500/469
f 500/500/469 495/495/464 463/463/432
f 501/501/470 502/502/471 503/503/472
f 503/503/472 502/502/471 504/504/473
f 505/505/474 506/506/430 507/507/475
f 507/507/475 506/506/430 508/508/476
f 507/507/475 509/509/477 505/505/474
f 505/505/474 509/509/477 510/510/478
f 511/511/479 512/512/480 513/513/481
f 513/513/481 512/512/480 514/514/482
f 513/513/481 514/514/482 515/515/483
f 515/515/483 514/514/482 516/516/484
f 512/512/480 511/511/479 517/517/485
f 517/517/485 511/511/479 518/518/486
f 519/519/487 520/520/488 473/473/442
f 473/473/442 520/520/488 474/474/443
f 521/521/489 501/501/470 522/522/490
f 522/522/490 501/501/470 503/503/472
f 523/523/491 524/524/492 525/525/493
f 525/525/493 524/524/492 526/526/494
f 527/527/495 528/528/496 529/529/497
f 529/529/497 528/528/496 530/530/498
f 457/457/426 458/458/427 531/531/499
f 531/531/499 458/458/427 532/532/500
f 533/533/501 489/489/458 534/534/502
f 534/534/502 489/489/458 490/490/459
f 535/535/503 536/536/504 537/537/505
f 537/537/505 536/536/504 538/538/506
f 539/539/507 540/540/508 541/541/509
f 541/541/509 540/540/508 542/542/510
f 539/539/507 541/541/509 543/543/511
f 544/544/512 545/545/513 546/546/514
f 546/546/514 545/545/513 547/547/515
f 506/506/430 548/548/516 508/508/476
f 508/508/476 548/548/516 549/549/517
f 508/508/476 549/549/517 547/547/515
f 547/547/515 549/549/517 550/550/518
f 540/540/508 551/551/519 552/552/520
f 552/552/520 551/551/519 553/553/521
f 554/554/522 524/524/492 555/555/523
f 555/555/523 524/524/492 523/523/491
f 490/490/459 488/488/457 556/556/524
f 556/556/524 488/488/457 557/557/525
f 558/558/526 490/490/459 559/559/527
f 559/559/527 490/490/459 556/556/524
f 529/529/497 530/530/498 523/523/491
f 523/523/491 530/530/498 555/555/523
f 560/560/528 561/561/529 562/562/530
f 562/562/530 561/561/529 563/563/531
f 527/527/495 564/564/532 528/528/496
f 528/528/496 564/564/532 565/565/531
f 558/558/526 559/559/527 560/560/528
f 560/560/528 559/559/527 561/561/529
f 566/566/533 457/457/426 567/567/534
f 567/567/534 457/457/426 531/531/499
f 568/568/535 455/455/424 566/566/533
f 566/566/533 455/455/424 457/457/426
f 569/569/536 570/570/507 568/568/535
f 568/568/535 570/570/507 455/455/424
f 571/571/536 572/572/537 539/539/507
f 539/539/507 572/572/537 540/540/508
f 551/551/519 540/540/508 573/573/538
f 573/573/538 540/540/508 572/572/537
f 574/574/539 551/551/519 575/575/540
f 575/575/540 551/551/519 573/573/538
f 497/497/466 479/479/448 499/499/468
f 499/499/468 479/479/448 480/480/449
f 479/479/448 497/497/466 482/482/451
f 482/482/451 497/497/466 500/500/469
f 493/493/462 494/494/463 509/509/477
f 509/509/477 494/494/463 510/510/478
f 484/484/453 504/504/473 486/486/455
f 486/486/455 504/504/473 502/502/471
f 471/471/440 472/472/441 477/477/446
f 477/477/446 472/472/441 478/478/447
f 476/476/445 471/471/440 481/481/450
f 481/481/450 471/471/440 477/477/446
f 515/515/483 516/516/484 491/491/460
f 491/491/460 516/516/484 492/492/461
f 576/576/541 483/483/452 577/577/542
f 577/577/542 483/483/452 485/485/454
f 468/468/437 455/455/424 578/578/543
f 578/578/543 455/455/424 570/570/507
f 570/570/507 579/579/511 578/578/543
f 580/580/544 542/542/510 552/552/520
f 552/552/520 542/542/510 540/540/508
f 581/581/545 582/582/546 496/496/465
f 496/496/465 582/582/546 583/583/547
f 584/584/480 585/585/485 586/586/548
f 586/586/548 585/585/485 587/587/549
f 584/584/480 586/586/548 588/588/550
f 588/588/550 586/586/548 589/589/551
f 588/588/550 589/589/551 590/590/484
f 590/590/484 589/589/551 591/591/552
f 590/590/484 591/591/552 592/592/461
f 592/592/461 591/591/552 593/593/553
f 592/592/461 593/593/553 594/594/463
f 594/594/463 593/593/553 595/595/554
f 596/596/478 594/594/463 597/597/555
f 597/597/555 594/594/463 595/595/554
f 598/598/556 596/596/478 599/599/557
f 599/599/557 596/596/478 597/597/555
f 586/586/548 600/600/558 589/589/551
f 589/589/551 600/600/558 601/601/559
f 589/589/551 601/601/559 591/591/552
f 591/591/552 601/601/559 602/602/560
f 591/591/552 602/602/560 593/593/553
f 593/593/553 602/602/560 603/603/561
f 604/604/562 595/595/554 603/603/561
f 603/603/561 595/595/554 593/593/553
f 597/597/555 595/595/554 605/605/563
f 605/605/563 595/595/554 604/604/562
f 599/599/557 597/597/555 465/465/434
f 465/465/434 597/597/555 605/605/563
f 461/461/430 598/598/556 459/459/428
f 459/459/428 598/598/556 599/599/557
f 599/599/557 465/465/434 459/459/428
f 459/459/428 465/465/434 466/466/435
f 600/600/558 586/586/548 606/606/564
f 606/606/564 586/586/548 587/587/549
f 600/600/558 473/473/442 601/601/559
f 601/601/559 473/473/442 475/475/444
f 601/601/559 475/475/444 602/602/560
f 602/602/560 475/475/444 476/476/445
f 602/602/560 476/476/445 603/603/561
f 603/603/561 476/476/445 481/481/450
f 482/482/451 604/604/562 481/481/450
f 481/481/450 604/604/562 603/603/561
f 605/605/563 604/604/562 500/500/469
f 500/500/469 604/604/562 482/482/451
f 465/465/434 605/605/563 463/463/432
f 463/463/432 605/605/563 500/500/469
f 518/518/486 511/511/479 607/607/565
f 607/607/565 511/511/479 608/608/566
f 609/609/567 608/608/566 513/513/481
f 513/513/481 608/608/566 511/511/479
f 610/610/568 609/609/567 515/515/483
f 515/515/483 609/609/567 513/513/481
f 610/610/568 515/515/483 611/611/569
f 611/611/569 515/515/483 491/491/460
f 493/493/462 612/612/570 491/491/460
f 491/491/460 612/612/570 611/611/569
f 612/612/570 493/493/462 613/613/571
f 613/613/571 493/493/462 509/509/477
f 507/507/475 614/614/572 509/509/477
f 509/509/477 614/614/572 613/613/571
f 615/615/573 616/616/574 609/609/567
f 609/609/567 616/616/574 608/608/566
f 617/617/575 615/615/573 610/610/568
f 610/610/568 615/615/573 609/609/567
f 618/618/576 617/617/575 611/611/569
f 611/611/569 617/617/575 610/610/568
f 612/612/570 619/619/577 611/611/569
f 611/611/569 619/619/577 618/618/576
f 619/619/577 612/612/570 620/620/578
f 620/620/578 612/612/570 613/613/571
f 620/620/578 613/613/571 621/621/579
f 621/621/579 613/613/571 614/614/572
f 622/622/580 534/534/502 558/558/526
f 558/558/526 534/534/502 490/490/459
f 537/537/505 538/538/506 623/623/581
f 623/623/581 538/538/506 624/624/582
f 577/577/542 537/537/505 576/576/541
f 576/576/541 537/537/505 623/623/581
f 483/483/452 576/576/541 618/618/576
f 618/618/576 576/576/541 617/617/575
f 483/483/452 618/618/576 484/484/453
f 484/484/453 618/618/576 619/619/577
f 484/484/453 619/619/577 504/504/473
f 504/504/473 619/619/577 620/620/578
f 503/503/472 504/504/473 621/621/579
f 621/621/579 504/504/473 620/620/578
f 625/625/583 626/626/584 627/627/585
f 627/627/585 626/626/584 628/628/586
f 627/627/585 629/629/587 625/625/583
f 625/625/583 629/629/587 630/630/588
f 631/631/589 632/632/590 633/633/591
f 633/633/591 632/632/590 634/634/592
f 635/635/593 631/631/589 636/636/594
f 636/636/594 631/631/589 633/633/591
f 637/637/595 635/635/593 638/638/596
f 638/638/596 635/635/593 636/636/594
f 638/638/596 639/639/597 637/637/595
f 637/637/595 639/639/597 640/640/598
f 641/641/599 640/640/598 642/642/600
f 642/642/600 640/640/598 639/639/597
f 643/643/601 641/641/599 644/644/602
f 644/644/602 641/641/599 642/642/600
f 645/645/603 646/646/604 644/644/602
f 644/644/602 646/646/604 643/643/601
f 646/646/604 645/645/603 647/647/605
f 647/647/605 645/645/603 648/648/606
f 649/649/607 650/650/608 648/648/606
f 648/648/606 650/650/608 647/647/605
f 650/650/608 649/649/607 651/651/609
f 651/651/609 649/649/607 652/652/610
f 525/525/493 653/653/611 652/652/610
f 652/652/610 653/653/611 651/651/609
f 526/526/494 654/654/612 525/525/493
f 525/525/493 654/654/612 653/653/611
f 655/655/613 487/487/456 656/656/614
f 656/656/614 487/487/456 489/489/458
f 656/656/614 489/489/458 657/657/615
f 657/657/615 489/489/458 533/533/501
f 658/658/616 659/659/617 535/535/503
f 535/535/503 659/659/617 536/536/504
f 660/660/618 658/658/616 661/661/619
f 661/661/619 658/658/616 535/535/503
f 662/662/620 660/660/618 663/663/621
f 663/663/621 660/660/618 661/661/619
f 663/663/621 664/664/622 662/662/620
f 662/662/620 664/664/622 665/665/623
f 665/665/623 664/664/622 666/666/624
f 666/666/624 664/664/622 667/667/625
f 668/668/626 669/669/627 667/667/625
f 667/667/625 669/669/627 666/666/624
f 670/670/628 671/671/629 668/668/626
f 668/668/626 671/671/629 669/669/627
f 672/672/630 673/673/631 674/674/632
f 674/674/632 673/673/631 675/675/633
f 676/676/634 677/677/635 672/672/630
f 672/672/630 677/677/635 673/673/631
f 677/677/635 676/676/634 678/678/636
f 678/678/636 676/676/634 679/679/637
f 627/627/585 628/628/586 531/531/499
f 531/531/499 628/628/586 567/567/534
f 531/531/499 532/532/500 627/627/585
f 627/627/585 532/532/500 629/629/587
f 582/582/546 633/633/591 680/680/638
f 680/680/638 633/633/591 634/634/592
f 638/638/596 636/636/594 498/498/467
f 498/498/467 636/636/594 581/581/545
f 639/639/597 638/638/596 499/499/468
f 499/499/468 638/638/596 498/498/467
f 642/642/600 639/639/597 480/480/449
f 480/480/449 639/639/597 499/499/468
f 478/478/447 644/644/602 480/480/449
f 480/480/449 644/644/602 642/642/600
f 472/472/441 645/645/603 478/478/447
f 478/478/447 645/645/603 644/644/602
f 661/661/619 535/535/503 577/577/542
f 577/577/542 535/535/503 537/537/505
f 663/663/621 661/661/619 485/485/454
f 485/485/454 661/661/619 577/577/542
f 664/664/622 663/663/621 486/486/455
f 486/486/455 663/663/621 485/485/454
f 667/667/625 664/664/622 502/502/471
f 502/502/471 664/664/622 486/486/455
f 668/668/626 667/667/625 501/501/470
f 501/501/470 667/667/625 502/502/471
f 501/501/470 521/521/489 668/668/626
f 668/668/626 521/521/489 670/670/628
f 681/681/639 670/670/628 682/682/640
f 682/682/640 670/670/628 521/521/489
f 672/672/630 674/674/632 683/683/641
f 683/683/641 674/674/632 684/684/642
f 676/676/634 672/672/630 574/574/539
f 574/574/539 672/672/630 683/683/641
f 676/676/634 574/574/539 679/679/637
f 679/679/637 574/574/539 575/575/540
f 522/522/490 685/685/643 521/521/489
f 521/521/489 685/685/643 682/682/640
f 496/496/465 495/495/464 581/581/545
f 581/581/545 495/495/464 498/498/467
f 547/547/515 614/614/572 508/508/476
f 508/508/476 614/614/572 507/507/475
f 466/466/435 686/686/644 459/459/428
f 459/459/428 686/686/644 460/460/429
f 621/621/579 614/614/572 545/545/513
f 545/545/513 614/614/572 547/547/515
f 503/503/472 621/621/579 522/522/490
f 522/522/490 621/621/579 545/545/513
f 687/687/645 671/671/629 681/681/639
f 681/681/639 671/671/629 670/670/628
f 633/633/591 582/582/546 636/636/594
f 636/636/594 582/582/546 581/581/545
f 683/683/641 684/684/642 553/553/521
f 553/553/521 684/684/642 688/688/646
f 545/545/513 544/544/512 522/522/490
f 522/522/490 544/544/512 685/685/643
f 544/544/512 546/546/514 689/689/647
f 689/689/647 546/546/514 690/690/648
f 552/552/520 689/689/647 580/580/544
f 580/580/544 689/689/647 690/690/648
f 496/496/465 583/583/547 464/464/433
f 464/464/433 583/583/547 691/691/649
f 466/466/435 464/464/433 692/692/650
f 692/692/650 464/464/433 691/691/649
f 691/691/649 583/583/547 693/693/651
f 693/693/651 583/583/547 694/694/652
f 551/551/519 574/574/539 553/553/521
f 553/553/521 574/574/539 683/683/641
f 583/583/547 582/582/546 694/694/652
f 694/694/652 582/582/546 680/680/638
f 688/688/646 689/689/647 553/553/521
f 553/553/521 689/689/647 552/552/520
f 691/691/649 693/693/651 692/692/650
f 692/692/650 693/693/651 695/695/653
f 693/693/651 456/456/425 695/695/653
f 695/695/653 456/456/425 467/467/436
f 456/456/425 693/693/651 458/458/427
f 458/458/427 693/693/651 694/694/652
f 694/694/652 680/680/638 458/458/427
f 458/458/427 680/680/638 532/532/500
f 634/634/592 629/629/587 680/680/638
f 680/680/638 629/629/587 532/532/500
f 632/632/590 630/630/588 634/634/592
f 634/634/592 630/630/588 629/629/587
f 688/688/646 685/685/643 689/689/647
f 689/689/647 685/685/643 544/544/512
f 684/684/642 682/682/640 688/688/646
f 688/688/646 682/682/640 685/685/643
f 674/674/632 681/681/639 684/684/642
f 684/684/642 681/681/639 682/682/640
f 675/675/633 687/687/645 674/674/632
f 674/674/632 687/687/645 681/681/639
f 696/696/654 697/697/655 578/578/543
f 578/578/543 697/697/655 468/468/437
f 698/698/656 696/696/654 579/579/511
f 579/579/511 696/696/654 578/578/543
f 541/541/509 699/699/657 543/543/511
f 543/543/511 699/699/657 700/700/656
f 542/542/510 701/701/658 541/541/509
f 541/541/509 701/701/658 699/699/657
f 702/702/659 701/701/658 580/580/544
f 580/580/544 701/701/658 542/542/510
f 703/703/660 702/702/659 690/690/648
f 690/690/648 702/702/659 580/580/544
f 546/546/514 704/704/661 690/690/648
f 690/690/648 704/704/661 703/703/660
f 547/547/515 550/550/518 546/546/514
f 546/546/514 550/550/518 704/704/661
f 705/705/662 686/686/644 692/692/650
f 692/692/650 686/686/644 466/466/435
f 706/706/663 705/705/662 695/695/653
f 695/695/653 705/705/662 692/692/650
f 707/707/664 706/706/663 467/467/436
f 467/467/436 706/706/663 695/695/653
f 467/467/436 468/468/437 707/707/664
f 707/707/664 468/468/437 697/697/655
f 518/518/486 607/607/565 560/560/528
f 560/560/528 607/607/565 708/708/665
f 585/585/485 564/564/532 587/587/549
f 587/587/549 564/564/532 527/527/495
f 517/517/485 518/518/486 562/562/530
f 562/562/530 518/518/486 560/560/528
f 519/519/487 606/606/564 527/527/495
f 527/527/495 606/606/564 587/587/549
f 659/659/617 657/657/615 536/536/504
f 536/536/504 657/657/615 533/533/501
f 536/536/504 533/533/501 538/538/506
f 538/538/506 533/533/501 534/534/502
f 538/538/506 534/534/502 624/624/582
f 624/624/582 534/534/502 622/622/580
f 607/607/565 608/608/566 708/708/665
f 708/708/665 608/608/566 616/616/574
f 622/622/580 558/558/526 708/708/665
f 708/708/665 558/558/526 560/560/528
f 525/525/493 652/652/610 523/523/491
f 523/523/491 652/652/610 709/709/666
f 474/474/443 710/710/667 469/469/438
f 469/469/438 710/710/667 470/470/439
f 710/710/667 474/474/443 709/709/666
f 709/709/666 474/474/443 520/520/488
f 470/470/439 648/648/606 472/472/441
f 472/472/441 648/648/606 645/645/603
f 710/710/667 649/649/607 470/470/439
f 470/470/439 649/649/607 648/648/606
f 709/709/666 652/652/610 710/710/667
f 710/710/667 652/652/610 649/649/607
f 523/523/491 709/709/666 529/529/497
f 529/529/497 709/709/666 520/520/488
f 527/527/495 529/529/497 519/519/487
f 519/519/487 529/529/497 520/520/488
f 606/606/564 519/519/487 600/600/558
f 600/600/558 519/519/487 473/473/442
f 624/624/582 622/622/580 616/616/574
f 616/616/574 622/622/580 708/708/665
f 623/623/581 624/624/582 615/615/573
f 615/615/573 624/624/582 616/616/574
f 576/576/541 623/623/581 617/617/575
f 617/617/575 623/623/581 615/615/573
f 711/711/668 712/712/669 713/713/670
f 713/713/670 712/712/669 714/714/671
f 715/715/672 716/716/673 717/717/674
f 717/717/674 716/716/673 718/718/675
f 719/719/676 720/720/677 721/721/678
f 721/721/678 720/720/677 722/722/679
f 723/723/680 714/714/671 724/724/681
f 724/724/681 714/714/671 712/712/669
f 725/725/682 726/726/683 727/727/684
f 727/727/684 726/726/683 728/728/685
f 728/728/685 729/729/686 730/730/687
f 730/730/687 729/729/686 731/731/688
f 730/730/687 732/732/689 728/728/685
f 728/728/685 732/732/689 727/727/684
f 733/733/690 734/734/691 735/735/692
f 735/735/692 734/734/691 736/736/693
f 737/737/694 738/738/695 736/736/693
f 736/736/693 738/738/695 735/735/692
f 739/739/696 740/740/697 741/741/698
f 741/741/698 740/740/697 742/742/699
f 743/743/700 744/744/701 745/745/702
f 745/745/702 744/744/701 746/746/703
f 747/747/704 748/748/705 749/749/706
f 749/749/706 748/748/705 750/750/707
f 751/751/708 722/722/679 752/752/709
f 752/752/709 722/722/679 720/720/677
f 753/753/710 754/754/711 755/755/712
f 755/755/712 754/754/711 751/751/708
f 754/754/711 756/756/713 751/751/708
f 751/751/708 756/756/713 722/722/679
f 757/757/714 758/758/715 759/759/716
f 759/759/716 758/758/715 760/760/717
f 761/761/718 762/762/719 763/763/673
f 763/763/673 762/762/719 764/764/720
f 765/765/721 766/766/722 761/761/718
f 761/761/718 766/766/722 762/762/719
f 767/767/723 768/768/724 769/769/725
f 769/769/725 768/768/724 770/770/726
f 768/768/724 771/771/727 770/770/726
f 770/770/726 771/771/727 772/772/728
f 773/773/729 767/767/723 774/774/730
f 774/774/730 767/767/723 769/769/725
f 729/729/686 775/775/731 731/731/688
f 731/731/688 775/775/731 776/776/732
f 759/759/716 760/760/717 777/777/733
f 777/777/733 760/760/717 778/778/734
f 779/779/735 780/780/736 781/781/702
f 781/781/702 780/780/736 782/782/737
f 783/783/738 784/784/739 785/785/740
f 785/785/740 784/784/739 786/786/741
f 713/713/670 787/787/742 711/711/668
f 711/711/668 787/787/742 788/788/743
f 789/789/744 790/790/745 744/744/701
f 744/744/701 790/790/745 746/746/703
f 791/791/746 792/792/747 793/793/748
f 793/793/748 792/792/747 794/794/749
f 795/795/750 796/796/751 797/797/752
f 797/797/752 796/796/751 798/798/753
f 795/795/750 799/799/754 796/796/751
f 800/800/755 801/801/756 802/802/757
f 802/802/757 801/801/756 803/803/758
f 763/763/673 764/764/720 804/804/675
f 804/804/675 764/764/720 805/805/759
f 764/764/720 803/803/758 805/805/759
f 805/805/759 803/803/758 806/806/760
f 797/797/752 807/807/761 808/808/762
f 808/808/762 807/807/761 809/809/763
f 810/810/764 811/811/765 781/781/702
f 781/781/702 811/811/765 779/779/735
f 746/746/703 812/812/766 745/745/702
f 745/745/702 812/812/766 813/813/767
f 814/814/768 815/815/769 746/746/703
f 746/746/703 815/815/769 812/812/766
f 785/785/740 779/779/735 783/783/738
f 783/783/738 779/779/735 811/811/765
f 816/816/770 817/817/771 818/818/772
f 818/818/772 817/817/771 819/819/773
f 786/786/741 784/784/739 820/820/774
f 820/820/774 784/784/739 821/821/775
f 814/814/768 816/816/770 815/815/769
f 815/815/769 816/816/770 818/818/772
f 787/787/742 713/713/670 822/822/776
f 822/822/776 713/713/670 823/823/777
f 824/824/778 823/823/777 714/714/671
f 714/714/671 823/823/777 713/713/670
f 825/825/779 824/824/778 826/826/750
f 826/826/750 824/824/778 714/714/671
f 797/797/752 827/827/780 795/795/750
f 795/795/750 827/827/780 828/828/781
f 827/827/780 797/797/752 829/829/782
f 829/829/782 797/797/752 808/808/762
f 830/830/783 831/831/784 808/808/762
f 808/808/762 831/831/784 829/829/782
f 754/754/711 753/753/710 735/735/692
f 735/735/692 753/753/710 733/733/690
f 756/756/713 754/754/711 738/738/695
f 738/738/695 754/754/711 735/735/692
f 748/748/705 766/766/722 750/750/707
f 750/750/707 766/766/722 765/765/721
f 740/740/697 739/739/696 757/757/714
f 757/757/714 739/739/696 758/758/715
f 734/734/691 725/725/682 736/736/693
f 736/736/693 725/725/682 727/727/684
f 732/732/689 737/737/694 727/727/684
f 727/727/684 737/737/694 736/736/693
f 771/771/727 747/747/704 772/772/728
f 772/772/728 747/747/704 749/749/706
f 741/741/698 742/742/699 832/832/785
f 832/832/785 742/742/699 833/833/786
f 723/723/680 834/834/787 714/714/671
f 714/714/671 834/834/787 826/826/750
f 826/826/750 834/834/787 835/835/788
f 797/797/752 798/798/753 807/807/761
f 807/807/761 798/798/753 836/836/789
f 837/837/790 838/838/791 752/752/709
f 752/752/709 838/838/791 839/839/792
f 840/840/725 841/841/793 842/842/730
f 842/842/730 841/841/793 843/843/794
f 844/844/795 841/841/793 845/845/796
f 845/845/796 841/841/793 840/840/725
f 845/845/796 846/846/728 844/844/795
f 844/844/795 846/846/728 847/847/797
f 846/846/728 848/848/706 847/847/797
f 847/847/797 848/848/706 849/849/798
f 848/848/706 850/850/707 849/849/798
f 849/849/798 850/850/707 851/851/799
f 852/852/721 853/853/800 850/850/707
f 850/850/707 853/853/800 851/851/799
f 853/853/800 852/852/721 854/854/801
f 854/854/801 852/852/721 855/855/802
f 856/856/803 857/857/804 844/844/795
f 844/844/795 857/857/804 841/841/793
f 858/858/805 856/856/803 847/847/797
f 847/847/797 856/856/803 844/844/795
f 859/859/806 858/858/805 849/849/798
f 849/849/798 858/858/805 847/847/797
f 860/860/807 859/859/806 851/851/799
f 851/851/799 859/859/806 849/849/798
f 853/853/800 861/861/808 851/851/799
f 851/851/799 861/861/808 860/860/807
f 854/854/801 721/721/678 853/853/800
f 853/853/800 721/721/678 861/861/808
f 854/854/801 855/855/802 715/715/672
f 715/715/672 855/855/802 716/716/673
f 719/719/676 721/721/678 715/715/672
f 715/715/672 721/721/678 854/854/801
f 857/857/804 862/862/809 841/841/793
f 841/841/793 862/862/809 843/843/794
f 730/730/687 731/731/688 856/856/803
f 856/856/803 731/731/688 857/857/804
f 732/732/689 730/730/687 858/858/805
f 858/858/805 730/730/687 856/856/803
f 737/737/694 732/732/689 859/859/806
f 859/859/806 732/732/689 858/858/805
f 738/738/695 737/737/694 860/860/807
f 860/860/807 737/737/694 859/859/806
f 861/861/808 756/756/713 860/860/807
f 860/860/807 756/756/713 738/738/695
f 721/721/678 722/722/679 861/861/808
f 861/861/808 722/722/679 756/756/713
f 773/773/729 863/863/810 767/767/723
f 767/767/723 863/863/810 864/864/811
f 865/865/812 768/768/724 864/864/811
f 864/864/811 768/768/724 767/767/723
f 866/866/813 771/771/727 865/865/812
f 865/865/812 771/771/727 768/768/724
f 747/747/704 771/771/727 867/867/814
f 867/867/814 771/771/727 866/866/813
f 748/748/705 747/747/704 868/868/815
f 868/868/815 747/747/704 867/867/814
f 766/766/722 748/748/705 869/869/816
f 869/869/816 748/748/705 868/868/815
f 762/762/719 766/766/722 870/870/817
f 870/870/817 766/766/722 869/869/816
f 871/871/818 865/865/812 872/872/819
f 872/872/819 865/865/812 864/864/811
f 873/873/820 866/866/813 871/871/818
f 871/871/818 866/866/813 865/865/812
f 874/874/821 867/867/814 873/873/820
f 873/873/820 867/867/814 866/866/813
f 868/868/815 867/867/814 875/875/822
f 875/875/822 867/867/814 874/874/821
f 869/869/816 868/868/815 876/876/823
f 876/876/823 868/868/815 875/875/822
f 870/870/817 869/869/816 877/877/824
f 877/877/824 869/869/816 876/876/823
f 878/878/825 814/814/768 790/790/745
f 790/790/745 814/814/768 746/746/703
f 793/793/748 879/879/826 791/791/746
f 791/791/746 879/879/826 880/880/827
f 879/879/826 793/793/748 833/833/786
f 833/833/786 793/793/748 832/832/785
f 742/742/699 874/874/821 833/833/786
f 833/833/786 874/874/821 873/873/820
f 875/875/822 874/874/821 740/740/697
f 740/740/697 874/874/821 742/742/699
f 876/876/823 875/875/822 757/757/714
f 757/757/714 875/875/822 740/740/697
f 876/876/823 757/757/714 877/877/824
f 877/877/824 757/757/714 759/759/716
f 881/881/828 626/626/584 882/882/829
f 882/882/829 626/626/584 625/625/583
f 882/882/829 625/625/583 883/883/830
f 883/883/830 625/625/583 630/630/588
f 884/884/831 632/632/590 885/885/832
f 885/885/832 632/632/590 631/631/589
f 885/885/832 631/631/589 886/886/833
f 886/886/833 631/631/589 635/635/593
f 637/637/595 887/887/834 635/635/593
f 635/635/593 887/887/834 886/886/833
f 640/640/598 888/888/835 637/637/595
f 637/637/595 888/888/835 887/887/834
f 888/888/835 640/640/598 889/889/836
f 889/889/836 640/640/598 641/641/599
f 889/889/836 641/641/599 890/890/837
f 890/890/837 641/641/599 643/643/601
f 891/891/838 890/890/837 646/646/604
f 646/646/604 890/890/837 643/643/601
f 646/646/604 647/647/605 891/891/838
f 891/891/838 647/647/605 892/892/839
f 893/893/840 892/892/839 650/650/608
f 650/650/608 892/892/839 647/647/605
f 894/894/841 893/893/840 651/651/609
f 651/651/609 893/893/840 650/650/608
f 780/780/736 894/894/841 653/653/611
f 653/653/611 894/894/841 651/651/609
f 782/782/737 780/780/736 654/654/612
f 654/654/612 780/780/736 653/653/611
f 895/895/613 896/896/842 743/743/700
f 743/743/700 896/896/842 744/744/701
f 789/789/744 744/744/701 897/897/615
f 897/897/615 744/744/701 896/896/842
f 792/792/747 898/898/617 794/794/749
f 794/794/749 898/898/617 899/899/616
f 794/794/749 899/899/616 900/900/843
f 900/900/843 899/899/616 901/901/618
f 902/902/620 903/903/844 901/901/618
f 901/901/618 903/903/844 900/900/843
f 904/904/623 905/905/845 902/902/620
f 902/902/620 905/905/845 903/903/844
f 904/904/623 906/906/624 905/905/845
f 905/905/845 906/906/624 907/907/846
f 908/908/847 907/907/846 909/909/627
f 909/909/627 907/907/846 906/906/624
f 909/909/627 910/910/629 908/908/847
f 908/908/847 910/910/629 911/911/848
f 912/912/849 913/913/850 914/914/851
f 914/914/851 913/913/850 915/915/633
f 916/916/852 912/912/849 917/917/853
f 917/917/853 912/912/849 914/914/851
f 918/918/854 916/916/852 919/919/636
f 919/919/636 916/916/852 917/917/853
f 822/822/776 881/881/828 787/787/742
f 787/787/742 881/881/828 882/882/829
f 787/787/742 882/882/829 788/788/743
f 788/788/743 882/882/829 883/883/830
f 838/838/791 920/920/855 885/885/832
f 885/885/832 920/920/855 884/884/831
f 839/839/792 886/886/833 755/755/712
f 755/755/712 886/886/833 887/887/834
f 755/755/712 887/887/834 753/753/710
f 753/753/710 887/887/834 888/888/835
f 889/889/836 733/733/690 888/888/835
f 888/888/835 733/733/690 753/753/710
f 734/734/691 733/733/690 890/890/837
f 890/890/837 733/733/690 889/889/836
f 725/725/682 734/734/691 891/891/838
f 891/891/838 734/734/691 890/890/837
f 900/900/843 832/832/785 794/794/749
f 794/794/749 832/832/785 793/793/748
f 903/903/844 741/741/698 900/900/843
f 900/900/843 741/741/698 832/832/785
f 741/741/698 903/903/844 739/739/696
f 739/739/696 903/903/844 905/905/845
f 907/907/846 758/758/715 905/905/845
f 905/905/845 758/758/715 739/739/696
f 908/908/847 760/760/717 907/907/846
f 907/907/846 760/760/717 758/758/715
f 760/760/717 908/908/847 778/778/734
f 778/778/734 908/908/847 911/911/848
f 778/778/734 911/911/848 921/921/856
f 921/921/856 911/911/848 922/922/857
f 923/923/858 913/913/850 924/924/859
f 924/924/859 913/913/850 912/912/849
f 916/916/852 830/830/783 912/912/849
f 912/912/849 830/830/783 924/924/859
f 831/831/784 830/830/783 918/918/854
f 918/918/854 830/830/783 916/916/852
f 777/777/733 778/778/734 925/925/860
f 925/925/860 778/778/734 921/921/856
f 752/752/709 839/839/792 751/751/708
f 751/751/708 839/839/792 755/755/712
f 803/803/758 764/764/720 870/870/817
f 870/870/817 764/764/720 762/762/719
f 719/719/676 715/715/672 926/926/861
f 926/926/861 715/715/672 717/717/674
f 803/803/758 870/870/817 802/802/757
f 802/802/757 870/870/817 877/877/824
f 802/802/757 877/877/824 777/777/733
f 777/777/733 877/877/824 759/759/716
f 911/911/848 910/910/629 922/922/857
f 922/922/857 910/910/629 927/927/645
f 839/839/792 838/838/791 886/886/833
f 886/886/833 838/838/791 885/885/832
f 928/928/862 923/923/858 809/809/763
f 809/809/763 923/923/858 924/924/859
f 925/925/860 800/800/755 777/777/733
f 777/777/733 800/800/755 802/802/757
f 800/800/755 929/929/863 801/801/756
f 801/801/756 929/929/863 930/930/864
f 930/930/864 929/929/863 836/836/789
f 836/836/789 929/929/863 807/807/761
f 931/931/865 837/837/790 720/720/677
f 720/720/677 837/837/790 752/752/709
f 719/719/676 932/932/866 720/720/677
f 720/720/677 932/932/866 931/931/865
f 933/933/867 837/837/790 934/934/868
f 934/934/868 837/837/790 931/931/865
f 924/924/859 830/830/783 809/809/763
f 809/809/763 830/830/783 808/808/762
f 920/920/855 838/838/791 933/933/867
f 933/933/867 838/838/791 837/837/790
f 807/807/761 929/929/863 809/809/763
f 809/809/763 929/929/863 928/928/862
f 935/935/869 934/934/868 932/932/866
f 932/932/866 934/934/868 931/931/865
f 724/724/681 712/712/669 935/935/869
f 935/935/869 712/712/669 934/934/868
f 712/712/669 711/711/668 934/934/868
f 934/934/868 711/711/668 933/933/867
f 788/788/743 920/920/855 711/711/668
f 711/711/668 920/920/855 933/933/867
f 884/884/831 920/920/855 883/883/830
f 883/883/830 920/920/855 788/788/743
f 632/632/590 884/884/831 630/630/588
f 630/630/588 884/884/831 883/883/830
f 928/928/862 929/929/863 925/925/860
f 925/925/860 929/929/863 800/800/755
f 923/923/858 928/928/862 921/921/856
f 921/921/856 928/928/862 925/925/860
f 913/913/850 923/923/858 922/922/857
f 922/922/857 923/923/858 921/921/856
f 915/915/633 913/913/850 927/927/645
f 927/927/645 913/913/850 922/922/857
f 936/936/870 834/834/787 937/937/871
f 937/937/871 834/834/787 723/723/680
f 834/834/787 936/936/870 835/835/788
f 835/835/788 936/936/870 938/938/872
f 796/796/751 799/799/754 939/939/873
f 939/939/873 799/799/754 940/940/874
f 798/798/753 796/796/751 941/941/875
f 941/941/875 796/796/751 939/939/873
f 798/798/753 941/941/875 836/836/789
f 836/836/789 941/941/875 942/942/876
f 943/943/877 930/930/864 942/942/876
f 942/942/876 930/930/864 836/836/789
f 801/801/756 930/930/864 944/944/878
f 944/944/878 930/930/864 943/943/877
f 803/803/758 801/801/756 806/806/760
f 806/806/760 801/801/756 944/944/878
f 945/945/879 932/932/866 926/926/861
f 926/926/861 932/932/866 719/719/676
f 946/946/880 935/935/869 945/945/879
f 945/945/879 935/935/869 932/932/866
f 947/947/881 724/724/681 946/946/880
f 946/946/880 724/724/681 935/935/869
f 937/937/871 723/723/680 947/947/881
f 947/947/881 723/723/680 724/724/681
f 948/948/882 863/863/810 816/816/770
f 816/816/770 863/863/810 773/773/729
f 842/842/730 843/843/794 820/820/774
f 820/820/774 843/843/794 786/786/741
f 816/816/770 773/773/729 817/817/771
f 817/817/771 773/773/729 774/774/730
f 843/843/794 862/862/809 786/786/741
f 786/786/741 862/862/809 776/776/732
f 789/789/744 897/897/615 792/792/747
f 792/792/747 897/897/615 898/898/617
f 792/792/747 791/791/746 789/789/744
f 789/789/744 791/791/746 790/790/745
f 791/791/746 880/880/827 790/790/745
f 790/790/745 880/880/827 878/878/825
f 872/872/819 864/864/811 948/948/882
f 948/948/882 864/864/811 863/863/810
f 949/949/883 950/950/884 951/951/885
f 951/951/885 950/950/884 952/952/886
f 953/953/887 954/954/888 955/955/889
f 955/955/889 954/954/888 956/956/890
f 957/957/891 953/953/887 958/958/892
f 958/958/892 953/953/887 955/955/889
f 958/958/892 952/952/886 957/957/891
f 957/957/891 952/952/886 950/950/884
f 959/959/893 960/960/894 961/961/895
f 961/961/895 960/960/894 962/962/896
f 956/956/890 954/954/888 963/963/897
f 963/963/897 954/954/888 964/964/898
f 963/963/897 964/964/898 965/965/899
f 965/965/899 964/964/898 966/966/900
f 965/965/899 966/966/900 959/959/893
f 959/959/893 966/966/900 960/960/894
f 967/967/901 968/968/902 969/969/903
f 969/969/903 968/968/902 970/970/904
f 971/971/905 972/972/906 973/973/907
f 973/973/907 972/972/906 974/974/908
f 975/975/909 972/972/906 976/976/910
f 976/976/910 972/972/906 971/971/905
f 968/968/902 975/975/909 970/970/904
f 970/970/904 975/975/909 976/976/910
f 977/977/911 978/978/903 979/979/912
f 979/979/912 978/978/903 980/980/913
f 973/973/907 974/974/908 981/981/914
f 981/981/914 974/974/908 982/982/915
f 981/981/914 982/982/915 983/983/916
f 983/983/916 982/982/915 984/984/917
f 983/983/916 984/984/917 980/980/913
f 980/980/913 984/984/917 979/979/912
f 985/985/918 951/951/885 986/986/919
f 986/986/919 951/951/885 952/952/886
f 959/959/893 961/961/895 987/987/920
f 987/987/920 961/961/895 988/988/918
f 989/989/921 965/965/899 987/987/920
f 987/987/920 965/965/899 959/959/893
f 990/990/922 963/963/897 989/989/921
f 989/989/921 963/963/897 965/965/899
f 991/991/923 956/956/890 990/990/922
f 990/990/922 956/956/890 963/963/897
f 992/992/924 955/955/889 991/991/923
f 991/991/923 955/955/889 956/956/890
f 993/993/925 958/958/892 992/992/924
f 992/992/924 958/958/892 955/955/889
f 952/952/886 958/958/892 986/986/919
f 986/986/919 958/958/892 993/993/925
f 994/994/926 995/995/927 960/960/894
f 960/960/894 995/995/927 962/962/896
f 996/996/928 994/994/926 966/966/900
f 966/966/900 994/994/926 960/960/894
f 964/964/898 997/997/929 966/966/900
f 966/966/900 997/997/929 996/996/928
f 954/954/888 998/998/930 964/964/898
f 964/964/898 998/998/930 997/997/929
f 999/999/931 998/998/930 953/953/887
f 953/953/887 998/998/930 954/954/888
f 1000/1000/932 999/999/931 957/957/891
f 957/957/891 999/999/931 953/953/887
f 1000/1000/932 957/957/891 1001/1001/933
f 1001/1001/933 957/957/891 950/950/884
f 949/949/883 1002/1002/934 950/950/884
f 950/950/884 1002/1002/934 1001/1001/933
f 1003/1003/935 986/986/919 1004/1004/936
f 1004/1004/936 986/986/919 993/993/925
f 1004/1004/936 993/993/925 1005/1005/937
f 1005/1005/937 993/993/925 992/992/924
f 1005/1005/937 992/992/924 1006/1006/938
f 1006/1006/938 992/992/924 991/991/923
f 991/991/923 990/990/922 1006/1006/938
f 1006/1006/938 990/990/922 1007/1007/939
f 990/990/922 989/989/921 1007/1007/939
f 1007/1007/939 989/989/921 1008/1008/940
f 989/989/921 987/987/920 1008/1008/940
f 1008/1008/940 987/987/920 1009/1009/941
f 987/987/920 988/988/918 1009/1009/941
f 1009/1009/941 988/988/918 1010/1010/942
f 1011/1011/943 985/985/918 1003/1003/935
f 1003/1003/935 985/985/918 986/986/919
f 1011/1011/943 1003/1003/935 978/978/903
f 978/978/903 1003/1003/935 980/980/913
f 1010/1010/942 969/969/903 1009/1009/941
f 1009/1009/941 969/969/903 970/970/904
f 1009/1009/941 970/970/904 1008/1008/940
f 1008/1008/940 970/970/904 976/976/910
f 976/976/910 971/971/905 1008/1008/940
f 1008/1008/940 971/971/905 1007/1007/939
f 971/971/905 973/973/907 1007/1007/939
f 1007/1007/939 973/973/907 1006/1006/938
f 1006/1006/938 973/973/907 1005/1005/937
f 1005/1005/937 973/973/907 981/981/914
f 1005/1005/937 981/981/914 1004/1004/936
f 1004/1004/936 981/981/914 983/983/916
f 1004/1004/936 983/983/916 1003/1003/935
f 1003/1003/935 983/983/916 980/980/913
f 1012/1012/944 977/977/911 1013/1013/945
f 1013/1013/945 977/977/911 979/979/912
f 1014/1014/946 968/968/902 1015/1015/944
f 1015/1015/944 968/968/902 967/967/901
f 975/975/909 968/968/902 1016/1016/947
f 1016/1016/947 968/968/902 1014/1014/946
f 1017/1017/948 972/972/906 1016/1016/947
f 1016/1016/947 972/972/906 975/975/909
f 1018/1018/949 974/974/908 1017/1017/948
f 1017/1017/948 974/974/908 972/972/906
f 1019/1019/950 982/982/915 1018/1018/949
f 1018/1018/949 982/982/915 974/974/908
f 1020/1020/951 984/984/917 1019/1019/950
f 1019/1019/950 984/984/917 982/982/915
f 1013/1013/945 979/979/912 1020/1020/951
f 1020/1020/951 979/979/912 984/984/917
f 1021/1021/952 1022/1022/953 1023/1023/527
f 1023/1023/527 1022/1022/953 1024/1024/954
f 1025/1025/955 1026/1026/956 1027/1027/957
f 1027/1027/957 1026/1026/956 1028/1028/527
f 1029/1029/958 1025/1025/955 1030/1030/959
f 1030/1030/959 1025/1025/955 1027/1027/957
f 1029/1029/958 1030/1030/959 1031/1031/960
f 1031/1031/960 1030/1030/959 1032/1032/961
f 1033/1033/498 1034/1034/962 1032/1032/961
f 1032/1032/961 1034/1034/962 1031/1031/960
f 1035/1035/963 1036/1036/964 1033/1033/498
f 1033/1033/498 1036/1036/964 1034/1034/962
f 1037/1037/531 1038/1038/965 1035/1035/963
f 1035/1035/963 1038/1038/965 1036/1036/964
f 1022/1022/953 1038/1038/965 1024/1024/954
f 1024/1024/954 1038/1038/965 1037/1037/531
f 1034/1034/962 1018/1018/949 1031/1031/960
f 1031/1031/960 1018/1018/949 1017/1017/948
f 1036/1036/964 1019/1019/950 1034/1034/962
f 1034/1034/962 1019/1019/950 1018/1018/949
f 1038/1038/965 1020/1020/951 1036/1036/964
f 1036/1036/964 1020/1020/951 1019/1019/950
f 1013/1013/945 1020/1020/951 1022/1022/953
f 1022/1022/953 1020/1020/951 1038/1038/965
f 1012/1012/944 1013/1013/945 1021/1021/952
f 1021/1021/952 1013/1013/945 1022/1022/953
f 1014/1014/946 1015/1015/944 1025/1025/955
f 1025/1025/955 1015/1015/944 1026/1026/956
f 1016/1016/947 1014/1014/946 1029/1029/958
f 1029/1029/958 1014/1014/946 1025/1025/955
f 1016/1016/947 1029/1029/958 1017/1017/948
f 1017/1017/948 1029/1029/958 1031/1031/960
f 1039/1039/966 1040/1040/967 1041/1041/968
f 1041/1041/968 1040/1040/967 1042/1042/969
f 1040/1040/967 1043/1043/970 1042/1042/969
f 1042/1042/969 1043/1043/970 1044/1044/971
f 1043/1043/970 1040/1040/967 1045/1045/972
f 1045/1045/972 1040/1040/967 1046/1046/973
f 1047/1047/974 1046/1046/973 1039/1039/966
f 1039/1039/966 1046/1046/973 1040/1040/967
f 1048/1048/975 1049/1049/976 1050/1050/977
f 1050/1050/977 1049/1049/976 1051/1051/978
f 1051/1051/978 1049/1049/976 1052/1052/979
f 1052/1052/979 1049/1049/976 1053/1053/980
f 1049/1049/976 1054/1054/981 1053/1053/980
f 1053/1053/980 1054/1054/981 1055/1055/982
f 1054/1054/981 1049/1049/976 1056/1056/983
f 1056/1056/983 1049/1049/976 1048/1048/975
f 1057/1057/984 1058/1058/985 1059/1059/986
f 1058/1058/985 1057/1057/984 1060/1060/987
f 1061/1061/988 1057/1057/984 1062/1062/989
f 1062/1062/989 1057/1057/984 1063/1063/990
f 1064/1064/991 1065/1065/992 1057/1057/984
f 1057/1057/984 1065/1065/992 1063/1063/990
f 1066/1066/993 1067/1067/994 1068/1068/995
f 1068/1068/995 1067/1067/994 1069/1069/996
f 1070/1070/997 1071/1071/998 1072/1072/999
f 1072/1072/999 1071/1071/998 1073/1073/1000
f 1074/1074/1001 1075/1075/1002 1076/1076/1003
f 1076/1076/1003 1075/1075/1002 1077/1077/1004
f 1078/1078/1005 1079/1079/1006 1080/1080/1007
f 1080/1080/1007 1079/1079/1006 1081/1081/1008
f 1082/1082/1009 1083/1083/997 1084/1084/1010
f 1084/1084/1010 1083/1083/997 1085/1085/1011
f 1082/1082/1009 1084/1084/1010 1086/1086/1012
f 1086/1086/1012 1084/1084/1010 1087/1087/1013
f 1079/1079/1006 1088/1088/1014 1081/1081/1008
f 1081/1081/1008 1088/1088/1014 1089/1089/1015
f 1089/1089/1015 1088/1088/1014 1090/1090/1016
f 1090/1090/1016 1088/1088/1014 1091/1091/1017
f 1092/1092/1018 1087/1087/1013 1090/1090/1016
f 1090/1090/1016 1087/1087/1013 1089/1089/1015
f 1093/1093/1019 1094/1094/1020 1095/1095/1021
f 1095/1095/1021 1094/1094/1020 1096/1096/1022
f 1097/1097/1023 1098/1098/1024 1096/1096/1022
f 1096/1096/1022 1098/1098/1024 1095/1095/1021
f 1099/1099/1025 1100/1100/1026 1101/1101/1027
f 1101/1101/1027 1100/1100/1026 1102/1102/1028
f 1103/1103/1029 1104/1104/1030 1099/1099/1025
f 1099/1099/1025 1104/1104/1030 1100/1100/1026
f 1105/1105/1031 1106/1106/1032 1044/1044/971
f 1044/1044/971 1106/1106/1032 1042/1042/969
f 1041/1041/968 1042/1042/969 1107/1107/1033
f 1107/1107/1033 1042/1042/969 1106/1106/1032
f 1108/1108/1034 1109/1109/1035 1110/1110/1036
f 1110/1110/1036 1109/1109/1035 1111/1111/1037
f 1109/1109/1035 1108/1108/1034 1112/1112/1038
f 1112/1112/1038 1108/1108/1034 1113/1113/1039
f 1108/1108/1034 1114/1114/1040 1113/1113/1039
f 1113/1113/1039 1114/1114/1040 1115/1115/1041
f 1114/1114/1040 1108/1108/1034 1116/1116/1042
f 1116/1116/1042 1108/1108/1034 1110/1110/1036
f 1117/1117/1043 1082/1082/1009 1094/1094/1020
f 1094/1094/1020 1082/1082/1009 1086/1086/1012
f 1118/1118/1044 1083/1083/997 1117/1117/1043
f 1117/1117/1043 1083/1083/997 1082/1082/1009
f 1119/1119/1045 1120/1120/1046 1121/1121/1047
f 1121/1121/1047 1120/1120/1046 1122/1122/1048
f 1121/1121/1047 1122/1122/1048 1070/1070/997
f 1070/1070/997 1122/1122/1048 1071/1071/998
f 1122/1122/1048 1123/1123/1049 1071/1071/998
f 1071/1071/998 1123/1123/1049 1124/1124/1050
f 1120/1120/1046 1125/1125/1051 1122/1122/1048
f 1122/1122/1048 1125/1125/1051 1123/1123/1049
f 1126/1126/1052 1127/1127/1053 1128/1128/1054
f 1128/1128/1054 1127/1127/1053 1129/1129/1055
f 1127/1127/1053 1126/1126/1052 1130/1130/1041
f 1130/1130/1041 1126/1126/1052 1131/1131/1056
f 1126/1126/1052 1132/1132/1057 1131/1131/1056
f 1131/1131/1056 1132/1132/1057 1133/1133/1058
f 1134/1134/1059 1132/1132/1057 1128/1128/1054
f 1128/1128/1054 1132/1132/1057 1126/1126/1052
f 1135/1135/1060 1136/1136/1061 1137/1137/1062
f 1137/1137/1062 1136/1136/1061 1138/1138/1063
f 1139/1139/1064 1135/1135/1060 1140/1140/1065
f 1140/1140/1065 1135/1135/1060 1137/1137/1062
f 1141/1141/1066 1109/1109/1035 1142/1142/1067
f 1142/1142/1067 1109/1109/1035 1112/1112/1038
f 1143/1143/1068 1144/1144/1069 1103/1103/1029
f 1103/1103/1029 1144/1144/1069 1104/1104/1030
f 1145/1145/1070 1146/1146/1071 1143/1143/1068
f 1143/1143/1068 1146/1146/1071 1144/1144/1069
f 1147/1147/1072 1148/1148/1073 1149/1149/1074
f 1149/1149/1074 1148/1148/1073 1150/1150/1075
f 1151/1151/1076 1147/1147/1072 1152/1152/1077
f 1152/1152/1077 1147/1147/1072 1149/1149/1074
f 1063/1063/990 1065/1065/992 1153/1153/1078
f 1153/1153/1078 1065/1065/992 1154/1154/1079
f 1063/1063/990 1153/1153/1078 1062/1062/989
f 1062/1062/989 1153/1153/1078 1155/1155/1080
f 1131/1131/1056 1133/1133/1058 1156/1156/1081
f 1156/1156/1081 1133/1133/1058 1157/1157/1082
f 1130/1130/1041 1131/1131/1056 1158/1158/1083
f 1158/1158/1083 1131/1131/1056 1156/1156/1081
f 1113/1113/1039 1115/1115/1041 1159/1159/1084
f 1159/1159/1084 1115/1115/1041 1160/1160/1085
f 1113/1113/1039 1159/1159/1084 1112/1112/1038
f 1112/1112/1038 1159/1159/1084 1161/1161/1086
f 1161/1161/1086 1162/1162/1087 1163/1163/1088
f 1163/1163/1088 1162/1162/1087 1164/1164/1089
f 1165/1165/1090 1163/1163/1088 1166/1166/1091
f 1166/1166/1091 1163/1163/1088 1164/1164/1089
f 1144/1144/1069 1167/1167/1092 1104/1104/1030
f 1104/1104/1030 1167/1167/1092 1093/1093/1019
f 1146/1146/1071 1168/1168/1093 1144/1144/1069
f 1144/1144/1069 1168/1168/1093 1167/1167/1092
f 1120/1120/1046 1119/1119/1045 1147/1147/1072
f 1147/1147/1072 1119/1119/1045 1148/1148/1073
f 1169/1169/1094 1170/1170/1095 1135/1135/1060
f 1135/1135/1060 1170/1170/1095 1136/1136/1061
f 1171/1171/1096 1169/1169/1094 1139/1139/1064
f 1139/1139/1064 1169/1169/1094 1135/1135/1060
f 1094/1094/1020 1086/1086/1012 1096/1096/1022
f 1096/1096/1022 1086/1086/1012 1172/1172/1097
f 1173/1173/1098 1097/1097/1023 1172/1172/1097
f 1172/1172/1097 1097/1097/1023 1096/1096/1022
f 1174/1174/1099 1175/1175/1100 1141/1141/1066
f 1141/1141/1066 1175/1175/1100 1176/1176/1101
f 1177/1177/1102 1178/1178/1103 1179/1179/1104
f 1179/1179/1104 1178/1178/1103 1180/1180/1105
f 1181/1181/1106 1177/1177/1102 1182/1182/1107
f 1182/1182/1107 1177/1177/1102 1179/1179/1104
f 1183/1183/1108 1184/1184/1109 1185/1185/1110
f 1185/1185/1110 1184/1184/1109 1186/1186/1111
f 1187/1187/1112 1183/1183/1108 1188/1188/1113
f 1188/1188/1113 1183/1183/1108 1185/1185/1110
f 1189/1189/1114 1190/1190/1115 1191/1191/1116
f 1191/1191/1116 1190/1190/1115 1192/1192/1117
f 1189/1189/1114 1193/1193/1118 1190/1190/1115
f 1190/1190/1115 1193/1193/1118 1194/1194/1119
f 1081/1081/1008 1089/1089/1015 1084/1084/1010
f 1084/1084/1010 1089/1089/1015 1087/1087/1013
f 1084/1084/1010 1085/1085/1011 1081/1081/1008
f 1081/1081/1008 1085/1085/1011 1080/1080/1007
f 1072/1072/999 1073/1073/1000 1077/1077/1004
f 1077/1077/1004 1073/1073/1000 1076/1076/1003
f 1071/1071/998 1124/1124/1050 1073/1073/1000
f 1073/1073/1000 1124/1124/1050 1195/1195/1120
f 1076/1076/1003 1073/1073/1000 1196/1196/1121
f 1196/1196/1121 1073/1073/1000 1195/1195/1120
f 1074/1074/1001 1076/1076/1003 1197/1197/1122
f 1197/1197/1122 1076/1076/1003 1196/1196/1121
f 1196/1196/1121 1195/1195/1120 1198/1198/1123
f 1198/1198/1123 1195/1195/1120 1199/1199/1124
f 1198/1198/1123 1199/1199/1124 1067/1067/994
f 1067/1067/994 1199/1199/1124 1069/1069/996
f 1086/1086/1012 1087/1087/1013 1172/1172/1097
f 1172/1172/1097 1087/1087/1013 1092/1092/1018
f 1200/1200/1125 1173/1173/1098 1092/1092/1018
f 1092/1092/1018 1173/1173/1098 1172/1172/1097
f 1201/1201/1126 998/998/930 1202/1202/993
f 1202/1202/993 998/998/930 999/999/931
f 1000/1000/932 1203/1203/1127 999/999/931
f 999/999/931 1203/1203/1127 1202/1202/993
f 1000/1000/932 1001/1001/933 1203/1203/1127
f 1203/1203/1127 1001/1001/933 1204/1204/1128
f 1002/1002/934 1205/1205/1129 1001/1001/933
f 1001/1001/933 1205/1205/1129 1204/1204/1128
f 1206/1206/1130 1207/1207/1131 1208/1208/1132
f 1208/1208/1132 1207/1207/1131 1209/1209/1133
f 1210/1210/1134 1211/1211/1135 1212/1212/1136
f 1212/1212/1136 1211/1211/1135 1213/1213/1137
f 1211/1211/1135 1214/1214/1138 1213/1213/1137
f 1213/1213/1137 1214/1214/1138 1215/1215/1139
f 1207/1207/1131 1216/1216/1140 1209/1209/1133
f 1209/1209/1133 1216/1216/1140 1217/1217/1141
f 1218/1218/1142 1219/1219/1140 1220/1220/1143
f 1220/1220/1143 1219/1219/1140 1221/1221/1144
f 1222/1222/1145 1223/1223/1146 1224/1224/1147
f 1224/1224/1147 1223/1223/1146 1225/1225/1148
f 1225/1225/1148 1223/1223/1146 1226/1226/1149
f 1226/1226/1149 1223/1223/1146 1227/1227/1150
f 1220/1220/1143 1221/1221/1144 1228/1228/1151
f 1228/1228/1151 1221/1221/1144 1229/1229/1152
f 1230/1230/1153 1064/1064/991 1231/1231/1154
f 1231/1231/1154 1064/1064/991 1232/1232/1155
f 1230/1230/1153 1233/1233/1156 1234/1234/1157
f 1234/1234/1157 1233/1233/1156 1235/1235/1158
f 1230/1230/1153 1234/1234/1157 1236/1236/1159
f 1236/1236/1159 1234/1234/1157 1237/1237/1160
f 1238/1238/1161 1239/1239/1162 1139/1139/1064
f 1139/1139/1064 1239/1239/1162 1171/1171/1096
f 1239/1239/1162 1238/1238/1161 1240/1240/1163
f 1240/1240/1163 1238/1238/1161 1241/1241/1164
f 1242/1242/1165 1243/1243/1166 1244/1244/1167
f 1244/1244/1167 1243/1243/1166 1245/1245/1168
f 1246/1246/1169 1247/1247/1170 1248/1248/1171
f 1248/1248/1171 1247/1247/1170 1249/1249/1172
f 1074/1074/1001 1250/1250/1173 1075/1075/1002
f 1075/1075/1002 1250/1250/1173 1251/1251/1174
f 1078/1078/1005 1252/1252/1175 1079/1079/1006
f 1079/1079/1006 1252/1252/1175 1253/1253/1176
f 1254/1254/1177 1255/1255/1172 1256/1256/1178
f 1256/1256/1178 1255/1255/1172 1257/1257/1179
f 1258/1258/1180 1256/1256/1178 1259/1259/1181
f 1259/1259/1181 1256/1256/1178 1257/1257/1179
f 1079/1079/1006 1253/1253/1176 1088/1088/1014
f 1088/1088/1014 1253/1253/1176 1260/1260/1182
f 1091/1091/1017 1088/1088/1014 1261/1261/1183
f 1261/1261/1183 1088/1088/1014 1260/1260/1182
f 1260/1260/1182 1258/1258/1180 1261/1261/1183
f 1261/1261/1183 1258/1258/1180 1262/1262/1184
f 1263/1263/1185 1210/1210/1134 1264/1264/1186
f 1264/1264/1186 1210/1210/1134 1212/1212/1136
f 1265/1265/1187 1206/1206/1130 1266/1266/1188
f 1266/1266/1188 1206/1206/1130 1208/1208/1132
f 1267/1267/1189 1268/1268/1190 1269/1269/1191
f 1269/1269/1191 1268/1268/1190 1270/1270/1192
f 1268/1268/1190 1271/1271/1193 1270/1270/1192
f 1270/1270/1192 1271/1271/1193 1272/1272/1194
f 1270/1270/1192 1272/1272/1194 1273/1273/1195
f 1273/1273/1195 1272/1272/1194 1274/1274/1196
f 1269/1269/1191 1270/1270/1192 1275/1275/1197
f 1275/1275/1197 1270/1270/1192 1273/1273/1195
f 1276/1276/1198 1277/1277/1199 1278/1278/1200
f 1278/1278/1200 1277/1277/1199 1279/1279/1201
f 1259/1259/1181 1257/1257/1179 1279/1279/1201
f 1279/1279/1201 1257/1257/1179 1278/1278/1200
f 1257/1257/1179 1255/1255/1172 1278/1278/1200
f 1278/1278/1200 1255/1255/1172 1280/1280/1202
f 1281/1281/1203 1276/1276/1198 1280/1280/1202
f 1280/1280/1202 1276/1276/1198 1278/1278/1200
f 1282/1282/1204 1249/1249/1172 1283/1283/1205
f 1283/1283/1205 1249/1249/1172 1247/1247/1170
f 1283/1283/1205 1247/1247/1170 1284/1284/1206
f 1284/1284/1206 1247/1247/1170 1285/1285/1207
f 1286/1286/1197 1287/1287/1208 1288/1288/1209
f 1288/1288/1209 1287/1287/1208 1289/1289/1210
f 1287/1287/1208 1290/1290/1211 1289/1289/1210
f 1289/1289/1210 1290/1290/1211 1291/1291/1212
f 1289/1289/1210 1292/1292/1213 1288/1288/1209
f 1288/1288/1209 1292/1292/1213 1293/1293/1214
f 1294/1294/1215 1295/1295/1216 1296/1296/1217
f 1296/1296/1217 1295/1295/1216 1297/1297/1218
f 1271/1271/1193 1268/1268/1190 1297/1297/1218
f 1297/1297/1218 1268/1268/1190 1296/1296/1217
f 1154/1154/1079 1065/1065/992 1298/1298/1219
f 1298/1298/1219 1065/1065/992 1236/1236/1159
f 1236/1236/1159 1237/1237/1160 1298/1298/1219
f 1298/1298/1219 1237/1237/1160 1299/1299/1220
f 1300/1300/1221 1301/1301/1222 1302/1302/1223
f 1302/1302/1223 1301/1301/1222 1291/1291/1212
f 1290/1290/1211 1303/1303/1224 1291/1291/1212
f 1291/1291/1212 1303/1303/1224 1302/1302/1223
f 1272/1272/1194 1304/1304/1225 1274/1274/1196
f 1274/1274/1196 1304/1304/1225 1305/1305/1226
f 1272/1272/1194 1271/1271/1193 1304/1304/1225
f 1304/1304/1225 1271/1271/1193 1306/1306/1227
f 1307/1307/1228 1308/1308/1229 1309/1309/1230
f 1309/1309/1230 1308/1308/1229 1306/1306/1227
f 1307/1307/1228 1309/1309/1230 1166/1166/1091
f 1166/1166/1091 1309/1309/1230 1165/1165/1090
f 1097/1097/1023 1310/1310/1231 1098/1098/1024
f 1098/1098/1024 1310/1310/1231 1311/1311/1232
f 1310/1310/1231 1279/1279/1201 1311/1311/1232
f 1311/1311/1232 1279/1279/1201 1277/1277/1199
f 1277/1277/1199 1276/1276/1198 1312/1312/1233
f 1312/1312/1233 1276/1276/1198 1313/1313/1234
f 1276/1276/1198 1281/1281/1203 1313/1313/1234
f 1313/1313/1234 1281/1281/1203 1314/1314/1235
f 1315/1315/1236 1316/1316/1237 1317/1317/1238
f 1317/1317/1238 1316/1316/1237 1318/1318/1239
f 1319/1319/1240 1320/1320/1241 1318/1318/1239
f 1318/1318/1239 1320/1320/1241 1317/1317/1238
f 1321/1321/1242 1259/1259/1181 1310/1310/1231
f 1310/1310/1231 1259/1259/1181 1279/1279/1201
f 1173/1173/1098 1321/1321/1242 1097/1097/1023
f 1097/1097/1023 1321/1321/1242 1310/1310/1231
f 1296/1296/1217 1322/1322/1243 1294/1294/1215
f 1294/1294/1215 1322/1322/1243 1323/1323/1244
f 1296/1296/1217 1268/1268/1190 1324/1324/1245
f 1324/1324/1245 1268/1268/1190 1267/1267/1189
f 1210/1210/1134 1263/1263/1185 1211/1211/1135
f 1211/1211/1135 1263/1263/1185 1325/1325/1246
f 1211/1211/1135 1325/1325/1246 1214/1214/1138
f 1214/1214/1138 1325/1325/1246 1326/1326/1247
f 1223/1223/1146 1222/1222/1145 1327/1327/1248
f 1327/1327/1248 1222/1222/1145 1328/1328/1249
f 1223/1223/1146 1327/1327/1248 1227/1227/1150
f 1227/1227/1150 1327/1327/1248 1329/1329/1250
f 1330/1330/1251 1331/1331/1252 1332/1332/1253
f 1332/1332/1253 1331/1331/1252 1333/1333/1254
f 1334/1334/1255 1335/1335/1256 1336/1336/1257
f 1336/1336/1257 1335/1335/1256 1337/1337/1258
f 1258/1258/1180 1260/1260/1182 1256/1256/1178
f 1256/1256/1178 1260/1260/1182 1253/1253/1176
f 1252/1252/1175 1254/1254/1177 1253/1253/1176
f 1253/1253/1176 1254/1254/1177 1256/1256/1178
f 1250/1250/1173 1246/1246/1169 1251/1251/1174
f 1251/1251/1174 1246/1246/1169 1248/1248/1171
f 1338/1338/1259 1285/1285/1207 1246/1246/1169
f 1246/1246/1169 1285/1285/1207 1247/1247/1170
f 1250/1250/1173 1339/1339/1260 1246/1246/1169
f 1246/1246/1169 1339/1339/1260 1338/1338/1259
f 1339/1339/1260 1250/1250/1173 1197/1197/1122
f 1197/1197/1122 1250/1250/1173 1074/1074/1001
f 1340/1340/1261 1341/1341/1262 1339/1339/1260
f 1339/1339/1260 1341/1341/1262 1338/1338/1259
f 1340/1340/1261 1244/1244/1167 1341/1341/1262
f 1341/1341/1262 1244/1244/1167 1245/1245/1168
f 1262/1262/1184 1258/1258/1180 1321/1321/1242
f 1321/1321/1242 1258/1258/1180 1259/1259/1181
f 1200/1200/1125 1262/1262/1184 1173/1173/1098
f 1173/1173/1098 1262/1262/1184 1321/1321/1242
f 1201/1201/1126 1342/1342/1165 998/998/930
f 998/998/930 1342/1342/1165 997/997/929
f 996/996/928 997/997/929 1343/1343/1263
f 1343/1343/1263 997/997/929 1342/1342/1165
f 1344/1344/1261 994/994/926 1343/1343/1263
f 1343/1343/1263 994/994/926 996/996/928
f 994/994/926 1344/1344/1261 995/995/927
f 995/995/927 1344/1344/1261 1345/1345/1129
f 1197/1197/1122 1196/1196/1121 1346/1346/1129
f 1346/1346/1129 1196/1196/1121 1198/1198/1123
f 1340/1340/1261 1339/1339/1260 1346/1346/1129
f 1346/1346/1129 1339/1339/1260 1197/1197/1122
f 1091/1091/1017 1200/1200/1125 1090/1090/1016
f 1090/1090/1016 1200/1200/1125 1092/1092/1018
f 1262/1262/1184 1200/1200/1125 1261/1261/1183
f 1261/1261/1183 1200/1200/1125 1091/1091/1017
f 1171/1171/1096 1347/1347/1126 1169/1169/1094
f 1169/1169/1094 1347/1347/1126 1066/1066/993
f 1066/1066/993 1068/1068/995 1169/1169/1094
f 1169/1169/1094 1068/1068/995 1170/1170/1095
f 1125/1125/1051 1120/1120/1046 1151/1151/1076
f 1151/1151/1076 1120/1120/1046 1147/1147/1072
f 1098/1098/1024 1102/1102/1028 1095/1095/1021
f 1095/1095/1021 1102/1102/1028 1100/1100/1026
f 1104/1104/1030 1093/1093/1019 1100/1100/1026
f 1100/1100/1026 1093/1093/1019 1095/1095/1021
f 1167/1167/1092 1117/1117/1043 1093/1093/1019
f 1093/1093/1019 1117/1117/1043 1094/1094/1020
f 1168/1168/1093 1118/1118/1044 1167/1167/1092
f 1167/1167/1092 1118/1118/1044 1117/1117/1043
f 1242/1242/1165 1347/1347/1126 1239/1239/1162
f 1239/1239/1162 1347/1347/1126 1171/1171/1096
f 1242/1242/1165 1239/1239/1162 1243/1243/1166
f 1243/1243/1166 1239/1239/1162 1240/1240/1163
f 1348/1348/1264 1102/1102/1028 1311/1311/1232
f 1311/1311/1232 1102/1102/1028 1098/1098/1024
f 1311/1311/1232 1277/1277/1199 1348/1348/1264
f 1348/1348/1264 1277/1277/1199 1312/1312/1233
f 1283/1283/1205 1318/1318/1239 1282/1282/1204
f 1282/1282/1204 1318/1318/1239 1316/1316/1237
f 1284/1284/1206 1319/1319/1240 1283/1283/1205
f 1283/1283/1205 1319/1319/1240 1318/1318/1239
f 1349/1349/1265 1101/1101/1027 1348/1348/1264
f 1348/1348/1264 1101/1101/1027 1102/1102/1028
f 1348/1348/1264 1312/1312/1233 1349/1349/1265
f 1349/1349/1265 1312/1312/1233 1350/1350/1266
f 1351/1351/1267 1350/1350/1266 1313/1313/1234
f 1313/1313/1234 1350/1350/1266 1312/1312/1233
f 1352/1352/1268 1351/1351/1267 1314/1314/1235
f 1314/1314/1235 1351/1351/1267 1313/1313/1234
f 1353/1353/1269 1315/1315/1236 1354/1354/1270
f 1354/1354/1270 1315/1315/1236 1317/1317/1238
f 1320/1320/1241 1355/1355/1271 1317/1317/1238
f 1317/1317/1238 1355/1355/1271 1354/1354/1270
f 1356/1356/1272 1241/1241/1164 1357/1357/1273
f 1357/1357/1273 1241/1241/1164 1238/1238/1161
f 1139/1139/1064 1140/1140/1065 1238/1238/1161
f 1238/1238/1161 1140/1140/1065 1357/1357/1273
f 1358/1358/1274 1359/1359/1275 1137/1137/1062
f 1137/1137/1062 1359/1359/1275 1140/1140/1065
f 1360/1360/1276 1358/1358/1274 1138/1138/1063
f 1138/1138/1063 1358/1358/1274 1137/1137/1062
f 1361/1361/1277 1362/1362/1278 1149/1149/1074
f 1149/1149/1074 1362/1362/1278 1152/1152/1077
f 1149/1149/1074 1150/1150/1075 1361/1361/1277
f 1361/1361/1277 1150/1150/1075 1363/1363/1279
f 1364/1364/1280 1145/1145/1070 1365/1365/1281
f 1365/1365/1281 1145/1145/1070 1143/1143/1068
f 1365/1365/1281 1143/1143/1068 1162/1162/1087
f 1162/1162/1087 1143/1143/1068 1103/1103/1029
f 1162/1162/1087 1103/1103/1029 1164/1164/1089
f 1164/1164/1089 1103/1103/1029 1099/1099/1025
f 1099/1099/1025 1101/1101/1027 1164/1164/1089
f 1164/1164/1089 1101/1101/1027 1166/1166/1091
f 1307/1307/1228 1166/1166/1091 1349/1349/1265
f 1349/1349/1265 1166/1166/1091 1101/1101/1027
f 1349/1349/1265 1350/1350/1266 1307/1307/1228
f 1307/1307/1228 1350/1350/1266 1308/1308/1229
f 1366/1366/1282 1308/1308/1229 1351/1351/1267
f 1351/1351/1267 1308/1308/1229 1350/1350/1266
f 1367/1367/1283 1366/1366/1282 1352/1352/1268
f 1352/1352/1268 1366/1366/1282 1351/1351/1267
f 1368/1368/1284 1353/1353/1269 1369/1369/1285
f 1369/1369/1285 1353/1353/1269 1354/1354/1270
f 1355/1355/1271 1370/1370/1286 1354/1354/1270
f 1354/1354/1270 1370/1370/1286 1369/1369/1285
f 1357/1357/1273 1371/1371/1287 1356/1356/1272
f 1356/1356/1272 1371/1371/1287 1372/1372/1288
f 1140/1140/1065 1359/1359/1275 1357/1357/1273
f 1357/1357/1273 1359/1359/1275 1371/1371/1287
f 1294/1294/1215 1141/1141/1066 1295/1295/1216
f 1295/1295/1216 1141/1141/1066 1142/1142/1067
f 1064/1064/991 1230/1230/1153 1065/1065/992
f 1065/1065/992 1230/1230/1153 1236/1236/1159
f 1301/1301/1222 1292/1292/1213 1291/1291/1212
f 1291/1291/1212 1292/1292/1213 1289/1289/1210
f 1359/1359/1275 1358/1358/1274 1154/1154/1079
f 1154/1154/1079 1358/1358/1274 1153/1153/1078
f 1358/1358/1274 1360/1360/1276 1153/1153/1078
f 1153/1153/1078 1360/1360/1276 1155/1155/1080
f 1362/1362/1278 1361/1361/1277 1157/1157/1082
f 1157/1157/1082 1361/1361/1277 1156/1156/1081
f 1361/1361/1277 1363/1363/1279 1156/1156/1081
f 1156/1156/1081 1363/1363/1279 1158/1158/1083
f 1160/1160/1085 1364/1364/1280 1159/1159/1084
f 1159/1159/1084 1364/1364/1280 1365/1365/1281
f 1159/1159/1084 1365/1365/1281 1161/1161/1086
f 1161/1161/1086 1365/1365/1281 1162/1162/1087
f 1142/1142/1067 1112/1112/1038 1163/1163/1088
f 1163/1163/1088 1112/1112/1038 1161/1161/1086
f 1295/1295/1216 1142/1142/1067 1165/1165/1090
f 1165/1165/1090 1142/1142/1067 1163/1163/1088
f 1298/1298/1219 1371/1371/1287 1154/1154/1079
f 1154/1154/1079 1371/1371/1287 1359/1359/1275
f 1372/1372/1288 1371/1371/1287 1299/1299/1220
f 1299/1299/1220 1371/1371/1287 1298/1298/1219
f 1302/1302/1223 1369/1369/1285 1300/1300/1221
f 1300/1300/1221 1369/1369/1285 1370/1370/1286
f 1303/1303/1224 1368/1368/1284 1302/1302/1223
f 1302/1302/1223 1368/1368/1284 1369/1369/1285
f 1366/1366/1282 1367/1367/1283 1304/1304/1225
f 1304/1304/1225 1367/1367/1283 1305/1305/1226
f 1308/1308/1229 1366/1366/1282 1306/1306/1227
f 1306/1306/1227 1366/1366/1282 1304/1304/1225
f 1306/1306/1227 1271/1271/1193 1309/1309/1230
f 1309/1309/1230 1271/1271/1193 1297/1297/1218
f 1295/1295/1216 1165/1165/1090 1297/1297/1218
f 1297/1297/1218 1165/1165/1090 1309/1309/1230
f 1187/1187/1112 1134/1134/1059 1183/1183/1108
f 1183/1183/1108 1134/1134/1059 1128/1128/1054
f 1184/1184/1109 1183/1183/1108 1129/1129/1055
f 1129/1129/1055 1183/1183/1108 1128/1128/1054
f 1177/1177/1102 1181/1181/1106 1110/1110/1036
f 1110/1110/1036 1181/1181/1106 1116/1116/1042
f 1178/1178/1103 1177/1177/1102 1111/1111/1037
f 1111/1111/1037 1177/1177/1102 1110/1110/1036
f 1175/1175/1100 1106/1106/1032 1176/1176/1101
f 1176/1176/1101 1106/1106/1032 1105/1105/1031
f 1106/1106/1032 1175/1175/1100 1107/1107/1033
f 1107/1107/1033 1175/1175/1100 1174/1174/1099
f 1266/1266/1188 1323/1323/1244 1265/1265/1187
f 1265/1265/1187 1323/1323/1244 1322/1322/1243
f 1267/1267/1189 1263/1263/1185 1324/1324/1245
f 1324/1324/1245 1263/1263/1185 1264/1264/1186
f 1263/1263/1185 1267/1267/1189 1325/1325/1246
f 1325/1325/1246 1267/1267/1189 1269/1269/1191
f 1325/1325/1246 1269/1269/1191 1326/1326/1247
f 1326/1326/1247 1269/1269/1191 1275/1275/1197
f 1328/1328/1249 1286/1286/1197 1327/1327/1248
f 1327/1327/1248 1286/1286/1197 1288/1288/1209
f 1288/1288/1209 1293/1293/1214 1327/1327/1248
f 1327/1327/1248 1293/1293/1214 1329/1329/1250
f 1233/1233/1156 1335/1335/1256 1235/1235/1158
f 1235/1235/1158 1335/1335/1256 1334/1334/1255
f 1330/1330/1251 1231/1231/1154 1331/1331/1252
f 1331/1331/1252 1231/1231/1154 1232/1232/1155
f 1058/1058/985 1189/1189/1114 1059/1059/986
f 1059/1059/986 1189/1189/1114 1191/1191/1116
f 1193/1193/1118 1189/1189/1114 1060/1060/987
f 1060/1060/987 1189/1189/1114 1058/1058/985
f 1373/1373/1289 1230/1230/1153 1231/1231/1154
f 1330/1330/1251 1374/1374/1290 1231/1231/1154
f 1231/1231/1154 1374/1374/1290 1373/1373/1289
f 1374/1374/1290 1330/1330/1251 1375/1375/1291
f 1375/1375/1291 1330/1330/1251 1332/1332/1253
f 1221/1221/1144 1376/1376/1292 1229/1229/1152
f 1229/1229/1152 1376/1376/1292 1377/1377/1293
f 1378/1378/1294 1376/1376/1292 1219/1219/1140
f 1219/1219/1140 1376/1376/1292 1221/1221/1144
f 1379/1379/1295 1380/1380/1296 1207/1207/1131
f 1207/1207/1131 1380/1380/1296 1216/1216/1140
f 1381/1381/1297 1379/1379/1295 1206/1206/1130
f 1206/1206/1130 1379/1379/1295 1207/1207/1131
f 1382/1382/1298 1381/1381/1297 1265/1265/1187
f 1265/1265/1187 1381/1381/1297 1206/1206/1130
f 1382/1382/1298 1265/1265/1187 1383/1383/1299
f 1383/1383/1299 1265/1265/1187 1322/1322/1243
f 1296/1296/1217 1383/1383/1299 1322/1322/1243
f 1324/1324/1245 1383/1383/1299 1296/1296/1217
f 1264/1264/1186 1382/1382/1298 1324/1324/1245
f 1324/1324/1245 1382/1382/1298 1383/1383/1299
f 1381/1381/1297 1382/1382/1298 1212/1212/1136
f 1212/1212/1136 1382/1382/1298 1264/1264/1186
f 1212/1212/1136 1213/1213/1137 1381/1381/1297
f 1381/1381/1297 1213/1213/1137 1379/1379/1295
f 1380/1380/1296 1379/1379/1295 1215/1215/1139
f 1215/1215/1139 1379/1379/1295 1213/1213/1137
f 1225/1225/1148 1376/1376/1292 1224/1224/1147
f 1224/1224/1147 1376/1376/1292 1378/1378/1294
f 1226/1226/1149 1377/1377/1293 1225/1225/1148
f 1225/1225/1148 1377/1377/1293 1376/1376/1292
f 1374/1374/1290 1375/1375/1291 1335/1335/1256
f 1335/1335/1256 1375/1375/1291 1337/1337/1258
f 1373/1373/1289 1374/1374/1290 1233/1233/1156
f 1233/1233/1156 1374/1374/1290 1335/1335/1256
f 1230/1230/1153 1373/1373/1289 1233/1233/1156
f 1232/1232/1155 1064/1064/991 1059/1059/986
f 1059/1059/986 1064/1064/991 1057/1057/984
f 1232/1232/1155 1059/1059/986 1331/1331/1252
f 1331/1331/1252 1059/1059/986 1191/1191/1116
f 1333/1333/1254 1331/1331/1252 1192/1192/1117
f 1192/1192/1117 1331/1331/1252 1191/1191/1116
f 1220/1220/1143 1228/1228/1151 1048/1048/975
f 1048/1048/975 1228/1228/1151 1056/1056/983
f 1218/1218/1142 1220/1220/1143 1050/1050/977
f 1050/1050/977 1220/1220/1143 1048/1048/975
f 1217/1217/1141 1047/1047/974 1209/1209/1133
f 1209/1209/1133 1047/1047/974 1039/1039/966
f 1209/1209/1133 1039/1039/966 1208/1208/1132
f 1208/1208/1132 1039/1039/966 1041/1041/968
f 1208/1208/1132 1041/1041/968 1266/1266/1188
f 1266/1266/1188 1041/1041/968 1107/1107/1033
f 1266/1266/1188 1107/1107/1033 1323/1323/1244
f 1323/1323/1244 1107/1107/1033 1174/1174/1099
f 1323/1323/1244 1174/1174/1099 1294/1294/1215
f 1294/1294/1215 1174/1174/1099 1141/1141/1066
f 1111/1111/1037 1109/1109/1035 1176/1176/1101
f 1176/1176/1101 1109/1109/1035 1141/1141/1066
f 1105/1105/1031 1178/1178/1103 1176/1176/1101
f 1176/1176/1101 1178/1178/1103 1111/1111/1037
f 1044/1044/971 1180/1180/1105 1105/1105/1031
f 1105/1105/1031 1180/1180/1105 1178/1178/1103
f 1043/1043/970 1179/1179/1104 1044/1044/971
f 1044/1044/971 1179/1179/1104 1180/1180/1105
f 1045/1045/972 1182/1182/1107 1043/1043/970
f 1043/1043/970 1182/1182/1107 1179/1179/1104
f 1185/1185/1110 1186/1186/1111 1053/1053/980
f 1053/1053/980 1186/1186/1111 1052/1052/979
f 1188/1188/1113 1185/1185/1110 1055/1055/982
f 1055/1055/982 1185/1185/1110 1053/1053/980
f 1194/1194/1119 1193/1193/1118 1384/1384/1300
f 1384/1384/1300 1193/1193/1118 1385/1385/1301
f 1385/1385/1301 1193/1193/1118 1386/1386/1302
f 1386/1386/1302 1193/1193/1118 1060/1060/987
f 1057/1057/984 1061/1061/988 1060/1060/987
f 1060/1060/987 1061/1061/988 1386/1386/1302
f 1285/1285/1207 1338/1338/1259 1245/1245/1168
f 1245/1245/1168 1338/1338/1259 1341/1341/1262
f 1284/1284/1206 1285/1285/1207 1243/1243/1166
f 1243/1243/1166 1285/1285/1207 1245/1245/1168
f 1319/1319/1240 1284/1284/1206 1240/1240/1163
f 1240/1240/1163 1284/1284/1206 1243/1243/1166
f 1320/1320/1241 1319/1319/1240 1241/1241/1164
f 1241/1241/1164 1319/1319/1240 1240/1240/1163
f 1355/1355/1271 1320/1320/1241 1356/1356/1272
f 1356/1356/1272 1320/1320/1241 1241/1241/1164
f 1370/1370/1286 1355/1355/1271 1372/1372/1288
f 1372/1372/1288 1355/1355/1271 1356/1356/1272
f 1300/1300/1221 1370/1370/1286 1299/1299/1220
f 1299/1299/1220 1370/1370/1286 1372/1372/1288
f 1237/1237/1160 1301/1301/1222 1299/1299/1220
f 1299/1299/1220 1301/1301/1222 1300/1300/1221
f 1292/1292/1213 1301/1301/1222 1234/1234/1157
f 1234/1234/1157 1301/1301/1222 1237/1237/1160
f 1293/1293/1214 1292/1292/1213 1235/1235/1158
f 1235/1235/1158 1292/1292/1213 1234/1234/1157
f 1329/1329/1250 1293/1293/1214 1334/1334/1255
f 1334/1334/1255 1293/1293/1214 1235/1235/1158
f 1227/1227/1150 1329/1329/1250 1336/1336/1257
f 1336/1336/1257 1329/1329/1250 1334/1334/1255
f 1188/1188/1113 1384/1384/1300 1187/1187/1112
f 1187/1187/1112 1384/1384/1300 1385/1385/1301
f 1187/1187/1112 1385/1385/1301 1134/1134/1059
f 1134/1134/1059 1385/1385/1301 1386/1386/1302
f 1061/1061/988 1132/1132/1057 1386/1386/1302
f 1386/1386/1302 1132/1132/1057 1134/1134/1059
f 1132/1132/1057 1061/1061/988 1133/1133/1058
f 1133/1133/1058 1061/1061/988 1062/1062/989
f 1133/1133/1058 1062/1062/989 1157/1157/1082
f 1157/1157/1082 1062/1062/989 1155/1155/1080
f 1360/1360/1276 1362/1362/1278 1155/1155/1080
f 1155/1155/1080 1362/1362/1278 1157/1157/1082
f 1362/1362/1278 1360/1360/1276 1152/1152/1077
f 1152/1152/1077 1360/1360/1276 1138/1138/1063
f 1136/1136/1061 1151/1151/1076 1138/1138/1063
f 1138/1138/1063 1151/1151/1076 1152/1152/1077
f 1170/1170/1095 1125/1125/1051 1136/1136/1061
f 1136/1136/1061 1125/1125/1051 1151/1151/1076
f 1068/1068/995 1123/1123/1049 1170/1170/1095
f 1170/1170/1095 1123/1123/1049 1125/1125/1051
f 1069/1069/996 1124/1124/1050 1068/1068/995
f 1068/1068/995 1124/1124/1050 1123/1123/1049
f 1199/1199/1124 1195/1195/1120 1069/1069/996
f 1069/1069/996 1195/1195/1120 1124/1124/1050
f 1226/1226/1149 1227/1227/1150 1337/1337/1258
f 1337/1337/1258 1227/1227/1150 1336/1336/1257
f 1375/1375/1291 1377/1377/1293 1337/1337/1258
f 1337/1337/1258 1377/1377/1293 1226/1226/1149
f 1229/1229/1152 1377/1377/1293 1332/1332/1253
f 1332/1332/1253 1377/1377/1293 1375/1375/1291
f 1228/1228/1151 1229/1229/1152 1333/1333/1254
f 1333/1333/1254 1229/1229/1152 1332/1332/1253
f 1228/1228/1151 1333/1333/1254 1056/1056/983
f 1056/1056/983 1333/1333/1254 1192/1192/1117
f 1190/1190/1115 1054/1054/981 1192/1192/1117
f 1192/1192/1117 1054/1054/981 1056/1056/983
f 1055/1055/982 1054/1054/981 1194/1194/1119
f 1194/1194/1119 1054/1054/981 1190/1190/1115
f 1055/1055/982 1194/1194/1119 1188/1188/1113
f 1188/1188/1113 1194/1194/1119 1384/1384/1300
f 1387/1387/1303 1388/1388/1304 1389/1389/1305
f 1389/1389/1305 1388/1388/1304 1390/1390/1306
f 1391/1391/1307 1392/1392/1308 1390/1390/1306
f 1390/1390/1306 1392/1392/1308 1389/1389/1305
f 1393/1393/1309 1394/1394/1310 1395/1395/1311
f 1395/1395/1311 1394/1394/1310 1396/1396/1312
f 1394/1394/1310 1397/1397/1313 1396/1396/1312
f 1396/1396/1312 1397/1397/1313 1398/1398/1314
f 1399/1399/1315 1400/1400/1316 1401/1401/1317
f 1401/1401/1317 1400/1400/1316 1402/1402/1318
f 1400/1400/1316 1403/1403/1319 1402/1402/1318
f 1402/1402/1318 1403/1403/1319 1404/1404/1320
f 1405/1405/1321 1406/1406/1322 1401/1401/1317
f 1401/1401/1317 1406/1406/1322 1399/1399/1315
f 1407/1407/1323 1408/1408/1324 1409/1409/1325
f 1409/1409/1325 1408/1408/1324 1410/1410/1326
f 1395/1395/1311 1410/1410/1326 1393/1393/1309
f 1393/1393/1309 1410/1410/1326 1408/1408/1324
f 1411/1411/1327 1412/1412/1328 1413/1413/1329
f 1413/1413/1329 1412/1412/1328 1414/1414/1330
f 1413/1413/1329 1414/1414/1330 1409/1409/1325
f 1409/1409/1325 1414/1414/1330 1407/1407/1323
f 1415/1415/1331 1416/1416/1332 1411/1411/1327
f 1411/1411/1327 1416/1416/1332 1412/1412/1328
f 1417/1417/1333 1418/1418/1334 1415/1415/1331
f 1415/1415/1331 1418/1418/1334 1416/1416/1332
f 1419/1419/1335 1420/1420/1336 1421/1421/1337
f 1421/1421/1337 1420/1420/1336 1422/1422/1338
f 1403/1403/1319 1419/1419/1335 1404/1404/1320
f 1404/1404/1320 1419/1419/1335 1421/1421/1337
f 1423/1423/1339 1424/1424/1340 1425/1425/1341
f 1425/1425/1341 1424/1424/1340 1426/1426/1342
f 1427/1427/1343 1428/1428/1344 1423/1423/1339
f 1423/1423/1339 1428/1428/1344 1424/1424/1340
f 1429/1429/1345 1430/1430/1346 1431/1431/1347
f 1431/1431/1347 1430/1430/1346 1432/1432/1343
f 1433/1433/1348 1429/1429/1345 1434/1434/1349
f 1434/1434/1349 1429/1429/1345 1431/1431/1347
f 1435/1435/1350 1433/1433/1348 1436/1436/1351
f 1436/1436/1351 1433/1433/1348 1434/1434/1349
f 1437/1437/1352 1435/1435/1350 1438/1438/1353
f 1438/1438/1353 1435/1435/1350 1436/1436/1351
f 1439/1439/1354 1440/1440/1355 1438/1438/1353
f 1438/1438/1353 1440/1440/1355 1437/1437/1352
f 1441/1441/1356 1442/1442/1357 1443/1443/1358
f 1443/1443/1358 1442/1442/1357 1444/1444/1359
f 1445/1445/1360 1446/1446/1361 1447/1447/1362
f 1447/1447/1362 1446/1446/1361 1448/1448/1363
f 1449/1449/1364 1450/1450/1365 1448/1448/1363
f 1448/1448/1363 1450/1450/1365 1447/1447/1362
f 1451/1451/1366 1452/1452/1367 1453/1453/1368
f 1453/1453/1368 1452/1452/1367 1454/1454/1369
f 1455/1455/1370 1451/1451/1366 1456/1456/1371
f 1456/1456/1371 1451/1451/1366 1453/1453/1368
f 1456/1456/1371 1457/1457/1372 1455/1455/1370
f 1455/1455/1370 1457/1457/1372 1458/1458/1373
f 1459/1459/1374 1458/1458/1373 1460/1460/1375
f 1460/1460/1375 1458/1458/1373 1457/1457/1372
f 1461/1461/1376 1462/1462/1377 1460/1460/1375
f 1460/1460/1375 1462/1462/1377 1459/1459/1374
f 1425/1425/1341 1426/1426/1342 1461/1461/1376
f 1461/1461/1376 1426/1426/1342 1462/1462/1377
f 1463/1463/1378 1464/1464/1379 1465/1465/1380
f 1465/1465/1380 1464/1464/1379 1466/1466/1381
f 1464/1464/1379 1467/1467/1382 1466/1466/1381
f 1466/1466/1381 1467/1467/1382 1468/1468/1383
f 1469/1469/1383 1470/1470/1382 1471/1471/1384
f 1471/1471/1384 1470/1470/1382 1472/1472/1385
f 1473/1473/1386 1474/1474/1387 1472/1472/1385
f 1472/1472/1385 1474/1474/1387 1471/1471/1384
f 1475/1475/1388 1476/1476/1389 1477/1477/1390
f 1477/1477/1390 1476/1476/1389 1478/1478/1391
f 1478/1478/1391 1479/1479/1392 1477/1477/1390
f 1477/1477/1390 1479/1479/1392 1480/1480/1393
f 1479/1479/1392 1481/1481/1394 1480/1480/1393
f 1480/1480/1393 1481/1481/1394 1482/1482/1395
f 1481/1481/1394 1483/1483/1396 1482/1482/1395
f 1482/1482/1395 1483/1483/1396 1484/1484/1397
f 1483/1483/1396 1485/1485/1398 1484/1484/1397
f 1484/1484/1397 1485/1485/1398 1486/1486/1399
f 1487/1487/1399 1488/1488/1398 1489/1489/1400
f 1489/1489/1400 1488/1488/1398 1490/1490/1401
f 1489/1489/1400 1490/1490/1401 1491/1491/1402
f 1491/1491/1402 1490/1490/1401 1492/1492/1403
f 1491/1491/1402 1492/1492/1403 1493/1493/1404
f 1493/1493/1404 1492/1492/1403 1494/1494/1405
f 1493/1493/1404 1494/1494/1405 1495/1495/1406
f 1495/1495/1406 1494/1494/1405 1496/1496/1407
f 1496/1496/1407 1497/1497/1408 1495/1495/1406
f 1495/1495/1406 1497/1497/1408 1498/1498/1409
f 1465/1465/1380 1498/1498/1409 1463/1463/1378
f 1463/1463/1378 1498/1498/1409 1497/1497/1408
f 1499/1499/1410 1500/1500/1411 1501/1501/1412
f 1501/1501/1412 1500/1500/1411 1502/1502/1413
f 1503/1503/1414 1504/1504/1415 1505/1505/1416
f 1505/1505/1416 1504/1504/1415 1506/1506/1417
f 1507/1507/1418 1503/1503/1414 1508/1508/1419
f 1508/1508/1419 1503/1503/1414 1505/1505/1416
f 1509/1509/1420 1510/1510/1421 1511/1511/1422
f 1511/1511/1422 1510/1510/1421 1512/1512/1423
f 1513/1513/1424 1514/1514/1425 1509/1509/1420
f 1509/1509/1420 1514/1514/1425 1510/1510/1421
f 1515/1515/1426 1516/1516/1427 1517/1517/1428
f 1517/1517/1428 1516/1516/1427 1518/1518/1429
f 1519/1519/1430 1515/1515/1426 1520/1520/1431
f 1520/1520/1431 1515/1515/1426 1517/1517/1428
f 1521/1521/1432 1522/1522/1433 1523/1523/1434
f 1523/1523/1434 1522/1522/1433 1524/1524/1435
f 1525/1525/1436 1526/1526/1437 1521/1521/1432
f 1521/1521/1432 1526/1526/1437 1522/1522/1433
f 1527/1527/1438 1528/1528/1439 1525/1525/1436
f 1525/1525/1436 1528/1528/1439 1526/1526/1437
f 1529/1529/1440 1530/1530/1441 1527/1527/1438
f 1527/1527/1438 1530/1530/1441 1528/1528/1439
f 1531/1531/1442 1530/1530/1441 1532/1532/1443
f 1532/1532/1443 1530/1530/1441 1529/1529/1440
f 1504/1504/1415 1531/1531/1442 1506/1506/1417
f 1506/1506/1417 1531/1531/1442 1532/1532/1443
f 1533/1533/1444 1534/1534/1445 1535/1535/1446
f 1535/1535/1446 1534/1534/1445 1536/1536/1447
f 1537/1537/1448 1534/1534/1445 1538/1538/1449
f 1538/1538/1449 1534/1534/1445 1533/1533/1444
f 1516/1516/1427 1537/1537/1448 1518/1518/1429
f 1518/1518/1429 1537/1537/1448 1538/1538/1449
f 1535/1535/1446 1536/1536/1447 1513/1513/1424
f 1513/1513/1424 1536/1536/1447 1514/1514/1425
f 1474/1474/1387 1473/1473/1386 1475/1475/1388
f 1475/1475/1388 1473/1473/1386 1476/1476/1389
f 1539/1539/1450 1540/1540/1451 1541/1541/1452
f 1541/1541/1452 1540/1540/1451 1542/1542/1453
f 1541/1541/1452 1542/1542/1453 1543/1543/1454
f 1543/1543/1454 1542/1542/1453 1499/1499/1410
f 1544/1544/1455 1545/1545/1456 1546/1546/1457
f 1546/1546/1457 1545/1545/1456 1547/1547/1458
f 1545/1545/1456 1548/1548/1459 1547/1547/1458
f 1547/1547/1458 1548/1548/1459 1549/1549/1460
f 1550/1550/1461 1551/1551/1462 1552/1552/1463
f 1552/1552/1463 1551/1551/1462 1553/1553/1464
f 1551/1551/1462 1554/1554/1465 1553/1553/1464
f 1553/1553/1464 1554/1554/1465 1555/1555/1466
f 1392/1392/1308 1391/1391/1307 1405/1405/1321
f 1405/1405/1321 1391/1391/1307 1406/1406/1322
f 1556/1556/1467 1501/1501/1412 1552/1552/1463
f 1552/1552/1463 1501/1501/1412 1550/1550/1461
f 1557/1557/1468 1558/1558/1469 1559/1559/1470
f 1559/1559/1470 1558/1558/1469 1560/1560/1471
f 1558/1558/1469 1544/1544/1455 1560/1560/1471
f 1560/1560/1471 1544/1544/1455 1546/1546/1457
f 1561/1561/1472 1562/1562/1473 1563/1563/1474
f 1563/1563/1474 1562/1562/1473 1564/1564/1475
f 1563/1563/1474 1564/1564/1475 1559/1559/1470
f 1559/1559/1470 1564/1564/1475 1557/1557/1468
f 1565/1565/1476 1566/1566/1477 1561/1561/1472
f 1561/1561/1472 1566/1566/1477 1562/1562/1473
f 1567/1567/1478 1568/1568/1479 1565/1565/1476
f 1565/1565/1476 1568/1568/1479 1566/1566/1477
f 1569/1569/1480 1570/1570/1481 1571/1571/1482
f 1571/1571/1482 1570/1570/1481 1572/1572/1483
f 1554/1554/1465 1569/1569/1480 1555/1555/1466
f 1555/1555/1466 1569/1569/1480 1571/1571/1482
f 1566/1566/1477 1573/1573/1484 1562/1562/1473
f 1562/1562/1473 1573/1573/1484 1574/1574/1485
f 1568/1568/1479 1575/1575/1486 1566/1566/1477
f 1566/1566/1477 1575/1575/1486 1573/1573/1484
f 1570/1570/1481 1569/1569/1480 1576/1576/1487
f 1576/1576/1487 1569/1569/1480 1577/1577/1488
f 1569/1569/1480 1554/1554/1465 1577/1577/1488
f 1577/1577/1488 1554/1554/1465 1578/1578/1489
f 1554/1554/1465 1551/1551/1462 1578/1578/1489
f 1578/1578/1489 1551/1551/1462 1579/1579/1490
f 1551/1551/1462 1550/1550/1461 1579/1579/1490
f 1579/1579/1490 1550/1550/1461 1580/1580/1491
f 1501/1501/1412 1502/1502/1413 1550/1550/1461
f 1550/1550/1461 1502/1502/1413 1580/1580/1491
f 1542/1542/1453 1581/1581/1492 1499/1499/1410
f 1499/1499/1410 1581/1581/1492 1500/1500/1411
f 1540/1540/1451 1582/1582/1493 1542/1542/1453
f 1542/1542/1453 1582/1582/1493 1581/1581/1492
f 1548/1548/1459 1545/1545/1456 1583/1583/1494
f 1583/1583/1494 1545/1545/1456 1584/1584/1495
f 1545/1545/1456 1544/1544/1455 1584/1584/1495
f 1584/1584/1495 1544/1544/1455 1585/1585/1496
f 1544/1544/1455 1558/1558/1469 1585/1585/1496
f 1585/1585/1496 1558/1558/1469 1586/1586/1497
f 1558/1558/1469 1557/1557/1468 1586/1586/1497
f 1586/1586/1497 1557/1557/1468 1587/1587/1498
f 1564/1564/1475 1588/1588/1499 1557/1557/1468
f 1557/1557/1468 1588/1588/1499 1587/1587/1498
f 1562/1562/1473 1574/1574/1485 1564/1564/1475
f 1564/1564/1475 1574/1574/1485 1588/1588/1499
f 1589/1589/1500 1590/1590/1501 1591/1591/1502
f 1591/1591/1502 1590/1590/1501 1592/1592/1503
f 1593/1593/1504 1594/1594/1505 1589/1589/1500
f 1589/1589/1500 1594/1594/1505 1590/1590/1501
f 1595/1595/1506 1596/1596/1507 1597/1597/1508
f 1597/1597/1508 1596/1596/1507 1598/1598/1509
f 1599/1599/1510 1595/1595/1506 1600/1600/1511
f 1600/1600/1511 1595/1595/1506 1597/1597/1508
f 1601/1601/1512 1599/1599/1510 1602/1602/1513
f 1602/1602/1513 1599/1599/1510 1600/1600/1511
f 1603/1603/1514 1601/1601/1512 1604/1604/1515
f 1604/1604/1515 1601/1601/1512 1602/1602/1513
f 1442/1442/1357 1441/1441/1356 1604/1604/1515
f 1604/1604/1515 1441/1441/1356 1603/1603/1514
f 1446/1446/1361 1445/1445/1360 1439/1439/1354
f 1439/1439/1354 1445/1445/1360 1440/1440/1355
f 1605/1605/1516 1606/1606/1517 1444/1444/1359
f 1444/1444/1359 1606/1606/1517 1443/1443/1358
f 1607/1607/1518 1608/1608/1519 1605/1605/1516
f 1605/1605/1516 1608/1608/1519 1606/1606/1517
f 1609/1609/1520 1610/1610/1521 1611/1611/1522
f 1611/1611/1522 1610/1610/1521 1612/1612/1523
f 1613/1613/1524 1609/1609/1520 1614/1614/1525
f 1614/1614/1525 1609/1609/1520 1611/1611/1522
f 1615/1615/1526 1613/1613/1524 1616/1616/1527
f 1616/1616/1527 1613/1613/1524 1614/1614/1525
f 1617/1617/1528 1615/1615/1526 1618/1618/1529
f 1618/1618/1529 1615/1615/1526 1616/1616/1527
f 1619/1619/1530 1620/1620/1531 1618/1618/1529
f 1618/1618/1529 1620/1620/1531 1617/1617/1528
f 1591/1591/1502 1592/1592/1503 1619/1619/1530
f 1619/1619/1530 1592/1592/1503 1620/1620/1531
f 1621/1621/1532 1622/1622/1533 1623/1623/1534
f 1623/1623/1534 1622/1622/1533 1624/1624/1535
f 1625/1625/1536 1621/1621/1532 1626/1626/1537
f 1626/1626/1537 1621/1621/1532 1623/1623/1534
f 1627/1627/1538 1628/1628/1539 1629/1629/1540
f 1629/1629/1540 1628/1628/1539 1630/1630/1541
f 1631/1631/1542 1627/1627/1538 1632/1632/1543
f 1632/1632/1543 1627/1627/1538 1629/1629/1540
f 1632/1632/1543 1633/1633/1544 1631/1631/1542
f 1631/1631/1542 1633/1633/1544 1634/1634/1545
f 1635/1635/1546 1636/1636/1547 1637/1637/1548
f 1637/1637/1548 1636/1636/1547 1638/1638/1549
f 1639/1639/1550 1640/1640/1551 1641/1641/1552
f 1641/1641/1552 1640/1640/1551 1642/1642/1553
f 1643/1643/1554 1644/1644/1555 1639/1639/1550
f 1639/1639/1550 1644/1644/1555 1640/1640/1551
f 1645/1645/1556 1646/1646/1557 1647/1647/1558
f 1647/1647/1558 1646/1646/1557 1648/1648/1559
f 1649/1649/1560 1650/1650/1561 1651/1651/1562
f 1651/1651/1562 1650/1650/1561 1652/1652/1563
f 1653/1653/1564 1654/1654/1565 1655/1655/1566
f 1655/1655/1566 1654/1654/1565 1656/1656/1567
f 1655/1655/1566 1624/1624/1535 1653/1653/1564
f 1653/1653/1564 1624/1624/1535 1622/1622/1533
f 1638/1638/1549 1634/1634/1545 1637/1637/1548
f 1637/1637/1548 1634/1634/1545 1633/1633/1544
f 1503/1503/1414 1657/1657/1568 1504/1504/1415
f 1504/1504/1415 1657/1657/1568 1658/1658/1569
f 1657/1657/1568 1503/1503/1414 1659/1659/1570
f 1659/1659/1570 1503/1503/1414 1507/1507/1418
f 1660/1660/1571 1512/1512/1423 1661/1661/1572
f 1661/1661/1572 1512/1512/1423 1510/1510/1421
f 1661/1661/1572 1510/1510/1421 1662/1662/1573
f 1662/1662/1573 1510/1510/1421 1514/1514/1425
f 1536/1536/1447 1663/1663/1574 1514/1514/1425
f 1514/1514/1425 1663/1663/1574 1662/1662/1573
f 1536/1536/1447 1534/1534/1445 1663/1663/1574
f 1663/1663/1574 1534/1534/1445 1664/1664/1575
f 1664/1664/1575 1534/1534/1445 1665/1665/1576
f 1665/1665/1576 1534/1534/1445 1537/1537/1448
f 1537/1537/1448 1516/1516/1427 1665/1665/1576
f 1665/1665/1576 1516/1516/1427 1666/1666/1577
f 1667/1667/1578 1666/1666/1577 1515/1515/1426
f 1515/1515/1426 1666/1666/1577 1516/1516/1427
f 1668/1668/1579 1667/1667/1578 1519/1519/1430
f 1519/1519/1430 1667/1667/1578 1515/1515/1426
f 1669/1669/1580 1670/1670/1581 1522/1522/1433
f 1522/1522/1433 1670/1670/1581 1524/1524/1435
f 1671/1671/1582 1669/1669/1580 1526/1526/1437
f 1526/1526/1437 1669/1669/1580 1522/1522/1433
f 1526/1526/1437 1528/1528/1439 1671/1671/1582
f 1671/1671/1582 1528/1528/1439 1672/1672/1583
f 1528/1528/1439 1530/1530/1441 1672/1672/1583
f 1672/1672/1583 1530/1530/1441 1673/1673/1584
f 1673/1673/1584 1530/1530/1441 1674/1674/1585
f 1674/1674/1585 1530/1530/1441 1531/1531/1442
f 1674/1674/1585 1531/1531/1442 1658/1658/1569
f 1658/1658/1569 1531/1531/1442 1504/1504/1415
f 1509/1509/1420 1471/1471/1384 1513/1513/1424
f 1513/1513/1424 1471/1471/1384 1474/1474/1387
f 1511/1511/1422 1469/1469/1383 1509/1509/1420
f 1509/1509/1420 1469/1469/1383 1471/1471/1384
f 1466/1466/1381 1468/1468/1383 1505/1505/1416
f 1505/1505/1416 1468/1468/1383 1508/1508/1419
f 1465/1465/1380 1466/1466/1381 1506/1506/1417
f 1506/1506/1417 1466/1466/1381 1505/1505/1416
f 1498/1498/1409 1465/1465/1380 1532/1532/1443
f 1532/1532/1443 1465/1465/1380 1506/1506/1417
f 1495/1495/1406 1498/1498/1409 1529/1529/1440
f 1529/1529/1440 1498/1498/1409 1532/1532/1443
f 1527/1527/1438 1493/1493/1404 1529/1529/1440
f 1529/1529/1440 1493/1493/1404 1495/1495/1406
f 1525/1525/1436 1491/1491/1402 1527/1527/1438
f 1527/1527/1438 1491/1491/1402 1493/1493/1404
f 1521/1521/1432 1489/1489/1400 1525/1525/1436
f 1525/1525/1436 1489/1489/1400 1491/1491/1402
f 1523/1523/1434 1487/1487/1399 1521/1521/1432
f 1521/1521/1432 1487/1487/1399 1489/1489/1400
f 1484/1484/1397 1486/1486/1399 1517/1517/1428
f 1517/1517/1428 1486/1486/1399 1520/1520/1431
f 1482/1482/1395 1484/1484/1397 1518/1518/1429
f 1518/1518/1429 1484/1484/1397 1517/1517/1428
f 1480/1480/1393 1482/1482/1395 1538/1538/1449
f 1538/1538/1449 1482/1482/1395 1518/1518/1429
f 1477/1477/1390 1480/1480/1393 1533/1533/1444
f 1533/1533/1444 1480/1480/1393 1538/1538/1449
f 1535/1535/1446 1475/1475/1388 1533/1533/1444
f 1533/1533/1444 1475/1475/1388 1477/1477/1390
f 1513/1513/1424 1474/1474/1387 1535/1535/1446
f 1535/1535/1446 1474/1474/1387 1475/1475/1388
f 1395/1395/1311 1396/1396/1312 1463/1463/1378
f 1463/1463/1378 1396/1396/1312 1464/1464/1379
f 1410/1410/1326 1395/1395/1311 1497/1497/1408
f 1497/1497/1408 1395/1395/1311 1463/1463/1378
f 1409/1409/1325 1410/1410/1326 1496/1496/1407
f 1496/1496/1407 1410/1410/1326 1497/1497/1408
f 1494/1494/1405 1413/1413/1329 1496/1496/1407
f 1496/1496/1407 1413/1413/1329 1409/1409/1325
f 1492/1492/1403 1411/1411/1327 1494/1494/1405
f 1494/1494/1405 1411/1411/1327 1413/1413/1329
f 1490/1490/1401 1415/1415/1331 1492/1492/1403
f 1492/1492/1403 1415/1415/1331 1411/1411/1327
f 1488/1488/1398 1417/1417/1333 1490/1490/1401
f 1490/1490/1401 1417/1417/1333 1415/1415/1331
f 1421/1421/1337 1422/1422/1338 1483/1483/1396
f 1483/1483/1396 1422/1422/1338 1485/1485/1398
f 1404/1404/1320 1421/1421/1337 1481/1481/1394
f 1481/1481/1394 1421/1421/1337 1483/1483/1396
f 1402/1402/1318 1404/1404/1320 1479/1479/1392
f 1479/1479/1392 1404/1404/1320 1481/1481/1394
f 1401/1401/1317 1402/1402/1318 1478/1478/1391
f 1478/1478/1391 1402/1402/1318 1479/1479/1392
f 1476/1476/1389 1405/1405/1321 1478/1478/1391
f 1478/1478/1391 1405/1405/1321 1401/1401/1317
f 1472/1472/1385 1389/1389/1305 1473/1473/1386
f 1473/1473/1386 1389/1389/1305 1392/1392/1308
f 1470/1470/1382 1387/1387/1303 1472/1472/1385
f 1472/1472/1385 1387/1387/1303 1389/1389/1305
f 1396/1396/1312 1398/1398/1314 1464/1464/1379
f 1464/1464/1379 1398/1398/1314 1467/1467/1382
f 1473/1473/1386 1392/1392/1308 1476/1476/1389
f 1476/1476/1389 1392/1392/1308 1405/1405/1321
f 1394/1394/1310 1393/1393/1309 1547/1547/1458
f 1547/1547/1458 1393/1393/1309 1546/1546/1457
f 1547/1547/1458 1549/1549/1460 1394/1394/1310
f 1394/1394/1310 1549/1549/1460 1397/1397/1313
f 1388/1388/1304 1539/1539/1450 1390/1390/1306
f 1390/1390/1306 1539/1539/1450 1541/1541/1452
f 1390/1390/1306 1541/1541/1452 1391/1391/1307
f 1391/1391/1307 1541/1541/1452 1543/1543/1454
f 1556/1556/1467 1406/1406/1322 1543/1543/1454
f 1543/1543/1454 1406/1406/1322 1391/1391/1307
f 1406/1406/1322 1556/1556/1467 1399/1399/1315
f 1399/1399/1315 1556/1556/1467 1552/1552/1463
f 1552/1552/1463 1553/1553/1464 1399/1399/1315
f 1399/1399/1315 1553/1553/1464 1400/1400/1316
f 1553/1553/1464 1555/1555/1466 1400/1400/1316
f 1400/1400/1316 1555/1555/1466 1403/1403/1319
f 1555/1555/1466 1571/1571/1482 1403/1403/1319
f 1403/1403/1319 1571/1571/1482 1419/1419/1335
f 1571/1571/1482 1572/1572/1483 1419/1419/1335
f 1419/1419/1335 1572/1572/1483 1420/1420/1336
f 1418/1418/1334 1567/1567/1478 1416/1416/1332
f 1416/1416/1332 1567/1567/1478 1565/1565/1476
f 1416/1416/1332 1565/1565/1476 1412/1412/1328
f 1412/1412/1328 1565/1565/1476 1561/1561/1472
f 1412/1412/1328 1561/1561/1472 1414/1414/1330
f 1414/1414/1330 1561/1561/1472 1563/1563/1474
f 1414/1414/1330 1563/1563/1474 1407/1407/1323
f 1407/1407/1323 1563/1563/1474 1559/1559/1470
f 1559/1559/1470 1560/1560/1471 1407/1407/1323
f 1407/1407/1323 1560/1560/1471 1408/1408/1324
f 1560/1560/1471 1546/1546/1457 1408/1408/1324
f 1408/1408/1324 1546/1546/1457 1393/1393/1309
f 1543/1543/1454 1499/1499/1410 1556/1556/1467
f 1556/1556/1467 1499/1499/1410 1501/1501/1412
f 1439/1439/1354 1502/1502/1413 1446/1446/1361
f 1446/1446/1361 1502/1502/1413 1500/1500/1411
f 1446/1446/1361 1500/1500/1411 1448/1448/1363
f 1448/1448/1363 1500/1500/1411 1581/1581/1492
f 1582/1582/1493 1449/1449/1364 1581/1581/1492
f 1581/1581/1492 1449/1449/1364 1448/1448/1363
f 1453/1453/1368 1454/1454/1369 1584/1584/1495
f 1584/1584/1495 1454/1454/1369 1583/1583/1494
f 1456/1456/1371 1453/1453/1368 1585/1585/1496
f 1585/1585/1496 1453/1453/1368 1584/1584/1495
f 1457/1457/1372 1456/1456/1371 1586/1586/1497
f 1586/1586/1497 1456/1456/1371 1585/1585/1496
f 1460/1460/1375 1457/1457/1372 1587/1587/1498
f 1587/1587/1498 1457/1457/1372 1586/1586/1497
f 1588/1588/1499 1461/1461/1376 1587/1587/1498
f 1587/1587/1498 1461/1461/1376 1460/1460/1375
f 1574/1574/1485 1425/1425/1341 1588/1588/1499
f 1588/1588/1499 1425/1425/1341 1461/1461/1376
f 1573/1573/1484 1423/1423/1339 1574/1574/1485
f 1574/1574/1485 1423/1423/1339 1425/1425/1341
f 1575/1575/1486 1427/1427/1343 1573/1573/1484
f 1573/1573/1484 1427/1427/1343 1423/1423/1339
f 1431/1431/1347 1432/1432/1343 1577/1577/1488
f 1577/1577/1488 1432/1432/1343 1576/1576/1487
f 1434/1434/1349 1431/1431/1347 1578/1578/1489
f 1578/1578/1489 1431/1431/1347 1577/1577/1488
f 1436/1436/1351 1434/1434/1349 1579/1579/1490
f 1579/1579/1490 1434/1434/1349 1578/1578/1489
f 1438/1438/1353 1436/1436/1351 1580/1580/1491
f 1580/1580/1491 1436/1436/1351 1579/1579/1490
f 1438/1438/1353 1580/1580/1491 1439/1439/1354
f 1439/1439/1354 1580/1580/1491 1502/1502/1413
f 1442/1442/1357 1440/1440/1355 1444/1444/1359
f 1444/1444/1359 1440/1440/1355 1445/1445/1360
f 1440/1440/1355 1442/1442/1357 1437/1437/1352
f 1437/1437/1352 1442/1442/1357 1604/1604/1515
f 1435/1435/1350 1437/1437/1352 1602/1602/1513
f 1602/1602/1513 1437/1437/1352 1604/1604/1515
f 1602/1602/1513 1600/1600/1511 1435/1435/1350
f 1435/1435/1350 1600/1600/1511 1433/1433/1348
f 1600/1600/1511 1597/1597/1508 1433/1433/1348
f 1433/1433/1348 1597/1597/1508 1429/1429/1345
f 1597/1597/1508 1598/1598/1509 1429/1429/1345
f 1429/1429/1345 1598/1598/1509 1430/1430/1346
f 1428/1428/1344 1593/1593/1504 1424/1424/1340
f 1424/1424/1340 1593/1593/1504 1589/1589/1500
f 1424/1424/1340 1589/1589/1500 1426/1426/1342
f 1426/1426/1342 1589/1589/1500 1591/1591/1502
f 1426/1426/1342 1591/1591/1502 1462/1462/1377
f 1462/1462/1377 1591/1591/1502 1619/1619/1530
f 1462/1462/1377 1619/1619/1530 1459/1459/1374
f 1459/1459/1374 1619/1619/1530 1618/1618/1529
f 1618/1618/1529 1616/1616/1527 1459/1459/1374
f 1459/1459/1374 1616/1616/1527 1458/1458/1373
f 1616/1616/1527 1614/1614/1525 1458/1458/1373
f 1458/1458/1373 1614/1614/1525 1455/1455/1370
f 1451/1451/1366 1455/1455/1370 1611/1611/1522
f 1611/1611/1522 1455/1455/1370 1614/1614/1525
f 1611/1611/1522 1612/1612/1523 1451/1451/1366
f 1451/1451/1366 1612/1612/1523 1452/1452/1367
f 1450/1450/1365 1607/1607/1518 1447/1447/1362
f 1447/1447/1362 1607/1607/1518 1605/1605/1516
f 1447/1447/1362 1605/1605/1516 1445/1445/1360
f 1445/1445/1360 1605/1605/1516 1444/1444/1359
f 1441/1441/1356 1635/1635/1546 1603/1603/1514
f 1603/1603/1514 1635/1635/1546 1637/1637/1548
f 1637/1637/1548 1633/1633/1544 1603/1603/1514
f 1603/1603/1514 1633/1633/1544 1601/1601/1512
f 1633/1633/1544 1632/1632/1543 1601/1601/1512
f 1601/1601/1512 1632/1632/1543 1599/1599/1510
f 1632/1632/1543 1629/1629/1540 1599/1599/1510
f 1599/1599/1510 1629/1629/1540 1595/1595/1506
f 1629/1629/1540 1630/1630/1541 1595/1595/1506
f 1595/1595/1506 1630/1630/1541 1596/1596/1507
f 1594/1594/1505 1626/1626/1537 1590/1590/1501
f 1590/1590/1501 1626/1626/1537 1623/1623/1534
f 1590/1590/1501 1623/1623/1534 1592/1592/1503
f 1592/1592/1503 1623/1623/1534 1624/1624/1535
f 1592/1592/1503 1624/1624/1535 1620/1620/1531
f 1620/1620/1531 1624/1624/1535 1655/1655/1566
f 1620/1620/1531 1655/1655/1566 1617/1617/1528
f 1617/1617/1528 1655/1655/1566 1656/1656/1567
f 1656/1656/1567 1649/1649/1560 1617/1617/1528
f 1617/1617/1528 1649/1649/1560 1615/1615/1526
f 1649/1649/1560 1651/1651/1562 1615/1615/1526
f 1615/1615/1526 1651/1651/1562 1613/1613/1524
f 1645/1645/1556 1647/1647/1558 1609/1609/1520
f 1609/1609/1520 1647/1647/1558 1610/1610/1521
f 1608/1608/1519 1643/1643/1554 1606/1606/1517
f 1606/1606/1517 1643/1643/1554 1639/1639/1550
f 1606/1606/1517 1639/1639/1550 1443/1443/1358
f 1443/1443/1358 1639/1639/1550 1641/1641/1552
f 1641/1641/1552 1642/1642/1553 1635/1635/1546
f 1635/1635/1546 1642/1642/1553 1636/1636/1547
f 1651/1651/1562 1652/1652/1563 1645/1645/1556
f 1645/1645/1556 1652/1652/1563 1646/1646/1557
f 1656/1656/1567 1654/1654/1565 1649/1649/1560
f 1649/1649/1560 1654/1654/1565 1650/1650/1561
f 1635/1635/1546 1441/1441/1356 1641/1641/1552
f 1641/1641/1552 1441/1441/1356 1443/1443/1358
f 1609/1609/1520 1613/1613/1524 1645/1645/1556
f 1645/1645/1556 1613/1613/1524 1651/1651/1562
f 1675/1675/1586 1676/1676/1587 1634/1634/1545
f 1634/1634/1545 1676/1676/1587 1631/1631/1542
f 1638/1638/1549 1677/1677/1588 1634/1634/1545
f 1634/1634/1545 1677/1677/1588 1675/1675/1586
f 1678/1678/1589 1677/1677/1588 1636/1636/1547
f 1636/1636/1547 1677/1677/1588 1638/1638/1549
f 1642/1642/1553 1679/1679/1590 1636/1636/1547
f 1636/1636/1547 1679/1679/1590 1678/1678/1589
f 1640/1640/1551 1680/1680/1591 1642/1642/1553
f 1642/1642/1553 1680/1680/1591 1679/1679/1590
f 1644/1644/1555 1681/1681/663 1640/1640/1551
f 1640/1640/1551 1681/1681/663 1680/1680/1591
f 1646/1646/1557 1682/1682/1592 1648/1648/1559
f 1648/1648/1559 1682/1682/1592 1683/1683/1593
f 1652/1652/1563 1684/1684/1594 1646/1646/1557
f 1646/1646/1557 1684/1684/1594 1682/1682/1592
f 1650/1650/1561 1685/1685/429 1652/1652/1563
f 1652/1652/1563 1685/1685/429 1686/1684/644
f 1654/1654/1565 1687/1686/431 1688/1650/1561
f 1688/1650/1561 1687/1686/431 1689/1685/1595
f 1690/1687/1596 1687/1686/431 1653/1653/1564
f 1653/1653/1564 1687/1686/431 1654/1654/1565
f 1691/1688/518 1692/1687/1597 1622/1622/1533
f 1622/1622/1533 1692/1687/1597 1653/1653/1564
f 1693/1689/661 1691/1688/518 1621/1621/1532
f 1621/1621/1532 1691/1688/518 1622/1622/1533
f 1694/1690/1598 1693/1689/661 1625/1625/1536
f 1625/1625/1536 1693/1689/661 1621/1621/1532
f 1695/1691/1599 1696/1692/1600 1627/1627/1538
f 1627/1627/1538 1696/1692/1600 1628/1628/1539
f 1676/1676/1587 1695/1691/1599 1631/1631/1542
f 1631/1631/1542 1695/1691/1599 1627/1627/1538
f 1697/1693/1601 1698/1694/1602 1699/1695/1603
f 1699/1695/1603 1698/1694/1602 1700/1696/1604
f 1699/1695/1603 1700/1696/1604 1701/1697/1605
f 1701/1697/1605 1700/1696/1604 1702/1698/1606
f 1703/1699/1607 1657/1657/1568 1704/1700/1608
f 1704/1700/1608 1657/1657/1568 1659/1659/1570
f 1705/1701/1609 1658/1658/1569 1703/1699/1607
f 1703/1699/1607 1658/1658/1569 1657/1657/1568
f 1706/1702/1610 1707/1703/1611 1708/1704/1612
f 1708/1704/1612 1707/1703/1611 1709/1705/1613
f 1707/1703/1611 1710/1706/1614 1709/1705/1613
f 1709/1705/1613 1710/1706/1614 1711/1707/1615
f 1712/1708/1616 1661/1661/1572 1713/1709/1617
f 1713/1709/1617 1661/1661/1572 1662/1662/1573
f 1714/1710/1618 1660/1660/1571 1712/1708/1616
f 1712/1708/1616 1660/1660/1571 1661/1661/1572
f 1715/1711/1619 1716/1712/1620 1717/1713/1621
f 1717/1713/1621 1716/1712/1620 1718/1714/1622
f 1717/1713/1621 1718/1714/1622 1719/1715/1623
f 1719/1715/1623 1718/1714/1622 1720/1716/1624
f 1721/1717/1625 1722/1718/1626 1723/1719/1627
f 1723/1719/1627 1722/1718/1626 1724/1720/1628
f 1725/1721/1629 1726/1722/1630 1721/1717/1625
f 1721/1717/1625 1726/1722/1630 1722/1718/1626
f 1727/1723/1631 1728/1724/1632 1729/1725/1633
f 1729/1725/1633 1728/1724/1632 1730/1726/1634
f 1728/1724/1632 1731/1727/1635 1730/1726/1634
f 1730/1726/1634 1731/1727/1635 1732/1728/1636
f 1733/1729/1637 1734/1730/1638 1735/1731/1639
f 1735/1731/1639 1734/1730/1638 1736/1732/1640
f 1737/1733/1641 1733/1729/1637 1738/1734/1642
f 1738/1734/1642 1733/1729/1637 1735/1731/1639
f 1739/1735/1643 1723/1719/1627 1740/1736/1644
f 1740/1736/1644 1723/1719/1627 1724/1720/1628
f 1741/1737/1645 1742/1738/1646 1720/1716/1624
f 1720/1716/1624 1742/1738/1646 1719/1715/1623
f 1663/1663/1574 1664/1664/1575 1743/1739/1647
f 1743/1739/1647 1664/1664/1575 1744/1740/1648
f 1662/1662/1573 1663/1663/1574 1713/1709/1617
f 1713/1709/1617 1663/1663/1574 1743/1739/1647
f 1729/1725/1633 1745/1741/1649 1727/1723/1631
f 1727/1723/1631 1745/1741/1649 1746/1742/1650
f 1747/1743/1651 1748/1744/1652 1738/1734/1642
f 1738/1734/1642 1748/1744/1652 1737/1733/1641
f 1749/1745/1653 1674/1674/1585 1705/1701/1609
f 1705/1701/1609 1674/1674/1585 1658/1658/1569
f 1750/1746/1654 1673/1673/1584 1749/1745/1653
f 1749/1745/1653 1673/1673/1584 1674/1674/1585
f 1698/1694/1602 1705/1701/1609 1700/1696/1604
f 1700/1696/1604 1705/1701/1609 1703/1699/1607
f 1700/1696/1604 1703/1699/1607 1702/1698/1606
f 1702/1698/1606 1703/1699/1607 1704/1700/1608
f 1706/1702/1610 1714/1710/1618 1707/1703/1611
f 1707/1703/1611 1714/1710/1618 1712/1708/1616
f 1712/1708/1616 1713/1709/1617 1707/1703/1611
f 1707/1703/1611 1713/1709/1617 1710/1706/1614
f 1743/1739/1647 1739/1735/1643 1740/1736/1644
f 1743/1739/1647 1744/1740/1648 1741/1737/1645
f 1741/1737/1645 1744/1740/1648 1742/1738/1646
f 1745/1741/1649 1750/1746/1654 1746/1742/1650
f 1746/1742/1650 1750/1746/1654 1749/1745/1653
f 1747/1743/1651 1749/1745/1653 1748/1744/1652
f 1710/1706/1614 1713/1709/1617 1740/1736/1644
f 1740/1736/1644 1713/1709/1617 1743/1739/1647
f 1710/1706/1614 1740/1736/1644 1711/1707/1615
f 1711/1707/1615 1740/1736/1644 1724/1720/1628
f 1709/1705/1613 1711/1707/1615 1722/1718/1626
f 1722/1718/1626 1711/1707/1615 1724/1720/1628
f 1726/1722/1630 1708/1704/1612 1722/1718/1626
f 1722/1718/1626 1708/1704/1612 1709/1705/1613
f 1733/1729/1637 1699/1695/1603 1734/1730/1638
f 1734/1730/1638 1699/1695/1603 1701/1697/1605
f 1737/1733/1641 1697/1693/1601 1733/1729/1637
f 1733/1729/1637 1697/1693/1601 1699/1695/1603
f 1698/1694/1602 1697/1693/1601 1748/1744/1652
f 1748/1744/1652 1697/1693/1601 1737/1733/1641
f 1749/1745/1653 1705/1701/1609 1748/1744/1652
f 1748/1744/1652 1705/1701/1609 1698/1694/1602
f 1739/1735/1643 1743/1739/1647 1741/1737/1645
f 1739/1735/1643 1741/1737/1645 1723/1719/1627
f 1723/1719/1627 1741/1737/1645 1720/1716/1624
f 1718/1714/1622 1721/1717/1625 1720/1716/1624
f 1720/1716/1624 1721/1717/1625 1723/1719/1627
f 1716/1712/1620 1725/1721/1629 1718/1714/1622
f 1718/1714/1622 1725/1721/1629 1721/1717/1625
f 1735/1731/1639 1736/1732/1640 1728/1724/1632
f 1728/1724/1632 1736/1732/1640 1731/1727/1635
f 1738/1734/1642 1735/1731/1639 1727/1723/1631
f 1727/1723/1631 1735/1731/1639 1728/1724/1632
f 1747/1743/1651 1738/1734/1642 1746/1742/1650
f 1746/1742/1650 1738/1734/1642 1727/1723/1631
f 1749/1745/1653 1747/1743/1651 1746/1742/1650
f 1751/1747/1655 1752/1748/1656 1753/1749/1657
f 1753/1749/1657 1752/1748/1656 1754/1750/1658
f 1752/1748/1656 1755/1751/1659 1754/1750/1658
f 1754/1750/1658 1755/1751/1659 1756/1752/1660
f 1757/1753/1661 1758/1754/1662 1669/1669/1580
f 1669/1669/1580 1758/1754/1662 1670/1670/1581
f 1759/1755/1663 1757/1753/1661 1671/1671/1582
f 1671/1671/1582 1757/1753/1661 1669/1669/1580
f 1760/1756/1664 1761/1757/1665 1762/1758/1666
f 1762/1758/1666 1761/1757/1665 1763/1759/1667
f 1764/1760/1668 1765/1761/1669 1760/1756/1664
f 1760/1756/1664 1765/1761/1669 1761/1757/1665
f 1766/1762/1670 1767/1763/1671 1667/1667/1578
f 1667/1667/1578 1767/1763/1671 1666/1666/1577
f 1768/1764/1672 1766/1762/1670 1668/1668/1579
f 1668/1668/1579 1766/1762/1670 1667/1667/1578
f 1715/1711/1619 1717/1713/1621 1769/1765/1673
f 1769/1765/1673 1717/1713/1621 1770/1766/1674
f 1717/1713/1621 1719/1715/1623 1770/1766/1674
f 1770/1766/1674 1719/1715/1623 1771/1767/1675
f 1772/1768/1676 1773/1769/1677 1774/1770/1678
f 1774/1770/1678 1773/1769/1677 1775/1771/1679
f 1776/1772/1680 1772/1768/1676 1777/1773/1681
f 1777/1773/1681 1772/1768/1676 1774/1770/1678
f 1730/1726/1634 1778/1774/1682 1729/1725/1633
f 1729/1725/1633 1778/1774/1682 1779/1775/1683
f 1732/1728/1636 1780/1776/1684 1730/1726/1634
f 1730/1726/1634 1780/1776/1684 1778/1774/1682
f 1781/1777/1685 1782/1778/1686 1783/1779/1687
f 1783/1779/1687 1782/1778/1686 1784/1780/1688
f 1783/1779/1687 1784/1780/1688 1785/1781/1689
f 1785/1781/1689 1784/1780/1688 1786/1782/1690
f 1775/1771/1679 1773/1769/1677 1787/1783/1691
f 1787/1783/1691 1773/1769/1677 1788/1784/1692
f 1789/1785/1693 1771/1767/1675 1742/1738/1646
f 1742/1738/1646 1771/1767/1675 1719/1715/1623
f 1744/1740/1648 1664/1664/1575 1790/1786/1694
f 1790/1786/1694 1664/1664/1575 1665/1665/1576
f 1790/1786/1694 1665/1665/1576 1767/1763/1671
f 1767/1763/1671 1665/1665/1576 1666/1666/1577
f 1729/1725/1633 1779/1775/1683 1745/1741/1649
f 1745/1741/1649 1779/1775/1683 1791/1787/1695
f 1786/1782/1690 1792/1788/1696 1785/1781/1689
f 1785/1781/1689 1792/1788/1696 1793/1789/1697
f 1794/1790/1698 1759/1755/1663 1672/1672/1583
f 1672/1672/1583 1759/1755/1663 1671/1671/1582
f 1750/1746/1654 1794/1790/1698 1673/1673/1584
f 1673/1673/1584 1794/1790/1698 1672/1672/1583
f 1753/1749/1657 1754/1750/1658 1759/1755/1663
f 1759/1755/1663 1754/1750/1658 1757/1753/1661
f 1754/1750/1658 1756/1752/1660 1757/1753/1661
f 1757/1753/1661 1756/1752/1660 1758/1754/1662
f 1763/1759/1667 1761/1757/1665 1768/1764/1672
f 1768/1764/1672 1761/1757/1665 1766/1762/1670
f 1765/1761/1669 1767/1763/1671 1761/1757/1665
f 1761/1757/1665 1767/1763/1671 1766/1762/1670
f 1790/1786/1694 1787/1783/1691 1788/1784/1692
f 1790/1786/1694 1789/1785/1693 1744/1740/1648
f 1744/1740/1648 1789/1785/1693 1742/1738/1646
f 1745/1741/1649 1791/1787/1695 1750/1746/1654
f 1750/1746/1654 1791/1787/1695 1794/1790/1698
f 1793/1789/1697 1792/1788/1696 1794/1790/1698
f 1765/1761/1669 1787/1783/1691 1767/1763/1671
f 1767/1763/1671 1787/1783/1691 1790/1786/1694
f 1775/1771/1679 1787/1783/1691 1764/1760/1668
f 1764/1760/1668 1787/1783/1691 1765/1761/1669
f 1775/1771/1679 1764/1760/1668 1774/1770/1678
f 1774/1770/1678 1764/1760/1668 1760/1756/1664
f 1777/1773/1681 1774/1770/1678 1762/1758/1666
f 1762/1758/1666 1774/1770/1678 1760/1756/1664
f 1784/1780/1688 1782/1778/1686 1752/1748/1656
f 1752/1748/1656 1782/1778/1686 1755/1751/1659
f 1786/1782/1690 1784/1780/1688 1751/1747/1655
f 1751/1747/1655 1784/1780/1688 1752/1748/1656
f 1786/1782/1690 1751/1747/1655 1792/1788/1696
f 1792/1788/1696 1751/1747/1655 1753/1749/1657
f 1794/1790/1698 1792/1788/1696 1759/1755/1663
f 1759/1755/1663 1792/1788/1696 1753/1749/1657
f 1788/1784/1692 1789/1785/1693 1790/1786/1694
f 1771/1767/1675 1789/1785/1693 1773/1769/1677
f 1773/1769/1677 1789/1785/1693 1788/1784/1692
f 1770/1766/1674 1771/1767/1675 1772/1768/1676
f 1772/1768/1676 1771/1767/1675 1773/1769/1677
f 1769/1765/1673 1770/1766/1674 1776/1772/1680
f 1776/1772/1680 1770/1766/1674 1772/1768/1676
f 1780/1776/1684 1781/1777/1685 1778/1774/1682
f 1778/1774/1682 1781/1777/1685 1783/1779/1687
f 1778/1774/1682 1783/1779/1687 1779/1775/1683
f 1779/1775/1683 1783/1779/1687 1785/1781/1689
f 1779/1775/1683 1785/1781/1689 1791/1787/1695
f 1791/1787/1695 1785/1781/1689 1793/1789/1697
f 1794/1790/1698 1791/1787/1695 1793/1789/1697
f 1795/1791/1699 1796/1792/1700 1797/1793/1701
f 1797/1793/1701 1796/1792/1700 1798/1794/1702
f 1799/1795/1703 1800/1796/1704 1801/1797/1705
f 1801/1797/1705 1800/1796/1704 1802/1798/1706
f 1801/1797/1705 1802/1798/1706 1803/1799/1707
f 1803/1799/1707 1802/1798/1706 1804/1800/1708
f 1796/1792/1700 1795/1791/1699 1804/1800/1708
f 1804/1800/1708 1795/1791/1699 1803/1799/1707
f 1805/1801/1709 1806/1802/1710 1807/1803/1711
f 1807/1803/1711 1806/1802/1710 1808/1804/1712
f 1799/1795/1703 1809/1805/1713 1800/1796/1704
f 1800/1796/1704 1809/1805/1713 1810/1806/1714
f 1809/1805/1713 1811/1807/1715 1810/1806/1714
f 1810/1806/1714 1811/1807/1715 1812/1808/1716
f 1811/1807/1715 1805/1801/1709 1812/1808/1716
f 1812/1808/1716 1805/1801/1709 1807/1803/1711
f 1813/1809/1717 1814/1810/1718 1815/1811/1719
f 1815/1811/1719 1814/1810/1718 1816/1812/1720
f 1817/1813/1721 1818/1814/1722 1819/1815/1723
f 1819/1815/1723 1818/1814/1722 1820/1816/1724
f 1817/1813/1721 1819/1815/1723 1821/1817/1725
f 1821/1817/1725 1819/1815/1723 1822/1818/1726
f 1821/1817/1725 1822/1818/1726 1813/1809/1717
f 1813/1809/1717 1822/1818/1726 1814/1810/1718
f 1823/1819/1727 1824/1820/1719 1825/1821/1728
f 1825/1821/1728 1824/1820/1719 1826/1822/1729
f 1818/1814/1722 1827/1823/1730 1820/1816/1724
f 1820/1816/1724 1827/1823/1730 1828/1824/1731
f 1827/1823/1730 1829/1825/1732 1828/1824/1731
f 1828/1824/1731 1829/1825/1732 1830/1826/1733
f 1829/1825/1732 1823/1819/1727 1830/1826/1733
f 1830/1826/1733 1823/1819/1727 1825/1821/1728
f 1831/1827/1734 1832/1828/1735 1797/1793/1701
f 1797/1793/1701 1832/1828/1735 1795/1791/1699
f 1833/1829/1736 1806/1802/1710 1834/1830/1737
f 1834/1830/1737 1806/1802/1710 1805/1801/1709
f 1835/1831/1738 1834/1830/1737 1811/1807/1715
f 1811/1807/1715 1834/1830/1737 1805/1801/1709
f 1836/1832/1739 1835/1831/1738 1809/1805/1713
f 1809/1805/1713 1835/1831/1738 1811/1807/1715
f 1837/1833/1740 1836/1832/1739 1799/1795/1703
f 1799/1795/1703 1836/1832/1739 1809/1805/1713
f 1838/1834/1741 1837/1833/1740 1801/1797/1705
f 1801/1797/1705 1837/1833/1740 1799/1795/1703
f 1839/1835/1742 1838/1834/1741 1803/1799/1707
f 1803/1799/1707 1838/1834/1741 1801/1797/1705
f 1839/1835/1742 1803/1799/1707 1832/1828/1735
f 1832/1828/1735 1803/1799/1707 1795/1791/1699
f 1808/1804/1712 1840/1836/1743 1807/1803/1711
f 1807/1803/1711 1840/1836/1743 1841/1837/1744
f 1807/1803/1711 1841/1837/1744 1812/1808/1716
f 1812/1808/1716 1841/1837/1744 1842/1838/1745
f 1810/1806/1714 1812/1808/1716 1843/1839/1746
f 1843/1839/1746 1812/1808/1716 1842/1838/1745
f 1800/1796/1704 1810/1806/1714 1844/1840/1747
f 1844/1840/1747 1810/1806/1714 1843/1839/1746
f 1800/1796/1704 1844/1840/1747 1802/1798/1706
f 1802/1798/1706 1844/1840/1747 1845/1841/1748
f 1802/1798/1706 1845/1841/1748 1804/1800/1708
f 1804/1800/1708 1845/1841/1748 1846/1842/1749
f 1796/1792/1700 1804/1800/1708 1847/1843/1750
f 1847/1843/1750 1804/1800/1708 1846/1842/1749
f 1798/1794/1702 1796/1792/1700 1848/1844/1751
f 1848/1844/1751 1796/1792/1700 1847/1843/1750
f 1849/1845/1752 1850/1846/1753 1832/1828/1735
f 1832/1828/1735 1850/1846/1753 1839/1835/1742
f 1850/1846/1753 1851/1847/1754 1839/1835/1742
f 1839/1835/1742 1851/1847/1754 1838/1834/1741
f 1851/1847/1754 1852/1848/1755 1838/1834/1741
f 1838/1834/1741 1852/1848/1755 1837/1833/1740
f 1853/1849/1756 1836/1832/1739 1852/1848/1755
f 1852/1848/1755 1836/1832/1739 1837/1833/1740
f 1854/1850/1757 1835/1831/1738 1853/1849/1756
f 1853/1849/1756 1835/1831/1738 1836/1832/1739
f 1855/1851/1758 1834/1830/1737 1854/1850/1757
f 1854/1850/1757 1834/1830/1737 1835/1831/1738
f 1856/1852/1759 1833/1829/1736 1855/1851/1758
f 1855/1851/1758 1833/1829/1736 1834/1830/1737
f 1857/1853/1760 1849/1845/1752 1831/1827/1734
f 1831/1827/1734 1849/1845/1752 1832/1828/1735
f 1823/1819/1727 1849/1845/1752 1824/1820/1719
f 1824/1820/1719 1849/1845/1752 1857/1853/1760
f 1856/1852/1759 1855/1851/1758 1815/1811/1719
f 1815/1811/1719 1855/1851/1758 1813/1809/1717
f 1855/1851/1758 1854/1850/1757 1813/1809/1717
f 1813/1809/1717 1854/1850/1757 1821/1817/1725
f 1853/1849/1756 1817/1813/1721 1854/1850/1757
f 1854/1850/1757 1817/1813/1721 1821/1817/1725
f 1852/1848/1755 1818/1814/1722 1853/1849/1756
f 1853/1849/1756 1818/1814/1722 1817/1813/1721
f 1852/1848/1755 1851/1847/1754 1818/1814/1722
f 1818/1814/1722 1851/1847/1754 1827/1823/1730
f 1851/1847/1754 1850/1846/1753 1827/1823/1730
f 1827/1823/1730 1850/1846/1753 1829/1825/1732
f 1850/1846/1753 1849/1845/1752 1829/1825/1732
f 1829/1825/1732 1849/1845/1752 1823/1819/1727
f 1858/1854/1761 1859/1855/1762 1826/1822/1729
f 1826/1822/1729 1859/1855/1762 1825/1821/1728
f 1860/1856/1763 1861/1857/1764 1814/1810/1718
f 1814/1810/1718 1861/1857/1764 1816/1812/1720
f 1860/1856/1763 1814/1810/1718 1862/1858/1765
f 1862/1858/1765 1814/1810/1718 1822/1818/1726
f 1863/1859/1766 1862/1858/1765 1819/1815/1723
f 1819/1815/1723 1862/1858/1765 1822/1818/1726
f 1864/1860/1767 1863/1859/1766 1820/1816/1724
f 1820/1816/1724 1863/1859/1766 1819/1815/1723
f 1865/1861/1768 1864/1860/1767 1828/1824/1731
f 1828/1824/1731 1864/1860/1767 1820/1816/1724
f 1866/1862/1769 1865/1861/1768 1830/1826/1733
f 1830/1826/1733 1865/1861/1768 1828/1824/1731
f 1859/1855/1762 1866/1862/1769 1825/1821/1728
f 1825/1821/1728 1866/1862/1769 1830/1826/1733
f 1867/1863/772 1868/1864/1770 1869/1865/769
f 1869/1865/769 1868/1864/1770 1870/1866/1771
f 1871/1867/769 1872/1868/1771 1873/1869/1772
f 1873/1869/1772 1872/1868/1771 1874/1870/1773
f 1873/1869/1772 1874/1870/1773 1875/1871/764
f 1875/1871/764 1874/1870/1773 1876/1872/1774
f 1876/1872/1774 1877/1873/1775 1875/1871/764
f 1875/1871/764 1877/1873/1775 1878/1874/1776
f 1879/1875/738 1878/1874/1776 1880/1876/1777
f 1880/1876/1777 1878/1874/1776 1877/1873/1775
f 1881/1877/1778 1879/1875/738 1882/1878/1779
f 1882/1878/1779 1879/1875/738 1880/1876/1777
f 1883/1879/773 1881/1877/1778 1884/1880/1780
f 1884/1880/1780 1881/1877/1778 1882/1878/1779
f 1883/1879/773 1884/1880/1780 1867/1863/772
f 1867/1863/772 1884/1880/1780 1868/1864/1770
f 1880/1876/1777 1877/1873/1775 1864/1860/1767
f 1864/1860/1767 1877/1873/1775 1863/1859/1766
f 1882/1878/1779 1880/1876/1777 1865/1861/1768
f 1865/1861/1768 1880/1876/1777 1864/1860/1767
f 1884/1880/1780 1882/1878/1779 1866/1862/1769
f 1866/1862/1769 1882/1878/1779 1865/1861/1768
f 1884/1880/1780 1866/1862/1769 1868/1864/1770
f 1868/1864/1770 1866/1862/1769 1859/1855/1762
f 1868/1864/1770 1859/1855/1762 1870/1866/1771
f 1870/1866/1771 1859/1855/1762 1858/1854/1761
f 1872/1868/1771 1861/1857/1764 1874/1870/1773
f 1874/1870/1773 1861/1857/1764 1860/1856/1763
f 1874/1870/1773 1860/1856/1763 1876/1872/1774
f 1876/1872/1774 1860/1856/1763 1862/1858/1765
f 1877/1873/1775 1876/1872/1774 1863/1859/1766
f 1863/1859/1766 1876/1872/1774 1862/1858/1765
f 1885/1881/1781 1886/1882/1782 1887/1883/1783
f 1887/1883/1783 1886/1882/1782 1888/1884/1784
f 1889/1885/1785 1890/1886/1786 1888/1884/1784
f 1888/1884/1784 1890/1886/1786 1887/1883/1783
f 1890/1886/1786 1891/1887/1787 1887/1883/1783
f 1887/1883/1783 1891/1887/1787 1892/1888/1788
f 1893/1889/1789 1885/1881/1781 1892/1888/1788
f 1892/1888/1788 1885/1881/1781 1887/1883/1783
f 1894/1890/1790 1895/1891/1791 1896/1892/1792
f 1896/1892/1792 1895/1891/1791 1897/1893/1793
f 1898/1894/1794 1896/1892/1792 1899/1895/1795
f 1899/1895/1795 1896/1892/1792 1897/1893/1793
f 1900/1896/1796 1901/1897/1797 1898/1894/1794
f 1898/1894/1794 1901/1897/1797 1896/1892/1792
f 1894/1890/1790 1896/1892/1792 1902/1898/1798
f 1902/1898/1798 1896/1892/1792 1901/1897/1797
f 1903/1899/1799 1904/1900/1800 1905/1901/1801
f 1905/1901/1801 1906/1902/1802 1903/1899/1799
f 1907/1903/1803 1908/1904/1804 1903/1899/1799
f 1903/1899/1799 1908/1904/1804 1909/1905/1805
f 1909/1905/1805 1910/1906/1806 1903/1899/1799
f 1903/1899/1799 1910/1906/1806 1911/1907/1807
f 1912/1908/1808 1913/1909/1809 1914/1910/1810
f 1914/1910/1810 1913/1909/1809 1915/1911/1811
f 1916/1912/1812 1917/1913/1813 1918/1914/1814
f 1918/1914/1814 1917/1913/1813 1919/1915/1815
f 1920/1916/1816 1921/1917/1817 1922/1918/1818
f 1922/1918/1818 1921/1917/1817 1923/1919/1819
f 1924/1920/1818 1925/1921/1820 1926/1922/1821
f 1926/1922/1821 1925/1921/1820 1927/1923/1822
f 1928/1924/1823 1929/1925/1815 1930/1926/1824
f 1930/1926/1824 1929/1925/1815 1931/1927/1825
f 1932/1928/1826 1930/1926/1824 1933/1929/1827
f 1933/1929/1827 1930/1926/1824 1931/1927/1825
f 1926/1922/1821 1927/1923/1822 1934/1930/1828
f 1934/1930/1828 1927/1923/1822 1935/1931/1829
f 1936/1932/1830 1934/1930/1828 1937/1933/1831
f 1937/1933/1831 1934/1930/1828 1935/1931/1829
f 1938/1934/1832 1937/1933/1831 1932/1928/1826
f 1932/1928/1826 1937/1933/1831 1935/1931/1829
f 1939/1935/1833 1940/1936/1834 1941/1937/1835
f 1941/1937/1835 1940/1936/1834 1942/1938/1836
f 1943/1939/1837 1939/1935/1833 1944/1940/1838
f 1944/1940/1838 1939/1935/1833 1941/1937/1835
f 1945/1941/1839 1946/1942/1840 1947/1943/1841
f 1947/1943/1841 1946/1942/1840 1948/1944/1842
f 1947/1943/1841 1949/1945/1843 1945/1941/1839
f 1945/1941/1839 1949/1945/1843 1950/1946/1844
f 1951/1947/1845 1889/1885/1785 1952/1948/1846
f 1952/1948/1846 1889/1885/1785 1888/1884/1784
f 1886/1882/1782 1953/1949/1847 1888/1884/1784
f 1888/1884/1784 1953/1949/1847 1952/1948/1846
f 1954/1950/1848 1955/1951/1849 1956/1952/1850
f 1956/1952/1850 1955/1951/1849 1957/1953/1851
f 1955/1951/1849 1958/1954/1852 1957/1953/1851
f 1957/1953/1851 1958/1954/1852 1959/1955/1853
f 1957/1953/1851 1959/1955/1853 1960/1956/1854
f 1960/1956/1854 1959/1955/1853 1961/1957/1855
f 1956/1952/1850 1957/1953/1851 1962/1958/1856
f 1962/1958/1856 1957/1953/1851 1960/1956/1854
f 1933/1929/1827 1931/1927/1825 1940/1936/1834
f 1940/1936/1834 1931/1927/1825 1963/1959/1857
f 1931/1927/1825 1929/1925/1815 1963/1959/1857
f 1963/1959/1857 1929/1925/1815 1964/1960/1858
f 1965/1961/1859 1966/1962/1860 1967/1963/1861
f 1967/1963/1861 1966/1962/1860 1968/1964/1862
f 1966/1962/1860 1919/1915/1815 1968/1964/1862
f 1968/1964/1862 1919/1915/1815 1917/1913/1813
f 1968/1964/1862 1917/1913/1813 1969/1965/1863
f 1969/1965/1863 1917/1913/1813 1970/1966/1864
f 1967/1963/1861 1968/1964/1862 1971/1967/1865
f 1971/1967/1865 1968/1964/1862 1969/1965/1863
f 1972/1968/1866 1973/1969/1867 1974/1970/1868
f 1974/1970/1868 1973/1969/1867 1975/1971/1869
f 1973/1969/1867 1976/1972/1870 1975/1971/1869
f 1975/1971/1869 1976/1972/1870 1977/1973/1871
f 1975/1971/1869 1977/1973/1871 1978/1974/1872
f 1978/1974/1872 1977/1973/1871 1979/1975/1873
f 1980/1976/1874 1974/1970/1868 1978/1974/1872
f 1978/1974/1872 1974/1970/1868 1975/1971/1869
f 1981/1977/1875 1982/1978/1876 1983/1979/1877
f 1983/1979/1877 1982/1978/1876 1984/1980/1878
f 1985/1981/1879 1986/1982/1880 1984/1980/1878
f 1984/1980/1878 1986/1982/1880 1983/1979/1877
f 1987/1983/1881 1988/1984/1882 1955/1951/1849
f 1955/1951/1849 1988/1984/1882 1958/1954/1852
f 1989/1985/1883 1950/1946/1844 1990/1986/1884
f 1990/1986/1884 1950/1946/1844 1949/1945/1843
f 1991/1987/1885 1989/1985/1883 1992/1988/1886
f 1992/1988/1886 1989/1985/1883 1990/1986/1884
f 1993/1989/1887 1994/1990/1888 1995/1991/1889
f 1995/1991/1889 1994/1990/1888 1996/1992/1890
f 1997/1993/1891 1998/1994/1892 1996/1992/1890
f 1996/1992/1890 1998/1994/1892 1995/1991/1889
f 1909/1905/1805 1999/1995/1893 1910/1906/1806
f 1910/1906/1806 1999/1995/1893 2000/1996/1894
f 2001/1997/1895 1999/1995/1893 1908/1904/1804
f 1908/1904/1804 1999/1995/1893 1909/1905/1805
f 1977/1973/1871 2002/1998/1896 1979/1975/1873
f 1979/1975/1873 2002/1998/1896 2003/1999/1897
f 1976/1972/1870 2004/2000/1898 1977/1973/1871
f 1977/1973/1871 2004/2000/1898 2002/1998/1896
f 1959/1955/1853 2005/2001/1899 1961/1957/1855
f 1961/1957/1855 2005/2001/1899 2006/2002/1900
f 2007/2003/1901 2005/2001/1899 1958/1954/1852
f 1958/1954/1852 2005/2001/1899 1959/1955/1853
f 2008/2004/1902 2009/2005/1903 2010/2006/1904
f 2010/2006/1904 2009/2005/1903 2007/2003/1901
f 2008/2004/1902 2010/2006/1904 2011/2007/1905
f 2011/2007/1905 2010/2006/1904 2012/2008/1906
f 1990/1986/1884 1949/1945/1843 2013/2009/1907
f 2013/2009/1907 1949/1945/1843 1942/1938/1836
f 1992/1988/1886 1990/1986/1884 2014/2010/1908
f 2014/2010/1908 1990/1986/1884 2013/2009/1907
f 1994/1990/1888 1965/1961/1859 1996/1992/1890
f 1996/1992/1890 1965/1961/1859 1967/1963/1861
f 2015/2011/1909 1984/1980/1878 2016/2012/1910
f 2016/2012/1910 1984/1980/1878 1982/1978/1876
f 1984/1980/1878 2015/2011/1909 1985/1981/1879
f 1985/1981/1879 2015/2011/1909 2017/2013/1911
f 2018/2014/1912 1933/1929/1827 1939/1935/1833
f 1939/1935/1833 1933/1929/1827 1940/1936/1834
f 2019/2015/1913 2018/2014/1912 1943/1939/1837
f 1943/1939/1837 2018/2014/1912 1939/1935/1833
f 2020/2016/1914 1987/1983/1881 2021/2017/1915
f 1987/1983/1881 2022/2018/1916 2021/2017/1915
f 2023/2019/1917 2024/2020/1918 2025/2021/1919
f 2025/2021/1919 2024/2020/1918 2026/2022/1920
f 2025/2021/1919 2026/2022/1920 2027/2023/1921
f 2027/2023/1921 2026/2022/1920 2028/2024/1922
f 2029/2025/1923 2030/2026/1924 2031/2027/1925
f 2031/2027/1925 2030/2026/1924 2032/2028/1926
f 2031/2027/1925 2032/2028/1926 2033/2029/1927
f 2033/2029/1927 2032/2028/1926 2034/2030/1928
f 2035/2031/1929 2036/2032/1930 2037/2033/1931
f 2037/2033/1931 2036/2032/1930 2038/2034/1932
f 2039/2035/1933 2040/2036/1934 2036/2032/1930
f 2036/2032/1930 2040/2036/1934 2038/2034/1932
f 1932/1928/1826 1935/1931/1829 1930/1926/1824
f 1930/1926/1824 1935/1931/1829 1927/1923/1822
f 1925/1921/1820 1928/1924/1823 1927/1923/1822
f 1927/1923/1822 1928/1924/1823 1930/1926/1824
f 1921/1917/1817 1916/1912/1812 1923/1919/1819
f 1923/1919/1819 1916/1912/1812 1918/1914/1814
f 2041/2037/1935 1970/1966/1864 1916/1912/1812
f 1916/1912/1812 1970/1966/1864 1917/1913/1813
f 1921/1917/1817 2042/2038/1936 1916/1912/1812
f 1916/1912/1812 2042/2038/1936 2041/2037/1935
f 2042/2038/1936 1921/1917/1817 2043/2039/1937
f 2043/2039/1937 1921/1917/1817 1920/1916/1816
f 2042/2038/1936 2044/2040/1938 2041/2037/1935
f 2041/2037/1935 2044/2040/1938 2045/2041/1939
f 2044/2040/1938 1914/1910/1810 2045/2041/1939
f 2045/2041/1939 1914/1910/1810 1915/1911/1811
f 1938/1934/1832 1932/1928/1826 2018/2014/1912
f 2018/2014/1912 1932/1928/1826 1933/1929/1827
f 2046/2042/1940 1938/1934/1832 2019/2015/1913
f 2019/2015/1913 1938/1934/1832 2018/2014/1912
f 2047/2043/1941 2048/2044/1808 1844/1840/1747
f 1844/1840/1747 2048/2044/1808 1845/1841/1748
f 1846/1842/1749 1845/1841/1748 2049/2045/1942
f 2049/2045/1942 1845/1841/1748 2048/2044/1808
f 2050/2046/1943 1847/1843/1750 2049/2045/1942
f 2049/2045/1942 1847/1843/1750 1846/1842/1749
f 1848/1844/1751 1847/1843/1750 2051/2047/1944
f 2051/2047/1944 1847/1843/1750 2050/2046/1943
f 2052/2048/1945 2053/2049/1946 2054/2050/1947
f 2054/2050/1947 2053/2049/1946 2055/2051/1948
f 2056/2052/1949 2057/2053/1950 2058/2054/1951
f 2058/2054/1951 2057/2053/1950 2059/2055/1952
f 2060/2056/1953 2061/2057/1954 2056/2052/1949
f 2056/2052/1949 2061/2057/1954 2057/2053/1950
f 2062/2058/1955 2063/2059/1956 2052/2048/1945
f 2052/2048/1945 2063/2059/1956 2053/2049/1946
f 2064/2060/1957 2065/2061/1958 2066/2062/1959
f 2066/2062/1959 2065/2061/1958 2067/2063/1960
f 2068/2064/1961 2069/2065/1962 2070/2066/1963
f 2070/2066/1963 2069/2065/1962 2071/2067/1964
f 2068/2064/1961 2072/2068/1965 2069/2065/1962
f 2069/2065/1962 2072/2068/1965 2073/2069/1966
f 2065/2061/1958 2074/2070/1967 2067/2063/1960
f 2067/2063/1960 2074/2070/1967 2075/2071/1968
f 2076/2072/1969 2077/2073/1970 1911/1907/1807
f 1911/1907/1807 2077/2073/1970 2078/2074/1971
f 2079/2075/1972 2080/2076/1973 2081/2077/1974
f 2081/2077/1974 2080/2076/1973 2076/2072/1969
f 2076/2072/1969 2082/2078/1975 2081/2077/1974
f 2081/2077/1974 2082/2078/1975 2083/2079/1976
f 2084/2080/1977 1985/1981/1879 2085/2081/1978
f 2085/2081/1978 1985/1981/1879 2017/2013/1911
f 2086/2082/1979 2084/2080/1977 2087/2083/1980
f 2087/2083/1980 2084/2080/1977 2085/2081/1978
f 2088/2084/1981 2089/2085/1982 2090/2086/1983
f 2090/2086/1983 2089/2085/1982 2091/2087/1984
f 2092/2088/1985 2093/2089/1986 2094/2090/1987
f 2094/2090/1987 2093/2089/1986 2095/2091/1988
f 1920/1916/1816 1922/1918/1818 2096/2092/1989
f 2096/2092/1989 1922/1918/1818 2097/2093/1990
f 1924/1920/1818 1926/1922/1821 2098/2094/1991
f 2098/2094/1991 1926/1922/1821 2099/2095/1992
f 2100/2096/1993 2101/2097/1985 2102/2098/1994
f 2102/2098/1994 2101/2097/1985 2103/2099/1995
f 2100/2096/1993 2102/2098/1994 2104/2100/1996
f 2104/2100/1996 2102/2098/1994 2105/2101/1997
f 1926/1922/1821 1934/1930/1828 2099/2095/1992
f 2099/2095/1992 1934/1930/1828 2106/2102/1998
f 1936/1932/1830 2107/2103/1999 1934/1930/1828
f 1934/1930/1828 2107/2103/1999 2106/2102/1998
f 2108/2104/2000 2105/2101/1997 2107/2103/1999
f 2107/2103/1999 2105/2101/1997 2106/2102/1998
f 2058/2054/1951 2059/2055/1952 2109/2105/2001
f 2109/2105/2001 2059/2055/1952 2110/2106/2002
f 2054/2050/1947 2055/2051/1948 2111/2107/2003
f 2111/2107/2003 2055/2051/1948 2112/2108/2004
f 2113/2109/2005 2114/2110/2006 2115/2111/2007
f 2115/2111/2007 2114/2110/2006 2116/2112/2008
f 2117/2113/2009 2118/2114/2010 2116/2112/2008
f 2116/2112/2008 2118/2114/2010 2115/2111/2007
f 2119/2115/2011 2117/2113/2009 2120/2116/2012
f 2120/2116/2012 2117/2113/2009 2116/2112/2008
f 2114/2110/2006 2121/2117/2013 2116/2112/2008
f 2116/2112/2008 2121/2117/2013 2120/2116/2012
f 2122/2118/2014 2123/2119/2015 2124/2120/2016
f 2124/2120/2016 2123/2119/2015 2125/2121/2017
f 2123/2119/2015 2100/2096/1993 2125/2121/2017
f 2125/2121/2017 2100/2096/1993 2104/2100/1996
f 2126/2122/2018 2101/2097/1985 2123/2119/2015
f 2123/2119/2015 2101/2097/1985 2100/2096/1993
f 2123/2119/2015 2122/2118/2014 2126/2122/2018
f 2126/2122/2018 2122/2118/2014 2127/2123/2019
f 2128/2124/2020 2129/2125/2021 2092/2088/1985
f 2092/2088/1985 2129/2125/2021 2093/2089/1986
f 2129/2125/2021 2130/2126/2022 2093/2089/1986
f 2093/2089/1986 2130/2126/2022 2131/2127/2023
f 2132/2128/2013 2133/2129/2024 2134/2130/2025
f 2134/2130/2025 2133/2129/2024 2135/2131/2026
f 2136/2132/2027 2137/2133/2028 2135/2131/2026
f 2135/2131/2026 2137/2133/2028 2134/2130/2025
f 2138/2134/2029 2139/2135/2030 2133/2129/2024
f 2133/2129/2024 2139/2135/2030 2135/2131/2026
f 2140/2136/2031 2141/2137/2032 2142/2138/2033
f 2142/2138/2033 2141/2137/2032 2143/2139/2034
f 2142/2138/2033 2115/2111/2007 2140/2136/2031
f 2140/2136/2031 2115/2111/2007 2118/2114/2010
f 2000/1996/1894 2144/2140/2035 1910/1906/1806
f 1910/1906/1806 2144/2140/2035 2082/2078/1975
f 2082/2078/1975 2144/2140/2035 2083/2079/1976
f 2083/2079/1976 2144/2140/2035 2145/2141/2036
f 2146/2142/2037 2147/2143/2038 2148/2144/2039
f 2148/2144/2039 2147/2143/2038 2136/2132/2027
f 2147/2143/2038 2149/2145/2040 2136/2132/2027
f 2136/2132/2027 2149/2145/2040 2137/2133/2028
f 2150/2146/2041 2151/2147/2042 2119/2115/2011
f 2119/2115/2011 2151/2147/2042 2117/2113/2009
f 2117/2113/2009 2151/2147/2042 2118/2114/2010
f 2118/2114/2010 2151/2147/2042 2152/2148/2043
f 2153/2149/2044 2154/2150/2045 2155/2151/2046
f 2155/2151/2046 2154/2150/2045 2152/2148/2043
f 2012/2008/1906 2154/2150/2045 2011/2007/1905
f 2011/2007/1905 2154/2150/2045 2153/2149/2044
f 1943/1939/1837 1944/1940/1838 2156/2152/2047
f 2156/2152/2047 1944/1940/1838 2157/2153/2048
f 2156/2152/2047 2157/2153/2048 2125/2121/2017
f 2125/2121/2017 2157/2153/2048 2124/2120/2016
f 2158/2154/2049 2122/2118/2014 2159/2155/2050
f 2159/2155/2050 2122/2118/2014 2124/2120/2016
f 2160/2156/2051 2127/2123/2019 2158/2154/2049
f 2158/2154/2049 2127/2123/2019 2122/2118/2014
f 2161/2157/2052 2162/2158/2053 2163/2159/2054
f 2163/2159/2054 2162/2158/2053 2164/2160/2055
f 2165/2161/2056 2164/2160/2055 2166/2162/2057
f 2166/2162/2057 2164/2160/2055 2162/2158/2053
f 2167/2163/2058 2156/2152/2047 2104/2100/1996
f 2104/2100/1996 2156/2152/2047 2125/2121/2017
f 2019/2015/1913 1943/1939/1837 2167/2163/2058
f 2167/2163/2058 1943/1939/1837 2156/2152/2047
f 2168/2164/2059 2169/2165/2060 2143/2139/2034
f 2143/2139/2034 2169/2165/2060 2142/2138/2033
f 2142/2138/2033 2170/2166/2061 2115/2111/2007
f 2115/2111/2007 2170/2166/2061 2113/2109/2005
f 2171/2167/2062 2110/2106/2002 2057/2053/1950
f 2057/2053/1950 2110/2106/2002 2059/2055/1952
f 2172/2168/2063 2171/2167/2062 2061/2057/1954
f 2061/2057/1954 2171/2167/2062 2057/2053/1950
f 2069/2065/1962 2173/2169/2064 2071/2067/1964
f 2071/2067/1964 2173/2169/2064 2174/2170/2065
f 2175/2171/2066 2173/2169/2064 2073/2069/1966
f 2073/2069/1966 2173/2169/2064 2069/2065/1962
f 2176/2172/2067 2177/2173/2068 2178/2174/2069
f 2178/2174/2069 2177/2173/2068 2179/2175/2070
f 2180/2176/2071 2181/2177/2072 2182/2178/2073
f 2182/2178/2073 2181/2177/2072 2183/2179/2074
f 2099/2095/1992 2106/2102/1998 2102/2098/1994
f 2102/2098/1994 2106/2102/1998 2105/2101/1997
f 2102/2098/1994 2103/2099/1995 2099/2095/1992
f 2099/2095/1992 2103/2099/1995 2098/2094/1991
f 2094/2090/1987 2095/2091/1988 2097/2093/1990
f 2097/2093/1990 2095/2091/1988 2096/2092/1989
f 2093/2089/1986 2131/2127/2023 2095/2091/1988
f 2095/2091/1988 2131/2127/2023 2184/2180/2075
f 2096/2092/1989 2095/2091/1988 2185/2181/2076
f 2185/2181/2076 2095/2091/1988 2184/2180/2075
f 1920/1916/1816 2096/2092/1989 2043/2039/1937
f 2043/2039/1937 2096/2092/1989 2185/2181/2076
f 2184/2180/2075 2186/2182/2077 2185/2181/2076
f 2185/2181/2076 2186/2182/2077 2187/2183/2078
f 2187/2183/2078 2186/2182/2077 2089/2085/1982
f 2089/2085/1982 2186/2182/2077 2091/2087/1984
f 2108/2104/2000 2167/2163/2058 2105/2101/1997
f 2105/2101/1997 2167/2163/2058 2104/2100/1996
f 2046/2042/1940 2019/2015/1913 2108/2104/2000
f 2108/2104/2000 2019/2015/1913 2167/2163/2058
f 2047/2043/1941 1844/1840/1747 2188/2184/1981
f 2188/2184/1981 1844/1840/1747 1843/1839/1746
f 1842/1838/1745 2189/2185/2079 1843/1839/1746
f 1843/1839/1746 2189/2185/2079 2188/2184/1981
f 1842/1838/1745 1841/1837/1744 2189/2185/2079
f 2189/2185/2079 1841/1837/1744 2190/2186/2080
f 2191/2187/1944 2190/2186/2080 1840/1836/1743
f 1840/1836/1743 2190/2186/2080 1841/1837/1744
f 2044/2040/1938 2042/2038/1936 2192/2188/1944
f 2192/2188/1944 2042/2038/1936 2043/2039/1937
f 2187/2183/2078 2192/2188/1944 2185/2181/2076
f 2185/2181/2076 2192/2188/1944 2043/2039/1937
f 1936/1932/1830 1937/1933/1831 2046/2042/1940
f 2046/2042/1940 1937/1933/1831 1938/1934/1832
f 1936/1932/1830 2046/2042/1940 2107/2103/1999
f 2107/2103/1999 2046/2042/1940 2108/2104/2000
f 2017/2013/1911 2015/2011/1909 2193/2189/2081
f 2193/2189/2081 2015/2011/1909 1912/1908/1808
f 2016/2012/1910 1913/1909/1809 2015/2011/1909
f 2015/2011/1909 1913/1909/1809 1912/1908/1808
f 1971/1967/1865 1997/1993/1891 1967/1963/1861
f 1967/1963/1861 1997/1993/1891 1996/1992/1890
f 1944/1940/1838 1941/1937/1835 1948/1944/1842
f 1948/1944/1842 1941/1937/1835 1947/1943/1841
f 1941/1937/1835 1942/1938/1836 1947/1943/1841
f 1947/1943/1841 1942/1938/1836 1949/1945/1843
f 2013/2009/1907 1942/1938/1836 1963/1959/1857
f 1963/1959/1857 1942/1938/1836 1940/1936/1834
f 2014/2010/1908 2013/2009/1907 1964/1960/1858
f 1964/1960/1858 2013/2009/1907 1963/1959/1857
f 2017/2013/1911 2193/2189/2081 2085/2081/1978
f 2085/2081/1978 2193/2189/2081 2088/2084/1981
f 2087/2083/1980 2085/2081/1978 2090/2086/1983
f 2090/2086/1983 2085/2081/1978 2088/2084/1981
f 1944/1940/1838 1948/1944/1842 2157/2153/2048
f 2157/2153/2048 1948/1944/1842 2194/2190/2082
f 2157/2153/2048 2194/2190/2082 2124/2120/2016
f 2124/2120/2016 2194/2190/2082 2159/2155/2050
f 2163/2159/2054 2164/2160/2055 2128/2124/2020
f 2128/2124/2020 2164/2160/2055 2129/2125/2021
f 2164/2160/2055 2165/2161/2056 2129/2125/2021
f 2129/2125/2021 2165/2161/2056 2130/2126/2022
f 2195/2191/2083 2194/2190/2082 1946/1942/1840
f 1946/1942/1840 2194/2190/2082 1948/1944/1842
f 2194/2190/2082 2195/2191/2083 2159/2155/2050
f 2159/2155/2050 2195/2191/2083 2196/2192/2084
f 2197/2193/2085 2158/2154/2049 2196/2192/2084
f 2196/2192/2084 2158/2154/2049 2159/2155/2050
f 2198/2194/2086 2160/2156/2051 2197/2193/2085
f 2197/2193/2085 2160/2156/2051 2158/2154/2049
f 2162/2158/2053 2161/2157/2052 2199/2195/2087
f 2199/2195/2087 2161/2157/2052 2200/2196/2086
f 2166/2162/2057 2162/2158/2053 2201/2197/2088
f 2201/2197/2088 2162/2158/2053 2199/2195/2087
f 2084/2080/1977 2086/2082/1979 2202/2198/2089
f 2202/2198/2089 2086/2082/1979 2203/2199/2090
f 1985/1981/1879 2084/2080/1977 1986/1982/1880
f 1986/1982/1880 2084/2080/1977 2202/2198/2089
f 1986/1982/1880 2204/2200/2091 1983/1979/1877
f 1983/1979/1877 2204/2200/2091 2205/2201/2092
f 2206/2202/2093 1981/1977/1875 2205/2201/2092
f 2205/2201/2092 1981/1977/1875 1983/1979/1877
f 1998/1994/1892 2207/2203/2094 1995/1991/1889
f 1995/1991/1889 2207/2203/2094 2208/2204/2095
f 2209/2205/2096 1993/1989/1887 2208/2204/2095
f 2208/2204/2095 1993/1989/1887 1995/1991/1889
f 2210/2206/2097 2211/2207/2098 1991/1987/1885
f 1991/1987/1885 2211/2207/2098 1989/1985/1883
f 2211/2207/2098 2009/2005/1903 1989/1985/1883
f 1989/1985/1883 2009/2005/1903 1950/1946/1844
f 1945/1941/1839 1950/1946/1844 2008/2004/1902
f 2008/2004/1902 1950/1946/1844 2009/2005/1903
f 2011/2007/1905 1946/1942/1840 2008/2004/1902
f 2008/2004/1902 1946/1942/1840 1945/1941/1839
f 2153/2149/2044 2195/2191/2083 2011/2007/1905
f 2011/2007/1905 2195/2191/2083 1946/1942/1840
f 2195/2191/2083 2153/2149/2044 2196/2192/2084
f 2196/2192/2084 2153/2149/2044 2155/2151/2046
f 2212/2208/2099 2197/2193/2085 2155/2151/2046
f 2155/2151/2046 2197/2193/2085 2196/2192/2084
f 2213/2209/2100 2198/2194/2086 2212/2208/2099
f 2212/2208/2099 2198/2194/2086 2197/2193/2085
f 2199/2195/2087 2200/2196/2086 2214/2210/2101
f 2214/2210/2101 2200/2196/2086 2215/2211/2102
f 2201/2197/2088 2199/2195/2087 2216/2212/2103
f 2216/2212/2103 2199/2195/2087 2214/2210/2101
f 2217/2213/2104 2218/2214/2105 2203/2199/2090
f 2203/2199/2090 2218/2214/2105 2202/2198/2089
f 1986/1982/1880 2202/2198/2089 2204/2200/2091
f 2204/2200/2091 2202/2198/2089 2218/2214/2105
f 1988/1984/1882 1987/1983/1881 2141/2137/2032
f 2141/2137/2032 1987/1983/1881 2143/2139/2034
f 2082/2078/1975 2076/2072/1969 1910/1906/1806
f 1910/1906/1806 2076/2072/1969 1911/1907/1807
f 2148/2144/2039 2136/2132/2027 2139/2135/2030
f 2139/2135/2030 2136/2132/2027 2135/2131/2026
f 1999/1995/1893 2205/2201/2092 2000/1996/1894
f 2000/1996/1894 2205/2201/2092 2204/2200/2091
f 2001/1997/1895 2206/2202/2093 1999/1995/1893
f 1999/1995/1893 2206/2202/2093 2205/2201/2092
f 2002/1998/1896 2208/2204/2095 2003/1999/1897
f 2003/1999/1897 2208/2204/2095 2207/2203/2094
f 2004/2000/1898 2209/2205/2096 2002/1998/1896
f 2002/1998/1896 2209/2205/2096 2208/2204/2095
f 2006/2002/1900 2005/2001/1899 2210/2206/2097
f 2210/2206/2097 2005/2001/1899 2211/2207/2098
f 2005/2001/1899 2007/2003/1901 2211/2207/2098
f 2211/2207/2098 2007/2003/1901 2009/2005/1903
f 1988/1984/1882 2010/2006/1904 1958/1954/1852
f 1958/1954/1852 2010/2006/1904 2007/2003/1901
f 2010/2006/1904 1988/1984/1882 2012/2008/1906
f 2012/2008/1906 1988/1984/1882 2141/2137/2032
f 2144/2140/2035 2000/1996/1894 2218/2214/2105
f 2218/2214/2105 2000/1996/1894 2204/2200/2091
f 2217/2213/2104 2145/2141/2036 2218/2214/2105
f 2218/2214/2105 2145/2141/2036 2144/2140/2035
f 2147/2143/2038 2146/2142/2037 2214/2210/2101
f 2214/2210/2101 2146/2142/2037 2216/2212/2103
f 2149/2145/2040 2147/2143/2038 2215/2211/2102
f 2215/2211/2102 2147/2143/2038 2214/2210/2101
f 2150/2146/2041 2213/2209/2100 2151/2147/2042
f 2151/2147/2042 2213/2209/2100 2212/2208/2099
f 2151/2147/2042 2212/2208/2099 2152/2148/2043
f 2152/2148/2043 2212/2208/2099 2155/2151/2046
f 2140/2136/2031 2118/2114/2010 2154/2150/2045
f 2154/2150/2045 2118/2114/2010 2152/2148/2043
f 2154/2150/2045 2012/2008/1906 2140/2136/2031
f 2140/2136/2031 2012/2008/1906 2141/2137/2032
f 1974/1970/1868 1980/1976/1874 2032/2028/1926
f 2032/2028/1926 1980/1976/1874 2034/2030/1928
f 2030/2026/1924 1972/1968/1866 2032/2028/1926
f 2032/2028/1926 1972/1968/1866 1974/1970/1868
f 2026/2022/1920 1956/1952/1850 2028/2024/1922
f 2028/2024/1922 1956/1952/1850 1962/1958/1856
f 2024/2020/1918 1954/1950/1848 2026/2022/1920
f 2026/2022/1920 1954/1950/1848 1956/1952/1850
f 2021/2017/1915 2022/2018/1916 1952/1948/1846
f 1952/1948/1846 2022/2018/1916 1951/1947/1845
f 2020/2016/1914 2021/2017/1915 1953/1949/1847
f 1953/1949/1847 2021/2017/1915 1952/1948/1846
f 2169/2165/2060 2168/2164/2059 2112/2108/2004
f 2112/2108/2004 2168/2164/2059 2111/2107/2003
f 2109/2105/2001 2110/2106/2002 2170/2166/2061
f 2170/2166/2061 2110/2106/2002 2113/2109/2005
f 2110/2106/2002 2171/2167/2062 2113/2109/2005
f 2113/2109/2005 2171/2167/2062 2114/2110/2006
f 2171/2167/2062 2172/2168/2063 2114/2110/2006
f 2114/2110/2006 2172/2168/2063 2121/2117/2013
f 2174/2170/2065 2173/2169/2064 2132/2128/2013
f 2132/2128/2013 2173/2169/2064 2133/2129/2024
f 2175/2171/2066 2138/2134/2029 2173/2169/2064
f 2173/2169/2064 2138/2134/2029 2133/2129/2024
f 2180/2176/2071 2182/2178/2073 2079/2075/1972
f 2079/2075/1972 2182/2178/2073 2080/2076/1973
f 2078/2074/1971 2077/2073/1970 2177/2173/2068
f 2177/2173/2068 2077/2073/1970 2179/2175/2070
f 2037/2033/1931 2038/2034/1932 1904/1900/1800
f 1904/1900/1800 2038/2034/1932 1905/1901/1801
f 2040/2036/1934 1906/1902/1802 2038/2034/1932
f 2038/2034/1932 1906/1902/1802 1905/1901/1801
f 2219/2215/2106 2077/2073/1970 2076/2072/1969
f 2179/2175/2070 2077/2073/1970 2220/2216/2107
f 2220/2216/2107 2077/2073/1970 2219/2215/2106
f 2178/2174/2069 2179/2175/2070 2221/2217/2108
f 2221/2217/2108 2179/2175/2070 2220/2216/2107
f 2067/2063/1960 2075/2071/1968 2222/2218/2109
f 2222/2218/2109 2075/2071/1968 2223/2219/2110
f 2067/2063/1960 2222/2218/2109 2066/2062/1959
f 2066/2062/1959 2222/2218/2109 2224/2220/2111
f 2063/2059/1956 2225/2221/2112 2053/2049/1946
f 2053/2049/1946 2225/2221/2112 2226/2222/2113
f 2053/2049/1946 2226/2222/2113 2055/2051/1948
f 2055/2051/1948 2226/2222/2113 2227/2223/2114
f 2055/2051/1948 2227/2223/2114 2112/2108/2004
f 2112/2108/2004 2227/2223/2114 2228/2224/2115
f 2169/2165/2060 2112/2108/2004 2229/2225/2116
f 2229/2225/2116 2112/2108/2004 2228/2224/2115
f 2142/2138/2033 2169/2165/2060 2229/2225/2116
f 2170/2166/2061 2142/2138/2033 2229/2225/2116
f 2109/2105/2001 2170/2166/2061 2228/2224/2115
f 2228/2224/2115 2170/2166/2061 2229/2225/2116
f 2109/2105/2001 2228/2224/2115 2058/2054/1951
f 2058/2054/1951 2228/2224/2115 2227/2223/2114
f 2226/2222/2113 2056/2052/1949 2227/2223/2114
f 2227/2223/2114 2056/2052/1949 2058/2054/1951
f 2056/2052/1949 2226/2222/2113 2060/2056/1953
f 2060/2056/1953 2226/2222/2113 2225/2221/2112
f 2068/2064/1961 2070/2066/1963 2222/2218/2109
f 2222/2218/2109 2070/2066/1963 2224/2220/2111
f 2072/2068/1965 2068/2064/1961 2223/2219/2110
f 2223/2219/2110 2068/2064/1961 2222/2218/2109
f 2183/2179/2074 2221/2217/2108 2182/2178/2073
f 2182/2178/2073 2221/2217/2108 2220/2216/2107
f 2182/2178/2073 2220/2216/2107 2080/2076/1973
f 2080/2076/1973 2220/2216/2107 2219/2215/2106
f 2076/2072/1969 2080/2076/1973 2219/2215/2106
f 2078/2074/1971 1904/1900/1800 1911/1907/1807
f 1911/1907/1807 1904/1900/1800 1903/1899/1799
f 2037/2033/1931 1904/1900/1800 2177/2173/2068
f 2177/2173/2068 1904/1900/1800 2078/2074/1971
f 2176/2172/2067 2035/2031/1929 2177/2173/2068
f 2177/2173/2068 2035/2031/1929 2037/2033/1931
f 2065/2061/1958 1894/1890/1790 2074/2070/1967
f 2074/2070/1967 1894/1890/1790 1902/1898/1798
f 2064/2060/1957 1895/1891/1791 2065/2061/1958
f 2065/2061/1958 1895/1891/1791 1894/1890/1790
f 1885/1881/1781 1893/1889/1789 2052/2048/1945
f 2052/2048/1945 1893/1889/1789 2062/2058/1955
f 1886/1882/1782 1885/1881/1781 2054/2050/1947
f 2054/2050/1947 1885/1881/1781 2052/2048/1945
f 1953/1949/1847 1886/1882/1782 2111/2107/2003
f 2111/2107/2003 1886/1882/1782 2054/2050/1947
f 2020/2016/1914 1953/1949/1847 2168/2164/2059
f 2168/2164/2059 1953/1949/1847 2111/2107/2003
f 1987/1983/1881 2020/2016/1914 2143/2139/2034
f 2143/2139/2034 2020/2016/1914 2168/2164/2059
f 1987/1983/1881 1955/1951/1849 2022/2018/1916
f 2022/2018/1916 1955/1951/1849 1954/1950/1848
f 1951/1947/1845 2022/2018/1916 2024/2020/1918
f 2024/2020/1918 2022/2018/1916 1954/1950/1848
f 1889/1885/1785 1951/1947/1845 2023/2019/1917
f 2023/2019/1917 1951/1947/1845 2024/2020/1918
f 1890/1886/1786 1889/1885/1785 2025/2021/1919
f 2025/2021/1919 1889/1885/1785 2023/2019/1917
f 1891/1887/1787 1890/1886/1786 2027/2023/1921
f 2027/2023/1921 1890/1886/1786 2025/2021/1919
f 2031/2027/1925 1898/1894/1794 2029/2025/1923
f 2029/2025/1923 1898/1894/1794 1899/1895/1795
f 2033/2029/1927 1900/1896/1796 2031/2027/1925
f 2031/2027/1925 1900/1896/1796 1898/1894/1794
f 2039/2035/1933 2230/2226/2117 2040/2036/1934
f 2040/2036/1934 2230/2226/2117 2231/2227/2118
f 2231/2227/2118 2232/2228/2119 2040/2036/1934
f 2040/2036/1934 2232/2228/2119 1906/1902/1802
f 1903/1899/1799 1906/1902/1802 1907/1903/1803
f 1907/1903/1803 1906/1902/1802 2232/2228/2119
f 2186/2182/2077 2184/2180/2075 2091/2087/1984
f 2091/2087/1984 2184/2180/2075 2131/2127/2023
f 2091/2087/1984 2131/2127/2023 2090/2086/1983
f 2090/2086/1983 2131/2127/2023 2130/2126/2022
f 2165/2161/2056 2087/2083/1980 2130/2126/2022
f 2130/2126/2022 2087/2083/1980 2090/2086/1983
f 2166/2162/2057 2086/2082/1979 2165/2161/2056
f 2165/2161/2056 2086/2082/1979 2087/2083/1980
f 2086/2082/1979 2166/2162/2057 2203/2199/2090
f 2203/2199/2090 2166/2162/2057 2201/2197/2088
f 2216/2212/2103 2217/2213/2104 2201/2197/2088
f 2201/2197/2088 2217/2213/2104 2203/2199/2090
f 2146/2142/2037 2145/2141/2036 2216/2212/2103
f 2216/2212/2103 2145/2141/2036 2217/2213/2104
f 2083/2079/1976 2145/2141/2036 2148/2144/2039
f 2148/2144/2039 2145/2141/2036 2146/2142/2037
f 2083/2079/1976 2148/2144/2039 2081/2077/1974
f 2081/2077/1974 2148/2144/2039 2139/2135/2030
f 2138/2134/2029 2079/2075/1972 2139/2135/2030
f 2139/2135/2030 2079/2075/1972 2081/2077/1974
f 2175/2171/2066 2180/2176/2071 2138/2134/2029
f 2138/2134/2029 2180/2176/2071 2079/2075/1972
f 2073/2069/1966 2181/2177/2072 2175/2171/2066
f 2175/2171/2066 2181/2177/2072 2180/2176/2071
f 2033/2029/1927 2034/2030/1928 2230/2226/2117
f 2230/2226/2117 2034/2030/1928 2231/2227/2118
f 2034/2030/1928 1980/1976/1874 2231/2227/2118
f 2231/2227/2118 1980/1976/1874 2232/2228/2119
f 1907/1903/1803 2232/2228/2119 1978/1974/1872
f 1978/1974/1872 2232/2228/2119 1980/1976/1874
f 1978/1974/1872 1979/1975/1873 1907/1903/1803
f 1907/1903/1803 1979/1975/1873 1908/1904/1804
f 2001/1997/1895 1908/1904/1804 2003/1999/1897
f 2003/1999/1897 1908/1904/1804 1979/1975/1873
f 2206/2202/2093 2001/1997/1895 2207/2203/2094
f 2207/2203/2094 2001/1997/1895 2003/1999/1897
f 2207/2203/2094 1998/1994/1892 2206/2202/2093
f 2206/2202/2093 1998/1994/1892 1981/1977/1875
f 1982/1978/1876 1981/1977/1875 1997/1993/1891
f 1997/1993/1891 1981/1977/1875 1998/1994/1892
f 2016/2012/1910 1982/1978/1876 1971/1967/1865
f 1971/1967/1865 1982/1978/1876 1997/1993/1891
f 1913/1909/1809 2016/2012/1910 1969/1965/1863
f 1969/1965/1863 2016/2012/1910 1971/1967/1865
f 1915/1911/1811 1913/1909/1809 1970/1966/1864
f 1970/1966/1864 1913/1909/1809 1969/1965/1863
f 2045/2041/1939 1915/1911/1811 2041/2037/1935
f 2041/2037/1935 1915/1911/1811 1970/1966/1864
f 2181/2177/2072 2073/2069/1966 2183/2179/2074
f 2183/2179/2074 2073/2069/1966 2072/2068/1965
f 2221/2217/2108 2183/2179/2074 2223/2219/2110
f 2223/2219/2110 2183/2179/2074 2072/2068/1965
f 2075/2071/1968 2178/2174/2069 2223/2219/2110
f 2223/2219/2110 2178/2174/2069 2221/2217/2108
f 2074/2070/1967 2176/2172/2067 2075/2071/1968
f 2075/2071/1968 2176/2172/2067 2178/2174/2069
f 2074/2070/1967 1902/1898/1798 2176/2172/2067
f 2176/2172/2067 1902/1898/1798 2035/2031/1929
f 2036/2032/1930 2035/2031/1929 1901/1897/1797
f 1901/1897/1797 2035/2031/1929 1902/1898/1798
f 1900/1896/1796 2039/2035/1933 1901/1897/1797
f 1901/1897/1797 2039/2035/1933 2036/2032/1930
f 2230/2226/2117 2039/2035/1933 2033/2029/1927
f 2033/2029/1927 2039/2035/1933 1900/1896/1796
f 2233/2229/2120 2234/2230/2121 2235/2231/2122
f 2235/2231/2122 2234/2230/2121 2236/2232/2123
f 2237/2233/2124 2236/2232/2123 2238/2234/2125
f 2238/2234/2125 2236/2232/2123 2234/2230/2121
f 2239/2235/2126 2240/2236/2127 2241/2237/2128
f 2241/2237/2128 2240/2236/2127 2242/2238/2129
f 2243/2239/2130 2244/2240/2131 2239/2235/2126
f 2239/2235/2126 2244/2240/2131 2240/2236/2127
f 2245/2241/2132 2246/2242/2133 2247/2243/2134
f 2247/2243/2134 2246/2242/2133 2248/2244/2135
f 2249/2245/2136 2250/2246/2137 2245/2241/2132
f 2245/2241/2132 2250/2246/2137 2246/2242/2133
f 2251/2247/2138 2247/2243/2134 2252/2248/2139
f 2252/2248/2139 2247/2243/2134 2248/2244/2135
f 2253/2249/2140 2254/2250/2141 2255/2251/2142
f 2255/2251/2142 2254/2250/2141 2256/2252/2143
f 2254/2250/2141 2253/2249/2140 2242/2238/2129
f 2242/2238/2129 2253/2249/2140 2241/2237/2128
f 2257/2253/2144 2258/2254/2145 2259/2255/2146
f 2259/2255/2146 2258/2254/2145 2260/2256/2147
f 2258/2254/2145 2255/2251/2142 2260/2256/2147
f 2260/2256/2147 2255/2251/2142 2256/2252/2143
f 2261/2257/2148 2257/2253/2144 2262/2258/2149
f 2262/2258/2149 2257/2253/2144 2259/2255/2146
f 2263/2259/2150 2261/2257/2148 2264/2260/2151
f 2264/2260/2151 2261/2257/2148 2262/2258/2149
f 2265/2261/2152 2266/2262/2153 2267/2263/2154
f 2267/2263/2154 2266/2262/2153 2268/2264/2155
f 2267/2263/2154 2268/2264/2155 2249/2245/2136
f 2249/2245/2136 2268/2264/2155 2250/2246/2137
f 2269/2265/2156 2270/2266/2157 2271/2267/2158
f 2271/2267/2158 2270/2266/2157 2272/2268/2159
f 2273/2269/2160 2269/2265/2156 2274/2270/2161
f 2274/2270/2161 2269/2265/2156 2271/2267/2158
f 2275/2271/2162 2276/2272/2163 2277/2273/2164
f 2277/2273/2164 2276/2272/2163 2278/2274/2165
f 2277/2273/2164 2278/2274/2165 2279/2275/2166
f 2279/2275/2166 2278/2274/2165 2280/2276/2167
f 2279/2275/2166 2280/2276/2167 2281/2277/2168
f 2281/2277/2168 2280/2276/2167 2282/2278/2169
f 2281/2277/2168 2282/2278/2169 2283/2279/2170
f 2283/2279/2170 2282/2278/2169 2284/2280/2171
f 2285/2281/2172 2283/2279/2170 2286/2282/2173
f 2286/2282/2173 2283/2279/2170 2284/2280/2171
f 2287/2283/2174 2288/2284/2175 2289/2285/2176
f 2289/2285/2176 2288/2284/2175 2290/2286/2177
f 2291/2287/2178 2292/2288/2179 2293/2289/2180
f 2293/2289/2180 2292/2288/2179 2294/2290/2181
f 2295/2291/2182 2294/2290/2181 2296/2292/2183
f 2296/2292/2183 2294/2290/2181 2292/2288/2179
f 2297/2293/2184 2298/2294/2185 2299/2295/2186
f 2299/2295/2186 2298/2294/2185 2300/2296/2187
f 2299/2295/2186 2300/2296/2187 2301/2297/2188
f 2301/2297/2188 2300/2296/2187 2302/2298/2189
f 2303/2299/2190 2304/2300/2191 2302/2298/2189
f 2302/2298/2189 2304/2300/2191 2301/2297/2188
f 2304/2300/2191 2303/2299/2190 2305/2301/2192
f 2305/2301/2192 2303/2299/2190 2306/2302/2193
f 2307/2303/2194 2305/2301/2192 2308/2304/2195
f 2308/2304/2195 2305/2301/2192 2306/2302/2193
f 2270/2266/2157 2307/2303/2194 2272/2268/2159
f 2272/2268/2159 2307/2303/2194 2308/2304/2195
f 2309/2305/2196 2310/2306/2197 2311/2307/2198
f 2311/2307/2198 2310/2306/2197 2312/2308/2199
f 2313/2309/2200 2314/2310/2201 2309/2305/2196
f 2309/2305/2196 2314/2310/2201 2310/2306/2197
f 2315/2311/2200 2316/2312/2202 2317/2313/2203
f 2317/2313/2203 2316/2312/2202 2318/2314/2204
f 2319/2315/2205 2318/2314/2204 2320/2316/2206
f 2320/2316/2206 2318/2314/2204 2316/2312/2202
f 2321/2317/2207 2322/2318/2208 2323/2319/2209
f 2323/2319/2209 2322/2318/2208 2324/2320/2210
f 2325/2321/2211 2326/2322/2212 2322/2318/2208
f 2322/2318/2208 2326/2322/2212 2324/2320/2210
f 2327/2323/2213 2328/2324/2214 2325/2321/2211
f 2325/2321/2211 2328/2324/2214 2326/2322/2212
f 2329/2325/2215 2330/2326/2216 2327/2323/2213
f 2327/2323/2213 2330/2326/2216 2328/2324/2214
f 2331/2327/2217 2332/2328/2218 2329/2325/2215
f 2329/2325/2215 2332/2328/2218 2330/2326/2216
f 2333/2329/2217 2334/2330/2219 2335/2331/2220
f 2335/2331/2220 2334/2330/2219 2336/2332/2221
f 2334/2330/2219 2337/2333/2222 2336/2332/2221
f 2336/2332/2221 2337/2333/2222 2338/2334/2223
f 2337/2333/2222 2339/2335/2224 2338/2334/2223
f 2338/2334/2223 2339/2335/2224 2340/2336/2225
f 2339/2335/2224 2341/2337/2226 2340/2336/2225
f 2340/2336/2225 2341/2337/2226 2342/2338/2227
f 2343/2339/2228 2344/2340/2229 2341/2337/2226
f 2341/2337/2226 2344/2340/2229 2342/2338/2227
f 2344/2340/2229 2343/2339/2228 2312/2308/2199
f 2312/2308/2199 2343/2339/2228 2311/2307/2198
f 2345/2341/2230 2346/2342/2231 2347/2343/2232
f 2347/2343/2232 2346/2342/2231 2348/2344/2233
f 2349/2345/2234 2350/2346/2235 2351/2347/2236
f 2351/2347/2236 2350/2346/2235 2352/2348/2237
f 2351/2347/2236 2352/2348/2237 2353/2349/2238
f 2353/2349/2238 2352/2348/2237 2354/2350/2239
f 2355/2351/2240 2356/2352/2241 2357/2353/2242
f 2357/2353/2242 2356/2352/2241 2358/2354/2243
f 2359/2355/2244 2355/2351/2240 2360/2356/2245
f 2360/2356/2245 2355/2351/2240 2357/2353/2242
f 2361/2357/2246 2362/2358/2247 2363/2359/2248
f 2363/2359/2248 2362/2358/2247 2364/2360/2249
f 2363/2359/2248 2364/2360/2249 2365/2361/2250
f 2365/2361/2250 2364/2360/2249 2366/2362/2251
f 2367/2363/2252 2368/2364/2253 2369/2365/2254
f 2369/2365/2254 2368/2364/2253 2370/2366/2255
f 2371/2367/2256 2367/2363/2252 2372/2368/2257
f 2372/2368/2257 2367/2363/2252 2369/2365/2254
f 2373/2369/2258 2371/2367/2256 2374/2370/2259
f 2374/2370/2259 2371/2367/2256 2372/2368/2257
f 2375/2371/2260 2373/2369/2258 2376/2372/2261
f 2376/2372/2261 2373/2369/2258 2374/2370/2259
f 2375/2371/2260 2376/2372/2261 2377/2373/2262
f 2377/2373/2262 2376/2372/2261 2378/2374/2263
f 2350/2346/2235 2349/2345/2234 2378/2374/2263
f 2378/2374/2263 2349/2345/2234 2377/2373/2262
f 2379/2375/2264 2380/2376/2265 2381/2377/2266
f 2381/2377/2266 2380/2376/2265 2382/2378/2267
f 2379/2375/2264 2381/2377/2266 2383/2379/2268
f 2383/2379/2268 2381/2377/2266 2384/2380/2269
f 2383/2379/2268 2384/2380/2269 2361/2357/2246
f 2361/2357/2246 2384/2380/2269 2362/2358/2247
f 2380/2376/2265 2359/2355/2244 2382/2378/2267
f 2382/2378/2267 2359/2355/2244 2360/2356/2245
f 2320/2316/2206 2321/2317/2207 2319/2315/2205
f 2319/2315/2205 2321/2317/2207 2323/2319/2209
f 2385/2381/2270 2386/2382/2271 2387/2383/2272
f 2387/2383/2272 2386/2382/2271 2388/2384/2273
f 2386/2382/2271 2389/2385/2274 2388/2384/2273
f 2388/2384/2273 2389/2385/2274 2348/2344/2233
f 2390/2386/2275 2391/2387/2276 2392/2388/2277
f 2392/2388/2277 2391/2387/2276 2393/2389/2278
f 2394/2390/2279 2395/2391/2280 2393/2389/2278
f 2393/2389/2278 2395/2391/2280 2392/2388/2277
f 2396/2392/2281 2397/2393/2282 2398/2394/2283
f 2398/2394/2283 2397/2393/2282 2399/2395/2284
f 2400/2396/2285 2401/2397/2286 2396/2392/2281
f 2396/2392/2281 2401/2397/2286 2397/2393/2282
f 2238/2234/2125 2251/2247/2138 2237/2233/2124
f 2237/2233/2124 2251/2247/2138 2252/2248/2139
f 2402/2398/2287 2398/2394/2283 2347/2343/2232
f 2347/2343/2232 2398/2394/2283 2399/2395/2284
f 2403/2399/2288 2404/2400/2289 2405/2401/2290
f 2405/2401/2290 2404/2400/2289 2406/2402/2291
f 2391/2387/2276 2390/2386/2275 2403/2399/2288
f 2403/2399/2288 2390/2386/2275 2404/2400/2289
f 2407/2403/2292 2408/2404/2293 2409/2405/2294
f 2409/2405/2294 2408/2404/2293 2410/2406/2295
f 2408/2404/2293 2405/2401/2290 2410/2406/2295
f 2410/2406/2295 2405/2401/2290 2406/2402/2291
f 2411/2407/2296 2407/2403/2292 2412/2408/2297
f 2412/2408/2297 2407/2403/2292 2409/2405/2294
f 2413/2409/2298 2411/2407/2296 2414/2410/2299
f 2414/2410/2299 2411/2407/2296 2412/2408/2297
f 2415/2411/2300 2416/2412/2301 2417/2413/2302
f 2417/2413/2302 2416/2412/2301 2418/2414/2303
f 2417/2413/2302 2418/2414/2303 2400/2396/2285
f 2400/2396/2285 2418/2414/2303 2401/2397/2286
f 2419/2415/2304 2420/2416/2305 2409/2405/2294
f 2409/2405/2294 2420/2416/2305 2412/2408/2297
f 2420/2416/2305 2421/2417/2306 2412/2408/2297
f 2412/2408/2297 2421/2417/2306 2414/2410/2299
f 2416/2412/2301 2422/2418/2307 2418/2414/2303
f 2418/2414/2303 2422/2418/2307 2423/2419/2308
f 2418/2414/2303 2423/2419/2308 2401/2397/2286
f 2401/2397/2286 2423/2419/2308 2424/2420/2309
f 2401/2397/2286 2424/2420/2309 2397/2393/2282
f 2397/2393/2282 2424/2420/2309 2425/2421/2310
f 2397/2393/2282 2425/2421/2310 2399/2395/2284
f 2399/2395/2284 2425/2421/2310 2426/2422/2311
f 2426/2422/2311 2345/2341/2230 2399/2395/2284
f 2399/2395/2284 2345/2341/2230 2347/2343/2232
f 2346/2342/2231 2427/2423/2312 2348/2344/2233
f 2348/2344/2233 2427/2423/2312 2388/2384/2273
f 2427/2423/2312 2428/2424/2313 2388/2384/2273
f 2388/2384/2273 2428/2424/2313 2387/2383/2272
f 2395/2391/2280 2429/2425/2314 2392/2388/2277
f 2392/2388/2277 2429/2425/2314 2430/2426/2315
f 2392/2388/2277 2430/2426/2315 2390/2386/2275
f 2390/2386/2275 2430/2426/2315 2431/2427/2316
f 2432/2428/2317 2404/2400/2289 2431/2427/2316
f 2431/2427/2316 2404/2400/2289 2390/2386/2275
f 2404/2400/2289 2432/2428/2317 2406/2402/2291
f 2406/2402/2291 2432/2428/2317 2433/2429/2318
f 2433/2429/2318 2434/2430/2319 2406/2402/2291
f 2406/2402/2291 2434/2430/2319 2410/2406/2295
f 2434/2430/2319 2419/2415/2304 2410/2406/2295
f 2410/2406/2295 2419/2415/2304 2409/2405/2294
f 2435/2431/2320 2436/2432/2321 2437/2433/2322
f 2437/2433/2322 2436/2432/2321 2438/2434/2323
f 2439/2435/2324 2435/2431/2320 2440/2436/2325
f 2440/2436/2325 2435/2431/2320 2437/2433/2322
f 2441/2437/2326 2442/2438/2327 2443/2439/2328
f 2443/2439/2328 2442/2438/2327 2444/2440/2329
f 2443/2439/2328 2444/2440/2329 2445/2441/2330
f 2445/2441/2330 2444/2440/2329 2446/2442/2331
f 2445/2441/2330 2446/2442/2331 2447/2443/2332
f 2447/2443/2332 2446/2442/2331 2448/2444/2333
f 2447/2443/2332 2448/2444/2333 2449/2445/2334
f 2449/2445/2334 2448/2444/2333 2450/2446/2335
f 2288/2284/2175 2449/2445/2334 2290/2286/2177
f 2290/2286/2177 2449/2445/2334 2450/2446/2335
f 2293/2289/2180 2285/2281/2172 2291/2287/2178
f 2291/2287/2178 2285/2281/2172 2286/2282/2173
f 2451/2447/2336 2287/2283/2174 2452/2448/2337
f 2452/2448/2337 2287/2283/2174 2289/2285/2176
f 2453/2449/2338 2451/2447/2336 2454/2450/2339
f 2454/2450/2339 2451/2447/2336 2452/2448/2337
f 2455/2451/2338 2456/2452/2340 2457/2453/2341
f 2457/2453/2341 2456/2452/2340 2458/2454/2342
f 2459/2455/2343 2460/2456/2344 2458/2454/2342
f 2458/2454/2342 2460/2456/2344 2457/2453/2341
f 2460/2456/2344 2459/2455/2343 2461/2457/2345
f 2461/2457/2345 2459/2455/2343 2462/2458/2346
f 2461/2457/2345 2462/2458/2346 2463/2459/2347
f 2463/2459/2347 2462/2458/2346 2464/2460/2348
f 2465/2461/2349 2463/2459/2347 2466/2462/2350
f 2466/2462/2350 2463/2459/2347 2464/2460/2348
f 2436/2432/2321 2465/2461/2349 2438/2434/2323
f 2438/2434/2323 2465/2461/2349 2466/2462/2350
f 2467/2463/2351 2468/2464/2352 2469/2465/2353
f 2469/2465/2353 2468/2464/2352 2470/2466/2354
f 2469/2465/2353 2470/2466/2354 2471/2467/2355
f 2471/2467/2355 2470/2466/2354 2472/2468/2356
f 2473/2469/2357 2474/2470/2358 2475/2471/2359
f 2475/2471/2359 2474/2470/2358 2476/2472/2360
f 2475/2471/2359 2476/2472/2360 2477/2473/2361
f 2477/2473/2361 2476/2472/2360 2478/2474/2362
f 2479/2475/2363 2480/2476/2364 2478/2474/2362
f 2478/2474/2362 2480/2476/2364 2477/2473/2361
f 2481/2477/2365 2482/2478/2366 2483/2479/2367
f 2483/2479/2367 2482/2478/2366 2484/2480/2368
f 2485/2481/2369 2486/2482/2370 2487/2483/2371
f 2487/2483/2371 2486/2482/2370 2488/2484/2372
f 2489/2485/2373 2485/2481/2369 2490/2486/2374
f 2490/2486/2374 2485/2481/2369 2487/2483/2371
f 2491/2487/2375 2492/2488/2376 2493/2489/2377
f 2493/2489/2377 2492/2488/2376 2494/2490/2378
f 2495/2491/2379 2496/2492/2380 2497/2493/2381
f 2497/2493/2381 2496/2492/2380 2498/2494/2382
f 2499/2495/2383 2500/2496/2384 2501/2497/2385
f 2501/2497/2385 2500/2496/2384 2502/2498/2386
f 2468/2464/2352 2467/2463/2351 2502/2498/2386
f 2502/2498/2386 2467/2463/2351 2501/2497/2385
f 2480/2476/2364 2479/2475/2363 2482/2478/2366
f 2482/2478/2366 2479/2475/2363 2484/2480/2368
f 2352/2348/2237 2350/2346/2235 2503/2499/2387
f 2503/2499/2387 2350/2346/2235 2504/2500/2388
f 2503/2499/2387 2505/2501/2389 2352/2348/2237
f 2352/2348/2237 2505/2501/2389 2354/2350/2239
f 2506/2502/2390 2507/2503/2391 2358/2354/2243
f 2358/2354/2243 2507/2503/2391 2357/2353/2242
f 2507/2503/2391 2508/2504/2392 2357/2353/2242
f 2357/2353/2242 2508/2504/2392 2360/2356/2245
f 2382/2378/2267 2360/2356/2245 2509/2505/2393
f 2509/2505/2393 2360/2356/2245 2508/2504/2392
f 2510/2506/2394 2381/2377/2266 2509/2505/2393
f 2509/2505/2393 2381/2377/2266 2382/2378/2267
f 2510/2506/2394 2511/2507/2395 2381/2377/2266
f 2381/2377/2266 2511/2507/2395 2384/2380/2269
f 2512/2508/2396 2362/2358/2247 2511/2507/2395
f 2511/2507/2395 2362/2358/2247 2384/2380/2269
f 2513/2509/2397 2364/2360/2249 2512/2508/2396
f 2512/2508/2396 2364/2360/2249 2362/2358/2247
f 2514/2510/2398 2366/2362/2251 2513/2509/2397
f 2513/2509/2397 2366/2362/2251 2364/2360/2249
f 2515/2511/2399 2369/2365/2254 2516/2512/2400
f 2516/2512/2400 2369/2365/2254 2370/2366/2255
f 2517/2513/2401 2372/2368/2257 2515/2511/2399
f 2515/2511/2399 2372/2368/2257 2369/2365/2254
f 2518/2514/2402 2374/2370/2259 2517/2513/2401
f 2517/2513/2401 2374/2370/2259 2372/2368/2257
f 2519/2515/2403 2376/2372/2261 2518/2514/2402
f 2518/2514/2402 2376/2372/2261 2374/2370/2259
f 2519/2515/2403 2520/2516/2404 2376/2372/2261
f 2376/2372/2261 2520/2516/2404 2378/2374/2263
f 2520/2516/2404 2504/2500/2388 2378/2374/2263
f 2378/2374/2263 2504/2500/2388 2350/2346/2235
f 2355/2351/2240 2359/2355/2244 2316/2312/2202
f 2316/2312/2202 2359/2355/2244 2320/2316/2206
f 2356/2352/2241 2355/2351/2240 2315/2311/2200
f 2315/2311/2200 2355/2351/2240 2316/2312/2202
f 2353/2349/2238 2313/2309/2200 2351/2347/2236
f 2351/2347/2236 2313/2309/2200 2309/2305/2196
f 2311/2307/2198 2349/2345/2234 2309/2305/2196
f 2309/2305/2196 2349/2345/2234 2351/2347/2236
f 2349/2345/2234 2311/2307/2198 2377/2373/2262
f 2377/2373/2262 2311/2307/2198 2343/2339/2228
f 2377/2373/2262 2343/2339/2228 2375/2371/2260
f 2375/2371/2260 2343/2339/2228 2341/2337/2226
f 2373/2369/2258 2375/2371/2260 2339/2335/2224
f 2339/2335/2224 2375/2371/2260 2341/2337/2226
f 2371/2367/2256 2373/2369/2258 2337/2333/2222
f 2337/2333/2222 2373/2369/2258 2339/2335/2224
f 2367/2363/2252 2371/2367/2256 2334/2330/2219
f 2334/2330/2219 2371/2367/2256 2337/2333/2222
f 2368/2364/2253 2367/2363/2252 2333/2329/2217
f 2333/2329/2217 2367/2363/2252 2334/2330/2219
f 2365/2361/2250 2331/2327/2217 2363/2359/2248
f 2363/2359/2248 2331/2327/2217 2329/2325/2215
f 2363/2359/2248 2329/2325/2215 2361/2357/2246
f 2361/2357/2246 2329/2325/2215 2327/2323/2213
f 2361/2357/2246 2327/2323/2213 2383/2379/2268
f 2383/2379/2268 2327/2323/2213 2325/2321/2211
f 2383/2379/2268 2325/2321/2211 2379/2375/2264
f 2379/2375/2264 2325/2321/2211 2322/2318/2208
f 2380/2376/2265 2379/2375/2264 2321/2317/2207
f 2321/2317/2207 2379/2375/2264 2322/2318/2208
f 2321/2317/2207 2320/2316/2206 2380/2376/2265
f 2380/2376/2265 2320/2316/2206 2359/2355/2244
f 2241/2237/2128 2312/2308/2199 2239/2235/2126
f 2239/2235/2126 2312/2308/2199 2310/2306/2197
f 2312/2308/2199 2241/2237/2128 2344/2340/2229
f 2344/2340/2229 2241/2237/2128 2253/2249/2140
f 2344/2340/2229 2253/2249/2140 2342/2338/2227
f 2342/2338/2227 2253/2249/2140 2255/2251/2142
f 2340/2336/2225 2342/2338/2227 2258/2254/2145
f 2258/2254/2145 2342/2338/2227 2255/2251/2142
f 2338/2334/2223 2340/2336/2225 2257/2253/2144
f 2257/2253/2144 2340/2336/2225 2258/2254/2145
f 2336/2332/2221 2338/2334/2223 2261/2257/2148
f 2261/2257/2148 2338/2334/2223 2257/2253/2144
f 2335/2331/2220 2336/2332/2221 2263/2259/2150
f 2263/2259/2150 2336/2332/2221 2261/2257/2148
f 2332/2328/2218 2265/2261/2152 2330/2326/2216
f 2330/2326/2216 2265/2261/2152 2267/2263/2154
f 2330/2326/2216 2267/2263/2154 2328/2324/2214
f 2328/2324/2214 2267/2263/2154 2249/2245/2136
f 2328/2324/2214 2249/2245/2136 2326/2322/2212
f 2326/2322/2212 2249/2245/2136 2245/2241/2132
f 2326/2322/2212 2245/2241/2132 2324/2320/2210
f 2324/2320/2210 2245/2241/2132 2247/2243/2134
f 2323/2319/2209 2324/2320/2210 2251/2247/2138
f 2251/2247/2138 2324/2320/2210 2247/2243/2134
f 2318/2314/2204 2319/2315/2205 2234/2230/2121
f 2234/2230/2121 2319/2315/2205 2238/2234/2125
f 2317/2313/2203 2318/2314/2204 2233/2229/2120
f 2233/2229/2120 2318/2314/2204 2234/2230/2121
f 2314/2310/2201 2243/2239/2130 2310/2306/2197
f 2310/2306/2197 2243/2239/2130 2239/2235/2126
f 2251/2247/2138 2238/2234/2125 2323/2319/2209
f 2323/2319/2209 2238/2234/2125 2319/2315/2205
f 2391/2387/2276 2242/2238/2129 2393/2389/2278
f 2393/2389/2278 2242/2238/2129 2240/2236/2127
f 2244/2240/2131 2394/2390/2279 2240/2236/2127
f 2240/2236/2127 2394/2390/2279 2393/2389/2278
f 2235/2231/2122 2236/2232/2123 2385/2381/2270
f 2385/2381/2270 2236/2232/2123 2386/2382/2271
f 2236/2232/2123 2237/2233/2124 2386/2382/2271
f 2386/2382/2271 2237/2233/2124 2389/2385/2274
f 2402/2398/2287 2389/2385/2274 2252/2248/2139
f 2252/2248/2139 2389/2385/2274 2237/2233/2124
f 2252/2248/2139 2248/2244/2135 2402/2398/2287
f 2402/2398/2287 2248/2244/2135 2398/2394/2283
f 2246/2242/2133 2396/2392/2281 2248/2244/2135
f 2248/2244/2135 2396/2392/2281 2398/2394/2283
f 2250/2246/2137 2400/2396/2285 2246/2242/2133
f 2246/2242/2133 2400/2396/2285 2396/2392/2281
f 2268/2264/2155 2417/2413/2302 2250/2246/2137
f 2250/2246/2137 2417/2413/2302 2400/2396/2285
f 2266/2262/2153 2415/2411/2300 2268/2264/2155
f 2268/2264/2155 2415/2411/2300 2417/2413/2302
f 2264/2260/2151 2262/2258/2149 2413/2409/2298
f 2413/2409/2298 2262/2258/2149 2411/2407/2296
f 2262/2258/2149 2259/2255/2146 2411/2407/2296
f 2411/2407/2296 2259/2255/2146 2407/2403/2292
f 2259/2255/2146 2260/2256/2147 2407/2403/2292
f 2407/2403/2292 2260/2256/2147 2408/2404/2293
f 2260/2256/2147 2256/2252/2143 2408/2404/2293
f 2408/2404/2293 2256/2252/2143 2405/2401/2290
f 2254/2250/2141 2403/2399/2288 2256/2252/2143
f 2256/2252/2143 2403/2399/2288 2405/2401/2290
f 2242/2238/2129 2391/2387/2276 2254/2250/2141
f 2254/2250/2141 2391/2387/2276 2403/2399/2288
f 2347/2343/2232 2348/2344/2233 2402/2398/2287
f 2402/2398/2287 2348/2344/2233 2389/2385/2274
f 2346/2342/2231 2345/2341/2230 2293/2289/2180
f 2293/2289/2180 2345/2341/2230 2285/2281/2172
f 2427/2423/2312 2346/2342/2231 2294/2290/2181
f 2294/2290/2181 2346/2342/2231 2293/2289/2180
f 2428/2424/2313 2427/2423/2312 2295/2291/2182
f 2295/2291/2182 2427/2423/2312 2294/2290/2181
f 2429/2425/2314 2297/2293/2184 2430/2426/2315
f 2430/2426/2315 2297/2293/2184 2299/2295/2186
f 2301/2297/2188 2431/2427/2316 2299/2295/2186
f 2299/2295/2186 2431/2427/2316 2430/2426/2315
f 2431/2427/2316 2301/2297/2188 2432/2428/2317
f 2432/2428/2317 2301/2297/2188 2304/2300/2191
f 2432/2428/2317 2304/2300/2191 2433/2429/2318
f 2433/2429/2318 2304/2300/2191 2305/2301/2192
f 2434/2430/2319 2433/2429/2318 2307/2303/2194
f 2307/2303/2194 2433/2429/2318 2305/2301/2192
f 2419/2415/2304 2434/2430/2319 2270/2266/2157
f 2270/2266/2157 2434/2430/2319 2307/2303/2194
f 2420/2416/2305 2419/2415/2304 2269/2265/2156
f 2269/2265/2156 2419/2415/2304 2270/2266/2157
f 2421/2417/2306 2420/2416/2305 2273/2269/2160
f 2273/2269/2160 2420/2416/2305 2269/2265/2156
f 2422/2418/2307 2275/2271/2162 2423/2419/2308
f 2423/2419/2308 2275/2271/2162 2277/2273/2164
f 2423/2419/2308 2277/2273/2164 2424/2420/2309
f 2424/2420/2309 2277/2273/2164 2279/2275/2166
f 2424/2420/2309 2279/2275/2166 2425/2421/2310
f 2425/2421/2310 2279/2275/2166 2281/2277/2168
f 2425/2421/2310 2281/2277/2168 2426/2422/2311
f 2426/2422/2311 2281/2277/2168 2283/2279/2170
f 2345/2341/2230 2426/2422/2311 2285/2281/2172
f 2285/2281/2172 2426/2422/2311 2283/2279/2170
f 2288/2284/2175 2287/2283/2174 2286/2282/2173
f 2286/2282/2173 2287/2283/2174 2291/2287/2178
f 2286/2282/2173 2284/2280/2171 2288/2284/2175
f 2288/2284/2175 2284/2280/2171 2449/2445/2334
f 2282/2278/2169 2447/2443/2332 2284/2280/2171
f 2284/2280/2171 2447/2443/2332 2449/2445/2334
f 2280/2276/2167 2445/2441/2330 2282/2278/2169
f 2282/2278/2169 2445/2441/2330 2447/2443/2332
f 2278/2274/2165 2443/2439/2328 2280/2276/2167
f 2280/2276/2167 2443/2439/2328 2445/2441/2330
f 2276/2272/2163 2441/2437/2326 2278/2274/2165
f 2278/2274/2165 2441/2437/2326 2443/2439/2328
f 2274/2270/2161 2271/2267/2158 2439/2435/2324
f 2439/2435/2324 2271/2267/2158 2435/2431/2320
f 2271/2267/2158 2272/2268/2159 2435/2431/2320
f 2435/2431/2320 2272/2268/2159 2436/2432/2321
f 2272/2268/2159 2308/2304/2195 2436/2432/2321
f 2436/2432/2321 2308/2304/2195 2465/2461/2349
f 2308/2304/2195 2306/2302/2193 2465/2461/2349
f 2465/2461/2349 2306/2302/2193 2463/2459/2347
f 2303/2299/2190 2461/2457/2345 2306/2302/2193
f 2306/2302/2193 2461/2457/2345 2463/2459/2347
f 2302/2298/2189 2460/2456/2344 2303/2299/2190
f 2303/2299/2190 2460/2456/2344 2461/2457/2345
f 2460/2456/2344 2302/2298/2189 2457/2453/2341
f 2457/2453/2341 2302/2298/2189 2300/2296/2187
f 2298/2294/2185 2455/2451/2338 2300/2296/2187
f 2300/2296/2187 2455/2451/2338 2457/2453/2341
f 2296/2292/2183 2292/2288/2179 2453/2449/2338
f 2453/2449/2338 2292/2288/2179 2451/2447/2336
f 2292/2288/2179 2291/2287/2178 2451/2447/2336
f 2451/2447/2336 2291/2287/2178 2287/2283/2174
f 2290/2286/2177 2450/2446/2335 2481/2477/2365
f 2481/2477/2365 2450/2446/2335 2482/2478/2366
f 2448/2444/2333 2480/2476/2364 2450/2446/2335
f 2450/2446/2335 2480/2476/2364 2482/2478/2366
f 2446/2442/2331 2477/2473/2361 2448/2444/2333
f 2448/2444/2333 2477/2473/2361 2480/2476/2364
f 2444/2440/2329 2475/2471/2359 2446/2442/2331
f 2446/2442/2331 2475/2471/2359 2477/2473/2361
f 2442/2438/2327 2473/2469/2357 2444/2440/2329
f 2444/2440/2329 2473/2469/2357 2475/2471/2359
f 2440/2436/2325 2437/2433/2322 2471/2467/2355
f 2471/2467/2355 2437/2433/2322 2469/2465/2353
f 2437/2433/2322 2438/2434/2323 2469/2465/2353
f 2469/2465/2353 2438/2434/2323 2467/2463/2351
f 2438/2434/2323 2466/2462/2350 2467/2463/2351
f 2467/2463/2351 2466/2462/2350 2501/2497/2385
f 2466/2462/2350 2464/2460/2348 2501/2497/2385
f 2501/2497/2385 2464/2460/2348 2499/2495/2383
f 2462/2458/2346 2495/2491/2379 2464/2460/2348
f 2464/2460/2348 2495/2491/2379 2499/2495/2383
f 2459/2455/2343 2496/2492/2380 2462/2458/2346
f 2462/2458/2346 2496/2492/2380 2495/2491/2379
f 2456/2452/2340 2492/2488/2376 2458/2454/2342
f 2458/2454/2342 2492/2488/2376 2491/2487/2375
f 2454/2450/2339 2452/2448/2337 2489/2485/2373
f 2489/2485/2373 2452/2448/2337 2485/2481/2369
f 2452/2448/2337 2289/2285/2176 2485/2481/2369
f 2485/2481/2369 2289/2285/2176 2486/2482/2370
f 2486/2482/2370 2481/2477/2365 2488/2484/2372
f 2488/2484/2372 2481/2477/2365 2483/2479/2367
f 2496/2492/2380 2491/2487/2375 2498/2494/2382
f 2498/2494/2382 2491/2487/2375 2493/2489/2377
f 2499/2495/2383 2495/2491/2379 2500/2496/2384
f 2500/2496/2384 2495/2491/2379 2497/2493/2381
f 2481/2477/2365 2486/2482/2370 2290/2286/2177
f 2290/2286/2177 2486/2482/2370 2289/2285/2176
f 2496/2492/2380 2459/2455/2343 2491/2487/2375
f 2491/2487/2375 2459/2455/2343 2458/2454/2342
f 2521/2517/2405 2479/2475/2363 2522/2518/2406
f 2522/2518/2406 2479/2475/2363 2478/2474/2362
f 2484/2480/2368 2479/2475/2363 2523/2519/874
f 2523/2519/874 2479/2475/2363 2521/2517/2405
f 2484/2480/2368 2523/2519/874 2483/2479/2367
f 2483/2479/2367 2523/2519/874 2524/2520/2407
f 2488/2484/2372 2483/2479/2367 2525/2521/871
f 2525/2521/871 2483/2479/2367 2524/2520/2407
f 2487/2483/2371 2488/2484/2372 2526/2522/881
f 2526/2522/881 2488/2484/2372 2525/2521/871
f 2490/2486/2374 2487/2483/2371 2527/2523/2408
f 2527/2523/2408 2487/2483/2371 2526/2522/881
f 2493/2489/2377 2494/2490/2378 2528/2524/2409
f 2528/2524/2409 2494/2490/2378 2529/2525/2410
f 2498/2494/2382 2493/2489/2377 2530/2526/2411
f 2530/2526/2411 2493/2489/2377 2528/2524/2409
f 2497/2493/2381 2498/2494/2382 2531/2527/674
f 2531/2527/674 2498/2494/2382 2532/2526/2412
f 2500/2496/2413 2533/2493/2381 2534/2528/2414
f 2534/2528/2414 2533/2493/2381 2535/2527/2415
f 2500/2496/2416 2536/2528/2417 2537/2498/2418
f 2537/2498/2418 2536/2528/2417 2538/2529/2419
f 2539/2530/2420 2468/2464/2352 2540/2529/759
f 2540/2529/759 2468/2464/2352 2502/2498/2386
f 2468/2464/2352 2539/2530/2420 2470/2466/2354
f 2470/2466/2354 2539/2530/2420 2541/2531/2421
f 2470/2466/2354 2541/2531/2421 2472/2468/2356
f 2472/2468/2356 2541/2531/2421 2542/2532/2422
f 2474/2470/2358 2543/2533/2423 2476/2472/2360
f 2476/2472/2360 2543/2533/2423 2544/2534/2424
f 2476/2472/2360 2544/2534/2424 2478/2474/2362
f 2478/2474/2362 2544/2534/2424 2522/2518/2406
f 2545/2535/2425 2546/2536/2426 2547/2537/2427
f 2547/2537/2427 2546/2536/2426 2548/2538/2428
f 2546/2536/2426 2549/2539/2429 2548/2538/2428
f 2548/2538/2428 2549/2539/2429 2550/2540/2430
f 2551/2541/2431 2552/2542/2432 2503/2499/2387
f 2503/2499/2387 2552/2542/2432 2505/2501/2389
f 2553/2543/2433 2551/2541/2431 2504/2500/2388
f 2504/2500/2388 2551/2541/2431 2503/2499/2387
f 2554/2544/2434 2555/2545/2435 2556/2546/2436
f 2556/2546/2436 2555/2545/2435 2557/2547/2437
f 2558/2548/2438 2559/2549/2439 2554/2544/2434
f 2554/2544/2434 2559/2549/2439 2555/2545/2435
f 2560/2550/2440 2561/2551/2441 2507/2503/2391
f 2507/2503/2391 2561/2551/2441 2508/2504/2392
f 2562/2552/2442 2560/2550/2440 2506/2502/2390
f 2506/2502/2390 2560/2550/2440 2507/2503/2391
f 2563/2553/2443 2564/2554/2444 2565/2555/2445
f 2565/2555/2445 2564/2554/2444 2566/2556/2446
f 2564/2554/2444 2567/2557/2447 2566/2556/2446
f 2566/2556/2446 2567/2557/2447 2568/2558/2448
f 2569/2559/2449 2570/2560/2450 2571/2561/2451
f 2571/2561/2451 2570/2560/2450 2572/2562/2452
f 2573/2563/2453 2569/2559/2449 2574/2564/2454
f 2574/2564/2454 2569/2559/2449 2571/2561/2451
f 2575/2565/2455 2576/2566/2456 2577/2567/2457
f 2577/2567/2457 2576/2566/2456 2578/2568/2458
f 2579/2569/2459 2580/2570/2460 2575/2565/2455
f 2575/2565/2455 2580/2570/2460 2576/2566/2456
f 2581/2571/2461 2582/2572/2462 2583/2573/2463
f 2583/2573/2463 2582/2572/2462 2584/2574/2464
f 2583/2573/2463 2584/2574/2464 2585/2575/2465
f 2585/2575/2465 2584/2574/2464 2586/2576/2466
f 2572/2562/2452 2570/2560/2450 2587/2577/2467
f 2587/2577/2467 2570/2560/2450 2588/2578/2468
f 2589/2579/2469 2568/2558/2448 2590/2580/2470
f 2590/2580/2470 2568/2558/2448 2567/2557/2447
f 2591/2581/2471 2510/2506/2394 2592/2582/2472
f 2592/2582/2472 2510/2506/2394 2509/2505/2393
f 2592/2582/2472 2509/2505/2393 2561/2551/2441
f 2561/2551/2441 2509/2505/2393 2508/2504/2392
f 2577/2567/2457 2578/2568/2458 2593/2583/2473
f 2593/2583/2473 2578/2568/2458 2594/2584/2474
f 2586/2576/2466 2595/2585/2475 2585/2575/2465
f 2585/2575/2465 2595/2585/2475 2596/2586/2476
f 2597/2587/2477 2553/2543/2433 2520/2516/2404
f 2520/2516/2404 2553/2543/2433 2504/2500/2388
f 2598/2588/2478 2597/2587/2477 2519/2515/2403
f 2519/2515/2403 2597/2587/2477 2520/2516/2404
f 2547/2537/2427 2548/2538/2428 2553/2543/2433
f 2553/2543/2433 2548/2538/2428 2551/2541/2431
f 2548/2538/2428 2550/2540/2430 2551/2541/2431
f 2551/2541/2431 2550/2540/2430 2552/2542/2432
f 2557/2547/2437 2555/2545/2435 2562/2552/2442
f 2562/2552/2442 2555/2545/2435 2560/2550/2440
f 2559/2549/2439 2561/2551/2441 2555/2545/2435
f 2555/2545/2435 2561/2551/2441 2560/2550/2440
f 2592/2582/2472 2587/2577/2467 2588/2578/2468
f 2592/2582/2472 2589/2579/2469 2591/2581/2471
f 2591/2581/2471 2589/2579/2469 2590/2580/2470
f 2593/2583/2473 2594/2584/2474 2598/2588/2478
f 2598/2588/2478 2594/2584/2474 2597/2587/2477
f 2596/2586/2476 2595/2585/2475 2597/2587/2477
f 2559/2549/2439 2587/2577/2467 2561/2551/2441
f 2561/2551/2441 2587/2577/2467 2592/2582/2472
f 2572/2562/2452 2587/2577/2467 2558/2548/2438
f 2558/2548/2438 2587/2577/2467 2559/2549/2439
f 2572/2562/2452 2558/2548/2438 2571/2561/2451
f 2571/2561/2451 2558/2548/2438 2554/2544/2434
f 2574/2564/2454 2571/2561/2451 2556/2546/2436
f 2556/2546/2436 2571/2561/2451 2554/2544/2434
f 2584/2574/2464 2582/2572/2462 2546/2536/2426
f 2546/2536/2426 2582/2572/2462 2549/2539/2429
f 2586/2576/2466 2584/2574/2464 2545/2535/2425
f 2545/2535/2425 2584/2574/2464 2546/2536/2426
f 2586/2576/2466 2545/2535/2425 2595/2585/2475
f 2595/2585/2475 2545/2535/2425 2547/2537/2427
f 2597/2587/2477 2595/2585/2475 2553/2543/2433
f 2553/2543/2433 2595/2585/2475 2547/2537/2427
f 2588/2578/2468 2589/2579/2469 2592/2582/2472
f 2568/2558/2448 2589/2579/2469 2570/2560/2450
f 2570/2560/2450 2589/2579/2469 2588/2578/2468
f 2566/2556/2446 2568/2558/2448 2569/2559/2449
f 2569/2559/2449 2568/2558/2448 2570/2560/2450
f 2565/2555/2445 2566/2556/2446 2573/2563/2453
f 2573/2563/2453 2566/2556/2446 2569/2559/2449
f 2580/2570/2460 2581/2571/2461 2576/2566/2456
f 2576/2566/2456 2581/2571/2461 2583/2573/2463
f 2576/2566/2456 2583/2573/2463 2578/2568/2458
f 2578/2568/2458 2583/2573/2463 2585/2575/2465
f 2578/2568/2458 2585/2575/2465 2594/2584/2474
f 2594/2584/2474 2585/2575/2465 2596/2586/2476
f 2597/2587/2477 2594/2584/2474 2596/2586/2476
f 2599/2589/2479 2600/2590/2480 2601/2591/2481
f 2601/2591/2481 2600/2590/2480 2602/2592/2482
f 2601/2591/2481 2602/2592/2482 2603/2593/2483
f 2603/2593/2483 2602/2592/2482 2604/2594/2484
f 2605/2595/2485 2515/2511/2399 2606/2596/2486
f 2606/2596/2486 2515/2511/2399 2516/2512/2400
f 2607/2597/2487 2517/2513/2401 2605/2595/2485
f 2605/2595/2485 2517/2513/2401 2515/2511/2399
f 2608/2598/2488 2609/2599/2489 2610/2600/2490
f 2610/2600/2490 2609/2599/2489 2611/2601/2491
f 2609/2599/2489 2612/2602/2492 2611/2601/2491
f 2611/2601/2491 2612/2602/2492 2613/2603/2493
f 2614/2604/2494 2513/2509/2397 2615/2605/2495
f 2615/2605/2495 2513/2509/2397 2512/2508/2396
f 2616/2606/2496 2514/2510/2398 2614/2604/2494
f 2614/2604/2494 2514/2510/2398 2513/2509/2397
f 2563/2553/2443 2617/2607/2497 2564/2554/2444
f 2564/2554/2444 2617/2607/2497 2618/2608/2498
f 2564/2554/2444 2618/2608/2498 2567/2557/2447
f 2567/2557/2447 2618/2608/2498 2619/2609/2499
f 2620/2610/2500 2621/2611/2501 2622/2612/2502
f 2622/2612/2502 2621/2611/2501 2623/2613/2503
f 2624/2614/2504 2625/2615/2505 2620/2610/2500
f 2620/2610/2500 2625/2615/2505 2621/2611/2501
f 2626/2616/2506 2627/2617/2507 2577/2567/2457
f 2577/2567/2457 2627/2617/2507 2575/2565/2455
f 2627/2617/2507 2628/2618/2508 2575/2565/2455
f 2575/2565/2455 2628/2618/2508 2579/2569/2459
f 2629/2619/2509 2630/2620/2510 2631/2621/2511
f 2631/2621/2511 2630/2620/2510 2632/2622/2512
f 2633/2623/2513 2629/2619/2509 2634/2624/2514
f 2634/2624/2514 2629/2619/2509 2631/2621/2511
f 2635/2625/2515 2622/2612/2502 2636/2626/2516
f 2636/2626/2516 2622/2612/2502 2623/2613/2503
f 2637/2627/2517 2590/2580/2470 2619/2609/2499
f 2619/2609/2499 2590/2580/2470 2567/2557/2447
f 2511/2507/2395 2510/2506/2394 2638/2628/2518
f 2638/2628/2518 2510/2506/2394 2591/2581/2471
f 2512/2508/2396 2511/2507/2395 2615/2605/2495
f 2615/2605/2495 2511/2507/2395 2638/2628/2518
f 2577/2567/2457 2593/2583/2473 2626/2616/2506
f 2626/2616/2506 2593/2583/2473 2639/2629/2519
f 2640/2630/2520 2641/2631/2521 2634/2624/2514
f 2634/2624/2514 2641/2631/2521 2633/2623/2513
f 2642/2632/2522 2518/2514/2402 2607/2597/2487
f 2607/2597/2487 2518/2514/2402 2517/2513/2401
f 2598/2588/2478 2519/2515/2403 2642/2632/2522
f 2642/2632/2522 2519/2515/2403 2518/2514/2402
f 2600/2590/2480 2607/2597/2487 2602/2592/2482
f 2602/2592/2482 2607/2597/2487 2605/2595/2485
f 2602/2592/2482 2605/2595/2485 2604/2594/2484
f 2604/2594/2484 2605/2595/2485 2606/2596/2486
f 2608/2598/2488 2616/2606/2496 2609/2599/2489
f 2609/2599/2489 2616/2606/2496 2614/2604/2494
f 2614/2604/2494 2615/2605/2495 2609/2599/2489
f 2609/2599/2489 2615/2605/2495 2612/2602/2492
f 2638/2628/2518 2635/2625/2515 2636/2626/2516
f 2638/2628/2518 2591/2581/2471 2637/2627/2517
f 2637/2627/2517 2591/2581/2471 2590/2580/2470
f 2593/2583/2473 2598/2588/2478 2639/2629/2519
f 2639/2629/2519 2598/2588/2478 2642/2632/2522
f 2640/2630/2520 2642/2632/2522 2641/2631/2521
f 2612/2602/2492 2615/2605/2495 2636/2626/2516
f 2636/2626/2516 2615/2605/2495 2638/2628/2518
f 2612/2602/2492 2636/2626/2516 2613/2603/2493
f 2613/2603/2493 2636/2626/2516 2623/2613/2503
f 2611/2601/2491 2613/2603/2493 2621/2611/2501
f 2621/2611/2501 2613/2603/2493 2623/2613/2503
f 2625/2615/2505 2610/2600/2490 2621/2611/2501
f 2621/2611/2501 2610/2600/2490 2611/2601/2491
f 2629/2619/2509 2601/2591/2481 2630/2620/2510
f 2630/2620/2510 2601/2591/2481 2603/2593/2483
f 2633/2623/2513 2599/2589/2479 2629/2619/2509
f 2629/2619/2509 2599/2589/2479 2601/2591/2481
f 2600/2590/2480 2599/2589/2479 2641/2631/2521
f 2641/2631/2521 2599/2589/2479 2633/2623/2513
f 2642/2632/2522 2607/2597/2487 2641/2631/2521
f 2641/2631/2521 2607/2597/2487 2600/2590/2480
f 2635/2625/2515 2638/2628/2518 2637/2627/2517
f 2635/2625/2515 2637/2627/2517 2622/2612/2502
f 2622/2612/2502 2637/2627/2517 2619/2609/2499
f 2618/2608/2498 2620/2610/2500 2619/2609/2499
f 2619/2609/2499 2620/2610/2500 2622/2612/2502
f 2617/2607/2497 2624/2614/2504 2618/2608/2498
f 2618/2608/2498 2624/2614/2504 2620/2610/2500
f 2631/2621/2511 2632/2622/2512 2627/2617/2507
f 2627/2617/2507 2632/2622/2512 2628/2618/2508
f 2634/2624/2514 2631/2621/2511 2626/2616/2506
f 2626/2616/2506 2631/2621/2511 2627/2617/2507
f 2640/2630/2520 2634/2624/2514 2639/2629/2519
f 2639/2629/2519 2634/2624/2514 2626/2616/2506
f 2642/2632/2522 2640/2630/2520 2639/2629/2519
f 816/816/770 814/814/768 948/948/882
f 948/948/882 814/814/768 878/878/825
f 780/780/736 779/779/735 894/894/841
f 894/894/841 779/779/735 2643/2633/2523
f 729/729/686 728/728/685 2644/2634/2524
f 2644/2634/2524 728/728/685 726/726/683
f 775/775/731 729/729/686 2643/2633/2523
f 2643/2633/2523 729/729/686 2644/2634/2524
f 726/726/683 725/725/682 892/892/839
f 892/892/839 725/725/682 891/891/838
f 2644/2634/2524 726/726/683 893/893/840
f 893/893/840 726/726/683 892/892/839
f 2643/2633/2523 2644/2634/2524 894/894/841
f 894/894/841 2644/2634/2524 893/893/840
f 775/775/731 2643/2633/2523 785/785/740
f 785/785/740 2643/2633/2523 779/779/735
f 775/775/731 785/785/740 776/776/732
f 776/776/732 785/785/740 786/786/741
f 731/731/688 776/776/732 857/857/804
f 857/857/804 776/776/732 862/862/809
f 880/880/827 872/872/819 878/878/825
f 878/878/825 872/872/819 948/948/882
f 872/872/819 880/880/827 871/871/818
f 871/871/818 880/880/827 879/879/826
f 871/871/818 879/879/826 873/873/820
f 873/873/820 879/879/826 833/833/786
g pm0954_00_00_BodyASkin_Body00
usemtl Body00
f 2645/2635/2525 2646/2636/2526 2647/2637/2527
f 2647/2637/2527 2646/2636/2526 2648/2638/2528
f 2648/2638/2528 2646/2636/2526 2649/2639/2529
f 2650/2640/2530 2646/2636/2526 2651/2641/2531
f 2651/2641/2531 2646/2636/2526 2645/2635/2525
f 2652/2642/2532 2650/2640/2530 2653/2643/2533
f 2653/2643/2533 2650/2640/2530 2651/2641/2531
f 2650/2640/2530 2652/2642/2532 2654/2644/2534
f 2654/2644/2534 2652/2642/2532 2655/2645/2535
f 2646/2636/2526 2650/2640/2530 2649/2639/2529
f 2649/2639/2529 2650/2640/2530 2654/2644/2534
f 2656/2646/2536 2657/2647/2537 2658/2648/2538
f 2658/2648/2538 2657/2647/2537 2659/2649/2539
f 2660/2650/2540 2661/2651/2541 2659/2649/2539
f 2659/2649/2539 2661/2651/2541 2658/2648/2538
f 2661/2651/2541 2662/2652/2542 2658/2648/2538
f 2658/2648/2538 2662/2652/2542 2663/2653/2543
f 2658/2648/2538 2663/2653/2543 2656/2646/2536
f 2656/2646/2536 2663/2653/2543 2664/2654/2544
f 2661/2651/2541 2660/2650/2540 2665/2655/2545
f 2665/2655/2545 2660/2650/2540 2666/2656/2546
f 2665/2655/2545 2667/2657/2547 2661/2651/2541
f 2661/2651/2541 2667/2657/2547 2662/2652/2542
f 2648/2638/2528 2649/2639/2529 2668/2658/2548
f 2668/2658/2548 2649/2639/2529 2669/2659/2549
f 2668/2658/2548 2669/2659/2549 2670/2660/2550
f 2670/2660/2550 2669/2659/2549 2671/2661/2551
f 2649/2639/2529 2654/2644/2534 2669/2659/2549
f 2669/2659/2549 2654/2644/2534 2672/2662/2552
f 2654/2644/2534 2655/2645/2535 2672/2662/2552
f 2672/2662/2552 2655/2645/2535 2673/2663/2553
f 2672/2662/2552 2673/2663/2553 2674/2664/2554
f 2674/2664/2554 2673/2663/2553 2675/2665/2555
f 2669/2659/2549 2672/2662/2552 2671/2661/2551
f 2671/2661/2551 2672/2662/2552 2674/2664/2554
f 2663/2653/2543 2676/2666/2556 2664/2654/2544
f 2664/2654/2544 2676/2666/2556 2677/2667/2553
f 2662/2652/2542 2678/2668/2557 2663/2653/2543
f 2663/2653/2543 2678/2668/2557 2676/2666/2556
f 2678/2668/2557 2679/2669/2558 2676/2666/2556
f 2676/2666/2556 2679/2669/2558 2680/2670/2559
f 2676/2666/2556 2680/2670/2559 2677/2667/2553
f 2677/2667/2553 2680/2670/2559 2681/2671/2555
f 2667/2657/2547 2682/2672/2560 2662/2652/2542
f 2662/2652/2542 2682/2672/2560 2678/2668/2557
f 2682/2672/2560 2683/2673/2561 2678/2668/2557
f 2678/2668/2557 2683/2673/2561 2679/2669/2558
f 2670/2660/2550 2671/2661/2551 2684/2674/2562
f 2684/2674/2562 2671/2661/2551 2685/2675/2563
f 2684/2674/2562 2685/2675/2563 2686/2676/2564
f 2686/2676/2564 2685/2675/2563 2687/2677/2565
f 2671/2661/2551 2674/2664/2554 2685/2675/2563
f 2685/2675/2563 2674/2664/2554 2688/2678/2566
f 2674/2664/2554 2675/2665/2555 2688/2678/2566
f 2688/2678/2566 2675/2665/2555 2689/2679/2567
f 2688/2678/2566 2689/2679/2567 2690/2680/2568
f 2690/2680/2568 2689/2679/2567 2691/2681/2569
f 2685/2675/2563 2688/2678/2566 2687/2677/2565
f 2687/2677/2565 2688/2678/2566 2690/2680/2568
f 2680/2670/2559 2692/2682/2570 2681/2671/2555
f 2681/2671/2555 2692/2682/2570 2693/2683/2571
f 2679/2669/2558 2694/2684/2572 2680/2670/2559
f 2680/2670/2559 2694/2684/2572 2692/2682/2570
f 2694/2684/2572 2695/2685/2573 2692/2682/2570
f 2692/2682/2570 2695/2685/2573 2696/2686/2574
f 2692/2682/2570 2696/2686/2574 2693/2683/2571
f 2693/2683/2571 2696/2686/2574 2697/2687/2569
f 2683/2673/2561 2698/2688/2575 2679/2669/2558
f 2679/2669/2558 2698/2688/2575 2694/2684/2572
f 2698/2688/2575 2699/2689/2576 2694/2684/2572
f 2694/2684/2572 2699/2689/2576 2695/2685/2573
f 2686/2676/2564 2687/2677/2565 2700/2690/2577
f 2700/2690/2577 2687/2677/2565 2701/2691/2578
f 2700/2690/2577 2701/2691/2578 2702/2692/2579
f 2702/2692/2579 2701/2691/2578 2703/2693/2580
f 2687/2677/2565 2690/2680/2568 2701/2691/2578
f 2701/2691/2578 2690/2680/2568 2704/2694/2581
f 2690/2680/2568 2691/2681/2569 2704/2694/2581
f 2704/2694/2581 2691/2681/2569 2705/2695/2582
f 2704/2694/2581 2705/2695/2582 2706/2696/2583
f 2706/2696/2583 2705/2695/2582 2707/2697/2584
f 2701/2691/2578 2704/2694/2581 2703/2693/2580
f 2703/2693/2580 2704/2694/2581 2706/2696/2583
f 2696/2686/2574 2708/2698/2585 2697/2687/2569
f 2697/2687/2569 2708/2698/2585 2709/2699/2586
f 2695/2685/2573 2710/2700/2587 2696/2686/2574
f 2696/2686/2574 2710/2700/2587 2708/2698/2585
f 2710/2700/2587 2711/2701/2588 2708/2698/2585
f 2708/2698/2585 2711/2701/2588 2712/2702/2589
f 2708/2698/2585 2712/2702/2589 2709/2699/2586
f 2709/2699/2586 2712/2702/2589 2713/2703/2590
f 2699/2689/2576 2714/2704/2591 2695/2685/2573
f 2695/2685/2573 2714/2704/2591 2710/2700/2587
f 2710/2700/2587 2714/2704/2591 2711/2701/2588
f 2711/2701/2588 2714/2704/2591 2715/2705/2592
f 2645/2635/2525 2647/2637/2527 2716/2706/2593
f 2716/2706/2593 2647/2637/2527 2717/2707/2594
f 2718/2708/2595 2719/2709/2596 2720/2710/2597
f 2720/2710/2597 2719/2709/2596 2721/2711/2598
f 2722/2712/2599 2723/2713/2600 2666/2656/2546
f 2666/2656/2546 2723/2713/2600 2665/2655/2545
f 2666/2656/2546 2724/2714/2601 2722/2712/2599
f 2717/2707/2594 2725/2715/2602 2716/2706/2593
f 2716/2706/2593 2725/2715/2602 2726/2716/2603
f 2727/2717/2604 2726/2716/2603 2728/2718/2605
f 2728/2718/2605 2726/2716/2603 2725/2715/2602
f 2728/2718/2605 2729/2719/2606 2727/2717/2604
f 2730/2720/2607 2731/2721/2608 2732/2722/2609
f 2732/2722/2609 2731/2721/2608 2733/2723/2610
f 2734/2724/2611 2720/2710/2597 2735/2725/2612
f 2735/2725/2612 2720/2710/2597 2721/2711/2598
f 2736/2726/2613 2737/2727/2614 2730/2720/2607
f 2730/2720/2607 2737/2727/2614 2731/2721/2608
f 2724/2714/2601 2731/2721/2608 2737/2727/2614
f 2721/2711/2598 2719/2709/2596 2724/2714/2601
f 2724/2714/2601 2719/2709/2596 2722/2712/2599
f 2719/2709/2596 2718/2708/2595 2722/2712/2599
f 2722/2712/2599 2718/2708/2595 2723/2713/2600
f 2734/2724/2611 2735/2725/2612 2736/2726/2613
f 2736/2726/2613 2735/2725/2612 2737/2727/2614
f 2735/2725/2612 2721/2711/2598 2737/2727/2614
f 2737/2727/2614 2721/2711/2598 2724/2714/2601
f 2717/2707/2594 2647/2637/2527 2738/2728/2615
f 2738/2728/2615 2647/2637/2527 2648/2638/2528
f 2739/2729/2616 2718/2708/2595 2740/2730/2617
f 2740/2730/2617 2718/2708/2595 2720/2710/2597
f 2738/2728/2615 2648/2638/2528 2741/2731/2618
f 2741/2731/2618 2648/2638/2528 2668/2658/2548
f 2741/2731/2618 2668/2658/2548 2742/2732/2619
f 2742/2732/2619 2668/2658/2548 2670/2660/2550
f 2743/2733/2620 2739/2729/2616 2744/2734/2621
f 2744/2734/2621 2739/2729/2616 2740/2730/2617
f 2745/2735/2622 2743/2733/2620 2746/2736/2623
f 2746/2736/2623 2743/2733/2620 2744/2734/2621
f 2742/2732/2619 2670/2660/2550 2747/2737/2624
f 2747/2737/2624 2670/2660/2550 2684/2674/2562
f 2747/2737/2624 2684/2674/2562 2748/2738/2625
f 2748/2738/2625 2684/2674/2562 2686/2676/2564
f 2749/2739/2626 2745/2735/2622 2750/2740/2627
f 2750/2740/2627 2745/2735/2622 2746/2736/2623
f 2751/2741/2628 2749/2739/2626 2752/2742/2629
f 2752/2742/2629 2749/2739/2626 2750/2740/2627
f 2748/2738/2625 2686/2676/2564 2753/2743/2630
f 2753/2743/2630 2686/2676/2564 2700/2690/2577
f 2753/2743/2630 2700/2690/2577 2754/2744/2631
f 2754/2744/2631 2700/2690/2577 2702/2692/2579
f 2751/2741/2628 2752/2742/2629 2755/2745/2632
f 2755/2745/2632 2752/2742/2629 2756/2746/2633
f 2755/2745/2632 2756/2746/2633 2757/2747/2634
f 2757/2747/2634 2756/2746/2633 2758/2748/2635
f 2754/2744/2631 2702/2692/2579 2759/2749/2636
f 2759/2749/2636 2702/2692/2579 2760/2750/2637
f 2702/2692/2579 2703/2693/2580 2760/2750/2637
f 2760/2750/2637 2703/2693/2580 2761/2751/2638
f 2761/2751/2638 2762/2752/2639 2760/2750/2637
f 2760/2750/2637 2762/2752/2639 2763/2753/2640
f 2759/2749/2636 2760/2750/2637 2764/2754/2641
f 2764/2754/2641 2760/2750/2637 2763/2753/2640
f 2706/2696/2583 2765/2755/2642 2703/2693/2580
f 2703/2693/2580 2765/2755/2642 2761/2751/2638
f 2706/2696/2583 2707/2697/2584 2765/2755/2642
f 2765/2755/2642 2707/2697/2584 2766/2756/2643
f 2766/2756/2643 2767/2757/2644 2765/2755/2642
f 2765/2755/2642 2767/2757/2644 2768/2758/2645
f 2765/2755/2642 2768/2758/2645 2761/2751/2638
f 2761/2751/2638 2768/2758/2645 2762/2752/2639
f 2712/2702/2589 2769/2759/2646 2713/2703/2590
f 2713/2703/2590 2769/2759/2646 2770/2760/2643
f 2712/2702/2589 2711/2701/2588 2769/2759/2646
f 2769/2759/2646 2711/2701/2588 2771/2761/2647
f 2769/2759/2646 2771/2761/2647 2772/2762/2648
f 2772/2762/2648 2771/2761/2647 2773/2763/2649
f 2770/2760/2643 2769/2759/2646 2774/2764/2644
f 2774/2764/2644 2769/2759/2646 2772/2762/2648
f 2711/2701/2588 2715/2705/2592 2771/2761/2647
f 2771/2761/2647 2715/2705/2592 2775/2765/2650
f 2757/2747/2634 2758/2748/2635 2776/2766/2651
f 2776/2766/2651 2758/2748/2635 2777/2767/2652
f 2778/2768/2653 2779/2769/2654 2780/2770/2655
f 2780/2770/2655 2779/2769/2654 2781/2771/2656
f 2771/2761/2647 2775/2765/2650 2773/2763/2649
f 2773/2763/2649 2775/2765/2650 2778/2768/2653
f 2763/2753/2640 2782/2772/2657 2764/2754/2641
f 2764/2754/2641 2782/2772/2657 2783/2773/2658
f 2762/2752/2639 2784/2774/2659 2763/2753/2640
f 2763/2753/2640 2784/2774/2659 2782/2772/2657
f 2784/2774/2659 2785/2775/2660 2782/2772/2657
f 2782/2772/2657 2785/2775/2660 2786/2776/2661
f 2782/2772/2657 2786/2776/2661 2783/2773/2658
f 2783/2773/2658 2786/2776/2661 2787/2777/2662
f 2768/2758/2645 2788/2778/2663 2762/2752/2639
f 2762/2752/2639 2788/2778/2663 2784/2774/2659
f 2767/2757/2644 2789/2779/2664 2768/2758/2645
f 2768/2758/2645 2789/2779/2664 2788/2778/2663
f 2789/2779/2664 2790/2780/2665 2788/2778/2663
f 2788/2778/2663 2790/2780/2665 2791/2781/2666
f 2788/2778/2663 2791/2781/2666 2784/2774/2659
f 2784/2774/2659 2791/2781/2666 2785/2775/2660
f 2774/2764/2644 2772/2762/2648 2792/2782/2664
f 2792/2782/2664 2772/2762/2648 2793/2783/2667
f 2772/2762/2648 2773/2763/2649 2793/2783/2667
f 2793/2783/2667 2773/2763/2649 2794/2784/2668
f 2793/2783/2667 2794/2784/2668 2795/2785/2669
f 2795/2785/2669 2794/2784/2668 2796/2786/2670
f 2792/2782/2664 2793/2783/2667 2797/2787/2665
f 2797/2787/2665 2793/2783/2667 2795/2785/2669
f 2773/2763/2649 2778/2768/2653 2794/2784/2668
f 2794/2784/2668 2778/2768/2653 2798/2788/2671
f 2778/2768/2653 2780/2770/2655 2798/2788/2671
f 2798/2788/2671 2780/2770/2655 2799/2789/2672
f 2798/2788/2671 2799/2789/2672 2800/2790/2673
f 2800/2790/2673 2799/2789/2672 2801/2791/2674
f 2794/2784/2668 2798/2788/2671 2796/2786/2670
f 2796/2786/2670 2798/2788/2671 2800/2790/2673
f 2786/2776/2661 2802/2792/2675 2787/2777/2662
f 2787/2777/2662 2802/2792/2675 2803/2793/2676
f 2785/2775/2660 2804/2794/2677 2786/2776/2661
f 2786/2776/2661 2804/2794/2677 2802/2792/2675
f 2804/2794/2677 2805/2795/2678 2802/2792/2675
f 2802/2792/2675 2805/2795/2678 2806/2796/2679
f 2802/2792/2675 2806/2796/2679 2803/2793/2676
f 2803/2793/2676 2806/2796/2679 2807/2797/2680
f 2791/2781/2666 2808/2798/2681 2785/2775/2660
f 2785/2775/2660 2808/2798/2681 2804/2794/2677
f 2790/2780/2665 2809/2799/2682 2791/2781/2666
f 2791/2781/2666 2809/2799/2682 2808/2798/2681
f 2809/2799/2682 2810/2800/2683 2808/2798/2681
f 2808/2798/2681 2810/2800/2683 2811/2801/2684
f 2808/2798/2681 2811/2801/2684 2804/2794/2677
f 2804/2794/2677 2811/2801/2684 2805/2795/2678
f 2797/2787/2665 2795/2785/2669 2812/2802/2682
f 2812/2802/2682 2795/2785/2669 2813/2803/2685
f 2795/2785/2669 2796/2786/2670 2813/2803/2685
f 2813/2803/2685 2796/2786/2670 2814/2804/2686
f 2813/2803/2685 2814/2804/2686 2815/2805/2687
f 2815/2805/2687 2814/2804/2686 2816/2806/2688
f 2812/2802/2682 2813/2803/2685 2817/2807/2683
f 2817/2807/2683 2813/2803/2685 2815/2805/2687
f 2796/2786/2670 2800/2790/2673 2814/2804/2686
f 2814/2804/2686 2800/2790/2673 2818/2808/2689
f 2800/2790/2673 2801/2791/2674 2818/2808/2689
f 2818/2808/2689 2801/2791/2674 2819/2809/2690
f 2818/2808/2689 2819/2809/2690 2820/2810/2691
f 2820/2810/2691 2819/2809/2690 2821/2811/2692
f 2814/2804/2686 2818/2808/2689 2816/2806/2688
f 2816/2806/2688 2818/2808/2689 2820/2810/2691
f 2806/2796/2679 2822/2812/2693 2807/2797/2680
f 2807/2797/2680 2822/2812/2693 2823/2813/2694
f 2805/2795/2678 2824/2814/2695 2806/2796/2679
f 2806/2796/2679 2824/2814/2695 2822/2812/2693
f 2824/2814/2695 2825/2815/2696 2822/2812/2693
f 2822/2812/2693 2825/2815/2696 2826/2816/2697
f 2822/2812/2693 2826/2816/2697 2823/2813/2694
f 2823/2813/2694 2826/2816/2697 2827/2817/2698
f 2811/2801/2684 2828/2818/2699 2805/2795/2678
f 2805/2795/2678 2828/2818/2699 2824/2814/2695
f 2810/2800/2683 2829/2819/2700 2811/2801/2684
f 2811/2801/2684 2829/2819/2700 2828/2818/2699
f 2829/2819/2700 2830/2820/2701 2828/2818/2699
f 2828/2818/2699 2830/2820/2701 2831/2821/2702
f 2828/2818/2699 2831/2821/2702 2824/2814/2695
f 2824/2814/2695 2831/2821/2702 2825/2815/2696
f 2817/2807/2683 2815/2805/2687 2832/2822/2700
f 2832/2822/2700 2815/2805/2687 2833/2823/2703
f 2815/2805/2687 2816/2806/2688 2833/2823/2703
f 2833/2823/2703 2816/2806/2688 2834/2824/2704
f 2833/2823/2703 2834/2824/2704 2835/2825/2705
f 2835/2825/2705 2834/2824/2704 2836/2826/2706
f 2832/2822/2700 2833/2823/2703 2837/2827/2701
f 2837/2827/2701 2833/2823/2703 2835/2825/2705
f 2816/2806/2688 2820/2810/2691 2834/2824/2704
f 2834/2824/2704 2820/2810/2691 2838/2828/2707
f 2820/2810/2691 2821/2811/2692 2838/2828/2707
f 2838/2828/2707 2821/2811/2692 2839/2829/2708
f 2838/2828/2707 2839/2829/2708 2840/2830/2709
f 2840/2830/2709 2839/2829/2708 2841/2831/2710
f 2834/2824/2704 2838/2828/2707 2836/2826/2706
f 2836/2826/2706 2838/2828/2707 2840/2830/2709
f 2826/2816/2697 2842/2832/2711 2827/2817/2698
f 2827/2817/2698 2842/2832/2711 2843/2833/2712
f 2825/2815/2696 2844/2834/2713 2826/2816/2697
f 2826/2816/2697 2844/2834/2713 2842/2832/2711
f 2844/2834/2713 2845/2835/2714 2842/2832/2711
f 2842/2832/2711 2845/2835/2714 2846/2836/2715
f 2842/2832/2711 2846/2836/2715 2843/2833/2712
f 2843/2833/2712 2846/2836/2715 2847/2837/2716
f 2831/2821/2702 2848/2838/2717 2825/2815/2696
f 2825/2815/2696 2848/2838/2717 2844/2834/2713
f 2830/2820/2701 2849/2839/2718 2831/2821/2702
f 2831/2821/2702 2849/2839/2718 2848/2838/2717
f 2849/2839/2718 2850/2840/2719 2848/2838/2717
f 2848/2838/2717 2850/2840/2719 2851/2841/2720
f 2848/2838/2717 2851/2841/2720 2844/2834/2713
f 2844/2834/2713 2851/2841/2720 2845/2835/2714
f 2837/2827/2701 2835/2825/2705 2852/2842/2718
f 2852/2842/2718 2835/2825/2705 2853/2843/2721
f 2835/2825/2705 2836/2826/2706 2853/2843/2721
f 2853/2843/2721 2836/2826/2706 2854/2844/2722
f 2853/2843/2721 2854/2844/2722 2855/2845/2723
f 2855/2845/2723 2854/2844/2722 2856/2846/2724
f 2852/2842/2718 2853/2843/2721 2857/2847/2725
f 2857/2847/2725 2853/2843/2721 2855/2845/2723
f 2836/2826/2706 2840/2830/2709 2854/2844/2722
f 2854/2844/2722 2840/2830/2709 2858/2848/2726
f 2840/2830/2709 2841/2831/2710 2858/2848/2726
f 2858/2848/2726 2841/2831/2710 2859/2849/2727
f 2858/2848/2726 2859/2849/2727 2860/2850/2728
f 2860/2850/2728 2859/2849/2727 2861/2851/2729
f 2854/2844/2722 2858/2848/2726 2856/2846/2724
f 2856/2846/2724 2858/2848/2726 2860/2850/2728
f 2846/2836/2715 2862/2852/2730 2847/2837/2716
f 2847/2837/2716 2862/2852/2730 2863/2853/2731
f 2845/2835/2714 2864/2854/2732 2846/2836/2715
f 2846/2836/2715 2864/2854/2732 2862/2852/2730
f 2864/2854/2732 2865/2855/2733 2862/2852/2730
f 2862/2852/2730 2865/2855/2733 2866/2856/2734
f 2862/2852/2730 2866/2856/2734 2863/2853/2731
f 2863/2853/2731 2866/2856/2734 2867/2857/2735
f 2851/2841/2720 2868/2858/2736 2845/2835/2714
f 2845/2835/2714 2868/2858/2736 2864/2854/2732
f 2850/2840/2719 2869/2859/2737 2851/2841/2720
f 2851/2841/2720 2869/2859/2737 2868/2858/2736
f 2869/2859/2737 2870/2860/2738 2868/2858/2736
f 2868/2858/2736 2870/2860/2738 2871/2861/2739
f 2868/2858/2736 2871/2861/2739 2864/2854/2732
f 2864/2854/2732 2871/2861/2739 2865/2855/2733
f 2857/2847/2725 2855/2845/2723 2872/2862/2737
f 2872/2862/2737 2855/2845/2723 2873/2863/2740
f 2855/2845/2723 2856/2846/2724 2873/2863/2740
f 2873/2863/2740 2856/2846/2724 2874/2864/2741
f 2873/2863/2740 2874/2864/2741 2875/2865/2742
f 2875/2865/2742 2874/2864/2741 2876/2866/2743
f 2872/2862/2737 2873/2863/2740 2877/2867/2744
f 2877/2867/2744 2873/2863/2740 2875/2865/2742
f 2856/2846/2724 2860/2850/2728 2874/2864/2741
f 2874/2864/2741 2860/2850/2728 2878/2868/2745
f 2860/2850/2728 2861/2851/2729 2878/2868/2745
f 2878/2868/2745 2861/2851/2729 2879/2869/2746
f 2878/2868/2745 2879/2869/2746 2880/2870/2747
f 2880/2870/2747 2879/2869/2746 2881/2871/2748
f 2874/2864/2741 2878/2868/2745 2876/2866/2743
f 2876/2866/2743 2878/2868/2745 2880/2870/2747
f 2882/2872/2749 2883/2873/2750 2884/2874/2751
f 2884/2874/2751 2883/2873/2750 2885/2875/2752
f 2884/2874/2751 2885/2875/2752 2886/2876/2753
f 2887/2877/2754 2888/2878/2755 2883/2873/2750
f 2883/2873/2750 2888/2878/2755 2885/2875/2752
f 2889/2879/2756 2890/2880/2757 2887/2877/2754
f 2887/2877/2754 2890/2880/2757 2888/2878/2755
f 2888/2878/2755 2890/2880/2757 2886/2876/2753
f 2885/2875/2752 2888/2878/2755 2886/2876/2753
f 2891/2881/2758 2892/2882/2759 2893/2883/2757
f 2893/2883/2757 2892/2882/2759 2894/2884/2760
f 2892/2882/2759 2895/2885/2761 2894/2884/2760
f 2894/2884/2760 2895/2885/2761 2896/2886/2762
f 2894/2884/2760 2896/2886/2762 2897/2887/2753
f 2893/2883/2757 2894/2884/2760 2897/2887/2753
f 2898/2888/2763 2899/2889/2764 2895/2885/2761
f 2895/2885/2761 2899/2889/2764 2896/2886/2762
f 2896/2886/2762 2899/2889/2764 2897/2887/2753
f 2867/2857/2735 2866/2856/2734 2882/2872/2749
f 2882/2872/2749 2866/2856/2734 2883/2873/2750
f 2866/2856/2734 2865/2855/2733 2883/2873/2750
f 2871/2861/2739 2887/2877/2754 2865/2855/2733
f 2865/2855/2733 2887/2877/2754 2883/2873/2750
f 2870/2860/2738 2889/2879/2756 2871/2861/2739
f 2871/2861/2739 2889/2879/2756 2887/2877/2754
f 2877/2867/2744 2875/2865/2742 2891/2881/2758
f 2891/2881/2758 2875/2865/2742 2892/2882/2759
f 2875/2865/2742 2876/2866/2743 2892/2882/2759
f 2892/2882/2759 2876/2866/2743 2895/2885/2761
f 2876/2866/2743 2880/2870/2747 2895/2885/2761
f 2881/2871/2748 2898/2888/2763 2880/2870/2747
f 2880/2870/2747 2898/2888/2763 2895/2885/2761
f 2715/2705/2592 2900/2890/2765 2775/2765/2650
f 2775/2765/2650 2900/2890/2765 2901/2891/2766
f 2714/2704/2591 2902/2892/2767 2715/2705/2592
f 2715/2705/2592 2902/2892/2767 2900/2890/2765
f 2699/2689/2576 2903/2893/2768 2714/2704/2591
f 2714/2704/2591 2903/2893/2768 2902/2892/2767
f 2904/2894/2769 2903/2893/2768 2698/2688/2575
f 2698/2688/2575 2903/2893/2768 2699/2689/2576
f 2905/2895/2770 2904/2894/2769 2683/2673/2561
f 2683/2673/2561 2904/2894/2769 2698/2688/2575
f 2906/2896/2771 2905/2895/2770 2682/2672/2560
f 2682/2672/2560 2905/2895/2770 2683/2673/2561
f 2907/2897/2772 2906/2896/2771 2667/2657/2547
f 2667/2657/2547 2906/2896/2771 2682/2672/2560
f 2723/2713/2600 2907/2897/2772 2665/2655/2545
f 2665/2655/2545 2907/2897/2772 2667/2657/2547
f 2776/2766/2651 2777/2767/2652 2908/2898/2773
f 2908/2898/2773 2777/2767/2652 2909/2899/2774
f 2901/2891/2766 2779/2769/2654 2775/2765/2650
f 2775/2765/2650 2779/2769/2654 2778/2768/2653
f 2910/2900/2775 2911/2901/2776 2725/2715/2602
f 2725/2715/2602 2911/2901/2776 2728/2718/2605
f 2738/2728/2615 2910/2900/2775 2717/2707/2594
f 2717/2707/2594 2910/2900/2775 2725/2715/2602
f 2911/2901/2776 2912/2902/2777 2728/2718/2605
f 2728/2718/2605 2912/2902/2777 2729/2719/2606
f 2730/2720/2607 2732/2722/2609 2913/2903/2778
f 2913/2903/2778 2732/2722/2609 2914/2904/2779
f 2915/2905/2780 2740/2730/2617 2734/2724/2611
f 2734/2724/2611 2740/2730/2617 2720/2710/2597
f 2741/2731/2618 2916/2906/2781 2738/2728/2615
f 2738/2728/2615 2916/2906/2781 2910/2900/2775
f 2916/2906/2781 2917/2907/2782 2910/2900/2775
f 2910/2900/2775 2917/2907/2782 2911/2901/2776
f 2916/2906/2781 2918/2908/2783 2917/2907/2782
f 2917/2907/2782 2918/2908/2783 2919/2909/2784
f 2741/2731/2618 2742/2732/2619 2916/2906/2781
f 2916/2906/2781 2742/2732/2619 2918/2908/2783
f 2917/2907/2782 2920/2910/2785 2911/2901/2776
f 2911/2901/2776 2920/2910/2785 2912/2902/2777
f 2919/2909/2784 2921/2911/2786 2917/2907/2782
f 2917/2907/2782 2921/2911/2786 2920/2910/2785
f 2914/2904/2779 2922/2912/2787 2913/2903/2778
f 2913/2903/2778 2922/2912/2787 2923/2913/2788
f 2923/2913/2788 2922/2912/2787 2924/2914/2789
f 2924/2914/2789 2922/2912/2787 2925/2915/2790
f 2926/2916/2791 2744/2734/2621 2915/2905/2780
f 2915/2905/2780 2744/2734/2621 2740/2730/2617
f 2927/2917/2792 2746/2736/2623 2926/2916/2791
f 2926/2916/2791 2746/2736/2623 2744/2734/2621
f 2742/2732/2619 2747/2737/2624 2918/2908/2783
f 2918/2908/2783 2747/2737/2624 2928/2918/2793
f 2918/2908/2783 2928/2918/2793 2919/2909/2784
f 2919/2909/2784 2928/2918/2793 2929/2919/2794
f 2930/2920/2795 2931/2921/2796 2928/2918/2793
f 2928/2918/2793 2931/2921/2796 2929/2919/2794
f 2747/2737/2624 2748/2738/2625 2928/2918/2793
f 2928/2918/2793 2748/2738/2625 2930/2920/2795
f 2932/2922/2797 2921/2911/2786 2929/2919/2794
f 2929/2919/2794 2921/2911/2786 2919/2909/2784
f 2933/2923/2798 2929/2919/2794 2931/2921/2796
f 2934/2924/2799 2935/2925/2800 2925/2915/2790
f 2925/2915/2790 2935/2925/2800 2924/2914/2789
f 2934/2924/2799 2936/2926/2801 2937/2927/2802
f 2938/2928/2803 2750/2740/2627 2927/2917/2792
f 2927/2917/2792 2750/2740/2627 2746/2736/2623
f 2939/2929/2804 2752/2742/2629 2938/2928/2803
f 2938/2928/2803 2752/2742/2629 2750/2740/2627
f 2934/2924/2799 2937/2927/2802 2935/2925/2800
f 2935/2925/2800 2937/2927/2802 2940/2930/2805
f 2748/2738/2625 2753/2743/2630 2930/2920/2795
f 2930/2920/2795 2753/2743/2630 2941/2931/2806
f 2930/2920/2795 2941/2931/2806 2931/2921/2796
f 2931/2921/2796 2941/2931/2806 2942/2932/2807
f 2941/2931/2806 2943/2933/2808 2942/2932/2807
f 2942/2932/2807 2943/2933/2808 2944/2934/2809
f 2753/2743/2630 2754/2744/2631 2941/2931/2806
f 2941/2931/2806 2754/2744/2631 2943/2933/2808
f 2931/2921/2796 2942/2932/2807 2933/2923/2798
f 2933/2923/2798 2942/2932/2807 2945/2935/2810
f 2933/2923/2798 2945/2935/2810 2946/2936/2811
f 2946/2936/2811 2945/2935/2810 2947/2937/2812
f 2945/2935/2810 2948/2938/2813 2947/2937/2812
f 2947/2937/2812 2948/2938/2813 2949/2939/2814
f 2942/2932/2807 2944/2934/2809 2945/2935/2810
f 2945/2935/2810 2944/2934/2809 2948/2938/2813
f 2950/2940/2815 2951/2941/2816 2952/2942/2817
f 2952/2942/2817 2951/2941/2816 2936/2926/2801
f 2951/2941/2816 2953/2943/2818 2936/2926/2801
f 2936/2926/2801 2953/2943/2818 2937/2927/2802
f 2954/2944/2819 2955/2945/2820 2951/2941/2816
f 2951/2941/2816 2955/2945/2820 2953/2943/2818
f 2956/2946/2821 2954/2944/2819 2950/2940/2815
f 2950/2940/2815 2954/2944/2819 2951/2941/2816
f 2953/2943/2818 2957/2947/2822 2937/2927/2802
f 2937/2927/2802 2957/2947/2822 2940/2930/2805
f 2756/2746/2633 2752/2742/2629 2958/2948/2823
f 2958/2948/2823 2752/2742/2629 2939/2929/2804
f 2758/2748/2635 2756/2746/2633 2959/2949/2824
f 2959/2949/2824 2756/2746/2633 2958/2948/2823
f 2955/2945/2820 2960/2950/2825 2953/2943/2818
f 2953/2943/2818 2960/2950/2825 2957/2947/2822
f 2754/2744/2631 2759/2749/2636 2943/2933/2808
f 2943/2933/2808 2759/2749/2636 2961/2951/2826
f 2943/2933/2808 2961/2951/2826 2944/2934/2809
f 2944/2934/2809 2961/2951/2826 2962/2952/2827
f 2961/2951/2826 2963/2953/2828 2962/2952/2827
f 2962/2952/2827 2963/2953/2828 2964/2954/2829
f 2759/2749/2636 2764/2754/2641 2961/2951/2826
f 2961/2951/2826 2764/2754/2641 2963/2953/2828
f 2944/2934/2809 2962/2952/2827 2948/2938/2813
f 2948/2938/2813 2962/2952/2827 2965/2955/2830
f 2948/2938/2813 2965/2955/2830 2949/2939/2814
f 2949/2939/2814 2965/2955/2830 2966/2956/2831
f 2965/2955/2830 2967/2957/2832 2966/2956/2831
f 2966/2956/2831 2967/2957/2832 2968/2958/2833
f 2962/2952/2827 2964/2954/2829 2965/2955/2830
f 2965/2955/2830 2964/2954/2829 2967/2957/2832
f 2969/2959/2831 2970/2960/2834 2956/2946/2821
f 2956/2946/2821 2970/2960/2834 2954/2944/2819
f 2970/2960/2834 2971/2961/2835 2954/2944/2819
f 2954/2944/2819 2971/2961/2835 2955/2945/2820
f 2972/2962/2836 2973/2963/2837 2970/2960/2834
f 2970/2960/2834 2973/2963/2837 2971/2961/2835
f 2974/2964/2833 2972/2962/2836 2969/2959/2831
f 2969/2959/2831 2972/2962/2836 2970/2960/2834
f 2955/2945/2820 2971/2961/2835 2960/2950/2825
f 2960/2950/2825 2971/2961/2835 2975/2965/2838
f 2777/2767/2652 2758/2748/2635 2976/2966/2839
f 2976/2966/2839 2758/2748/2635 2959/2949/2824
f 2781/2771/2656 2977/2967/2840 2780/2770/2655
f 2780/2770/2655 2977/2967/2840 2978/2968/2841
f 2971/2961/2835 2973/2963/2837 2975/2965/2838
f 2975/2965/2838 2973/2963/2837 2978/2968/2841
f 2783/2773/2658 2979/2969/2842 2764/2754/2641
f 2764/2754/2641 2979/2969/2842 2963/2953/2828
f 2979/2969/2842 2980/2970/2843 2963/2953/2828
f 2963/2953/2828 2980/2970/2843 2964/2954/2829
f 2981/2971/2844 2982/2972/2845 2979/2969/2842
f 2979/2969/2842 2982/2972/2845 2980/2970/2843
f 2787/2777/2662 2981/2971/2844 2783/2773/2658
f 2783/2773/2658 2981/2971/2844 2979/2969/2842
f 2980/2970/2843 2983/2973/2846 2964/2954/2829
f 2964/2954/2829 2983/2973/2846 2967/2957/2832
f 2983/2973/2846 2984/2974/2847 2967/2957/2832
f 2967/2957/2832 2984/2974/2847 2968/2958/2833
f 2985/2975/2848 2986/2976/2849 2983/2973/2846
f 2983/2973/2846 2986/2976/2849 2984/2974/2847
f 2982/2972/2845 2985/2975/2848 2980/2970/2843
f 2980/2970/2843 2985/2975/2848 2983/2973/2846
f 2974/2964/2833 2987/2977/2847 2972/2962/2836
f 2972/2962/2836 2987/2977/2847 2988/2978/2850
f 2972/2962/2836 2988/2978/2850 2973/2963/2837
f 2973/2963/2837 2988/2978/2850 2989/2979/2851
f 2988/2978/2850 2990/2980/2852 2989/2979/2851
f 2989/2979/2851 2990/2980/2852 2991/2981/2853
f 2987/2977/2847 2992/2982/2849 2988/2978/2850
f 2988/2978/2850 2992/2982/2849 2990/2980/2852
f 2973/2963/2837 2989/2979/2851 2978/2968/2841
f 2978/2968/2841 2989/2979/2851 2993/2983/2854
f 2978/2968/2841 2993/2983/2854 2780/2770/2655
f 2780/2770/2655 2993/2983/2854 2799/2789/2672
f 2993/2983/2854 2994/2984/2855 2799/2789/2672
f 2799/2789/2672 2994/2984/2855 2801/2791/2674
f 2989/2979/2851 2991/2981/2853 2993/2983/2854
f 2993/2983/2854 2991/2981/2853 2994/2984/2855
f 2803/2793/2676 2995/2985/2856 2787/2777/2662
f 2787/2777/2662 2995/2985/2856 2981/2971/2844
f 2995/2985/2856 2996/2986/2857 2981/2971/2844
f 2981/2971/2844 2996/2986/2857 2982/2972/2845
f 2997/2987/2858 2998/2988/2859 2995/2985/2856
f 2995/2985/2856 2998/2988/2859 2996/2986/2857
f 2807/2797/2680 2997/2987/2858 2803/2793/2676
f 2803/2793/2676 2997/2987/2858 2995/2985/2856
f 2996/2986/2857 2999/2989/2860 2982/2972/2845
f 2982/2972/2845 2999/2989/2860 2985/2975/2848
f 2999/2989/2860 3000/2990/2861 2985/2975/2848
f 2985/2975/2848 3000/2990/2861 2986/2976/2849
f 3001/2991/2862 3002/2992/2863 2999/2989/2860
f 2999/2989/2860 3002/2992/2863 3000/2990/2861
f 2998/2988/2859 3001/2991/2862 2996/2986/2857
f 2996/2986/2857 3001/2991/2862 2999/2989/2860
f 2992/2982/2849 3003/2993/2861 2990/2980/2852
f 2990/2980/2852 3003/2993/2861 3004/2994/2864
f 2990/2980/2852 3004/2994/2864 2991/2981/2853
f 2991/2981/2853 3004/2994/2864 3005/2995/2865
f 3004/2994/2864 3006/2996/2866 3005/2995/2865
f 3005/2995/2865 3006/2996/2866 3007/2997/2867
f 3003/2993/2861 3008/2998/2863 3004/2994/2864
f 3004/2994/2864 3008/2998/2863 3006/2996/2866
f 2991/2981/2853 3005/2995/2865 2994/2984/2855
f 2994/2984/2855 3005/2995/2865 3009/2999/2868
f 2994/2984/2855 3009/2999/2868 2801/2791/2674
f 2801/2791/2674 3009/2999/2868 2819/2809/2690
f 3009/2999/2868 3010/3000/2869 2819/2809/2690
f 2819/2809/2690 3010/3000/2869 2821/2811/2692
f 3005/2995/2865 3007/2997/2867 3009/2999/2868
f 3009/2999/2868 3007/2997/2867 3010/3000/2869
f 2823/2813/2694 3011/3001/2870 2807/2797/2680
f 2807/2797/2680 3011/3001/2870 2997/2987/2858
f 3011/3001/2870 3012/3002/2871 2997/2987/2858
f 2997/2987/2858 3012/3002/2871 2998/2988/2859
f 3013/3003/2872 3014/3004/2873 3011/3001/2870
f 3011/3001/2870 3014/3004/2873 3012/3002/2871
f 2827/2817/2698 3013/3003/2872 2823/2813/2694
f 2823/2813/2694 3013/3003/2872 3011/3001/2870
f 3012/3002/2871 3015/3005/2874 2998/2988/2859
f 2998/2988/2859 3015/3005/2874 3001/2991/2862
f 3015/3005/2874 3016/3006/2875 3001/2991/2862
f 3001/2991/2862 3016/3006/2875 3002/2992/2863
f 3017/3007/2876 3018/3008/2877 3015/3005/2874
f 3015/3005/2874 3018/3008/2877 3016/3006/2875
f 3014/3004/2873 3017/3007/2876 3012/3002/2871
f 3012/3002/2871 3017/3007/2876 3015/3005/2874
f 3008/2998/2863 3019/3009/2875 3006/2996/2866
f 3006/2996/2866 3019/3009/2875 3020/3010/2878
f 3006/2996/2866 3020/3010/2878 3007/2997/2867
f 3007/2997/2867 3020/3010/2878 3021/3011/2879
f 3020/3010/2878 3022/3012/2880 3021/3011/2879
f 3021/3011/2879 3022/3012/2880 3023/3013/2881
f 3019/3009/2875 3024/3014/2882 3020/3010/2878
f 3020/3010/2878 3024/3014/2882 3022/3012/2880
f 3007/2997/2867 3021/3011/2879 3010/3000/2869
f 3010/3000/2869 3021/3011/2879 3025/3015/2883
f 3010/3000/2869 3025/3015/2883 2821/2811/2692
f 2821/2811/2692 3025/3015/2883 2839/2829/2708
f 3025/3015/2883 3026/3016/2884 2839/2829/2708
f 2839/2829/2708 3026/3016/2884 2841/2831/2710
f 3021/3011/2879 3023/3013/2881 3025/3015/2883
f 3025/3015/2883 3023/3013/2881 3026/3016/2884
f 2843/2833/2712 3027/3017/2885 2827/2817/2698
f 2827/2817/2698 3027/3017/2885 3013/3003/2872
f 3027/3017/2885 3028/3018/2886 3013/3003/2872
f 3013/3003/2872 3028/3018/2886 3014/3004/2873
f 3029/3019/2887 3030/3020/2888 3027/3017/2885
f 3027/3017/2885 3030/3020/2888 3028/3018/2886
f 2847/2837/2716 3029/3019/2887 2843/2833/2712
f 2843/2833/2712 3029/3019/2887 3027/3017/2885
f 3028/3018/2886 3031/3021/2889 3014/3004/2873
f 3014/3004/2873 3031/3021/2889 3017/3007/2876
f 3031/3021/2889 3032/3022/2890 3017/3007/2876
f 3017/3007/2876 3032/3022/2890 3018/3008/2877
f 3033/3023/2891 3034/3024/2892 3031/3021/2889
f 3031/3021/2889 3034/3024/2892 3032/3022/2890
f 3030/3020/2888 3033/3023/2891 3028/3018/2886
f 3028/3018/2886 3033/3023/2891 3031/3021/2889
f 3024/3014/2882 3035/3025/2893 3022/3012/2880
f 3022/3012/2880 3035/3025/2893 3036/3026/2894
f 3022/3012/2880 3036/3026/2894 3023/3013/2881
f 3023/3013/2881 3036/3026/2894 3037/3027/2895
f 3036/3026/2894 3038/3028/2896 3037/3027/2895
f 3037/3027/2895 3038/3028/2896 3039/3029/2897
f 3035/3025/2893 3040/3030/2898 3036/3026/2894
f 3036/3026/2894 3040/3030/2898 3038/3028/2896
f 3023/3013/2881 3037/3027/2895 3026/3016/2884
f 3026/3016/2884 3037/3027/2895 3041/3031/2899
f 3026/3016/2884 3041/3031/2899 2841/2831/2710
f 2841/2831/2710 3041/3031/2899 2859/2849/2727
f 3041/3031/2899 3042/3032/2900 2859/2849/2727
f 2859/2849/2727 3042/3032/2900 2861/2851/2729
f 3037/3027/2895 3039/3029/2897 3041/3031/2899
f 3041/3031/2899 3039/3029/2897 3042/3032/2900
f 2863/2853/2731 3043/3033/2901 2847/2837/2716
f 2847/2837/2716 3043/3033/2901 3029/3019/2887
f 3043/3033/2901 3044/3034/2902 3029/3019/2887
f 3029/3019/2887 3044/3034/2902 3030/3020/2888
f 3045/3035/2903 3046/3036/2904 3043/3033/2901
f 3043/3033/2901 3046/3036/2904 3044/3034/2902
f 2867/2857/2735 3045/3035/2903 2863/2853/2731
f 2863/2853/2731 3045/3035/2903 3043/3033/2901
f 3044/3034/2902 3047/3037/2905 3030/3020/2888
f 3030/3020/2888 3047/3037/2905 3033/3023/2891
f 3047/3037/2905 3048/3038/2906 3033/3023/2891
f 3033/3023/2891 3048/3038/2906 3034/3024/2892
f 3049/3039/2907 3050/3040/2908 3047/3037/2905
f 3047/3037/2905 3050/3040/2908 3048/3038/2906
f 3046/3036/2904 3049/3039/2907 3044/3034/2902
f 3044/3034/2902 3049/3039/2907 3047/3037/2905
f 3040/3030/2898 3051/3041/2906 3038/3028/2896
f 3038/3028/2896 3051/3041/2906 3052/3042/2909
f 3038/3028/2896 3052/3042/2909 3039/3029/2897
f 3039/3029/2897 3052/3042/2909 3053/3043/2910
f 3052/3042/2909 3054/3044/2911 3053/3043/2910
f 3053/3043/2910 3054/3044/2911 3055/3045/2912
f 3051/3041/2906 3056/3046/2908 3052/3042/2909
f 3052/3042/2909 3056/3046/2908 3054/3044/2911
f 3039/3029/2897 3053/3043/2910 3042/3032/2900
f 3042/3032/2900 3053/3043/2910 3057/3047/2913
f 3042/3032/2900 3057/3047/2913 2861/2851/2729
f 2861/2851/2729 3057/3047/2913 2879/2869/2746
f 3057/3047/2913 3058/3048/2914 2879/2869/2746
f 2879/2869/2746 3058/3048/2914 2881/2871/2748
f 3053/3043/2910 3055/3045/2912 3057/3047/2913
f 3057/3047/2913 3055/3045/2912 3058/3048/2914
f 2882/2872/2749 2884/2874/2751 3059/3049/2915
f 3059/3049/2915 2884/2874/2751 3060/3050/2916
f 2884/2874/2751 2886/2876/2753 3060/3050/2916
f 3060/3050/2916 3061/3051/2917 3059/3049/2915
f 3059/3049/2915 3061/3051/2917 3062/3052/2918
f 3061/3051/2917 3063/3053/2919 3062/3052/2918
f 3062/3052/2918 3063/3053/2919 3064/3054/2920
f 3061/3051/2917 2886/2876/2753 3063/3053/2919
f 3060/3050/2916 2886/2876/2753 3061/3051/2917
f 3065/3055/2921 3066/3056/2919 3067/3057/2922
f 3067/3057/2922 3066/3056/2919 3068/3058/2923
f 3067/3057/2922 3068/3058/2923 3069/3059/2924
f 3069/3059/2924 3068/3058/2923 3070/3060/2925
f 3068/3058/2923 2897/2887/2753 3070/3060/2925
f 3066/3056/2919 2897/2887/2753 3068/3058/2923
f 3070/3060/2925 2899/2889/2764 3069/3059/2924
f 3069/3059/2924 2899/2889/2764 2898/2888/2763
f 3070/3060/2925 2897/2887/2753 2899/2889/2764
f 2867/2857/2735 2882/2872/2749 3045/3035/2903
f 3045/3035/2903 2882/2872/2749 3059/3049/2915
f 3045/3035/2903 3059/3049/2915 3046/3036/2904
f 3059/3049/2915 3062/3052/2918 3046/3036/2904
f 3046/3036/2904 3062/3052/2918 3049/3039/2907
f 3062/3052/2918 3064/3054/2920 3049/3039/2907
f 3049/3039/2907 3064/3054/2920 3050/3040/2908
f 3056/3046/2908 3065/3055/2921 3054/3044/2911
f 3054/3044/2911 3065/3055/2921 3067/3057/2922
f 3054/3044/2911 3067/3057/2922 3055/3045/2912
f 3055/3045/2912 3067/3057/2922 3069/3059/2924
f 3055/3045/2912 3069/3059/2924 3058/3048/2914
f 3069/3059/2924 2898/2888/2763 3058/3048/2914
f 3058/3048/2914 2898/2888/2763 2881/2871/2748
f 2960/2950/2825 2975/2965/2838 3071/3061/2926
f 3071/3061/2926 2975/2965/2838 3072/3062/2927
f 2957/2947/2822 2960/2950/2825 3073/3063/2928
f 3073/3063/2928 2960/2950/2825 3071/3061/2926
f 2940/2930/2805 2957/2947/2822 3074/3064/2929
f 3074/3064/2929 2957/2947/2822 3073/3063/2928
f 2935/2925/2800 2940/2930/2805 3075/3065/2930
f 3075/3065/2930 2940/2930/2805 3074/3064/2929
f 2935/2925/2800 3075/3065/2930 2924/2914/2789
f 2924/2914/2789 3075/3065/2930 3076/3066/2931
f 2924/2914/2789 3076/3066/2931 2923/2913/2788
f 2923/2913/2788 3076/3066/2931 3077/3067/2932
f 2923/2913/2788 3077/3067/2932 2913/2903/2778
f 2913/2903/2778 3077/3067/2932 3078/3068/2933
f 2913/2903/2778 3078/3068/2933 2730/2720/2607
f 2730/2720/2607 3078/3068/2933 2736/2726/2613
f 2976/2966/2839 3079/3069/2934 2777/2767/2652
f 2777/2767/2652 3079/3069/2934 2909/2899/2774
f 2977/2967/2840 3072/3062/2927 2978/2968/2841
f 2978/2968/2841 3072/3062/2927 2975/2965/2838
f 2718/2708/2595 2739/2729/2616 2723/2713/2600
f 2723/2713/2600 2739/2729/2616 2907/2897/2772
f 2739/2729/2616 2743/2733/2620 2907/2897/2772
f 2907/2897/2772 2743/2733/2620 2906/2896/2771
f 2743/2733/2620 2745/2735/2622 2906/2896/2771
f 2906/2896/2771 2745/2735/2622 2905/2895/2770
f 2745/2735/2622 2749/2739/2626 2905/2895/2770
f 2905/2895/2770 2749/2739/2626 2904/2894/2769
f 2749/2739/2626 2751/2741/2628 2904/2894/2769
f 2904/2894/2769 2751/2741/2628 2903/2893/2768
f 2751/2741/2628 2755/2745/2632 2903/2893/2768
f 2903/2893/2768 2755/2745/2632 2902/2892/2767
f 2755/2745/2632 2757/2747/2634 2902/2892/2767
f 2902/2892/2767 2757/2747/2634 2900/2890/2765
f 2900/2890/2765 2757/2747/2634 2901/2891/2766
f 2901/2891/2766 2757/2747/2634 2776/2766/2651
f 2901/2891/2766 2776/2766/2651 2779/2769/2654
f 2779/2769/2654 2776/2766/2651 2908/2898/2773
f 2908/2898/2773 2909/2899/2774 2779/2769/2654
f 2779/2769/2654 2909/2899/2774 2781/2771/2656
f 3078/3068/2933 2915/2905/2780 2736/2726/2613
f 2736/2726/2613 2915/2905/2780 2734/2724/2611
f 3077/3067/2932 2926/2916/2791 3078/3068/2933
f 3078/3068/2933 2926/2916/2791 2915/2905/2780
f 3076/3066/2931 2927/2917/2792 3077/3067/2932
f 3077/3067/2932 2927/2917/2792 2926/2916/2791
f 3075/3065/2930 2938/2928/2803 3076/3066/2931
f 3076/3066/2931 2938/2928/2803 2927/2917/2792
f 3074/3064/2929 2939/2929/2804 3075/3065/2930
f 3075/3065/2930 2939/2929/2804 2938/2928/2803
f 3073/3063/2928 2958/2948/2823 3074/3064/2929
f 3074/3064/2929 2958/2948/2823 2939/2929/2804
f 3071/3061/2926 2959/2949/2824 3073/3063/2928
f 3073/3063/2928 2959/2949/2824 2958/2948/2823
f 2976/2966/2839 2959/2949/2824 3072/3062/2927
f 3072/3062/2927 2959/2949/2824 3071/3061/2926
f 2781/2771/2656 2909/2899/2774 2977/2967/2840
f 2977/2967/2840 2909/2899/2774 3079/3069/2934
f 3079/3069/2934 2976/2966/2839 2977/2967/2840
f 2977/2967/2840 2976/2966/2839 3072/3062/2927
f 3080/3070/2935 2933/2923/2798 3081/3071/2936
f 3081/3071/2936 2933/2923/2798 2946/2936/2811
f 2932/2922/2797 2929/2919/2794 3080/3070/2935
f 3080/3070/2935 2929/2919/2794 2933/2923/2798
f 3082/3072/2937 3083/3073/2938 2936/2926/2801
f 2936/2926/2801 3083/3073/2938 2952/2942/2817
f 3084/3074/2939 3082/3072/2937 2934/2924/2799
f 2934/2924/2799 3082/3072/2937 2936/2926/2801
f 2925/2915/2790 3085/3075/2940 2934/2924/2799
f 2934/2924/2799 3085/3075/2940 3084/3074/2939
f 2922/2912/2787 3086/3076/2941 2925/2915/2790
f 2925/2915/2790 3086/3076/2941 3085/3075/2940
f 3087/3077/2942 3086/3076/2941 2914/2904/2779
f 2914/2904/2779 3086/3076/2941 2922/2912/2787
f 3088/3078/2943 3087/3077/2942 2732/2722/2609
f 2732/2722/2609 3087/3077/2942 2914/2904/2779
f 2733/2723/2610 3088/3078/2943 2732/2722/2609
f 3089/3079/2944 3090/3080/2945 3091/3081/2946
f 3091/3081/2946 3090/3080/2945 3092/3082/2947
f 3089/3079/2944 3091/3081/2946 3093/3083/2948
f 3094/3084/2949 3095/3085/2950 3096/3086/2951
f 3097/3087/2952 3098/3088/2953 3099/3089/2954
f 3099/3089/2954 3098/3088/2953 3100/3090/2955
f 3101/3091/2956 3102/3092/2957 3103/3093/2958
f 3103/3093/2958 3102/3092/2957 3104/3094/2959
f 3105/3095/2960 3106/3096/2961 3107/3097/2962
f 3108/3098/2963 3109/3099/2964 3110/3100/2965
f 3110/3100/2965 3109/3099/2964 3111/3101/2966
f 3112/3102/2967 3113/3103/2968 3114/3104/2969
f 3114/3104/2969 3113/3103/2968 3115/3105/2970
f 3114/3104/2969 3115/3105/2970 3116/3106/2971
f 3092/3082/2947 3090/3080/2945 3117/3107/2972
f 3117/3107/2972 3090/3080/2945 3118/3108/2973
f 3117/3107/2972 3118/3108/2973 3119/3109/2974
f 3119/3109/2974 3118/3108/2973 3120/3110/2975
f 3119/3109/2974 3120/3110/2975 3121/3111/2976
f 3122/3112/2610 3123/3113/2977 3124/3114/2978
f 3124/3114/2978 3123/3113/2977 3125/3115/2979
f 3126/3116/2980 3127/3117/2981 3109/3099/2964
f 3109/3099/2964 3127/3117/2981 3111/3101/2966
f 3123/3113/2977 3128/3118/2982 3125/3115/2979
f 3125/3115/2979 3128/3118/2982 3129/3119/2983
f 3116/3106/2971 3128/3118/2982 3123/3113/2977
f 3115/3105/2970 3110/3100/2965 3116/3106/2971
f 3116/3106/2971 3110/3100/2965 3111/3101/2966
f 3113/3103/2968 3108/3098/2963 3115/3105/2970
f 3115/3105/2970 3108/3098/2963 3110/3100/2965
f 3128/3118/2982 3127/3117/2981 3129/3119/2983
f 3129/3119/2983 3127/3117/2981 3126/3116/2980
f 3116/3106/2971 3111/3101/2966 3128/3118/2982
f 3128/3118/2982 3111/3101/2966 3127/3117/2981
f 3130/3120/2984 3131/3121/2985 3132/3122/2986
f 3132/3122/2986 3131/3121/2985 3133/3123/2987
f 3134/3124/2988 3130/3120/2984 3135/3125/2989
f 3135/3125/2989 3130/3120/2984 3136/3126/2990
f 3137/3127/2991 3134/3124/2988 3135/3125/2989
f 3098/3088/2953 3138/3128/2992 3100/3090/2955
f 3100/3090/2955 3138/3128/2992 3139/3129/2993
f 3140/3130/2994 3141/3131/2995 3142/3132/2996
f 3142/3132/2996 3141/3131/2995 3143/3133/2997
f 3140/3130/2994 3142/3132/2996 3144/3134/2998
f 3144/3134/2998 3142/3132/2996 3145/3135/2999
f 3144/3134/2998 3145/3135/2999 3146/3136/3000
f 3146/3136/3000 3145/3135/2999 3147/3137/3001
f 3146/3136/3000 3147/3137/3001 3148/3138/3002
f 3148/3138/3002 3147/3137/3001 3149/3139/3003
f 3148/3138/3002 3149/3139/3003 3150/3140/3004
f 3150/3140/3004 3149/3139/3003 3151/3141/3005
f 3150/3140/3004 3151/3141/3005 3152/3142/3006
f 3152/3142/3006 3151/3141/3005 3153/3143/3007
f 3154/3144/3008 3155/3145/3009 3156/3146/3010
f 3156/3146/3010 3155/3145/3009 3157/3147/3011
f 3156/3146/3010 3157/3147/3011 3158/3148/3012
f 3158/3148/3012 3157/3147/3011 3159/3149/3013
f 3158/3148/3012 3159/3149/3013 3160/3150/3014
f 3160/3150/3014 3159/3149/3013 3161/3151/3015
f 3160/3150/3014 3161/3151/3015 3162/3152/3016
f 3162/3152/3016 3161/3151/3015 3163/3153/3017
f 3162/3152/3016 3163/3153/3017 3164/3154/3018
f 3164/3154/3018 3163/3153/3017 3165/3155/3019
f 3164/3154/3018 3165/3155/3019 3166/3156/3020
f 3166/3156/3020 3165/3155/3019 3167/3157/3021
f 3155/3145/3009 3168/3158/3022 3157/3147/3011
f 3157/3147/3011 3168/3158/3022 3159/3149/3013
f 3159/3149/3013 3168/3158/3022 3161/3151/3015
f 3161/3151/3015 3168/3158/3022 3163/3153/3017
f 3163/3153/3017 3168/3158/3022 3165/3155/3019
f 3165/3155/3019 3168/3158/3022 3167/3157/3021
f 3169/3159/3023 3154/3144/3008 3170/3160/3024
f 3170/3160/3024 3154/3144/3008 3156/3146/3010
f 3170/3160/3024 3156/3146/3010 3171/3161/3025
f 3171/3161/3025 3156/3146/3010 3158/3148/3012
f 3171/3161/3025 3158/3148/3012 3172/3162/3026
f 3172/3162/3026 3158/3148/3012 3160/3150/3014
f 3172/3162/3026 3160/3150/3014 3173/3163/3027
f 3173/3163/3027 3160/3150/3014 3162/3152/3016
f 3173/3163/3027 3162/3152/3016 3174/3164/3028
f 3174/3164/3028 3162/3152/3016 3164/3154/3018
f 3174/3164/3028 3164/3154/3018 3175/3165/3029
f 3175/3165/3029 3164/3154/3018 3166/3156/3020
f 3176/3166/3030 3177/3167/3031 3178/3168/3032
f 3178/3168/3032 3177/3167/3031 3179/3169/3033
f 3180/3170/3034 3178/3168/3032 3181/3171/3035
f 3181/3171/3035 3178/3168/3032 3179/3169/3033
f 3182/3172/3036 3180/3170/3034 3183/3173/3037
f 3183/3173/3037 3180/3170/3034 3181/3171/3035
f 3184/3174/3038 3182/3172/3036 3185/3175/3039
f 3185/3175/3039 3182/3172/3036 3183/3173/3037
f 3186/3176/3040 3184/3174/3038 3187/3177/3041
f 3187/3177/3041 3184/3174/3038 3185/3175/3039
f 3178/3168/3032 3188/3178/3042 3176/3166/3030
f 3180/3170/3034 3189/3179/3043 3178/3168/3032
f 3178/3168/3032 3189/3179/3043 3188/3178/3042
f 3182/3172/3036 3190/3180/3044 3180/3170/3034
f 3180/3170/3034 3190/3180/3044 3189/3179/3043
f 3184/3174/3038 3191/3181/3045 3182/3172/3036
f 3182/3172/3036 3191/3181/3045 3190/3180/3044
f 3192/3182/3046 3191/3181/3045 3186/3176/3040
f 3186/3176/3040 3191/3181/3045 3184/3174/3038
f 3193/3183/3047 3194/3184/3048 3189/3179/3043
f 3189/3179/3043 3194/3184/3048 3188/3178/3042
f 3190/3180/3044 3195/3185/3049 3189/3179/3043
f 3189/3179/3043 3195/3185/3049 3193/3183/3047
f 3191/3181/3045 3196/3186/3050 3190/3180/3044
f 3190/3180/3044 3196/3186/3050 3195/3185/3049
f 3192/3182/3046 3197/3187/3051 3191/3181/3045
f 3191/3181/3045 3197/3187/3051 3196/3186/3050
f 3193/3183/3047 3198/3188/3052 3194/3184/3048
f 3195/3185/3049 3199/3189/3053 3193/3183/3047
f 3193/3183/3047 3199/3189/3053 3198/3188/3052
f 3196/3186/3050 3138/3128/2992 3195/3185/3049
f 3195/3185/3049 3138/3128/2992 3199/3189/3053
f 3197/3187/3051 3139/3129/2993 3196/3186/3050
f 3196/3186/3050 3139/3129/2993 3138/3128/2992
f 3096/3086/2951 3198/3188/3052 3094/3084/2949
f 3094/3084/2949 3198/3188/3052 3199/3189/3053
f 3179/3169/3033 3144/3134/2998 3181/3171/3035
f 3181/3171/3035 3144/3134/2998 3146/3136/3000
f 3183/3173/3037 3181/3171/3035 3148/3138/3002
f 3148/3138/3002 3181/3171/3035 3146/3136/3000
f 3185/3175/3039 3183/3173/3037 3150/3140/3004
f 3150/3140/3004 3183/3173/3037 3148/3138/3002
f 3187/3177/3041 3185/3175/3039 3152/3142/3006
f 3152/3142/3006 3185/3175/3039 3150/3140/3004
f 3200/3190/3054 3201/3191/3055 3202/3192/3056
f 3202/3192/3056 3201/3191/3055 3203/3193/3057
f 3204/3194/3058 3205/3195/3059 3201/3191/3055
f 3201/3191/3055 3205/3195/3059 3206/3196/3060
f 3207/3197/3061 3208/3198/3062 3209/3199/3063
f 3210/3200/3064 3211/3201/3065 3212/3202/3066
f 3212/3202/3066 3211/3201/3065 3213/3203/3067
f 3211/3201/3065 3214/3204/3068 3213/3203/3067
f 3213/3203/3067 3214/3204/3068 3215/3205/3069
f 3214/3204/3068 3216/3206/3070 3215/3205/3069
f 3215/3205/3069 3216/3206/3070 3217/3207/3071
f 3216/3206/3070 3218/3208/3072 3217/3207/3071
f 3217/3207/3071 3218/3208/3072 3219/3209/3073
f 3218/3208/3072 3220/3210/3074 3219/3209/3073
f 3219/3209/3073 3220/3210/3074 3221/3211/3075
f 3220/3210/3074 3222/3212/3076 3221/3211/3075
f 3221/3211/3075 3222/3212/3076 3223/3213/3077
f 3224/3214/3008 3225/3215/3078 3226/3216/3009
f 3226/3216/3009 3225/3215/3078 3227/3217/3079
f 3225/3215/3078 3228/3218/3080 3227/3217/3079
f 3227/3217/3079 3228/3218/3080 3229/3219/3081
f 3228/3218/3080 3230/3220/3082 3229/3219/3081
f 3229/3219/3081 3230/3220/3082 3231/3221/3083
f 3230/3220/3082 3232/3222/3084 3231/3221/3083
f 3231/3221/3083 3232/3222/3084 3233/3223/3085
f 3232/3222/3084 3234/3224/3086 3233/3223/3085
f 3233/3223/3085 3234/3224/3086 3235/3225/3087
f 3234/3224/3086 3236/3226/3088 3235/3225/3087
f 3235/3225/3087 3236/3226/3088 3237/3227/3089
f 3226/3216/3009 3227/3217/3079 3238/3228/3090
f 3227/3217/3079 3229/3219/3081 3238/3228/3090
f 3229/3219/3081 3231/3221/3083 3238/3228/3090
f 3231/3221/3083 3233/3223/3085 3238/3228/3090
f 3233/3223/3085 3235/3225/3087 3238/3228/3090
f 3235/3225/3087 3237/3227/3089 3238/3228/3090
f 3239/3229/3023 3240/3230/3091 3224/3214/3008
f 3224/3214/3008 3240/3230/3091 3225/3215/3078
f 3240/3230/3091 3241/3231/3092 3225/3215/3078
f 3225/3215/3078 3241/3231/3092 3228/3218/3080
f 3241/3231/3092 3242/3232/3093 3228/3218/3080
f 3228/3218/3080 3242/3232/3093 3230/3220/3082
f 3242/3232/3093 3243/3233/3094 3230/3220/3082
f 3230/3220/3082 3243/3233/3094 3232/3222/3084
f 3243/3233/3094 3244/3234/3095 3232/3222/3084
f 3232/3222/3084 3244/3234/3095 3234/3224/3086
f 3244/3234/3095 3245/3235/3096 3234/3224/3086
f 3234/3224/3086 3245/3235/3096 3236/3226/3088
f 3246/3236/3097 3247/3237/3098 3248/3238/3099
f 3248/3238/3099 3247/3237/3098 3249/3239/3100
f 3248/3238/3099 3249/3239/3100 3250/3240/3101
f 3250/3240/3101 3249/3239/3100 3251/3241/3102
f 3250/3240/3101 3251/3241/3102 3252/3242/3103
f 3252/3242/3103 3251/3241/3102 3253/3243/3104
f 3252/3242/3103 3253/3243/3104 3254/3244/3041
f 3254/3244/3041 3253/3243/3104 3255/3245/3040
f 3247/3237/3098 3256/3246/3105 3257/3247/3106
f 3247/3237/3098 3257/3247/3106 3249/3239/3100
f 3249/3239/3100 3257/3247/3106 3258/3248/3107
f 3249/3239/3100 3258/3248/3107 3251/3241/3102
f 3251/3241/3102 3258/3248/3107 3259/3249/3108
f 3253/3243/3104 3251/3241/3102 3260/3250/3109
f 3260/3250/3109 3251/3241/3102 3259/3249/3108
f 3253/3243/3104 3260/3250/3109 3255/3245/3040
f 3255/3245/3040 3260/3250/3109 3261/3251/3046
f 3257/3247/3106 3262/3252/3110 3258/3248/3107
f 3258/3248/3107 3262/3252/3110 3263/3253/3111
f 3259/3249/3108 3258/3248/3107 3264/3254/3112
f 3264/3254/3112 3258/3248/3107 3263/3253/3111
f 3260/3250/3109 3259/3249/3108 3265/3255/3113
f 3265/3255/3113 3259/3249/3108 3264/3254/3112
f 3261/3251/3046 3260/3250/3109 3266/3256/3114
f 3266/3256/3114 3260/3250/3109 3265/3255/3113
f 3263/3253/3111 3262/3252/3110 3267/3257/3115
f 3264/3254/3112 3263/3253/3111 3268/3258/3116
f 3268/3258/3116 3263/3253/3111 3267/3257/3115
f 3265/3255/3113 3264/3254/3112 3269/3259/3117
f 3269/3259/3117 3264/3254/3112 3268/3258/3116
f 3266/3256/3114 3265/3255/3113 3270/3260/3118
f 3270/3260/3118 3265/3255/3113 3269/3259/3117
f 3107/3097/2962 3106/3096/2961 3267/3257/3115
f 3267/3257/3115 3106/3096/2961 3268/3258/3116
f 3270/3260/3118 3269/3259/3117 3104/3094/2959
f 3104/3094/2959 3269/3259/3117 3103/3093/2958
f 3271/3261/3119 3211/3201/3065 3272/3262/3120
f 3272/3262/3120 3211/3201/3065 3210/3200/3064
f 3091/3081/2946 3273/3263/3121 3093/3083/2948
f 3093/3083/2948 3273/3263/3121 3274/3264/3122
f 3092/3082/2947 3275/3265/3123 3091/3081/2946
f 3091/3081/2946 3275/3265/3123 3273/3263/3121
f 3276/3266/3124 3277/3267/3125 3108/3098/2963
f 3108/3098/2963 3277/3267/3125 3109/3099/2964
f 3278/3268/3115 3279/3269/3126 3280/3270/2962
f 3280/3270/2962 3279/3269/3126 3112/3102/2967
f 3275/3265/3123 3281/3271/3127 3273/3263/3121
f 3273/3263/3121 3281/3271/3127 3282/3272/3128
f 3273/3263/3121 3282/3272/3128 3274/3264/3122
f 3274/3264/3122 3282/3272/3128 3283/3273/3048
f 3282/3272/3128 3284/3274/3129 3283/3273/3048
f 3283/3273/3048 3284/3274/3129 3137/3127/2991
f 3281/3271/3127 3285/3275/3130 3282/3272/3128
f 3282/3272/3128 3285/3275/3130 3284/3274/3129
f 3286/3276/3110 3287/3277/3131 3278/3268/3115
f 3278/3268/3115 3287/3277/3131 3279/3269/3126
f 3288/3278/3132 3289/3279/3133 3276/3266/3124
f 3276/3266/3124 3289/3279/3133 3277/3267/3125
f 3290/3280/3134 3291/3281/3135 3288/3278/3132
f 3288/3278/3132 3291/3281/3135 3289/3279/3133
f 3207/3197/3061 3292/3282/3136 3286/3276/3110
f 3286/3276/3110 3292/3282/3136 3287/3277/3131
f 3285/3275/3130 3293/3283/3137 3284/3274/3129
f 3284/3274/3129 3293/3283/3137 3294/3284/3138
f 3284/3274/3129 3294/3284/3138 3137/3127/2991
f 3137/3127/2991 3294/3284/3138 3134/3124/2988
f 3294/3284/3138 3295/3285/3139 3134/3124/2988
f 3134/3124/2988 3295/3285/3139 3130/3120/2984
f 3293/3283/3137 3296/3286/3140 3294/3284/3138
f 3294/3284/3138 3296/3286/3140 3295/3285/3139
f 3209/3199/3063 3297/3287/3141 3207/3197/3061
f 3207/3197/3061 3297/3287/3141 3292/3282/3136
f 3298/3288/3142 3299/3289/3143 3290/3280/3134
f 3290/3280/3134 3299/3289/3143 3291/3281/3135
f 3300/3290/3144 3301/3291/3145 3298/3288/3142
f 3298/3288/3142 3301/3291/3145 3299/3289/3143
f 3206/3196/3060 3302/3292/3146 3209/3199/3063
f 3209/3199/3063 3302/3292/3146 3297/3287/3141
f 3296/3286/3140 3303/3293/3147 3295/3285/3139
f 3295/3285/3139 3303/3293/3147 3304/3294/3148
f 3304/3294/3148 3131/3121/2985 3295/3285/3139
f 3295/3285/3139 3131/3121/2985 3130/3120/2984
f 3304/3294/3148 3305/3295/3149 3131/3121/2985
f 3131/3121/2985 3305/3295/3149 3306/3296/3150
f 3303/3293/3147 3307/3297/3151 3304/3294/3148
f 3304/3294/3148 3307/3297/3151 3305/3295/3149
f 3308/3298/3152 3309/3299/3153 3133/3123/2987
f 3133/3123/2987 3309/3299/3153 3310/3300/3154
f 3131/3121/2985 3306/3296/3150 3133/3123/2987
f 3133/3123/2987 3306/3296/3150 3308/3298/3152
f 3311/3301/3155 3312/3302/3156 3204/3194/3058
f 3204/3194/3058 3312/3302/3156 3205/3195/3059
f 3200/3190/3054 3313/3303/3153 3204/3194/3058
f 3204/3194/3058 3313/3303/3153 3311/3301/3155
f 3206/3196/3060 3205/3195/3059 3302/3292/3146
f 3302/3292/3146 3205/3195/3059 3314/3304/3157
f 3315/3305/3158 3301/3291/3145 3316/3306/3159
f 3316/3306/3159 3301/3291/3145 3300/3290/3144
f 3317/3307/3160 3315/3305/3158 3318/3308/3161
f 3318/3308/3161 3315/3305/3158 3316/3306/3159
f 3205/3195/3059 3312/3302/3156 3314/3304/3157
f 3314/3304/3157 3312/3302/3156 3319/3309/3162
f 3307/3297/3151 3320/3310/3163 3305/3295/3149
f 3305/3295/3149 3320/3310/3163 3321/3311/3164
f 3305/3295/3149 3321/3311/3164 3306/3296/3150
f 3306/3296/3150 3321/3311/3164 3322/3312/3165
f 3323/3313/3166 3324/3314/3167 3321/3311/3164
f 3321/3311/3164 3324/3314/3167 3322/3312/3165
f 3320/3310/3163 3325/3315/2641 3321/3311/3164
f 3321/3311/3164 3325/3315/2641 3323/3313/3166
f 3322/3312/3165 3326/3316/3168 3306/3296/3150
f 3306/3296/3150 3326/3316/3168 3308/3298/3152
f 3308/3298/3152 3326/3316/3168 3309/3299/3153
f 3309/3299/3153 3326/3316/3168 3327/3317/3169
f 3328/3318/3170 3329/3319/3171 3326/3316/3168
f 3326/3316/3168 3329/3319/3171 3327/3317/3169
f 3324/3314/3167 3328/3318/3170 3322/3312/3165
f 3322/3312/3165 3328/3318/3170 3326/3316/3168
f 3330/3320/3169 3331/3321/3172 3313/3303/3153
f 3313/3303/3153 3331/3321/3172 3311/3301/3155
f 3311/3301/3155 3331/3321/3172 3312/3302/3156
f 3312/3302/3156 3331/3321/3172 3332/3322/3173
f 3331/3321/3172 3333/3323/3174 3332/3322/3173
f 3332/3322/3173 3333/3323/3174 3334/3324/3175
f 3330/3320/3169 3335/3325/3176 3331/3321/3172
f 3331/3321/3172 3335/3325/3176 3333/3323/3174
f 3312/3302/3156 3332/3322/3173 3319/3309/3162
f 3319/3309/3162 3332/3322/3173 3336/3326/3177
f 3337/3327/3178 3317/3307/3160 3338/3328/3179
f 3338/3328/3179 3317/3307/3160 3318/3308/3161
f 3339/3329/3180 3340/3330/3181 3341/3331/3182
f 3341/3331/3182 3340/3330/3181 3342/3332/3183
f 3332/3322/3173 3334/3324/3175 3336/3326/3177
f 3336/3326/3177 3334/3324/3175 3339/3329/3180
f 3343/3333/3184 3344/3334/3185 3325/3315/2641
f 3325/3315/2641 3344/3334/3185 3323/3313/3166
f 3344/3334/3185 3345/3335/3186 3323/3313/3166
f 3323/3313/3166 3345/3335/3186 3324/3314/3167
f 3346/3336/3187 3347/3337/3188 3344/3334/3185
f 3344/3334/3185 3347/3337/3188 3345/3335/3186
f 3348/3338/3189 3346/3336/3187 3343/3333/3184
f 3343/3333/3184 3346/3336/3187 3344/3334/3185
f 3345/3335/3186 3349/3339/3190 3324/3314/3167
f 3324/3314/3167 3349/3339/3190 3328/3318/3170
f 3349/3339/3190 3350/3340/3191 3328/3318/3170
f 3328/3318/3170 3350/3340/3191 3329/3319/3171
f 3351/3341/3192 3352/3342/3193 3349/3339/3190
f 3349/3339/3190 3352/3342/3193 3350/3340/3191
f 3347/3337/3188 3351/3341/3192 3345/3335/3186
f 3345/3335/3186 3351/3341/3192 3349/3339/3190
f 3335/3325/3176 3353/3343/3191 3333/3323/3174
f 3333/3323/3174 3353/3343/3191 3354/3344/3194
f 3333/3323/3174 3354/3344/3194 3334/3324/3175
f 3334/3324/3175 3354/3344/3194 3355/3345/3195
f 3354/3344/3194 3356/3346/3196 3355/3345/3195
f 3355/3345/3195 3356/3346/3196 3357/3347/3197
f 3353/3343/3191 3358/3348/3193 3354/3344/3194
f 3354/3344/3194 3358/3348/3193 3356/3346/3196
f 3334/3324/3175 3355/3345/3195 3339/3329/3180
f 3339/3329/3180 3355/3345/3195 3359/3349/3198
f 3339/3329/3180 3359/3349/3198 3340/3330/3181
f 3340/3330/3181 3359/3349/3198 3360/3350/3199
f 3359/3349/3198 3361/3351/3200 3360/3350/3199
f 3360/3350/3199 3361/3351/3200 3362/3352/3201
f 3355/3345/3195 3357/3347/3197 3359/3349/3198
f 3359/3349/3198 3357/3347/3197 3361/3351/3200
f 3363/3353/3202 3364/3354/3203 3348/3338/3189
f 3348/3338/3189 3364/3354/3203 3346/3336/3187
f 3364/3354/3203 3365/3355/3204 3346/3336/3187
f 3346/3336/3187 3365/3355/3204 3347/3337/3188
f 3366/3356/3205 3367/3357/3206 3364/3354/3203
f 3364/3354/3203 3367/3357/3206 3365/3355/3204
f 3368/3358/3207 3366/3356/3205 3363/3353/3202
f 3363/3353/3202 3366/3356/3205 3364/3354/3203
f 3365/3355/3204 3369/3359/3208 3347/3337/3188
f 3347/3337/3188 3369/3359/3208 3351/3341/3192
f 3369/3359/3208 3370/3360/3209 3351/3341/3192
f 3351/3341/3192 3370/3360/3209 3352/3342/3193
f 3371/3361/3210 3372/3362/3211 3369/3359/3208
f 3369/3359/3208 3372/3362/3211 3370/3360/3209
f 3367/3357/3206 3371/3361/3210 3365/3355/3204
f 3365/3355/3204 3371/3361/3210 3369/3359/3208
f 3358/3348/3193 3373/3363/3209 3356/3346/3196
f 3356/3346/3196 3373/3363/3209 3374/3364/3212
f 3356/3346/3196 3374/3364/3212 3357/3347/3197
f 3357/3347/3197 3374/3364/3212 3375/3365/3213
f 3374/3364/3212 3376/3366/3214 3375/3365/3213
f 3375/3365/3213 3376/3366/3214 3377/3367/3215
f 3373/3363/3209 3378/3368/3211 3374/3364/3212
f 3374/3364/3212 3378/3368/3211 3376/3366/3214
f 3357/3347/3197 3375/3365/3213 3361/3351/3200
f 3361/3351/3200 3375/3365/3213 3379/3369/3216
f 3361/3351/3200 3379/3369/3216 3362/3352/3201
f 3362/3352/3201 3379/3369/3216 3380/3370/3217
f 3379/3369/3216 3381/3371/3218 3380/3370/3217
f 3380/3370/3217 3381/3371/3218 3382/3372/3219
f 3375/3365/3213 3377/3367/3215 3379/3369/3216
f 3379/3369/3216 3377/3367/3215 3381/3371/3218
f 3383/3373/3220 3384/3374/3221 3368/3358/3207
f 3368/3358/3207 3384/3374/3221 3366/3356/3205
f 3384/3374/3221 3385/3375/3222 3366/3356/3205
f 3366/3356/3205 3385/3375/3222 3367/3357/3206
f 3386/3376/3223 3387/3377/3224 3384/3374/3221
f 3384/3374/3221 3387/3377/3224 3385/3375/3222
f 3388/3378/3225 3386/3376/3223 3383/3373/3220
f 3383/3373/3220 3386/3376/3223 3384/3374/3221
f 3385/3375/3222 3389/3379/3226 3367/3357/3206
f 3367/3357/3206 3389/3379/3226 3371/3361/3210
f 3389/3379/3226 3390/3380/3227 3371/3361/3210
f 3371/3361/3210 3390/3380/3227 3372/3362/3211
f 3391/3381/3228 3392/3382/3229 3389/3379/3226
f 3389/3379/3226 3392/3382/3229 3390/3380/3227
f 3387/3377/3224 3391/3381/3228 3385/3375/3222
f 3385/3375/3222 3391/3381/3228 3389/3379/3226
f 3378/3368/3211 3393/3383/3227 3376/3366/3214
f 3376/3366/3214 3393/3383/3227 3394/3384/3230
f 3376/3366/3214 3394/3384/3230 3377/3367/3215
f 3377/3367/3215 3394/3384/3230 3395/3385/3231
f 3394/3384/3230 3396/3386/3232 3395/3385/3231
f 3395/3385/3231 3396/3386/3232 3397/3387/3233
f 3393/3383/3227 3398/3388/3229 3394/3384/3230
f 3394/3384/3230 3398/3388/3229 3396/3386/3232
f 3377/3367/3215 3395/3385/3231 3381/3371/3218
f 3381/3371/3218 3395/3385/3231 3399/3389/3234
f 3381/3371/3218 3399/3389/3234 3382/3372/3219
f 3382/3372/3219 3399/3389/3234 3400/3390/3235
f 3399/3389/3234 3401/3391/3236 3400/3390/3235
f 3400/3390/3235 3401/3391/3236 3402/3392/3237
f 3395/3385/3231 3397/3387/3233 3399/3389/3234
f 3399/3389/3234 3397/3387/3233 3401/3391/3236
f 3403/3393/3238 3404/3394/3239 3388/3378/3225
f 3388/3378/3225 3404/3394/3239 3386/3376/3223
f 3404/3394/3239 3405/3395/3240 3386/3376/3223
f 3386/3376/3223 3405/3395/3240 3387/3377/3224
f 3406/3396/3241 3407/3397/3242 3404/3394/3239
f 3404/3394/3239 3407/3397/3242 3405/3395/3240
f 3408/3398/3243 3406/3396/3241 3403/3393/3238
f 3403/3393/3238 3406/3396/3241 3404/3394/3239
f 3405/3395/3240 3409/3399/3244 3387/3377/3224
f 3387/3377/3224 3409/3399/3244 3391/3381/3228
f 3409/3399/3244 3410/3400/3245 3391/3381/3228
f 3391/3381/3228 3410/3400/3245 3392/3382/3229
f 3411/3401/3246 3412/3402/3247 3409/3399/3244
f 3409/3399/3244 3412/3402/3247 3410/3400/3245
f 3407/3397/3242 3411/3401/3246 3405/3395/3240
f 3405/3395/3240 3411/3401/3246 3409/3399/3244
f 3398/3388/3229 3413/3403/3245 3396/3386/3232
f 3396/3386/3232 3413/3403/3245 3414/3404/3248
f 3396/3386/3232 3414/3404/3248 3397/3387/3233
f 3397/3387/3233 3414/3404/3248 3415/3405/3249
f 3414/3404/3248 3416/3406/3250 3415/3405/3249
f 3415/3405/3249 3416/3406/3250 3417/3407/3251
f 3413/3403/3245 3418/3408/3252 3414/3404/3248
f 3414/3404/3248 3418/3408/3252 3416/3406/3250
f 3397/3387/3233 3415/3405/3249 3401/3391/3236
f 3401/3391/3236 3415/3405/3249 3419/3409/3253
f 3401/3391/3236 3419/3409/3253 3402/3392/3237
f 3402/3392/3237 3419/3409/3253 3420/3410/3254
f 3419/3409/3253 3421/3411/3255 3420/3410/3254
f 3420/3410/3254 3421/3411/3255 3422/3412/3256
f 3415/3405/3249 3417/3407/3251 3419/3409/3253
f 3419/3409/3253 3417/3407/3251 3421/3411/3255
f 3423/3413/3257 3424/3414/3258 3408/3398/3243
f 3408/3398/3243 3424/3414/3258 3406/3396/3241
f 3424/3414/3258 3425/3415/3259 3406/3396/3241
f 3406/3396/3241 3425/3415/3259 3407/3397/3242
f 3426/3416/3260 3427/3417/3261 3424/3414/3258
f 3424/3414/3258 3427/3417/3261 3425/3415/3259
f 3428/3418/3262 3426/3416/3260 3423/3413/3257
f 3423/3413/3257 3426/3416/3260 3424/3414/3258
f 3425/3415/3259 3429/3419/3263 3407/3397/3242
f 3407/3397/3242 3429/3419/3263 3411/3401/3246
f 3429/3419/3263 3430/3420/3264 3411/3401/3246
f 3411/3401/3246 3430/3420/3264 3412/3402/3247
f 3431/3421/3265 3432/3422/3266 3429/3419/3263
f 3429/3419/3263 3432/3422/3266 3430/3420/3264
f 3427/3417/3261 3431/3421/3265 3425/3415/3259
f 3425/3415/3259 3431/3421/3265 3429/3419/3263
f 3418/3408/3252 3433/3423/3264 3416/3406/3250
f 3416/3406/3250 3433/3423/3264 3434/3424/3267
f 3416/3406/3250 3434/3424/3267 3417/3407/3251
f 3417/3407/3251 3434/3424/3267 3435/3425/3268
f 3434/3424/3267 3436/3426/3269 3435/3425/3268
f 3435/3425/3268 3436/3426/3269 3437/3427/3270
f 3433/3423/3264 3438/3428/3271 3434/3424/3267
f 3434/3424/3267 3438/3428/3271 3436/3426/3269
f 3417/3407/3251 3435/3425/3268 3421/3411/3255
f 3421/3411/3255 3435/3425/3268 3439/3429/3272
f 3421/3411/3255 3439/3429/3272 3422/3412/3256
f 3422/3412/3256 3439/3429/3272 3440/3430/3273
f 3439/3429/3272 3441/3431/3274 3440/3430/3273
f 3440/3430/3273 3441/3431/3274 3442/3432/3275
f 3435/3425/3268 3437/3427/3270 3439/3429/3272
f 3439/3429/3272 3437/3427/3270 3441/3431/3274
f 3443/3433/3276 3444/3434/3277 3445/3435/3278
f 3445/3435/3278 3444/3434/3277 3446/3436/3279
f 3444/3434/3277 3447/3437/3280 3446/3436/3279
f 3446/3436/3279 3448/3438/3281 3445/3435/3278
f 3445/3435/3278 3448/3438/3281 3449/3439/3282
f 3448/3438/3281 3450/3440/3283 3449/3439/3282
f 3449/3439/3282 3450/3440/3283 3451/3441/3284
f 3448/3438/3281 3447/3437/3280 3450/3440/3283
f 3446/3436/3279 3447/3437/3280 3448/3438/3281
f 3452/3442/3285 3453/3443/3283 3454/3444/3286
f 3454/3444/3286 3453/3443/3283 3455/3445/3287
f 3454/3444/3286 3455/3445/3287 3456/3446/3288
f 3456/3446/3288 3455/3445/3287 3457/3447/3289
f 3455/3445/3287 3458/3448/3280 3457/3447/3289
f 3453/3443/3283 3458/3448/3280 3455/3445/3287
f 3457/3447/3289 3459/3449/3290 3456/3446/3288
f 3456/3446/3288 3459/3449/3290 3460/3450/3291
f 3457/3447/3289 3458/3448/3280 3459/3449/3290
f 3428/3418/3262 3443/3433/3276 3426/3416/3260
f 3426/3416/3260 3443/3433/3276 3445/3435/3278
f 3426/3416/3260 3445/3435/3278 3427/3417/3261
f 3445/3435/3278 3449/3439/3282 3427/3417/3261
f 3427/3417/3261 3449/3439/3282 3431/3421/3265
f 3449/3439/3282 3451/3441/3284 3431/3421/3265
f 3431/3421/3265 3451/3441/3284 3432/3422/3266
f 3438/3428/3271 3452/3442/3285 3436/3426/3269
f 3436/3426/3269 3452/3442/3285 3454/3444/3286
f 3436/3426/3269 3454/3444/3286 3437/3427/3270
f 3437/3427/3270 3454/3444/3286 3456/3446/3288
f 3437/3427/3270 3456/3446/3288 3441/3431/3274
f 3456/3446/3288 3460/3450/3291 3441/3431/3274
f 3441/3431/3274 3460/3450/3291 3442/3432/3275
f 3319/3309/3162 3336/3326/3177 3461/3451/3292
f 3461/3451/3292 3336/3326/3177 3462/3452/3293
f 3314/3304/3157 3319/3309/3162 3463/3453/3294
f 3463/3453/3294 3319/3309/3162 3461/3451/3292
f 3302/3292/3146 3314/3304/3157 3464/3454/3295
f 3464/3454/3295 3314/3304/3157 3463/3453/3294
f 3302/3292/3146 3464/3454/3295 3297/3287/3141
f 3297/3287/3141 3464/3454/3295 3465/3455/3296
f 3297/3287/3141 3465/3455/3296 3292/3282/3136
f 3292/3282/3136 3465/3455/3296 3466/3456/3297
f 3292/3282/3136 3466/3456/3297 3287/3277/3131
f 3287/3277/3131 3466/3456/3297 3467/3457/3298
f 3287/3277/3131 3467/3457/3298 3279/3269/3126
f 3279/3269/3126 3467/3457/3298 3468/3458/3299
f 3279/3269/3126 3468/3458/3299 3112/3102/2967
f 3112/3102/2967 3468/3458/3299 3113/3103/2968
f 3338/3328/3179 3469/3459/3300 3337/3327/3178
f 3337/3327/3178 3469/3459/3300 3470/3460/3301
f 3339/3329/3180 3341/3331/3182 3336/3326/3177
f 3336/3326/3177 3341/3331/3182 3462/3452/3293
f 3119/3109/2974 3471/3461/3302 3117/3107/2972
f 3117/3107/2972 3471/3461/3302 3472/3462/3303
f 3117/3107/2972 3472/3462/3303 3092/3082/2947
f 3092/3082/2947 3472/3462/3303 3275/3265/3123
f 3471/3461/3302 3119/3109/2974 3473/3463/3304
f 3473/3463/3304 3119/3109/2974 3121/3111/2976
f 3125/3115/2979 3474/3464/3305 3124/3114/2978
f 3124/3114/2978 3474/3464/3305 3475/3465/3306
f 3476/3466/3307 3126/3116/2980 3277/3267/3125
f 3277/3267/3125 3126/3116/2980 3109/3099/2964
f 3472/3462/3303 3477/3467/3308 3275/3265/3123
f 3275/3265/3123 3477/3467/3308 3281/3271/3127
f 3471/3461/3302 3478/3468/3309 3472/3462/3303
f 3472/3462/3303 3478/3468/3309 3477/3467/3308
f 3477/3467/3308 3478/3468/3309 3479/3469/3310
f 3479/3469/3310 3478/3468/3309 3480/3470/3311
f 3281/3271/3127 3477/3467/3308 3285/3275/3130
f 3285/3275/3130 3477/3467/3308 3479/3469/3310
f 3478/3468/3309 3471/3461/3302 3481/3471/3312
f 3481/3471/3312 3471/3461/3302 3473/3463/3304
f 3480/3470/3311 3478/3468/3309 3482/3472/3313
f 3482/3472/3313 3478/3468/3309 3481/3471/3312
f 3483/3473/3314 3484/3474/3315 3474/3464/3305
f 3474/3464/3305 3484/3474/3315 3475/3465/3306
f 3483/3473/3314 3485/3475/3316 3484/3474/3315
f 3484/3474/3315 3485/3475/3316 3486/3476/3317
f 3487/3477/3318 3476/3466/3307 3289/3279/3133
f 3289/3279/3133 3476/3466/3307 3277/3267/3125
f 3488/3478/3319 3487/3477/3318 3291/3281/3135
f 3291/3281/3135 3487/3477/3318 3289/3279/3133
f 3285/3275/3130 3479/3469/3310 3293/3283/3137
f 3293/3283/3137 3479/3469/3310 3489/3479/3320
f 3479/3469/3310 3480/3470/3311 3489/3479/3320
f 3489/3479/3320 3480/3470/3311 3490/3480/3321
f 3490/3480/3321 3491/3481/3322 3489/3479/3320
f 3489/3479/3320 3491/3481/3322 3492/3482/3323
f 3293/3283/3137 3489/3479/3320 3296/3286/3140
f 3296/3286/3140 3489/3479/3320 3492/3482/3323
f 3480/3470/3311 3482/3472/3313 3490/3480/3321
f 3490/3480/3321 3482/3472/3313 3493/3483/3324
f 3494/3484/3325 3491/3481/3322 3490/3480/3321
f 3495/3485/3326 3486/3476/3317 3496/3486/3327
f 3496/3486/3327 3486/3476/3317 3485/3475/3316
f 3495/3485/3326 3497/3487/3328 3498/3488/3329
f 3499/3489/3330 3488/3478/3319 3299/3289/3143
f 3299/3289/3143 3488/3478/3319 3291/3281/3135
f 3500/3490/3331 3499/3489/3330 3301/3291/3145
f 3301/3291/3145 3499/3489/3330 3299/3289/3143
f 3495/3485/3326 3496/3486/3327 3497/3487/3328
f 3497/3487/3328 3496/3486/3327 3501/3491/3332
f 3296/3286/3140 3492/3482/3323 3303/3293/3147
f 3303/3293/3147 3492/3482/3323 3502/3492/3333
f 3492/3482/3323 3491/3481/3322 3502/3492/3333
f 3502/3492/3333 3491/3481/3322 3503/3493/3334
f 3502/3492/3333 3503/3493/3334 3504/3494/3335
f 3504/3494/3335 3503/3493/3334 3505/3495/3336
f 3303/3293/3147 3502/3492/3333 3307/3297/3151
f 3307/3297/3151 3502/3492/3333 3504/3494/3335
f 3491/3481/3322 3494/3484/3325 3503/3493/3334
f 3503/3493/3334 3494/3484/3325 3506/3496/3337
f 3494/3484/3325 3507/3497/3338 3506/3496/3337
f 3506/3496/3337 3507/3497/3338 3508/3498/3339
f 3506/3496/3337 3508/3498/3339 3509/3499/3340
f 3509/3499/3340 3508/3498/3339 3510/3500/3341
f 3503/3493/3334 3506/3496/3337 3505/3495/3336
f 3505/3495/3336 3506/3496/3337 3509/3499/3340
f 3498/3488/3329 3511/3501/3342 3512/3502/3343
f 3512/3502/3343 3511/3501/3342 3513/3503/3344
f 3497/3487/3328 3514/3504/3345 3498/3488/3329
f 3498/3488/3329 3514/3504/3345 3511/3501/3342
f 3514/3504/3345 3515/3505/3346 3511/3501/3342
f 3511/3501/3342 3515/3505/3346 3516/3506/3347
f 3511/3501/3342 3516/3506/3347 3513/3503/3344
f 3513/3503/3344 3516/3506/3347 3517/3507/3341
f 3501/3491/3332 3518/3508/3348 3497/3487/3328
f 3497/3487/3328 3518/3508/3348 3514/3504/3345
f 3500/3490/3331 3301/3291/3145 3519/3509/3349
f 3519/3509/3349 3301/3291/3145 3315/3305/3158
f 3519/3509/3349 3315/3305/3158 3520/3510/3350
f 3520/3510/3350 3315/3305/3158 3317/3307/3160
f 3518/3508/3348 3521/3511/3351 3514/3504/3345
f 3514/3504/3345 3521/3511/3351 3515/3505/3346
f 3307/3297/3151 3504/3494/3335 3320/3310/3163
f 3320/3310/3163 3504/3494/3335 3522/3512/3352
f 3504/3494/3335 3505/3495/3336 3522/3512/3352
f 3522/3512/3352 3505/3495/3336 3523/3513/3353
f 3522/3512/3352 3523/3513/3353 3524/3514/3354
f 3524/3514/3354 3523/3513/3353 3525/3515/3355
f 3320/3310/3163 3522/3512/3352 3325/3315/2641
f 3325/3315/2641 3522/3512/3352 3524/3514/3354
f 3505/3495/3336 3509/3499/3340 3523/3513/3353
f 3523/3513/3353 3509/3499/3340 3526/3516/3356
f 3509/3499/3340 3510/3500/3341 3526/3516/3356
f 3526/3516/3356 3510/3500/3341 3527/3517/3357
f 3526/3516/3356 3527/3517/3357 3528/3518/3358
f 3528/3518/3358 3527/3517/3357 3529/3519/3359
f 3523/3513/3353 3526/3516/3356 3525/3515/3355
f 3525/3515/3355 3526/3516/3356 3528/3518/3358
f 3516/3506/3347 3530/3520/3360 3517/3507/3341
f 3517/3507/3341 3530/3520/3360 3531/3521/3357
f 3515/3505/3346 3532/3522/3361 3516/3506/3347
f 3516/3506/3347 3532/3522/3361 3530/3520/3360
f 3532/3522/3361 3533/3523/3362 3530/3520/3360
f 3530/3520/3360 3533/3523/3362 3534/3524/3363
f 3530/3520/3360 3534/3524/3363 3531/3521/3357
f 3531/3521/3357 3534/3524/3363 3535/3525/3359
f 3515/3505/3346 3521/3511/3351 3532/3522/3361
f 3532/3522/3361 3521/3511/3351 3536/3526/3364
f 3520/3510/3350 3317/3307/3160 3537/3527/3365
f 3537/3527/3365 3317/3307/3160 3337/3327/3178
f 3538/3528/3366 3539/3529/3367 3340/3330/3181
f 3340/3330/3181 3539/3529/3367 3342/3332/3183
f 3532/3522/3361 3536/3526/3364 3533/3523/3362
f 3533/3523/3362 3536/3526/3364 3538/3528/3366
f 3524/3514/3354 3540/3530/3368 3325/3315/2641
f 3325/3315/2641 3540/3530/3368 3343/3333/3184
f 3525/3515/3355 3541/3531/3369 3524/3514/3354
f 3524/3514/3354 3541/3531/3369 3540/3530/3368
f 3541/3531/3369 3542/3532/3370 3540/3530/3368
f 3540/3530/3368 3542/3532/3370 3543/3533/3371
f 3540/3530/3368 3543/3533/3371 3343/3333/3184
f 3343/3333/3184 3543/3533/3371 3348/3338/3189
f 3528/3518/3358 3544/3534/3372 3525/3515/3355
f 3525/3515/3355 3544/3534/3372 3541/3531/3369
f 3529/3519/3359 3545/3535/3373 3528/3518/3358
f 3528/3518/3358 3545/3535/3373 3544/3534/3372
f 3545/3535/3373 3546/3536/3374 3544/3534/3372
f 3544/3534/3372 3546/3536/3374 3547/3537/3375
f 3544/3534/3372 3547/3537/3375 3541/3531/3369
f 3541/3531/3369 3547/3537/3375 3542/3532/3370
f 3535/3525/3359 3534/3524/3363 3548/3538/3373
f 3548/3538/3373 3534/3524/3363 3549/3539/3376
f 3534/3524/3363 3533/3523/3362 3549/3539/3376
f 3549/3539/3376 3533/3523/3362 3550/3540/3377
f 3549/3539/3376 3550/3540/3377 3551/3541/3378
f 3551/3541/3378 3550/3540/3377 3552/3542/3379
f 3548/3538/3373 3549/3539/3376 3553/3543/3374
f 3553/3543/3374 3549/3539/3376 3551/3541/3378
f 3533/3523/3362 3538/3528/3366 3550/3540/3377
f 3550/3540/3377 3538/3528/3366 3554/3544/3380
f 3538/3528/3366 3340/3330/3181 3554/3544/3380
f 3554/3544/3380 3340/3330/3181 3360/3350/3199
f 3554/3544/3380 3360/3350/3199 3555/3545/3381
f 3555/3545/3381 3360/3350/3199 3362/3352/3201
f 3550/3540/3377 3554/3544/3380 3552/3542/3379
f 3552/3542/3379 3554/3544/3380 3555/3545/3381
f 3543/3533/3371 3556/3546/3382 3348/3338/3189
f 3348/3338/3189 3556/3546/3382 3363/3353/3202
f 3542/3532/3370 3557/3547/3383 3543/3533/3371
f 3543/3533/3371 3557/3547/3383 3556/3546/3382
f 3557/3547/3383 3558/3548/3384 3556/3546/3382
f 3556/3546/3382 3558/3548/3384 3559/3549/3385
f 3556/3546/3382 3559/3549/3385 3363/3353/3202
f 3363/3353/3202 3559/3549/3385 3368/3358/3207
f 3547/3537/3375 3560/3550/3386 3542/3532/3370
f 3542/3532/3370 3560/3550/3386 3557/3547/3383
f 3546/3536/3374 3561/3551/3387 3547/3537/3375
f 3547/3537/3375 3561/3551/3387 3560/3550/3386
f 3561/3551/3387 3562/3552/3388 3560/3550/3386
f 3560/3550/3386 3562/3552/3388 3563/3553/3389
f 3560/3550/3386 3563/3553/3389 3557/3547/3383
f 3557/3547/3383 3563/3553/3389 3558/3548/3384
f 3553/3543/3374 3551/3541/3378 3564/3554/3387
f 3564/3554/3387 3551/3541/3378 3565/3555/3390
f 3551/3541/3378 3552/3542/3379 3565/3555/3390
f 3565/3555/3390 3552/3542/3379 3566/3556/3391
f 3565/3555/3390 3566/3556/3391 3567/3557/3392
f 3567/3557/3392 3566/3556/3391 3568/3558/3393
f 3564/3554/3387 3565/3555/3390 3569/3559/3388
f 3569/3559/3388 3565/3555/3390 3567/3557/3392
f 3552/3542/3379 3555/3545/3381 3566/3556/3391
f 3566/3556/3391 3555/3545/3381 3570/3560/3394
f 3555/3545/3381 3362/3352/3201 3570/3560/3394
f 3570/3560/3394 3362/3352/3201 3380/3370/3217
f 3571/3560/3394 3572/3370/3395 3573/3561/3396
f 3573/3561/3396 3572/3370/3395 3574/3372/3397
f 3566/3556/3391 3570/3560/3394 3568/3558/3393
f 3568/3558/3393 3570/3560/3394 3575/3561/3398
f 3559/3549/3385 3576/3562/3399 3368/3358/3207
f 3368/3358/3207 3576/3562/3399 3383/3373/3220
f 3558/3548/3384 3577/3563/3400 3559/3549/3385
f 3559/3549/3385 3577/3563/3400 3576/3562/3399
f 3577/3563/3400 3578/3564/3401 3576/3562/3399
f 3576/3562/3399 3578/3564/3401 3579/3565/3402
f 3576/3562/3399 3579/3565/3402 3383/3373/3220
f 3383/3373/3220 3579/3565/3402 3388/3378/3225
f 3563/3553/3389 3580/3566/3403 3558/3548/3384
f 3558/3548/3384 3580/3566/3403 3577/3563/3400
f 3562/3552/3388 3581/3567/3404 3563/3553/3389
f 3563/3553/3389 3581/3567/3404 3580/3566/3403
f 3581/3567/3404 3582/3568/3405 3580/3566/3403
f 3580/3566/3403 3582/3568/3405 3583/3569/3406
f 3580/3566/3403 3583/3569/3406 3577/3563/3400
f 3577/3563/3400 3583/3569/3406 3578/3564/3401
f 3569/3559/3388 3567/3557/3392 3584/3570/3404
f 3584/3570/3404 3567/3557/3392 3585/3571/3407
f 3567/3557/3392 3568/3558/3393 3585/3571/3407
f 3585/3571/3407 3568/3558/3393 3586/3572/3408
f 3585/3571/3407 3586/3572/3408 3587/3573/3409
f 3587/3573/3409 3586/3572/3408 3588/3574/3410
f 3584/3570/3404 3585/3571/3407 3589/3575/3411
f 3589/3575/3411 3585/3571/3407 3587/3573/3409
f 3568/3558/3393 3575/3561/3398 3586/3572/3408
f 3586/3572/3408 3575/3561/3398 3590/3576/3412
f 3575/3561/3398 3382/3372/3219 3590/3576/3412
f 3590/3576/3412 3382/3372/3219 3400/3390/3235
f 3590/3576/3412 3400/3390/3235 3591/3577/3413
f 3591/3577/3413 3400/3390/3235 3402/3392/3237
f 3586/3572/3408 3590/3576/3412 3588/3574/3410
f 3588/3574/3410 3590/3576/3412 3591/3577/3413
f 3579/3565/3402 3592/3578/3414 3388/3378/3225
f 3388/3378/3225 3592/3578/3414 3403/3393/3238
f 3578/3564/3401 3593/3579/3415 3579/3565/3402
f 3579/3565/3402 3593/3579/3415 3592/3578/3414
f 3593/3579/3415 3594/3580/3416 3592/3578/3414
f 3592/3578/3414 3594/3580/3416 3595/3581/3417
f 3592/3578/3414 3595/3581/3417 3403/3393/3238
f 3403/3393/3238 3595/3581/3417 3408/3398/3243
f 3583/3569/3406 3596/3582/3418 3578/3564/3401
f 3578/3564/3401 3596/3582/3418 3593/3579/3415
f 3582/3568/3405 3597/3583/3419 3583/3569/3406
f 3583/3569/3406 3597/3583/3419 3596/3582/3418
f 3597/3583/3419 3598/3584/3420 3596/3582/3418
f 3596/3582/3418 3598/3584/3420 3599/3585/3421
f 3596/3582/3418 3599/3585/3421 3593/3579/3415
f 3593/3579/3415 3599/3585/3421 3594/3580/3416
f 3589/3575/3411 3587/3573/3409 3600/3586/3422
f 3600/3586/3422 3587/3573/3409 3601/3587/3423
f 3587/3573/3409 3588/3574/3410 3601/3587/3423
f 3601/3587/3423 3588/3574/3410 3602/3588/3424
f 3601/3587/3423 3602/3588/3424 3603/3589/3425
f 3603/3589/3425 3602/3588/3424 3604/3590/3426
f 3600/3586/3422 3601/3587/3423 3605/3591/3427
f 3605/3591/3427 3601/3587/3423 3603/3589/3425
f 3588/3574/3410 3591/3577/3413 3602/3588/3424
f 3602/3588/3424 3591/3577/3413 3606/3592/3428
f 3591/3577/3413 3402/3392/3237 3606/3592/3428
f 3606/3592/3428 3402/3392/3237 3420/3410/3254
f 3606/3592/3428 3420/3410/3254 3607/3593/3429
f 3607/3593/3429 3420/3410/3254 3422/3412/3256
f 3602/3588/3424 3606/3592/3428 3604/3590/3426
f 3604/3590/3426 3606/3592/3428 3607/3593/3429
f 3595/3581/3417 3608/3594/3430 3408/3398/3243
f 3408/3398/3243 3608/3594/3430 3423/3413/3257
f 3594/3580/3416 3609/3595/3431 3595/3581/3417
f 3595/3581/3417 3609/3595/3431 3608/3594/3430
f 3609/3595/3431 3610/3596/3432 3608/3594/3430
f 3608/3594/3430 3610/3596/3432 3611/3597/3433
f 3608/3594/3430 3611/3597/3433 3423/3413/3257
f 3423/3413/3257 3611/3597/3433 3428/3418/3262
f 3599/3585/3421 3612/3598/3434 3594/3580/3416
f 3594/3580/3416 3612/3598/3434 3609/3595/3431
f 3598/3584/3420 3613/3599/3435 3599/3585/3421
f 3599/3585/3421 3613/3599/3435 3612/3598/3434
f 3613/3599/3435 3614/3600/3436 3612/3598/3434
f 3612/3598/3434 3614/3600/3436 3615/3601/3437
f 3612/3598/3434 3615/3601/3437 3609/3595/3431
f 3609/3595/3431 3615/3601/3437 3610/3596/3432
f 3605/3591/3427 3603/3589/3425 3616/3602/3438
f 3616/3602/3438 3603/3589/3425 3617/3603/3439
f 3603/3589/3425 3604/3590/3426 3617/3603/3439
f 3617/3603/3439 3604/3590/3426 3618/3604/3440
f 3617/3603/3439 3618/3604/3440 3619/3605/3441
f 3619/3605/3441 3618/3604/3440 3620/3606/3442
f 3616/3602/3438 3617/3603/3439 3621/3607/3436
f 3621/3607/3436 3617/3603/3439 3619/3605/3441
f 3604/3590/3426 3607/3593/3429 3618/3604/3440
f 3618/3604/3440 3607/3593/3429 3622/3608/3443
f 3607/3593/3429 3422/3412/3256 3622/3608/3443
f 3622/3608/3443 3422/3412/3256 3440/3430/3273
f 3622/3608/3443 3440/3430/3273 3623/3609/3444
f 3623/3609/3444 3440/3430/3273 3442/3432/3275
f 3618/3604/3440 3622/3608/3443 3620/3606/3442
f 3620/3606/3442 3622/3608/3443 3623/3609/3444
f 3443/3433/3276 3624/3610/3445 3444/3434/3277
f 3444/3434/3277 3624/3610/3445 3625/3611/3446
f 3444/3434/3277 3625/3611/3446 3447/3437/3280
f 3626/3612/3447 3627/3613/3448 3624/3610/3445
f 3624/3610/3445 3627/3613/3448 3625/3611/3446
f 3628/3614/3449 3629/3615/3450 3626/3612/3447
f 3626/3612/3447 3629/3615/3450 3627/3613/3448
f 3627/3613/3448 3629/3615/3450 3447/3437/3280
f 3625/3611/3446 3627/3613/3448 3447/3437/3280
f 3630/3616/3449 3631/3617/3451 3632/3618/3452
f 3632/3618/3452 3631/3617/3451 3633/3619/3453
f 3631/3617/3451 3634/3620/3454 3633/3619/3453
f 3633/3619/3453 3634/3620/3454 3635/3621/3455
f 3633/3619/3453 3635/3621/3455 3458/3448/3280
f 3632/3618/3452 3633/3619/3453 3458/3448/3280
f 3460/3450/3291 3459/3449/3290 3634/3620/3454
f 3634/3620/3454 3459/3449/3290 3635/3621/3455
f 3635/3621/3455 3459/3449/3290 3458/3448/3280
f 3428/3418/3262 3611/3597/3433 3443/3433/3276
f 3443/3433/3276 3611/3597/3433 3624/3610/3445
f 3611/3597/3433 3610/3596/3432 3624/3610/3445
f 3615/3601/3437 3626/3612/3447 3610/3596/3432
f 3610/3596/3432 3626/3612/3447 3624/3610/3445
f 3614/3600/3436 3628/3614/3449 3615/3601/3437
f 3615/3601/3437 3628/3614/3449 3626/3612/3447
f 3621/3607/3436 3619/3605/3441 3630/3616/3449
f 3630/3616/3449 3619/3605/3441 3631/3617/3451
f 3619/3605/3441 3620/3606/3442 3631/3617/3451
f 3631/3617/3451 3620/3606/3442 3634/3620/3454
f 3620/3606/3442 3623/3609/3444 3634/3620/3454
f 3442/3432/3275 3460/3450/3291 3623/3609/3444
f 3623/3609/3444 3460/3450/3291 3634/3620/3454
f 3521/3511/3351 3636/3622/3456 3536/3526/3364
f 3536/3526/3364 3636/3622/3456 3637/3623/3457
f 3518/3508/3348 3638/3624/3458 3521/3511/3351
f 3521/3511/3351 3638/3624/3458 3636/3622/3456
f 3501/3491/3332 3639/3625/3459 3518/3508/3348
f 3518/3508/3348 3639/3625/3459 3638/3624/3458
f 3496/3486/3327 3640/3626/3460 3501/3491/3332
f 3501/3491/3332 3640/3626/3460 3639/3625/3459
f 3641/3627/3461 3640/3626/3460 3485/3475/3316
f 3485/3475/3316 3640/3626/3460 3496/3486/3327
f 3642/3628/3462 3641/3627/3461 3483/3473/3314
f 3483/3473/3314 3641/3627/3461 3485/3475/3316
f 3643/3629/3463 3642/3628/3462 3474/3464/3305
f 3474/3464/3305 3642/3628/3462 3483/3473/3314
f 3129/3119/2983 3643/3629/3463 3125/3115/2979
f 3125/3115/2979 3643/3629/3463 3474/3464/3305
f 3537/3527/3365 3337/3327/3178 3644/3630/3464
f 3644/3630/3464 3337/3327/3178 3470/3460/3301
f 3536/3526/3364 3637/3623/3457 3538/3528/3366
f 3538/3528/3366 3637/3623/3457 3539/3529/3367
f 3468/3458/3299 3276/3266/3124 3113/3103/2968
f 3113/3103/2968 3276/3266/3124 3108/3098/2963
f 3467/3457/3298 3288/3278/3132 3468/3458/3299
f 3468/3458/3299 3288/3278/3132 3276/3266/3124
f 3466/3456/3297 3290/3280/3134 3467/3457/3298
f 3467/3457/3298 3290/3280/3134 3288/3278/3132
f 3465/3455/3296 3298/3288/3142 3466/3456/3297
f 3466/3456/3297 3298/3288/3142 3290/3280/3134
f 3464/3454/3295 3300/3290/3144 3465/3455/3296
f 3465/3455/3296 3300/3290/3144 3298/3288/3142
f 3463/3453/3294 3316/3306/3159 3464/3454/3295
f 3464/3454/3295 3316/3306/3159 3300/3290/3144
f 3461/3451/3292 3318/3308/3161 3463/3453/3294
f 3463/3453/3294 3318/3308/3161 3316/3306/3159
f 3461/3451/3292 3462/3452/3293 3318/3308/3161
f 3318/3308/3161 3462/3452/3293 3338/3328/3179
f 3462/3452/3293 3341/3331/3182 3338/3328/3179
f 3338/3328/3179 3341/3331/3182 3469/3459/3300
f 3342/3332/3183 3470/3460/3301 3341/3331/3182
f 3341/3331/3182 3470/3460/3301 3469/3459/3300
f 3643/3629/3463 3129/3119/2983 3476/3466/3307
f 3476/3466/3307 3129/3119/2983 3126/3116/2980
f 3642/3628/3462 3643/3629/3463 3487/3477/3318
f 3487/3477/3318 3643/3629/3463 3476/3466/3307
f 3641/3627/3461 3642/3628/3462 3488/3478/3319
f 3488/3478/3319 3642/3628/3462 3487/3477/3318
f 3640/3626/3460 3641/3627/3461 3499/3489/3330
f 3499/3489/3330 3641/3627/3461 3488/3478/3319
f 3639/3625/3459 3640/3626/3460 3500/3490/3331
f 3500/3490/3331 3640/3626/3460 3499/3489/3330
f 3638/3624/3458 3639/3625/3459 3519/3509/3349
f 3519/3509/3349 3639/3625/3459 3500/3490/3331
f 3636/3622/3456 3638/3624/3458 3520/3510/3350
f 3520/3510/3350 3638/3624/3458 3519/3509/3349
f 3636/3622/3456 3520/3510/3350 3637/3623/3457
f 3637/3623/3457 3520/3510/3350 3537/3527/3365
f 3342/3332/3183 3539/3529/3367 3470/3460/3301
f 3470/3460/3301 3539/3529/3367 3644/3630/3464
f 3637/3623/3457 3537/3527/3365 3539/3529/3367
f 3539/3529/3367 3537/3527/3365 3644/3630/3464
f 3310/3300/3154 3645/3631/3465 3132/3122/2986
f 3132/3122/2986 3645/3631/3465 3646/3632/3466
f 3647/3633/3467 3648/3634/3468 3140/3130/2994
f 3140/3130/2994 3648/3634/3468 3141/3131/2995
f 3177/3167/3031 3647/3633/3467 3179/3169/3033
f 3179/3169/3033 3647/3633/3467 3140/3130/2994
f 3649/3635/3469 3246/3236/3097 3271/3261/3119
f 3271/3261/3119 3246/3236/3097 3211/3201/3065
f 3209/3199/3063 3208/3198/3062 3206/3196/3060
f 3206/3196/3060 3208/3198/3062 3650/3636/3470
f 3256/3246/3105 3247/3237/3098 3649/3635/3469
f 3649/3635/3469 3247/3237/3098 3246/3236/3097
f 3507/3497/3338 3494/3484/3325 3651/3637/3471
f 3651/3637/3471 3494/3484/3325 3652/3638/3472
f 3114/3104/2969 3653/3639/3473 3112/3102/2967
f 3112/3102/2967 3653/3639/3473 3280/3270/2962
f 3493/3483/3324 3652/3638/3472 3490/3480/3321
f 3490/3480/3321 3652/3638/3472 3494/3484/3325
f 3512/3502/3343 3654/3640/3474 3498/3488/3329
f 3498/3488/3329 3654/3640/3474 3655/3641/3475
f 3656/3642/3476 3495/3485/3326 3655/3641/3475
f 3655/3641/3475 3495/3485/3326 3498/3488/3329
f 3486/3476/3317 3495/3485/3326 3657/3643/3477
f 3657/3643/3477 3495/3485/3326 3656/3642/3476
f 3484/3474/3315 3486/3476/3317 3658/3644/2941
f 3658/3644/2941 3486/3476/3317 3657/3643/3477
f 3484/3474/3315 3658/3644/2941 3475/3465/3306
f 3475/3465/3306 3658/3644/2941 3659/3645/2942
f 3475/3465/3306 3659/3645/2942 3124/3114/2978
f 3124/3114/2978 3659/3645/2942 3660/3646/2943
f 3122/3112/2610 3124/3114/2978 3660/3646/2943
f 3105/3095/2960 3101/3091/2956 3106/3096/2961
f 3106/3096/2961 3101/3091/2956 3103/3093/2958
f 3106/3096/2961 3103/3093/2958 3268/3258/3116
f 3268/3258/3116 3103/3093/2958 3269/3259/3117
f 3138/3128/2992 3098/3088/2953 3199/3189/3053
f 3199/3189/3053 3098/3088/2953 3094/3084/2949
f 3095/3085/2950 3094/3084/2949 3097/3087/2952
f 3097/3087/2952 3094/3084/2949 3098/3088/2953
f 3216/3206/3070 3214/3204/3068 3248/3238/3099
f 3248/3238/3099 3214/3204/3068 3246/3236/3097
f 3216/3206/3070 3248/3238/3099 3218/3208/3072
f 3218/3208/3072 3248/3238/3099 3250/3240/3101
f 3218/3208/3072 3250/3240/3101 3220/3210/3074
f 3220/3210/3074 3250/3240/3101 3252/3242/3103
f 3254/3244/3041 3222/3212/3076 3252/3242/3103
f 3252/3242/3103 3222/3212/3076 3220/3210/3074
f 3213/3203/3067 3240/3230/3091 3212/3202/3066
f 3212/3202/3066 3240/3230/3091 3239/3229/3023
f 3215/3205/3069 3241/3231/3092 3213/3203/3067
f 3213/3203/3067 3241/3231/3092 3240/3230/3091
f 3215/3205/3069 3217/3207/3071 3241/3231/3092
f 3241/3231/3092 3217/3207/3071 3242/3232/3093
f 3217/3207/3071 3219/3209/3073 3242/3232/3093
f 3242/3232/3093 3219/3209/3073 3243/3233/3094
f 3219/3209/3073 3221/3211/3075 3243/3233/3094
f 3243/3233/3094 3221/3211/3075 3244/3234/3095
f 3221/3211/3075 3223/3213/3077 3244/3234/3095
f 3244/3234/3095 3223/3213/3077 3245/3235/3096
f 3151/3141/3005 3174/3164/3028 3153/3143/3007
f 3153/3143/3007 3174/3164/3028 3175/3165/3029
f 3149/3139/3003 3173/3163/3027 3151/3141/3005
f 3151/3141/3005 3173/3163/3027 3174/3164/3028
f 3147/3137/3001 3172/3162/3026 3149/3139/3003
f 3149/3139/3003 3172/3162/3026 3173/3163/3027
f 3145/3135/2999 3171/3161/3025 3147/3137/3001
f 3147/3137/3001 3171/3161/3025 3172/3162/3026
f 3170/3160/3024 3171/3161/3025 3142/3132/2996
f 3142/3132/2996 3171/3161/3025 3145/3135/2999
f 3169/3159/3023 3170/3160/3024 3143/3133/2997
f 3143/3133/2997 3170/3160/3024 3142/3132/2996
f 3201/3191/3055 3206/3196/3060 3203/3193/3057
f 3203/3193/3057 3206/3196/3060 3650/3636/3470
f 3211/3201/3065 3246/3236/3097 3214/3204/3068
f 3132/3122/2986 3646/3632/3466 3130/3120/2984
f 3130/3120/2984 3646/3632/3466 3136/3126/2990
f 3179/3169/3033 3140/3130/2994 3144/3134/2998
f 3133/3123/2987 3310/3300/3154 3132/3122/2986
f 3200/3190/3054 3204/3194/3058 3201/3191/3055
f 3661/3647/3478 3662/3648/3479 3663/3649/3480
f 3663/3649/3480 3662/3648/3479 3664/3650/3481
f 3663/3649/3480 3665/3651/3482 3661/3647/3478
f 3661/3647/3478 3665/3651/3482 3666/3652/3483
f 3667/3653/3484 3668/3654/3485 3669/3655/3486
f 3669/3655/3486 3668/3654/3485 3670/3656/3487
f 3671/3657/3488 3667/3653/3484 3672/3658/3489
f 3672/3658/3489 3667/3653/3484 3669/3655/3486
f 3673/3659/3490 3671/3657/3488 3674/3660/3491
f 3674/3660/3491 3671/3657/3488 3672/3658/3489
f 3675/3661/3492 3676/3662/3493 3674/3660/3491
f 3674/3660/3491 3676/3662/3493 3673/3659/3490
f 3676/3662/3493 3675/3661/3492 3677/3663/3494
f 3677/3663/3494 3675/3661/3492 3678/3664/3495
f 3679/3665/3496 3680/3666/3497 3678/3664/3495
f 3678/3664/3495 3680/3666/3497 3677/3663/3494
f 3681/3667/3498 3682/3668/3499 3683/3669/3500
f 3683/3669/3500 3682/3668/3499 3684/3670/3501
f 3685/3671/3502 3681/3667/3498 3686/3672/3503
f 3686/3672/3503 3681/3667/3498 3683/3669/3500
f 3687/3673/3504 3688/3674/3505 3664/3650/3481
f 3664/3650/3481 3688/3674/3505 3663/3649/3480
f 3688/3674/3505 3689/3675/3506 3663/3649/3480
f 3663/3649/3480 3689/3675/3506 3665/3651/3482
f 3690/3676/3507 3691/3677/3508 3670/3656/3487
f 3670/3656/3487 3691/3677/3508 3669/3655/3486
f 3678/3664/3495 3692/3678/3509 3679/3665/3496
f 3679/3665/3496 3692/3678/3509 3693/3679/3510
f 3684/3670/3501 3694/3680/3511 3683/3669/3500
f 3683/3669/3500 3694/3680/3511 3695/3681/3512
f 3683/3669/3500 3695/3681/3512 3686/3672/3503
f 3686/3672/3503 3695/3681/3512 3696/3682/3513
f 3691/3677/3508 3697/3683/3514 3669/3655/3486
f 3669/3655/3486 3697/3683/3514 3672/3658/3489
f 3697/3683/3514 3698/3684/3515 3672/3658/3489
f 3672/3658/3489 3698/3684/3515 3674/3660/3491
f 3674/3660/3491 3698/3684/3515 3675/3661/3492
f 3675/3661/3492 3698/3684/3515 3699/3685/3516
f 3675/3661/3492 3699/3685/3516 3678/3664/3495
f 3678/3664/3495 3699/3685/3516 3692/3678/3509
f 3700/3686/3517 3701/3687/3518 3702/3688/3519
f 3702/3688/3519 3701/3687/3518 3703/3689/3505
f 3701/3687/3518 3704/3690/3520 3703/3689/3505
f 3703/3689/3505 3704/3690/3520 3705/3691/3506
f 3706/3692/3521 3707/3693/3522 3708/3694/3507
f 3708/3694/3507 3707/3693/3522 3709/3695/3523
f 3709/3695/3523 3707/3693/3522 3710/3696/3514
f 3710/3696/3514 3707/3693/3522 3711/3697/3524
f 3710/3696/3514 3711/3697/3524 3712/3698/3525
f 3712/3698/3525 3711/3697/3524 3713/3699/3526
f 3713/3699/3526 3714/3700/3527 3712/3698/3525
f 3712/3698/3525 3714/3700/3527 3715/3701/3528
f 3715/3701/3528 3714/3700/3527 3716/3702/3509
f 3716/3702/3509 3714/3700/3527 3717/3703/3529
f 3716/3702/3509 3717/3703/3529 3718/3704/3530
f 3718/3704/3530 3717/3703/3529 3719/3705/3531
f 3720/3706/3532 3721/3707/3533 3722/3708/3534
f 3722/3708/3534 3721/3707/3533 3723/3709/3535
f 3722/3708/3534 3723/3709/3535 3724/3710/3513
f 3724/3710/3513 3723/3709/3535 3725/3711/3536
f 3726/3712/3537 3727/3713/3538 3728/3714/3539
f 3728/3714/3539 3727/3713/3538 3729/3715/3540
f 3730/3716/3541 3731/3717/3542 3732/3718/3543
f 3732/3718/3543 3731/3717/3542 3733/3719/3544
f 3734/3720/3545 3735/3721/3546 3736/3722/3547
f 3736/3722/3547 3735/3721/3546 3737/3723/3548
f 3738/3724/3549 3739/3725/3550 3740/3726/3551
f 3740/3726/3551 3739/3725/3550 3741/3727/3552
f 3742/3728/3553 3743/3729/3554 3744/3730/3555
f 3744/3730/3555 3743/3729/3554 3745/3731/3556
f 3746/3732/3557 3747/3733/3558 3748/3734/3559
f 3748/3734/3559 3747/3733/3558 3749/3735/3560
f 3732/3718/3543 3750/3736/3561 3751/3737/3562
f 3751/3737/3562 3750/3736/3561 3752/3738/3563
f 3753/3739/3564 3754/3740/3565 3755/3741/3566
f 3755/3741/3566 3754/3740/3565 3756/3742/3567
f 3744/3730/3555 3745/3731/3556 3757/3743/3568
f 3757/3743/3568 3745/3731/3556 3758/3744/3569
f 3759/3745/3570 3730/3716/3541 3760/3746/3571
f 3760/3746/3571 3730/3716/3541 3732/3718/3543
f 3761/3747/3572 3762/3748/3573 3756/3742/3567
f 3756/3742/3567 3762/3748/3573 3755/3741/3566
f 3763/3749/3574 3734/3720/3545 3764/3750/3575
f 3764/3750/3575 3734/3720/3545 3736/3722/3547
f 3741/3727/3552 3765/3751/3576 3736/3722/3547
f 3736/3722/3547 3765/3751/3576 3764/3750/3575
f 3737/3723/3548 3740/3726/3551 3736/3722/3547
f 3736/3722/3547 3740/3726/3551 3741/3727/3552
f 3758/3744/3569 3745/3731/3556 3735/3721/3546
f 3735/3721/3546 3745/3731/3556 3737/3723/3548
f 3743/3729/3554 3746/3732/3557 3745/3731/3556
f 3745/3731/3556 3746/3732/3557 3737/3723/3548
f 3726/3712/3537 3728/3714/3539 3766/3752/3577
f 3766/3752/3577 3728/3714/3539 3767/3753/3578
f 3732/3718/3543 3733/3719/3544 3750/3736/3561
f 3750/3736/3561 3733/3719/3544 3768/3754/3579
f 3732/3718/3543 3751/3737/3562 3760/3746/3571
f 3760/3746/3571 3751/3737/3562 3769/3755/3580
f 3767/3753/3578 3747/3733/3558 3743/3729/3554
f 3743/3729/3554 3747/3733/3558 3746/3732/3557
f 3766/3752/3577 3767/3753/3578 3742/3728/3553
f 3742/3728/3553 3767/3753/3578 3743/3729/3554
f 3728/3714/3539 3770/3756/3581 3767/3753/3578
f 3767/3753/3578 3770/3756/3581 3747/3733/3558
f 3771/3757/3582 3770/3756/3581 3729/3715/3540
f 3729/3715/3540 3770/3756/3581 3728/3714/3539
f 3738/3724/3549 3740/3726/3551 3749/3735/3560
f 3749/3735/3560 3740/3726/3551 3748/3734/3559
f 3772/3758/3583 3773/3759/3584 3774/3760/3585
f 3774/3760/3585 3773/3759/3584 3775/3761/3586
f 3775/3761/3586 3776/3762/3587 3774/3760/3585
f 3774/3760/3585 3776/3762/3587 3777/3763/534
f 3778/3764/3588 3779/3765/3589 3777/3763/534
f 3777/3763/534 3779/3765/3589 3774/3760/3585
f 3780/3766/3590 3779/3765/3589 3781/3767/3591
f 3781/3767/3591 3779/3765/3589 3782/3768/3592
f 3779/3765/3589 3778/3764/3588 3782/3768/3592
f 3782/3768/3592 3778/3764/3588 3783/3769/3593
f 3727/3713/3538 3773/3759/3584 3729/3715/3540
f 3729/3715/3540 3773/3759/3584 3772/3758/3583
f 3784/3770/3594 3785/3771/3595 3786/3772/3596
f 3786/3772/3596 3785/3771/3595 3787/3773/3597
f 3788/3774/3598 3789/3775/3599 3790/3776/3600
f 3790/3776/3600 3789/3775/3599 3791/3777/3601
f 3788/3774/3598 3792/3778/3602 3789/3775/3599
f 3789/3775/3599 3792/3778/3602 3793/3779/3603
f 3794/3780/3604 3795/3781/3605 3796/3782/3606
f 3796/3782/3606 3795/3781/3605 3797/3783/3607
f 3798/3784/3608 3799/3785/3609 3800/3786/3610
f 3800/3786/3610 3799/3785/3609 3801/3787/3611
f 3802/3788/3612 3803/3789/3613 3804/3790/3614
f 3804/3790/3614 3803/3789/3613 3805/3791/3615
f 3806/3792/3616 3802/3788/3612 3807/3793/3617
f 3807/3793/3617 3802/3788/3612 3804/3790/3614
f 3808/3794/3618 3809/3795/3619 3780/3766/3590
f 3780/3766/3590 3809/3795/3619 3772/3758/3583
f 3779/3765/3589 3780/3766/3590 3774/3760/3585
f 3774/3760/3585 3780/3766/3590 3772/3758/3583
f 3799/3785/3609 3810/3796/3620 3801/3787/3611
f 3801/3787/3611 3810/3796/3620 3811/3797/3621
f 3812/3798/3622 3813/3799/3623 3802/3788/3612
f 3802/3788/3612 3813/3799/3623 3803/3789/3613
f 3814/3800/3624 3812/3798/3622 3806/3792/3616
f 3806/3792/3616 3812/3798/3622 3802/3788/3612
f 3815/3801/3625 3816/3802/3626 3817/3803/3627
f 3817/3803/3627 3816/3802/3626 3818/3804/3628
f 3808/3794/3618 3780/3766/3590 3819/3805/3629
f 3819/3805/3629 3780/3766/3590 3781/3767/3591
f 3817/3803/3627 3814/3800/3624 3815/3801/3625
f 3815/3801/3625 3814/3800/3624 3806/3792/3616
f 3815/3801/3625 3806/3792/3616 3820/3806/3630
f 3820/3806/3630 3806/3792/3616 3807/3793/3617
f 3795/3781/3605 3821/3807/3631 3797/3783/3607
f 3797/3783/3607 3821/3807/3631 3822/3808/3632
f 3823/3809/3633 3788/3774/3598 3824/3810/3634
f 3824/3810/3634 3788/3774/3598 3790/3776/3600
f 3825/3811/3635 3792/3778/3602 3823/3809/3633
f 3823/3809/3633 3792/3778/3602 3788/3774/3598
f 3821/3807/3631 3795/3781/3605 3825/3811/3635
f 3825/3811/3635 3795/3781/3605 3792/3778/3602
f 3756/3742/3567 3764/3750/3575 3761/3747/3572
f 3761/3747/3572 3764/3750/3575 3765/3751/3576
f 3764/3750/3575 3756/3742/3567 3763/3749/3574
f 3763/3749/3574 3756/3742/3567 3754/3740/3565
f 3755/3741/3566 3760/3746/3571 3753/3739/3564
f 3753/3739/3564 3760/3746/3571 3769/3755/3580
f 3762/3748/3573 3759/3745/3570 3755/3741/3566
f 3755/3741/3566 3759/3745/3570 3760/3746/3571
f 3738/3724/3549 3825/3811/3635 3739/3725/3550
f 3739/3725/3550 3825/3811/3635 3823/3809/3633
f 3826/3812/3636 3827/3813/3637 3828/3814/3638
f 3828/3814/3638 3827/3813/3637 3829/3815/3639
f 3830/3816/3640 3828/3814/3638 3831/3817/3641
f 3831/3817/3641 3828/3814/3638 3832/3818/3642
f 3833/3813/3643 3826/3812/3636 3834/3819/3644
f 3834/3819/3644 3826/3812/3636 3835/3820/3645
f 3828/3814/3638 3830/3816/3640 3836/3821/3646
f 3836/3821/3646 3830/3816/3640 3837/3822/3647
f 3830/3816/3640 3838/3823/3648 3837/3822/3647
f 3837/3822/3647 3838/3823/3648 3839/3824/3649
f 3840/3825/3650 3841/3826/3651 3842/3827/3652
f 3843/3828/3653 3844/3829/3654 3845/3830/3655
f 3845/3830/3655 3844/3829/3654 3846/3831/3656
f 3836/3821/3646 3847/3832/3657 3843/3828/3653
f 3843/3828/3653 3847/3832/3657 3844/3829/3654
f 3836/3821/3646 3837/3822/3647 3847/3832/3657
f 3847/3832/3657 3837/3822/3647 3848/3833/3658
f 3839/3824/3649 3849/3834/3659 3837/3822/3647
f 3837/3822/3647 3849/3834/3659 3848/3833/3658
f 3850/3835/3660 3851/3836/3661 3852/3837/3662
f 3852/3837/3662 3851/3836/3661 3853/3838/3663
f 3846/3831/3656 3854/3839/3664 3851/3836/3661
f 3851/3836/3661 3854/3839/3664 3853/3838/3663
f 3844/3829/3654 3855/3840/3665 3846/3831/3656
f 3846/3831/3656 3855/3840/3665 3854/3839/3664
f 3847/3832/3657 3856/3841/3666 3844/3829/3654
f 3844/3829/3654 3856/3841/3666 3855/3840/3665
f 3848/3833/3658 3857/3842/3667 3847/3832/3657
f 3847/3832/3657 3857/3842/3667 3856/3841/3666
f 3849/3834/3659 3858/3843/3668 3848/3833/3658
f 3848/3833/3658 3858/3843/3668 3857/3842/3667
f 3852/3837/3662 3853/3838/3663 3859/3844/3669
f 3859/3844/3669 3853/3838/3663 3860/3845/3670
f 3854/3839/3664 3861/3846/3671 3853/3838/3663
f 3853/3838/3663 3861/3846/3671 3860/3845/3670
f 3855/3840/3665 3862/3847/3672 3854/3839/3664
f 3854/3839/3664 3862/3847/3672 3861/3846/3671
f 3856/3841/3666 3863/3848/3673 3855/3840/3665
f 3855/3840/3665 3863/3848/3673 3862/3847/3672
f 3857/3842/3667 3864/3849/3674 3856/3841/3666
f 3856/3841/3666 3864/3849/3674 3863/3848/3673
f 3858/3843/3668 3865/3850/3675 3857/3842/3667
f 3857/3842/3667 3865/3850/3675 3864/3849/3674
f 3859/3844/3669 3860/3845/3670 3866/3851/3676
f 3866/3851/3676 3860/3845/3670 3867/3852/3677
f 3861/3846/3671 3868/3853/3678 3860/3845/3670
f 3860/3845/3670 3868/3853/3678 3867/3852/3677
f 3862/3847/3672 3869/3854/3679 3861/3846/3671
f 3861/3846/3671 3869/3854/3679 3868/3853/3678
f 3863/3848/3673 3870/3855/3680 3862/3847/3672
f 3862/3847/3672 3870/3855/3680 3869/3854/3679
f 3864/3849/3674 3871/3856/3681 3863/3848/3673
f 3863/3848/3673 3871/3856/3681 3870/3855/3680
f 3865/3850/3675 3872/3857/3682 3864/3849/3674
f 3864/3849/3674 3872/3857/3682 3871/3856/3681
f 3866/3851/3676 3867/3852/3677 3873/3858/3683
f 3873/3858/3683 3867/3852/3677 3874/3859/3684
f 3867/3852/3677 3868/3853/3678 3874/3859/3684
f 3874/3859/3684 3868/3853/3678 3875/3860/3685
f 3869/3854/3679 3876/3861/3686 3868/3853/3678
f 3868/3853/3678 3876/3861/3686 3875/3860/3685
f 3870/3855/3680 3877/3862/3687 3869/3854/3679
f 3869/3854/3679 3877/3862/3687 3876/3861/3686
f 3871/3856/3681 3878/3863/3688 3870/3855/3680
f 3870/3855/3680 3878/3863/3688 3877/3862/3687
f 3872/3857/3682 3879/3864/3689 3871/3856/3681
f 3871/3856/3681 3879/3864/3689 3878/3863/3688
f 3873/3858/3683 3874/3859/3684 3880/3865/3690
f 3874/3859/3684 3875/3860/3685 3880/3865/3690
f 3875/3860/3685 3876/3861/3686 3880/3865/3690
f 3876/3861/3686 3877/3862/3687 3880/3865/3690
f 3877/3862/3687 3878/3863/3688 3880/3865/3690
f 3878/3863/3688 3879/3864/3689 3880/3865/3690
f 3881/3866/3691 3882/3867/3692 3883/3868/3693
f 3883/3868/3693 3882/3867/3692 3884/3869/3694
f 3885/3870/3695 3886/3871/3696 3887/3872/3697
f 3887/3872/3697 3886/3871/3696 3888/3873/3698
f 3881/3866/3691 3889/3874/3699 3885/3870/3695
f 3885/3870/3695 3889/3874/3699 3886/3871/3696
f 3890/3835/3700 3891/3875/3701 3881/3866/3691
f 3881/3866/3691 3891/3875/3701 3889/3874/3699
f 3892/3876/3702 3888/3873/3698 3893/3877/3703
f 3893/3877/3703 3888/3873/3698 3894/3878/3704
f 3886/3871/3696 3895/3879/3705 3888/3873/3698
f 3888/3873/3698 3895/3879/3705 3894/3878/3704
f 3886/3871/3696 3889/3874/3699 3895/3879/3705
f 3895/3879/3705 3889/3874/3699 3896/3880/3706
f 3891/3875/3701 3897/3881/3707 3889/3874/3699
f 3889/3874/3699 3897/3881/3707 3896/3880/3706
f 3893/3877/3703 3894/3878/3704 3898/3882/3708
f 3898/3882/3708 3894/3878/3704 3899/3883/3709
f 3895/3879/3705 3900/3884/3710 3894/3878/3704
f 3894/3878/3704 3900/3884/3710 3899/3883/3709
f 3895/3879/3705 3896/3880/3706 3900/3884/3710
f 3900/3884/3710 3896/3880/3706 3901/3885/3711
f 3897/3881/3707 3902/3886/3712 3896/3880/3706
f 3896/3880/3706 3902/3886/3712 3901/3885/3711
f 3898/3882/3708 3899/3883/3709 3903/3887/3713
f 3903/3887/3713 3899/3883/3709 3904/3888/3714
f 3900/3884/3710 3905/3889/3715 3899/3883/3709
f 3899/3883/3709 3905/3889/3715 3904/3888/3714
f 3900/3884/3710 3901/3885/3711 3905/3889/3715
f 3905/3889/3715 3901/3885/3711 3906/3890/3716
f 3902/3886/3712 3907/3891/3717 3901/3885/3711
f 3901/3885/3711 3907/3891/3717 3906/3890/3716
f 3903/3887/3713 3904/3888/3714 3908/3892/3718
f 3904/3888/3714 3905/3889/3715 3908/3892/3718
f 3905/3889/3715 3906/3890/3716 3908/3892/3718
f 3906/3890/3716 3907/3891/3717 3908/3892/3718
f 3842/3827/3719 3909/3826/3720 3910/3820/3721
f 3910/3820/3721 3909/3826/3720 3834/3819/3722
f 3911/3893/3723 3912/3894/3724 3913/3895/3725
f 3913/3895/3725 3912/3894/3724 3914/3896/3726
f 3913/3895/3725 3914/3896/3726 3915/3897/3727
f 3915/3897/3727 3914/3896/3726 3916/3898/3728
f 3915/3897/3727 3916/3898/3728 3917/3899/3729
f 3917/3899/3729 3916/3898/3728 3918/3900/3730
f 3917/3899/3729 3918/3900/3730 3919/3901/3731
f 3919/3901/3731 3918/3900/3730 3920/3902/3732
f 3921/3903/3733 3922/3904/3734 3923/3905/3735
f 3912/3894/3724 3924/3906/3736 3914/3896/3726
f 3914/3896/3726 3924/3906/3736 3925/3907/3737
f 3914/3896/3726 3925/3907/3737 3916/3898/3728
f 3916/3898/3728 3925/3907/3737 3926/3908/3738
f 3916/3898/3728 3926/3908/3738 3918/3900/3730
f 3918/3900/3730 3926/3908/3738 3927/3909/3739
f 3918/3900/3730 3927/3909/3739 3920/3902/3732
f 3920/3902/3732 3927/3909/3739 3928/3910/3740
f 3929/3911/3741 3930/3912/3742 3931/3913/3743
f 3932/3914/3744 3933/3915/3745 3924/3906/3736
f 3924/3906/3736 3933/3915/3745 3925/3907/3737
f 3925/3907/3737 3933/3915/3745 3926/3908/3738
f 3926/3908/3738 3933/3915/3745 3934/3916/3746
f 3926/3908/3738 3934/3916/3746 3927/3909/3739
f 3927/3909/3739 3934/3916/3746 3935/3917/3747
f 3927/3909/3739 3935/3917/3747 3928/3910/3740
f 3928/3910/3740 3935/3917/3747 3936/3918/3748
f 3937/3919/3749 3938/3920/3750 3931/3913/3743
f 3931/3913/3743 3938/3920/3750 3929/3911/3741
f 3938/3920/3750 3939/3921/3751 3929/3911/3741
f 3929/3911/3741 3939/3921/3751 3932/3914/3744
f 3939/3921/3751 3940/3922/3752 3932/3914/3744
f 3932/3914/3744 3940/3922/3752 3933/3915/3745
f 3940/3922/3752 3941/3923/3753 3933/3915/3745
f 3933/3915/3745 3941/3923/3753 3934/3916/3746
f 3941/3923/3753 3942/3924/3754 3934/3916/3746
f 3934/3916/3746 3942/3924/3754 3935/3917/3747
f 3935/3917/3747 3942/3924/3754 3936/3918/3748
f 3936/3918/3748 3942/3924/3754 3943/3925/3755
f 3944/3926/3756 3945/3927/3757 3937/3919/3749
f 3937/3919/3749 3945/3927/3757 3938/3920/3750
f 3945/3927/3757 3946/3928/3758 3938/3920/3750
f 3938/3920/3750 3946/3928/3758 3939/3921/3751
f 3946/3928/3758 3947/3929/3759 3939/3921/3751
f 3939/3921/3751 3947/3929/3759 3940/3922/3752
f 3947/3929/3759 3948/3930/3760 3940/3922/3752
f 3940/3922/3752 3948/3930/3760 3941/3923/3753
f 3948/3930/3760 3949/3931/3761 3941/3923/3753
f 3941/3923/3753 3949/3931/3761 3942/3924/3754
f 3942/3924/3754 3949/3931/3761 3943/3925/3755
f 3943/3925/3755 3949/3931/3761 3950/3932/3762
f 3951/3933/3676 3952/3934/3763 3944/3926/3756
f 3944/3926/3756 3952/3934/3763 3945/3927/3757
f 3952/3934/3763 3953/3935/3764 3945/3927/3757
f 3945/3927/3757 3953/3935/3764 3946/3928/3758
f 3953/3935/3764 3954/3936/3765 3946/3928/3758
f 3946/3928/3758 3954/3936/3765 3947/3929/3759
f 3954/3936/3765 3955/3937/3766 3947/3929/3759
f 3947/3929/3759 3955/3937/3766 3948/3930/3760
f 3955/3937/3766 3956/3938/3767 3948/3930/3760
f 3948/3930/3760 3956/3938/3767 3949/3931/3761
f 3949/3931/3761 3956/3938/3767 3950/3932/3762
f 3950/3932/3762 3956/3938/3767 3957/3939/3768
f 3958/3940/3769 3959/3941/3770 3951/3933/3676
f 3951/3933/3676 3959/3941/3770 3952/3934/3763
f 3959/3941/3770 3960/3942/3771 3952/3934/3763
f 3952/3934/3763 3960/3942/3771 3953/3935/3764
f 3960/3942/3771 3961/3943/3772 3953/3935/3764
f 3953/3935/3764 3961/3943/3772 3954/3936/3765
f 3961/3943/3772 3962/3944/3773 3954/3936/3765
f 3954/3936/3765 3962/3944/3773 3955/3937/3766
f 3962/3944/3773 3963/3945/3774 3955/3937/3766
f 3955/3937/3766 3963/3945/3774 3956/3938/3767
f 3963/3945/3774 3964/3946/3689 3956/3938/3767
f 3956/3938/3767 3964/3946/3689 3957/3939/3768
f 3958/3940/3769 3965/3947/3775 3959/3941/3770
f 3959/3941/3770 3965/3947/3775 3960/3942/3771
f 3960/3942/3771 3965/3947/3775 3961/3943/3772
f 3961/3943/3772 3965/3947/3775 3962/3944/3773
f 3962/3944/3773 3965/3947/3775 3963/3945/3774
f 3963/3945/3774 3965/3947/3775 3964/3946/3689
f 3966/3948/3776 3967/3949/3777 3968/3950/3778
f 3968/3950/3778 3967/3949/3777 3969/3951/3779
f 3970/3952/3780 3971/3904/3781 3972/3903/3782
f 3966/3948/3776 3973/3953/3783 3974/3954/3784
f 3974/3954/3784 3973/3953/3783 3975/3955/3785
f 3974/3954/3784 3976/3956/3786 3966/3948/3776
f 3966/3948/3776 3976/3956/3786 3967/3949/3777
f 3977/3957/3787 3978/3913/3788 3979/3912/3789
f 3980/3958/3790 3981/3959/3791 3975/3955/3785
f 3975/3955/3785 3981/3959/3791 3974/3954/3784
f 3981/3959/3791 3982/3960/3792 3974/3954/3784
f 3974/3954/3784 3982/3960/3792 3976/3956/3786
f 3976/3956/3786 3982/3960/3792 3977/3957/3787
f 3977/3957/3787 3982/3960/3792 3983/3961/3793
f 3977/3957/3787 3983/3961/3793 3978/3913/3788
f 3978/3913/3788 3983/3961/3793 3984/3962/3701
f 3985/3963/3794 3986/3964/3795 3980/3958/3790
f 3980/3958/3790 3986/3964/3795 3981/3959/3791
f 3986/3964/3795 3987/3965/3796 3981/3959/3791
f 3981/3959/3791 3987/3965/3796 3982/3960/3792
f 3982/3960/3792 3987/3965/3796 3983/3961/3793
f 3983/3961/3793 3987/3965/3796 3988/3966/3797
f 3983/3961/3793 3988/3966/3797 3984/3962/3701
f 3984/3962/3701 3988/3966/3797 3989/3967/3707
f 3990/3968/3708 3991/3969/3798 3985/3963/3794
f 3985/3963/3794 3991/3969/3798 3986/3964/3795
f 3991/3969/3798 3992/3970/3799 3986/3964/3795
f 3986/3964/3795 3992/3970/3799 3987/3965/3796
f 3987/3965/3796 3992/3970/3799 3988/3966/3797
f 3988/3966/3797 3992/3970/3799 3993/3971/3800
f 3988/3966/3797 3993/3971/3800 3989/3967/3707
f 3989/3967/3707 3993/3971/3800 3994/3972/3801
f 3995/3973/3802 3996/3974/3803 3990/3968/3708
f 3990/3968/3708 3996/3974/3803 3991/3969/3798
f 3996/3974/3803 3997/3975/3804 3991/3969/3798
f 3991/3969/3798 3997/3975/3804 3992/3970/3799
f 3992/3970/3799 3997/3975/3804 3993/3971/3800
f 3993/3971/3800 3997/3975/3804 3998/3976/3805
f 3998/3976/3805 3999/3977/3806 3993/3971/3800
f 3993/3971/3800 3999/3977/3806 3994/3972/3801
f 3995/3973/3802 4000/3978/3718 3996/3974/3803
f 3996/3974/3803 4000/3978/3718 3997/3975/3804
f 3997/3975/3804 4000/3978/3718 3998/3976/3805
f 3998/3976/3805 4000/3978/3718 3999/3977/3806
f 3967/3949/3777 3976/3956/3786 3970/3952/3780
f 3970/3952/3780 3976/3956/3786 3977/3957/3787
f 3967/3949/3777 3970/3952/3780 3969/3951/3779
f 3969/3951/3779 3970/3952/3780 3972/3903/3782
f 3911/3893/3723 3921/3903/3733 3912/3894/3724
f 3924/3906/3736 3912/3894/3724 3923/3905/3735
f 3923/3905/3735 3912/3894/3724 3921/3903/3733
f 3929/3911/3741 3932/3914/3744 3923/3905/3735
f 3923/3905/3735 3932/3914/3744 3924/3906/3736
f 3977/3957/3787 3979/3912/3789 3970/3952/3780
f 3970/3952/3780 3979/3912/3789 3971/3904/3781
f 3929/3911/3741 3923/3905/3735 3930/3912/3742
f 3930/3912/3742 3923/3905/3735 3922/3904/3734
f 3881/3866/3691 3883/3868/3693 3890/3835/3700
f 3851/3836/3661 3850/3835/3660 4001/3868/3807
f 4002/3979/3808 3917/3899/3729 4003/3980/3809
f 4003/3980/3809 3917/3899/3729 3919/3901/3731
f 4004/3981/3810 3915/3897/3727 4002/3979/3808
f 4002/3979/3808 3915/3897/3727 3917/3899/3729
f 3913/3895/3725 3915/3897/3727 4005/3982/3811
f 4005/3982/3811 3915/3897/3727 4004/3981/3810
f 4006/3983/3812 4007/3984/3813 4008/3985/3564
f 4008/3985/3564 4007/3984/3813 4009/3986/3814
f 4010/3987/3815 4011/3988/3816 4012/3989/3785
f 4012/3989/3785 4011/3988/3816 3887/3872/3697
f 4013/3990/3817 4014/3991/3818 4015/3992/3819
f 4015/3992/3819 4014/3991/3818 4016/3993/3820
f 4013/3990/3817 4017/3994/3821 4014/3991/3818
f 4014/3991/3818 4017/3994/3821 4018/3995/3822
f 4014/3991/3818 4018/3995/3822 4019/3996/3823
f 4019/3996/3823 4018/3995/3822 4020/3997/3824
f 4019/3996/3823 4021/3998/3825 4022/3999/3826
f 4022/3999/3826 4021/3998/3825 4023/4000/3827
f 4020/3997/3824 4024/4001/3828 4019/3996/3823
f 4019/3996/3823 4024/4001/3828 4021/3998/3825
f 4025/4002/3829 4021/3998/3825 4026/4003/3830
f 4026/4003/3830 4021/3998/3825 4024/4001/3828
f 4027/4004/3831 4028/4005/3832 4029/4006/3833
f 4029/4006/3833 4028/4005/3832 4030/4007/3834
f 4017/3994/3821 4031/4008/3835 4018/3995/3822
f 4018/3995/3822 4031/4008/3835 4032/4009/3836
f 4031/4008/3835 4033/4010/3837 4032/4009/3836
f 4032/4009/3836 4033/4010/3837 4034/4011/3838
f 4032/4009/3836 4034/4011/3838 4035/4012/3839
f 4035/4012/3839 4034/4011/3838 4036/4013/3840
f 4033/4010/3837 4037/4014/3841 4034/4011/3838
f 4034/4011/3838 4037/4014/3841 4038/4015/3842
f 4037/4014/3841 4039/4016/3843 4038/4015/3842
f 4038/4015/3842 4039/4016/3843 4040/4017/3844
f 4038/4015/3842 4040/4017/3844 4041/4018/3845
f 4041/4018/3845 4040/4017/3844 4042/4019/3846
f 4043/4020/3847 4028/4005/3832 4041/4018/3845
f 4041/4018/3845 4028/4005/3832 4036/4013/3840
f 4044/4021/3848 4043/4020/3847 4042/4019/3846
f 4042/4019/3846 4043/4020/3847 4041/4018/3845
f 4043/4020/3847 4044/4021/3848 4045/4022/3849
f 4045/4022/3849 4044/4021/3848 4046/4023/3850
f 4047/4024/3851 4048/4025/3852 4049/4026/3853
f 4049/4026/3853 4048/4025/3852 4050/4027/3854
f 4040/4017/3844 4039/4016/3843 4051/4028/3855
f 4051/4028/3855 4039/4016/3843 4052/4029/3856
f 4051/4028/3855 4052/4029/3856 4053/4030/3857
f 4053/4030/3857 4052/4029/3856 4054/4031/3858
f 4055/4032/3859 4051/4028/3855 4056/4033/3860
f 4056/4033/3860 4051/4028/3855 4053/4030/3857
f 4053/4030/3857 4054/4031/3858 4057/4034/3861
f 4057/4034/3861 4054/4031/3858 4058/4035/3862
f 4058/4035/3862 4059/4036/3863 4057/4034/3861
f 4057/4034/3861 4059/4036/3863 4060/4037/3864
f 4061/4038/3865 4057/4034/3861 4062/4039/3866
f 4062/4039/3866 4057/4034/3861 4060/4037/3864
f 4061/4038/3865 4063/4040/3867 4056/4033/3860
f 4056/4033/3860 4063/4040/3867 4050/4027/3854
f 4064/4041/3868 4065/4042/3869 4061/4038/3865
f 4061/4038/3865 4065/4042/3869 4063/4040/3867
f 4066/4043/3870 4067/4044/3871 4068/4045/3872
f 4068/4045/3872 4067/4044/3871 4069/4046/3873
f 4070/4047/3874 4071/4048/3875 4072/4049/3876
f 4072/4049/3876 4071/4048/3875 4073/4050/3877
f 4073/4050/3877 4074/4051/3878 4072/4049/3876
f 4072/4049/3876 4074/4051/3878 4075/4052/3879
f 4072/4049/3876 4075/4052/3879 4076/4053/3880
f 4076/4053/3880 4075/4052/3879 4077/4054/3881
f 4074/4051/3878 4078/4055/3882 4075/4052/3879
f 4075/4052/3879 4078/4055/3882 4079/4056/3883
f 4078/4055/3882 4080/4057/3884 4079/4056/3883
f 4079/4056/3883 4080/4057/3884 4081/4058/3885
f 4079/4056/3883 4081/4058/3885 4082/4059/3886
f 4082/4059/3886 4081/4058/3885 4083/4060/3887
f 4084/4061/3888 4068/4045/3872 4082/4059/3886
f 4082/4059/3886 4068/4045/3872 4077/4054/3881
f 4085/4062/3889 4084/4061/3888 4083/4060/3887
f 4083/4060/3887 4084/4061/3888 4082/4059/3886
f 4086/4063/3890 4087/4064/3891 4085/4062/3889
f 4085/4062/3889 4087/4064/3891 4084/4061/3888
f 4088/4065/3892 4089/4066/3893 4090/4067/3894
f 4090/4067/3894 4089/4066/3893 4091/4068/3895
f 4081/4058/3885 4080/4057/3884 4092/4069/3896
f 4092/4069/3896 4080/4057/3884 4093/4070/3897
f 4092/4069/3896 4093/4070/3897 4094/4071/3898
f 4094/4071/3898 4093/4070/3897 3731/3717/3542
f 4095/4072/3899 4092/4069/3896 4096/4073/3900
f 4096/4073/3900 4092/4069/3896 4094/4071/3898
f 3766/3752/3577 4097/4074/3901 3726/3712/3537
f 3726/3712/3537 4097/4074/3901 4098/4075/3902
f 4098/4075/3902 4099/4076/3903 3726/3712/3537
f 3726/3712/3537 4099/4076/3903 3727/3713/3538
f 4100/4077/3904 4101/4078/3905 4102/4079/3906
f 4102/4079/3906 4101/4078/3905 4103/4080/3907
f 4103/4080/3907 4104/4081/3908 4102/4079/3906
f 4102/4079/3906 4104/4081/3908 4105/4082/3909
f 4097/4074/3901 4106/4083/3910 4098/4075/3902
f 4098/4075/3902 4106/4083/3910 4107/4084/3911
f 4106/4083/3910 4108/4085/3912 4107/4084/3911
f 4107/4084/3911 4108/4085/3912 4109/4086/3913
f 4110/4087/3914 4107/4084/3911 4111/4088/3915
f 4111/4088/3915 4107/4084/3911 4109/4086/3913
f 4108/4085/3912 4112/4089/3916 4109/4086/3913
f 4109/4086/3913 4112/4089/3916 4113/4090/3917
f 4112/4089/3916 4114/4091/3918 4113/4090/3917
f 4113/4090/3917 4114/4091/3918 4115/4092/3919
f 4113/4090/3917 4115/4092/3919 4116/4093/3920
f 4116/4093/3920 4115/4092/3919 4117/4094/3921
f 4118/4095/3922 4103/4080/3907 4116/4093/3920
f 4116/4093/3920 4103/4080/3907 4111/4088/3915
f 4119/4096/3923 4118/4095/3922 4117/4094/3921
f 4117/4094/3921 4118/4095/3922 4116/4093/3920
f 4118/4095/3922 4119/4096/3923 4120/4097/3924
f 4120/4097/3924 4119/4096/3923 4121/4098/3925
f 4122/4099/3926 4123/4100/3927 4124/4101/3928
f 4124/4101/3928 4123/4100/3927 4125/4102/3929
f 4126/4103/3930 4122/4099/3926 4127/4104/3931
f 4127/4104/3931 4122/4099/3926 4124/4101/3928
f 4126/4103/3930 4128/4105/3932 4122/4099/3926
f 4122/4099/3926 4128/4105/3932 4129/4106/3933
f 4123/4100/3927 4122/4099/3926 4130/4107/3934
f 4130/4107/3934 4122/4099/3926 4129/4106/3933
f 4131/4108/3935 4013/3990/3817 4132/4109/3936
f 4132/4109/3936 4013/3990/3817 4015/3992/3819
f 4125/4102/3929 4123/4100/3927 4132/4109/3936
f 4132/4109/3936 4123/4100/3927 4131/4108/3935
f 4123/4100/3927 4130/4107/3934 4131/4108/3935
f 4131/4108/3935 4130/4107/3934 4133/4110/3937
f 4131/4108/3935 4133/4110/3937 4013/3990/3817
f 4013/3990/3817 4133/4110/3937 4017/3994/3821
f 4126/4103/3930 4134/4111/3938 4135/4112/3939
f 4135/4112/3939 4134/4111/3938 4136/4113/3651
f 3752/3738/3563 3750/3736/3561 4137/4114/3940
f 4137/4114/3940 3750/3736/3561 4138/4115/3941
f 4137/4114/3940 4138/4115/3941 4139/4116/3942
f 4139/4116/3942 4138/4115/3941 4140/4117/3943
f 3733/3719/3544 4141/4118/3944 3768/3754/3579
f 3768/3754/3579 4141/4118/3944 4142/4119/3945
f 3733/3719/3544 3731/3717/3542 4141/4118/3944
f 4141/4118/3944 3731/3717/3542 4093/4070/3897
f 4093/4070/3897 4080/4057/3884 4141/4118/3944
f 4141/4118/3944 4080/4057/3884 4078/4055/3882
f 4142/4119/3945 4141/4118/3944 4074/4051/3878
f 4074/4051/3878 4141/4118/3944 4078/4055/3882
f 4143/4120/3946 4144/4121/3947 4145/4122/3948
f 4145/4122/3948 4144/4121/3947 4146/4123/3949
f 3768/3754/3579 4142/4119/3945 4143/4120/3946
f 4143/4120/3946 4142/4119/3945 4144/4121/3947
f 4144/4121/3947 4142/4119/3945 4073/4050/3877
f 4073/4050/3877 4142/4119/3945 4074/4051/3878
f 4146/4123/3949 4144/4121/3947 4071/4048/3875
f 4071/4048/3875 4144/4121/3947 4073/4050/3877
f 4133/4110/3937 4147/4124/3950 4017/3994/3821
f 4017/3994/3821 4147/4124/3950 4031/4008/3835
f 4130/4107/3934 4148/4125/3951 4133/4110/3937
f 4133/4110/3937 4148/4125/3951 4147/4124/3950
f 4148/4125/3951 4149/4126/3952 4147/4124/3950
f 4147/4124/3950 4149/4126/3952 4150/4127/3953
f 4147/4124/3950 4150/4127/3953 4031/4008/3835
f 4031/4008/3835 4150/4127/3953 4033/4010/3837
f 4129/4106/3933 4151/4128/3954 4130/4107/3934
f 4130/4107/3934 4151/4128/3954 4148/4125/3951
f 4128/4105/3932 4152/4129/3955 4129/4106/3933
f 4129/4106/3933 4152/4129/3955 4151/4128/3954
f 4151/4128/3954 4152/4129/3955 4153/4130/3956
f 4153/4130/3956 4152/4129/3955 4154/4131/3948
f 4148/4125/3951 4151/4128/3954 4149/4126/3952
f 4149/4126/3952 4151/4128/3954 4153/4130/3956
f 4149/4126/3952 4153/4130/3956 4155/4132/3957
f 4155/4132/3957 4153/4130/3956 4156/4133/3958
f 4153/4130/3956 4154/4131/3948 4156/4133/3958
f 4156/4133/3958 4154/4131/3948 4157/4134/3959
f 4156/4133/3958 4157/4134/3959 4058/4035/3862
f 4058/4035/3862 4157/4134/3959 4059/4036/3863
f 4155/4132/3957 4156/4133/3958 4054/4031/3858
f 4054/4031/3858 4156/4133/3958 4058/4035/3862
f 4150/4127/3953 4158/4135/3960 4033/4010/3837
f 4033/4010/3837 4158/4135/3960 4037/4014/3841
f 4150/4127/3953 4149/4126/3952 4158/4135/3960
f 4158/4135/3960 4149/4126/3952 4155/4132/3957
f 4155/4132/3957 4054/4031/3858 4158/4135/3960
f 4158/4135/3960 4054/4031/3858 4052/4029/3856
f 4037/4014/3841 4158/4135/3960 4039/4016/3843
f 4039/4016/3843 4158/4135/3960 4052/4029/3856
f 4159/4136/3961 4127/4104/3931 4160/4137/3639
f 4160/4137/3639 4127/4104/3931 4161/4138/3962
f 4161/4138/3962 4127/4104/3931 4162/4139/3963
f 4162/4139/3963 4127/4104/3931 4124/4101/3928
f 4125/4102/3929 4163/4140/3964 4124/4101/3928
f 4124/4101/3928 4163/4140/3964 4162/4139/3963
f 4163/4140/3964 4125/4102/3929 4164/4141/3965
f 4164/4141/3965 4125/4102/3929 4132/4109/3936
f 4165/4142/3966 4164/4141/3965 4015/3992/3819
f 4015/3992/3819 4164/4141/3965 4132/4109/3936
f 4166/4143/3967 4165/4142/3966 4016/3993/3820
f 4016/3993/3820 4165/4142/3966 4015/3992/3819
f 4167/4144/3968 4168/4145/3969 4162/4139/3963
f 4162/4139/3963 4168/4145/3969 4161/4138/3962
f 4169/4146/3970 4167/4144/3968 4163/4140/3964
f 4163/4140/3964 4167/4144/3968 4162/4139/3963
f 4170/4147/3971 4169/4146/3970 4164/4141/3965
f 4164/4141/3965 4169/4146/3970 4163/4140/3964
f 4171/4148/3972 4170/4147/3971 4165/4142/3966
f 4165/4142/3966 4170/4147/3971 4164/4141/3965
f 4172/4149/3973 4171/4148/3972 4166/4143/3967
f 4166/4143/3967 4171/4148/3972 4165/4142/3966
f 4097/4074/3901 3766/3752/3577 4168/4145/3969
f 4168/4145/3969 3766/3752/3577 3742/3728/3553
f 4106/4083/3910 4097/4074/3901 4167/4144/3968
f 4167/4144/3968 4097/4074/3901 4168/4145/3969
f 4108/4085/3912 4106/4083/3910 4169/4146/3970
f 4169/4146/3970 4106/4083/3910 4167/4144/3968
f 4112/4089/3916 4108/4085/3912 4170/4147/3971
f 4170/4147/3971 4108/4085/3912 4169/4146/3970
f 4114/4091/3918 4112/4089/3916 4171/4148/3972
f 4171/4148/3972 4112/4089/3916 4170/4147/3971
f 4115/4092/3919 4114/4091/3918 4172/4149/3973
f 4172/4149/3973 4114/4091/3918 4171/4148/3972
f 4173/4150/3974 4174/4151/3975 4004/3981/3810
f 4004/3981/3810 4174/4151/3975 4005/3982/3811
f 4004/3981/3810 4002/3979/3808 4173/4150/3974
f 4173/4150/3974 4002/3979/3808 4175/4152/3976
f 4175/4152/3976 4002/3979/3808 4176/4153/3569
f 4176/4153/3569 4002/3979/3808 4003/3980/3809
f 4177/4154/3977 4178/4155/3978 4179/4156/3979
f 4179/4156/3979 4178/4155/3978 3832/3818/3642
f 3882/3867/3692 3881/3866/3691 4180/4157/3980
f 4180/4157/3980 3881/3866/3691 3885/3870/3695
f 4127/4104/3931 4159/4136/3961 4126/4103/3930
f 4126/4103/3930 4159/4136/3961 4134/4111/3938
f 4136/4113/3651 4139/4116/3942 4135/4112/3939
f 4135/4112/3939 4139/4116/3942 4140/4117/3943
f 3828/3814/3638 3829/3815/3639 3832/3818/3642
f 3832/3818/3642 3829/3815/3639 4179/4156/3979
f 3851/3836/3661 4001/3868/3807 4181/4158/3981
f 4181/4158/3981 4001/3868/3807 4182/3869/3694
f 3851/3836/3661 4181/4158/3981 3846/3831/3656
f 3846/3831/3656 4181/4158/3981 3845/3830/3655
f 4183/4159/3982 3838/3823/3648 3831/3817/3641
f 3831/3817/3641 3838/3823/3648 3830/3816/3640
f 3831/3817/3641 3832/3818/3642 4183/4159/3982
f 4183/4159/3982 3832/3818/3642 4178/4155/3978
f 4184/4160/3983 3841/3826/3651 3840/3825/3650
f 4180/4157/3980 3885/3870/3695 4011/3988/3816
f 4011/3988/3816 3885/3870/3695 3887/3872/3697
f 3973/3953/3783 4185/4161/3984 4186/4162/3985
f 4186/4162/3985 4185/4161/3984 4187/4163/3562
f 3968/3950/3778 4185/4161/3984 3966/3948/3776
f 3966/3948/3776 4185/4161/3984 3973/3953/3783
f 3888/3873/3698 3892/3876/3702 3887/3872/3697
f 3887/3872/3697 3892/3876/3702 4012/3989/3785
f 3757/3743/3568 4160/4137/3639 3744/3730/3555
f 3744/3730/3555 4160/4137/3639 4161/4138/3962
f 4168/4145/3969 3742/3728/3553 4161/4138/3962
f 4161/4138/3962 3742/3728/3553 3744/3730/3555
f 4140/4117/3943 4138/4115/3941 4145/4122/3948
f 4145/4122/3948 4138/4115/3941 4143/4120/3946
f 3750/3736/3561 3768/3754/3579 4138/4115/3941
f 4138/4115/3941 3768/3754/3579 4143/4120/3946
f 4185/4161/3984 4188/4164/3986 4187/4163/3562
f 4187/4163/3562 4188/4164/3986 4189/4165/3987
f 4190/4166/3988 4191/4167/3989 4069/4046/3873
f 4069/4046/3873 4191/4167/3989 4076/4053/3880
f 4061/4038/3865 4062/4039/3866 4064/4041/3868
f 4064/4041/3868 4062/4039/3866 4192/4168/3990
f 4193/4169/3991 4194/4170/3992 4195/4171/3993
f 4196/4172/3994 4194/4170/3992 4197/4173/3995
f 4197/4173/3995 4194/4170/3992 4193/4169/3991
f 4102/4079/3906 4198/4174/3996 4100/4077/3904
f 4100/4077/3904 4198/4174/3996 4199/4175/3997
f 4102/4079/3906 4105/4082/3909 4200/4176/3998
f 4200/4176/3998 4105/4082/3909 4201/4177/637
f 4202/4178/3999 4203/4179/4000 4100/4077/3904
f 4100/4077/3904 4203/4179/4000 4101/4078/3905
f 4204/4180/536 4202/4178/3999 4199/4175/3997
f 4199/4175/3997 4202/4178/3999 4100/4077/3904
f 4203/4179/4000 4202/4178/3999 3773/3759/3584
f 3773/3759/3584 4202/4178/3999 3775/3761/3586
f 3775/3761/3586 4205/4181/4001 3776/3762/3587
f 4103/4080/3907 4101/4078/3905 4111/4088/3915
f 4111/4088/3915 4101/4078/3905 4110/4087/3914
f 4110/4087/3914 4101/4078/3905 4099/4076/3903
f 4099/4076/3903 4101/4078/3905 4203/4179/4000
f 4099/4076/3903 4203/4179/4000 3727/3713/3538
f 3727/3713/3538 4203/4179/4000 3773/3759/3584
f 4206/4182/4002 4207/4183/4003 4208/4184/4004
f 4209/4185/4005 4188/4164/3986 3968/3950/3778
f 3968/3950/3778 4188/4164/3986 4185/4161/3984
f 3911/3893/3723 4209/4185/4005 3969/3951/3779
f 3969/3951/3779 4209/4185/4005 3968/3950/3778
f 3969/3951/3779 3972/3903/3782 3911/3893/3723
f 4206/4182/4002 4067/4044/3871 4210/4186/4006
f 4210/4186/4006 4067/4044/3871 4066/4043/3870
f 4066/4043/3870 4087/4064/3891 4210/4186/4006
f 4210/4186/4006 4087/4064/3891 4211/4187/4007
f 4087/4064/3891 4086/4063/3890 4211/4187/4007
f 4211/4187/4007 4086/4063/3890 4212/4188/4008
f 4212/4188/4008 4086/4063/3890 4213/4189/4009
f 4213/4189/4009 4086/4063/3890 4091/4068/3895
f 4213/4189/4009 4091/4068/3895 4214/4190/4010
f 4214/4190/4010 4091/4068/3895 4089/4066/3893
f 4087/4064/3891 4066/4043/3870 4084/4061/3888
f 4084/4061/3888 4066/4043/3870 4068/4045/3872
f 4090/4067/3894 4091/4068/3895 4085/4062/3889
f 4085/4062/3889 4091/4068/3895 4086/4063/3890
f 4215/4191/4011 4119/4096/3923 4216/4192/4012
f 4216/4192/4012 4119/4096/3923 4117/4094/3921
f 4217/4193/4013 4218/4194/4014 4216/4192/4012
f 4216/4192/4012 4218/4194/4014 4215/4191/4011
f 4022/3999/3826 4023/4000/3827 4217/4193/4013
f 4217/4193/4013 4023/4000/3827 4218/4194/4014
f 4027/4004/3831 4024/4001/3828 4035/4012/3839
f 4035/4012/3839 4024/4001/3828 4020/3997/3824
f 4028/4005/3832 4027/4004/3831 4036/4013/3840
f 4036/4013/3840 4027/4004/3831 4035/4012/3839
f 4055/4032/3859 4048/4025/3852 4042/4019/3846
f 4042/4019/3846 4048/4025/3852 4044/4021/3848
f 4056/4033/3860 4050/4027/3854 4055/4032/3859
f 4055/4032/3859 4050/4027/3854 4048/4025/3852
f 4076/4053/3880 4191/4167/3989 4219/4195/4015
f 4219/4195/4015 4191/4167/3989 4220/4196/4016
f 4068/4045/3872 4069/4046/3873 4077/4054/3881
f 4077/4054/3881 4069/4046/3873 4076/4053/3880
f 4095/4072/3899 4090/4067/3894 4083/4060/3887
f 4083/4060/3887 4090/4067/3894 4085/4062/3889
f 4096/4073/3900 4088/4065/3892 4095/4072/3899
f 4095/4072/3899 4088/4065/3892 4090/4067/3894
f 4105/4082/3909 4221/4197/4017 4201/4177/637
f 4201/4177/637 4221/4197/4017 4222/4198/4018
f 4221/4197/4017 4105/4082/3909 4223/4199/4019
f 4223/4199/4019 4105/4082/3909 4104/4081/3908
f 4104/4081/3908 4120/4097/3924 4223/4199/4019
f 4223/4199/4019 4120/4097/3924 4224/4200/4020
f 4120/4097/3924 4121/4098/3925 4224/4200/4020
f 4224/4200/4020 4121/4098/3925 4225/4201/4021
f 4121/4098/3925 4226/4202/4022 4225/4201/4021
f 4225/4201/4021 4226/4202/4022 4227/4203/4023
f 4227/4203/4023 4226/4202/4022 4228/4204/4024
f 4228/4204/4024 4226/4202/4022 4229/4205/4025
f 4228/4204/4024 4229/4205/4025 4230/4206/4026
f 4230/4206/4026 4229/4205/4025 4231/4207/4027
f 4025/4002/3829 4232/4208/4028 4231/4207/4027
f 4231/4207/4027 4232/4208/4028 4230/4206/4026
f 4232/4208/4028 4025/4002/3829 4233/4209/4029
f 4233/4209/4029 4025/4002/3829 4026/4003/3830
f 4026/4003/3830 4029/4006/3833 4233/4209/4029
f 4233/4209/4029 4029/4006/3833 4234/4210/4030
f 4029/4006/3833 4030/4007/3834 4234/4210/4030
f 4234/4210/4030 4030/4007/3834 4235/4211/4031
f 4030/4007/3834 4045/4022/3849 4235/4211/4031
f 4235/4211/4031 4045/4022/3849 4236/4212/4032
f 4045/4022/3849 4046/4023/3850 4236/4212/4032
f 4236/4212/4032 4046/4023/3850 4237/4213/4033
f 4237/4213/4033 4046/4023/3850 4238/4214/4034
f 4238/4214/4034 4046/4023/3850 4047/4024/3851
f 4238/4214/4034 4047/4024/3851 4239/4215/4035
f 4239/4215/4035 4047/4024/3851 4049/4026/3853
f 4049/4026/3853 4197/4173/3995 4239/4215/4035
f 4239/4215/4035 4197/4173/3995 4193/4169/3991
f 4120/4097/3924 4104/4081/3908 4118/4095/3922
f 4118/4095/3922 4104/4081/3908 4103/4080/3907
f 4226/4202/4022 4121/4098/3925 4215/4191/4011
f 4215/4191/4011 4121/4098/3925 4119/4096/3923
f 4226/4202/4022 4215/4191/4011 4229/4205/4025
f 4229/4205/4025 4215/4191/4011 4218/4194/4014
f 4229/4205/4025 4218/4194/4014 4231/4207/4027
f 4231/4207/4027 4218/4194/4014 4023/4000/3827
f 4231/4207/4027 4023/4000/3827 4025/4002/3829
f 4025/4002/3829 4023/4000/3827 4021/3998/3825
f 4029/4006/3833 4026/4003/3830 4027/4004/3831
f 4027/4004/3831 4026/4003/3830 4024/4001/3828
f 4045/4022/3849 4030/4007/3834 4043/4020/3847
f 4043/4020/3847 4030/4007/3834 4028/4005/3832
f 4046/4023/3850 4044/4021/3848 4047/4024/3851
f 4047/4024/3851 4044/4021/3848 4048/4025/3852
f 4197/4173/3995 4049/4026/3853 4063/4040/3867
f 4063/4040/3867 4049/4026/3853 4050/4027/3854
f 4206/4182/4002 4208/4184/4004 4067/4044/3871
f 4067/4044/3871 4208/4184/4004 4240/4216/4036
f 4240/4216/4036 4241/4217/4037 4067/4044/3871
f 4067/4044/3871 4241/4217/4037 4069/4046/3873
f 4065/4042/3869 4196/4172/3994 4063/4040/3867
f 4063/4040/3867 4196/4172/3994 4197/4173/3995
f 4174/4151/3975 4009/3986/3814 4005/3982/3811
f 4005/3982/3811 4009/3986/3814 4007/3984/3813
f 3911/3893/3723 3913/3895/3725 4007/3984/3813
f 4007/3984/3813 3913/3895/3725 4005/3982/3811
f 4006/3983/3812 4188/4164/3986 4209/4185/4005
f 4188/4164/3986 4006/3983/3812 4189/4165/3987
f 4189/4165/3987 4006/3983/3812 4008/3985/3564
f 4007/3984/3813 4006/3983/3812 3911/3893/3723
f 3911/3893/3723 4006/3983/3812 4209/4185/4005
f 4099/4076/3903 4098/4075/3902 4110/4087/3914
f 4110/4087/3914 4098/4075/3902 4107/4084/3911
f 4116/4093/3920 4111/4088/3915 4113/4090/3917
f 4113/4090/3917 4111/4088/3915 4109/4086/3913
f 4216/4192/4012 4117/4094/3921 4172/4149/3973
f 4172/4149/3973 4117/4094/3921 4115/4092/3919
f 4216/4192/4012 4172/4149/3973 4217/4193/4013
f 4217/4193/4013 4172/4149/3973 4166/4143/3967
f 4217/4193/4013 4166/4143/3967 4022/3999/3826
f 4022/3999/3826 4166/4143/3967 4016/3993/3820
f 4022/3999/3826 4016/3993/3820 4019/3996/3823
f 4019/3996/3823 4016/3993/3820 4014/3991/3818
f 4035/4012/3839 4020/3997/3824 4032/4009/3836
f 4032/4009/3836 4020/3997/3824 4018/3995/3822
f 4041/4018/3845 4036/4013/3840 4038/4015/3842
f 4038/4015/3842 4036/4013/3840 4034/4011/3838
f 4042/4019/3846 4040/4017/3844 4055/4032/3859
f 4055/4032/3859 4040/4017/3844 4051/4028/3855
f 4056/4033/3860 4053/4030/3857 4061/4038/3865
f 4061/4038/3865 4053/4030/3857 4057/4034/3861
f 4076/4053/3880 4219/4195/4015 4072/4049/3876
f 4072/4049/3876 4219/4195/4015 4070/4047/3874
f 4082/4059/3886 4077/4054/3881 4079/4056/3883
f 4079/4056/3883 4077/4054/3881 4075/4052/3879
f 4083/4060/3887 4081/4058/3885 4095/4072/3899
f 4095/4072/3899 4081/4058/3885 4092/4069/3896
f 3821/3807/3631 4242/4218/4038 3822/3808/3632
f 3822/3808/3632 4242/4218/4038 4243/4219/4039
f 3820/3806/3630 4244/4220/4040 3815/3801/3625
f 3815/3801/3625 4244/4220/4040 3816/3802/3626
f 3808/3794/3618 3819/3805/3629 3816/3802/3626
f 3816/3802/3626 3819/3805/3629 3818/3804/3628
f 3808/3794/3618 3816/3802/3626 3809/3795/3619
f 3809/3795/3619 3816/3802/3626 4244/4220/4040
f 3770/3756/3581 3771/3757/3582 4245/4221/4041
f 4245/4221/4041 3771/3757/3582 4246/4222/4042
f 3770/3756/3581 4245/4221/4041 3747/3733/3558
f 3747/3733/3558 4245/4221/4041 3749/3735/3560
f 4180/4157/3980 4247/4223/4043 4248/4160/4044
f 4248/4160/4044 4247/4223/4043 3909/3826/4045
f 4249/4224/4046 4247/4223/4043 4011/3988/3816
f 4011/3988/3816 4247/4223/4043 4180/4157/3980
f 4011/3988/3816 4250/3987/4047 4249/4224/4046
f 4249/4224/4046 4250/3987/4047 4251/4225/3985
f 4180/4157/3980 4184/4160/3983 3882/3867/3692
f 3882/3867/3692 4184/4160/3983 3884/3869/3694
f 3884/3869/3694 4184/4160/3983 3840/3825/3650
f 4182/3869/3694 3840/3825/3650 4181/4158/3981
f 4181/4158/3981 3840/3825/3650 3842/3827/3652
f 4181/4158/3981 3842/3827/3652 3845/3830/3655
f 3845/3830/3655 3842/3827/3652 3835/3820/3645
f 3845/3830/3655 3835/3820/3645 3843/3828/3653
f 3843/3828/3653 3835/3820/3645 3826/3812/3636
f 3828/3814/3638 3836/3821/3646 3826/3812/3636
f 3826/3812/3636 3836/3821/3646 3843/3828/3653
f 3784/3770/3594 3786/3772/3596 3790/3776/3600
f 3790/3776/3600 3786/3772/3596 3824/3810/3634
f 3795/3781/3605 3794/3780/3604 3792/3778/3602
f 3792/3778/3602 3794/3780/3604 3793/3779/3603
f 3700/3686/3517 4252/4226/4048 3701/3687/3518
f 3701/3687/3518 4252/4226/4048 4253/4227/4049
f 3701/3687/3518 4253/4227/4049 3704/3690/3520
f 3704/3690/3520 4253/4227/4049 4254/4228/4050
f 4255/4229/4051 3707/3693/3522 4256/4230/4052
f 4256/4230/4052 3707/3693/3522 3706/3692/3521
f 3707/3693/3522 4255/4229/4051 3711/3697/3524
f 3711/3697/3524 4255/4229/4051 3791/3777/3601
f 3789/3775/3599 3713/3699/3526 3791/3777/3601
f 3791/3777/3601 3713/3699/3526 3711/3697/3524
f 3789/3775/3599 3793/3779/3603 3713/3699/3526
f 3713/3699/3526 3793/3779/3603 3714/3700/3527
f 3717/3703/3529 3714/3700/3527 3794/3780/3604
f 3794/3780/3604 3714/3700/3527 3793/3779/3603
f 3717/3703/3529 3794/3780/3604 3719/3705/3531
f 3719/3705/3531 3794/3780/3604 3796/3782/3606
f 3803/3789/3613 3723/3709/3535 3805/3791/3615
f 3805/3791/3615 3723/3709/3535 3721/3707/3533
f 3813/3799/3623 3725/3711/3536 3803/3789/3613
f 3803/3789/3613 3725/3711/3536 3723/3709/3535
f 4246/4222/4042 4243/4219/4039 4245/4221/4041
f 4245/4221/4041 4243/4219/4039 4242/4218/4038
f 3746/3732/3557 3748/3734/3559 3737/3723/3548
f 3737/3723/3548 3748/3734/3559 3740/3726/3551
f 4245/4221/4041 4242/4218/4038 3749/3735/3560
f 3749/3735/3560 4242/4218/4038 3738/3724/3549
f 3825/3811/3635 3738/3724/3549 3821/3807/3631
f 3821/3807/3631 3738/3724/3549 4242/4218/4038
f 3785/3771/3595 3798/3784/3608 3787/3773/3597
f 3787/3773/3597 3798/3784/3608 3800/3786/3610
f 3704/3690/3520 4254/4228/4050 3706/3692/3521
f 3706/3692/3521 4254/4228/4050 4256/4230/4052
f 3704/3690/3520 3706/3692/3521 3705/3691/3506
f 3705/3691/3506 3706/3692/3521 3708/3694/3507
f 3689/3675/3506 3690/3676/3507 3665/3651/3482
f 3665/3651/3482 3690/3676/3507 3670/3656/3487
f 3668/3654/3485 3666/3652/3483 3670/3656/3487
f 3670/3656/3487 3666/3652/3483 3665/3651/3482
f 3679/3665/3496 3684/3670/3501 3680/3666/3497
f 3680/3666/3497 3684/3670/3501 3682/3668/3499
f 3694/3680/3511 3684/3670/3501 3693/3679/3510
f 3693/3679/3510 3684/3670/3501 3679/3665/3496
f 3721/3707/3533 3720/3706/3532 3719/3705/3531
f 3719/3705/3531 3720/3706/3532 3718/3704/3530
f 3805/3791/3615 3721/3707/3533 3796/3782/3606
f 3796/3782/3606 3721/3707/3533 3719/3705/3531
f 3804/3790/3614 3805/3791/3615 3797/3783/3607
f 3797/3783/3607 3805/3791/3615 3796/3782/3606
f 3807/3793/3617 3804/3790/3614 3822/3808/3632
f 3822/3808/3632 3804/3790/3614 3797/3783/3607
f 3820/3806/3630 3807/3793/3617 4243/4219/4039
f 4243/4219/4039 3807/3793/3617 3822/3808/3632
f 4243/4219/4039 4246/4222/4042 3820/3806/3630
f 3820/3806/3630 4246/4222/4042 4244/4220/4040
f 3809/3795/3619 4244/4220/4040 3771/3757/3582
f 3771/3757/3582 4244/4220/4040 4246/4222/4042
f 3772/3758/3583 3809/3795/3619 3729/3715/3540
f 3729/3715/3540 3809/3795/3619 3771/3757/3582
f 4207/4183/4003 4257/4231/2610 4208/4184/4004
f 4208/4184/4004 4257/4231/2610 4258/4232/4053
f 4208/4184/4004 4258/4232/4053 4240/4216/4036
f 4240/4216/4036 4258/4232/4053 4259/4233/4054
f 4259/4233/4054 4260/4234/2546 4240/4216/4036
f 4240/4216/4036 4260/4234/2546 4241/4217/4037
f 4190/4166/3988 4261/4235/2540 4191/4167/3989
f 4191/4167/3989 4261/4235/2540 4262/4236/2539
f 4263/4237/4055 4220/4196/4016 4262/4236/2539
f 4262/4236/2539 4220/4196/4016 4191/4167/3989
f 4264/4238/4055 4265/4239/2531 4192/4168/3990
f 4192/4168/3990 4265/4239/2531 4064/4041/3868
f 4065/4042/3869 4064/4041/3868 4266/4240/2525
f 4266/4240/2525 4064/4041/3868 4265/4239/2531
f 4266/4240/2525 4267/4241/4056 4065/4042/3869
f 4065/4042/3869 4267/4241/4056 4196/4172/3994
f 4268/4242/2603 4194/4170/3992 4267/4241/4056
f 4267/4241/4056 4194/4170/3992 4196/4172/3994
f 4194/4170/3992 4268/4242/2603 4195/4171/3993
f 4195/4171/3993 4268/4242/2603 4269/4243/4057
f 4270/4244/3481 4271/4245/3479 4272/4246/4058
f 4272/4246/4058 4271/4245/3479 4273/4247/4059
f 4272/4246/4058 4273/4247/4059 4274/4248/4060
f 4274/4248/4060 4273/4247/4059 4275/4249/4061
f 4276/4250/4062 4277/4251/4063 4278/4252/4064
f 4278/4252/4064 4277/4251/4063 4279/4253/4065
f 4277/4251/4063 4276/4250/4062 4280/4254/4066
f 4280/4254/4066 4276/4250/4062 4281/4255/4067
f 4282/4256/4068 4283/4257/4069 4281/4255/4067
f 4281/4255/4067 4283/4257/4069 4280/4254/4066
f 4282/4256/4068 4284/4258/4070 4283/4257/4069
f 4283/4257/4069 4284/4258/4070 4285/4259/4071
f 4286/4260/4072 4285/4259/4071 4287/4261/4073
f 4287/4261/4073 4285/4259/4071 4284/4258/4070
f 4287/4261/4073 4288/4262/4074 4286/4260/4072
f 4286/4260/4072 4288/4262/4074 4289/4263/4075
f 4290/4264/4076 4291/4265/4077 4292/4266/4078
f 4292/4266/4078 4291/4265/4077 4293/4267/4079
f 4294/4268/3502 4295/4269/4080 4290/4264/4076
f 4290/4264/4076 4295/4269/4080 4291/4265/4077
f 4272/4246/4058 4296/4270/4081 4270/4244/3481
f 4270/4244/3481 4296/4270/4081 4297/4271/3519
f 4274/4248/4060 4298/4272/4082 4272/4246/4058
f 4272/4246/4058 4298/4272/4082 4296/4270/4081
f 4299/4273/4083 4279/4253/4065 4300/4274/4084
f 4300/4274/4084 4279/4253/4065 4277/4251/4063
f 4286/4260/4072 4289/4263/4075 4301/4275/4085
f 4301/4275/4085 4289/4263/4075 4302/4276/4086
f 4293/4267/4079 4291/4265/4077 4303/4277/4087
f 4303/4277/4087 4291/4265/4077 4304/4278/4088
f 4291/4265/4077 4295/4269/4080 4304/4278/4088
f 4304/4278/4088 4295/4269/4080 4305/4279/3513
f 4280/4254/4066 4306/4280/4089 4277/4251/4063
f 4277/4251/4063 4306/4280/4089 4300/4274/4084
f 4283/4257/4069 4307/4281/4090 4280/4254/4066
f 4280/4254/4066 4307/4281/4090 4306/4280/4089
f 4283/4257/4069 4285/4259/4071 4307/4281/4090
f 4307/4281/4090 4285/4259/4071 4308/4282/4091
f 4285/4259/4071 4286/4260/4072 4308/4282/4091
f 4308/4282/4091 4286/4260/4072 4301/4275/4085
f 4309/4283/4092 4310/4284/4093 4311/3688/3519
f 4311/3688/3519 4310/4284/4093 4312/3686/4094
f 4313/4285/4082 4314/4286/4095 4309/4283/4092
f 4309/4283/4092 4314/4286/4095 4310/4284/4093
f 4315/4287/4096 4316/4288/4097 4317/4289/4098
f 4317/4289/4098 4316/4288/4097 4318/4290/4099
f 4318/4290/4099 4319/4291/4100 4317/4289/4098
f 4317/4289/4098 4319/4291/4100 4320/4292/4101
f 4319/4291/4100 4321/4293/4102 4320/4292/4101
f 4320/4292/4101 4321/4293/4102 4322/4294/4103
f 4323/4295/4091 4324/4296/4104 4321/4293/4102
f 4321/4293/4102 4324/4296/4104 4322/4294/4103
f 4323/4295/4091 4325/4297/4085 4324/4296/4104
f 4324/4296/4104 4325/4297/4085 4326/4298/4105
f 4325/4297/4085 4327/4299/4106 4326/4298/4105
f 4326/4298/4105 4327/4299/4106 4328/4300/4107
f 4329/4301/4087 4330/4302/4108 4331/4303/4109
f 4331/4303/4109 4330/4302/4108 4332/4304/4110
f 4330/4302/4108 4333/4305/3513 4332/4304/4110
f 4332/4304/4110 4333/4305/3513 4334/4306/3536
f 4335/4307/4111 4336/4308/4112 4337/4309/4113
f 4337/4309/4113 4336/4308/4112 4338/4310/4114
f 4339/4311/4115 4340/4312/4116 4341/4313/4117
f 4341/4313/4117 4340/4312/4116 4342/4314/4118
f 4343/4315/4119 4344/4316/4120 4345/4317/4121
f 4345/4317/4121 4344/4316/4120 4346/4318/4122
f 4347/4319/4123 4348/4320/4124 4349/4321/4125
f 4349/4321/4125 4348/4320/4124 4350/4322/4126
f 4351/4323/4127 4352/4324/4128 4353/4325/4129
f 4353/4325/4129 4352/4324/4128 4354/4326/4130
f 4355/4327/4131 4356/4328/4132 4357/4329/4133
f 4357/4329/4133 4356/4328/4132 4358/4330/4134
f 4341/4313/4117 4359/4331/4135 4360/4332/4136
f 4360/4332/4136 4359/4331/4135 4361/4333/4137
f 4362/4334/4138 4363/4335/4139 4364/4336/4140
f 4364/4336/4140 4363/4335/4139 4365/4337/4141
f 4366/4338/4142 4354/4326/4130 4367/4339/4143
f 4367/4339/4143 4354/4326/4130 4352/4324/4128
f 4368/4340/4144 4369/4341/4145 4342/4314/4118
f 4342/4314/4118 4369/4341/4145 4341/4313/4117
f 4363/4335/4139 4370/4342/4146 4365/4337/4141
f 4365/4337/4141 4370/4342/4146 4371/4343/4147
f 4372/4344/4148 4373/4345/4149 4343/4315/4119
f 4343/4315/4119 4373/4345/4149 4344/4316/4120
f 4347/4319/4123 4344/4316/4120 4374/4346/4150
f 4374/4346/4150 4344/4316/4120 4373/4345/4149
f 4346/4318/4122 4344/4316/4120 4349/4321/4125
f 4349/4321/4125 4344/4316/4120 4347/4319/4123
f 4366/4338/4142 4345/4317/4121 4354/4326/4130
f 4354/4326/4130 4345/4317/4121 4346/4318/4122
f 4353/4325/4129 4354/4326/4130 4355/4327/4131
f 4355/4327/4131 4354/4326/4130 4346/4318/4122
f 4338/4310/4114 4375/4347/4151 4337/4309/4113
f 4337/4309/4113 4375/4347/4151 4376/4348/4152
f 4341/4313/4117 4360/4332/4136 4339/4311/4115
f 4339/4311/4115 4360/4332/4136 4377/4349/4153
f 4378/4350/4154 4359/4331/4135 4369/4341/4145
f 4369/4341/4145 4359/4331/4135 4341/4313/4117
f 4376/4348/4152 4353/4325/4129 4357/4329/4133
f 4357/4329/4133 4353/4325/4129 4355/4327/4131
f 4353/4325/4129 4376/4348/4152 4351/4323/4127
f 4351/4323/4127 4376/4348/4152 4375/4347/4151
f 4357/4329/4133 4379/4351/4155 4376/4348/4152
f 4376/4348/4152 4379/4351/4155 4337/4309/4113
f 4380/4352/4156 4335/4307/4111 4379/4351/4155
f 4379/4351/4155 4335/4307/4111 4337/4309/4113
f 4350/4322/4126 4358/4330/4134 4349/4321/4125
f 4349/4321/4125 4358/4330/4134 4356/4328/4132
f 4381/4353/4157 4382/4354/4158 4383/4355/4159
f 4383/4355/4159 4382/4354/4158 4384/4356/4160
f 4383/4355/4159 4385/4357/4161 4381/4353/4157
f 4381/4353/4157 4385/4357/4161 4386/4358/4162
f 4387/4359/4163 4388/4360/776 4389/4361/4164
f 4389/4361/4164 4388/4360/776 4383/4355/4159
f 4390/4362/4165 4391/4363/3591 4389/4361/4164
f 4389/4361/4164 4391/4363/3591 4392/4364/3592
f 4393/4365/3593 4387/4359/4163 4392/4364/3592
f 4392/4364/3592 4387/4359/4163 4389/4361/4164
f 4336/4308/4112 4335/4307/4111 4382/4354/4158
f 4382/4354/4158 4335/4307/4111 4384/4356/4160
f 4394/4366/4166 4395/4367/4167 4396/4368/4168
f 4396/4368/4168 4395/4367/4167 4397/4369/4169
f 4398/4370/4170 4399/4371/4171 4395/4367/4167
f 4395/4367/4167 4399/4371/4171 4397/4369/4169
f 4400/4372/4172 4401/4373/4173 4402/4374/4174
f 4402/4374/4174 4401/4373/4173 4403/4375/4175
f 4404/4376/4176 4405/4377/4177 4406/4378/4178
f 4406/4378/4178 4405/4377/4177 4407/4379/4179
f 4408/4380/4180 4409/4381/4181 4407/4379/4179
f 4407/4379/4179 4409/4381/4181 4406/4378/4178
f 4410/4382/4182 4390/4362/4165 4411/4383/4183
f 4411/4383/4183 4390/4362/4165 4384/4356/4160
f 4384/4356/4160 4390/4362/4165 4383/4355/4159
f 4383/4355/4159 4390/4362/4165 4389/4361/4164
f 4405/4377/4177 4412/4384/3623 4407/4379/4179
f 4407/4379/4179 4412/4384/3623 4413/4385/3622
f 4414/4386/3624 4408/4380/4180 4413/4385/3622
f 4413/4385/3622 4408/4380/4180 4407/4379/4179
f 4415/4387/3628 4416/4388/4184 4417/4389/3627
f 4417/4389/3627 4416/4388/4184 4418/4390/4185
f 4391/4363/3591 4390/4362/4165 4419/4391/3629
f 4419/4391/3629 4390/4362/4165 4410/4382/4182
f 4408/4380/4180 4414/4386/3624 4418/4390/4185
f 4418/4390/4185 4414/4386/3624 4417/4389/3627
f 4409/4381/4181 4408/4380/4180 4420/4392/4186
f 4420/4392/4186 4408/4380/4180 4418/4390/4185
f 4421/4393/4187 4422/4394/4188 4403/4375/4175
f 4403/4375/4175 4422/4394/4188 4402/4374/4174
f 4423/4395/4189 4424/4396/4190 4397/4369/4169
f 4397/4369/4169 4424/4396/4190 4396/4368/4168
f 4425/4397/4191 4423/4395/4189 4399/4371/4171
f 4399/4371/4171 4423/4395/4189 4397/4369/4169
f 4422/4394/4188 4425/4397/4191 4402/4374/4174
f 4402/4374/4174 4425/4397/4191 4399/4371/4171
f 4365/4337/4141 4371/4343/4147 4373/4345/4149
f 4373/4345/4149 4371/4343/4147 4374/4346/4150
f 4364/4336/4140 4365/4337/4141 4372/4344/4148
f 4372/4344/4148 4365/4337/4141 4373/4345/4149
f 4363/4335/4139 4362/4334/4138 4369/4341/4145
f 4369/4341/4145 4362/4334/4138 4378/4350/4154
f 4370/4342/4146 4363/4335/4139 4368/4340/4144
f 4368/4340/4144 4363/4335/4139 4369/4341/4145
f 4348/4320/4124 4426/4398/4192 4423/4395/4189
f 4423/4395/4189 4426/4398/4192 4424/4396/4190
f 4350/4322/4126 4348/4320/4124 4425/4397/4191
f 4425/4397/4191 4348/4320/4124 4423/4395/4189
f 4427/4399/4193 4428/4400/4194 4429/4401/4195
f 4429/4401/4195 4428/4400/4194 4430/4402/4196
f 4431/4403/4197 4432/4404/4198 4429/4401/4195
f 4429/4401/4195 4432/4404/4198 4433/4405/4199
f 4434/4406/4200 4435/4402/4201 4436/4407/4202
f 4436/4407/4202 4435/4402/4201 4437/4400/4203
f 4429/4401/4195 4438/4408/4204 4431/4403/4197
f 4431/4403/4197 4438/4408/4204 4439/4409/4205
f 4431/4403/4197 4439/4409/4205 4440/4410/4206
f 4440/4410/4206 4439/4409/4205 4441/4411/4207
f 4442/4412/4208 4443/4413/4209 4444/4414/4210
f 4445/4415/4211 4446/4416/4212 4447/4417/4213
f 4447/4417/4213 4446/4416/4212 4448/4418/4214
f 4446/4416/4212 4449/4419/4215 4448/4418/4214
f 4448/4418/4214 4449/4419/4215 4438/4408/4204
f 4438/4408/4204 4449/4419/4215 4439/4409/4205
f 4439/4409/4205 4449/4419/4215 4450/4420/4216
f 4450/4420/4216 4451/4421/4217 4439/4409/4205
f 4439/4409/4205 4451/4421/4217 4441/4411/4207
f 4452/4422/4218 4453/4423/4219 4454/4424/4220
f 4454/4424/4220 4453/4423/4219 4455/4425/4221
f 4455/4425/4221 4456/4426/4222 4454/4424/4220
f 4454/4424/4220 4456/4426/4222 4445/4415/4211
f 4456/4426/4222 4457/4427/4223 4445/4415/4211
f 4445/4415/4211 4457/4427/4223 4446/4416/4212
f 4457/4427/4223 4458/4428/4224 4446/4416/4212
f 4446/4416/4212 4458/4428/4224 4449/4419/4215
f 4458/4428/4224 4459/4429/4225 4449/4419/4215
f 4449/4419/4215 4459/4429/4225 4450/4420/4216
f 4459/4429/4225 4460/4430/4226 4450/4420/4216
f 4450/4420/4216 4460/4430/4226 4451/4421/4217
f 4453/4423/4219 4461/4431/4227 4455/4425/4221
f 4455/4425/4221 4461/4431/4227 4462/4432/4228
f 4462/4432/4228 4463/4433/4229 4455/4425/4221
f 4455/4425/4221 4463/4433/4229 4456/4426/4222
f 4463/4433/4229 4464/4434/4230 4456/4426/4222
f 4456/4426/4222 4464/4434/4230 4457/4427/4223
f 4464/4434/4230 4465/4435/4231 4457/4427/4223
f 4457/4427/4223 4465/4435/4231 4458/4428/4224
f 4465/4435/4231 4466/4436/4232 4458/4428/4224
f 4458/4428/4224 4466/4436/4232 4459/4429/4225
f 4466/4436/4232 4467/4437/4233 4459/4429/4225
f 4459/4429/4225 4467/4437/4233 4460/4430/4226
f 4461/4431/4227 4468/4438/4234 4462/4432/4228
f 4462/4432/4228 4468/4438/4234 4469/4439/4235
f 4469/4439/4235 4470/4440/4236 4462/4432/4228
f 4462/4432/4228 4470/4440/4236 4463/4433/4229
f 4470/4440/4236 4471/4441/4237 4463/4433/4229
f 4463/4433/4229 4471/4441/4237 4464/4434/4230
f 4471/4441/4237 4472/4442/4238 4464/4434/4230
f 4464/4434/4230 4472/4442/4238 4465/4435/4231
f 4472/4442/4238 4473/4443/4239 4465/4435/4231
f 4465/4435/4231 4473/4443/4239 4466/4436/4232
f 4473/4443/4239 4474/4444/4240 4466/4436/4232
f 4466/4436/4232 4474/4444/4240 4467/4437/4233
f 4468/4438/4234 4475/4445/4241 4469/4439/4235
f 4469/4439/4235 4475/4445/4241 4476/4446/4242
f 4469/4439/4235 4476/4446/4242 4470/4440/4236
f 4470/4440/4236 4476/4446/4242 4477/4447/4243
f 4477/4447/4243 4478/4448/4244 4470/4440/4236
f 4470/4440/4236 4478/4448/4244 4471/4441/4237
f 4478/4448/4244 4479/4449/4245 4471/4441/4237
f 4471/4441/4237 4479/4449/4245 4472/4442/4238
f 4479/4449/4245 4480/4450/4246 4472/4442/4238
f 4472/4442/4238 4480/4450/4246 4473/4443/4239
f 4480/4450/4246 4481/4451/4247 4473/4443/4239
f 4473/4443/4239 4481/4451/4247 4474/4444/4240
f 4475/4445/4241 4482/4452/4248 4476/4446/4242
f 4476/4446/4242 4482/4452/4248 4477/4447/4243
f 4477/4447/4243 4482/4452/4248 4478/4448/4244
f 4478/4448/4244 4482/4452/4248 4479/4449/4245
f 4479/4449/4245 4482/4452/4248 4480/4450/4246
f 4480/4450/4246 4482/4452/4248 4481/4451/4247
f 4483/4453/4249 4484/4454/4250 4485/4455/4251
f 4485/4455/4251 4484/4454/4250 4486/4456/4252
f 4487/4457/4253 4488/4458/4254 4489/4459/4255
f 4489/4459/4255 4488/4458/4254 4490/4460/4256
f 4483/4453/4249 4487/4457/4253 4491/4461/4257
f 4491/4461/4257 4487/4457/4253 4489/4459/4255
f 4491/4461/4257 4492/4462/4258 4483/4453/4249
f 4483/4453/4249 4492/4462/4258 4493/4422/4259
f 4494/4463/4260 4495/4464/4261 4490/4460/4256
f 4490/4460/4256 4495/4464/4261 4496/4465/4262
f 4496/4465/4262 4497/4466/4263 4490/4460/4256
f 4490/4460/4256 4497/4466/4263 4489/4459/4255
f 4489/4459/4255 4497/4466/4263 4491/4461/4257
f 4491/4461/4257 4497/4466/4263 4498/4467/4264
f 4498/4467/4264 4499/4468/4265 4491/4461/4257
f 4491/4461/4257 4499/4468/4265 4492/4462/4258
f 4495/4464/4261 4500/4469/4266 4496/4465/4262
f 4496/4465/4262 4500/4469/4266 4501/4470/4267
f 4501/4470/4267 4502/4471/4268 4496/4465/4262
f 4496/4465/4262 4502/4471/4268 4497/4466/4263
f 4497/4466/4263 4502/4471/4268 4498/4467/4264
f 4498/4467/4264 4502/4471/4268 4503/4472/4269
f 4503/4472/4269 4504/4473/4270 4498/4467/4264
f 4498/4467/4264 4504/4473/4270 4499/4468/4265
f 4500/4469/4266 4505/4474/4271 4501/4470/4267
f 4501/4470/4267 4505/4474/4271 4506/4475/4272
f 4506/4475/4272 4507/4476/4273 4501/4470/4267
f 4501/4470/4267 4507/4476/4273 4502/4471/4268
f 4502/4471/4268 4507/4476/4273 4503/4472/4269
f 4503/4472/4269 4507/4476/4273 4508/4477/4274
f 4508/4477/4274 4509/4478/4275 4503/4472/4269
f 4503/4472/4269 4509/4478/4275 4504/4473/4270
f 4505/4474/4271 4510/4479/4276 4506/4475/4272
f 4506/4475/4272 4510/4479/4276 4507/4476/4273
f 4507/4476/4273 4510/4479/4276 4508/4477/4274
f 4508/4477/4274 4510/4479/4276 4509/4478/4275
f 4443/4413/4209 4511/4406/4200 4512/4414/4277
f 4512/4414/4277 4511/4406/4200 4513/4407/4278
f 4514/4480/4279 4515/4481/4280 4516/4482/4281
f 4516/4482/4281 4515/4481/4280 4517/4483/4282
f 4515/4481/4280 4518/4484/4283 4517/4483/4282
f 4517/4483/4282 4518/4484/4283 4519/4485/4284
f 4518/4484/4283 4520/4486/4285 4519/4485/4284
f 4519/4485/4284 4520/4486/4285 4521/4487/4286
f 4520/4486/4285 4522/4488/4287 4521/4487/4286
f 4521/4487/4286 4522/4488/4287 4523/4489/4288
f 4524/4490/4289 4525/4491/4290 4526/4492/4291
f 4516/4482/4281 4517/4483/4282 4527/4493/4292
f 4527/4493/4292 4517/4483/4282 4528/4494/4293
f 4517/4483/4282 4519/4485/4284 4528/4494/4293
f 4528/4494/4293 4519/4485/4284 4529/4495/4294
f 4519/4485/4284 4521/4487/4286 4529/4495/4294
f 4529/4495/4294 4521/4487/4286 4530/4496/4295
f 4521/4487/4286 4523/4489/4288 4530/4496/4295
f 4530/4496/4295 4523/4489/4288 4531/4497/4296
f 4532/4498/4297 4533/4499/4218 4534/4500/4298
f 4528/4494/4293 4535/4501/4299 4527/4493/4292
f 4527/4493/4292 4535/4501/4299 4536/4502/4300
f 4528/4494/4293 4529/4495/4294 4535/4501/4299
f 4535/4501/4299 4529/4495/4294 4537/4503/4301
f 4529/4495/4294 4530/4496/4295 4537/4503/4301
f 4537/4503/4301 4530/4496/4295 4538/4504/4302
f 4530/4496/4295 4531/4497/4296 4538/4504/4302
f 4538/4504/4302 4531/4497/4296 4539/4505/4217
f 4532/4498/4297 4540/4506/4303 4533/4499/4218
f 4533/4499/4218 4540/4506/4303 4541/4507/4304
f 4536/4502/4300 4542/4508/4305 4532/4498/4297
f 4532/4498/4297 4542/4508/4305 4540/4506/4303
f 4535/4501/4299 4543/4509/4306 4536/4502/4300
f 4536/4502/4300 4543/4509/4306 4542/4508/4305
f 4537/4503/4301 4544/4510/4307 4535/4501/4299
f 4535/4501/4299 4544/4510/4307 4543/4509/4306
f 4538/4504/4302 4545/4511/4308 4537/4503/4301
f 4537/4503/4301 4545/4511/4308 4544/4510/4307
f 4538/4504/4302 4539/4505/4217 4545/4511/4308
f 4545/4511/4308 4539/4505/4217 4546/4512/4309
f 4540/4506/4303 4547/4513/4310 4541/4507/4304
f 4541/4507/4304 4547/4513/4310 4548/4514/4227
f 4542/4508/4305 4549/4515/4311 4540/4506/4303
f 4540/4506/4303 4549/4515/4311 4547/4513/4310
f 4543/4509/4306 4550/4516/4312 4542/4508/4305
f 4542/4508/4305 4550/4516/4312 4549/4515/4311
f 4544/4510/4307 4551/4517/4313 4543/4509/4306
f 4543/4509/4306 4551/4517/4313 4550/4516/4312
f 4545/4511/4308 4552/4518/4314 4544/4510/4307
f 4544/4510/4307 4552/4518/4314 4551/4517/4313
f 4545/4511/4308 4546/4512/4309 4552/4518/4314
f 4552/4518/4314 4546/4512/4309 4553/4519/4315
f 4547/4513/4310 4554/4520/4316 4548/4514/4227
f 4548/4514/4227 4554/4520/4316 4555/4521/4317
f 4549/4515/4311 4556/4522/4318 4547/4513/4310
f 4547/4513/4310 4556/4522/4318 4554/4520/4316
f 4550/4516/4312 4557/4523/4319 4549/4515/4311
f 4549/4515/4311 4557/4523/4319 4556/4522/4318
f 4551/4517/4313 4558/4524/4320 4550/4516/4312
f 4550/4516/4312 4558/4524/4320 4557/4523/4319
f 4552/4518/4314 4559/4525/4321 4551/4517/4313
f 4551/4517/4313 4559/4525/4321 4558/4524/4320
f 4552/4518/4314 4553/4519/4315 4559/4525/4321
f 4559/4525/4321 4553/4519/4315 4560/4526/4322
f 4554/4520/4316 4561/4527/4323 4555/4521/4317
f 4555/4521/4317 4561/4527/4323 4562/4528/4324
f 4556/4522/4318 4563/4529/4325 4554/4520/4316
f 4554/4520/4316 4563/4529/4325 4561/4527/4323
f 4557/4523/4319 4564/4530/4326 4556/4522/4318
f 4556/4522/4318 4564/4530/4326 4563/4529/4325
f 4558/4524/4320 4565/4531/4327 4557/4523/4319
f 4557/4523/4319 4565/4531/4327 4564/4530/4326
f 4559/4525/4321 4566/4532/4328 4558/4524/4320
f 4558/4524/4320 4566/4532/4328 4565/4531/4327
f 4560/4526/4322 4567/4533/4329 4559/4525/4321
f 4559/4525/4321 4567/4533/4329 4566/4532/4328
f 4562/4528/4324 4561/4527/4323 4568/4534/4330
f 4561/4527/4323 4563/4529/4325 4568/4534/4330
f 4563/4529/4325 4564/4530/4326 4568/4534/4330
f 4564/4530/4326 4565/4531/4327 4568/4534/4330
f 4565/4531/4327 4566/4532/4328 4568/4534/4330
f 4566/4532/4328 4567/4533/4329 4568/4534/4330
f 4569/4535/4331 4570/4536/4332 4571/4537/4333
f 4571/4537/4333 4570/4536/4332 4572/4538/4334
f 4573/4539/4335 4574/4490/4289 4575/4492/4336
f 4569/4535/4331 4576/4540/4337 4577/4541/4338
f 4577/4541/4338 4576/4540/4337 4578/4542/4339
f 4571/4537/4333 4579/4543/4340 4569/4535/4331
f 4569/4535/4331 4579/4543/4340 4576/4540/4337
f 4580/4544/4341 4581/4500/4342 4582/4499/4259
f 4576/4540/4337 4583/4545/4343 4578/4542/4339
f 4578/4542/4339 4583/4545/4343 4584/4546/4344
f 4579/4543/4340 4585/4547/4345 4576/4540/4337
f 4576/4540/4337 4585/4547/4345 4583/4545/4343
f 4579/4543/4340 4580/4544/4341 4585/4547/4345
f 4585/4547/4345 4580/4544/4341 4586/4548/4346
f 4580/4544/4341 4582/4499/4259 4586/4548/4346
f 4586/4548/4346 4582/4499/4259 4587/4549/4258
f 4583/4545/4343 4588/4550/4347 4584/4546/4344
f 4584/4546/4344 4588/4550/4347 4589/4551/4348
f 4585/4547/4345 4590/4552/4349 4583/4545/4343
f 4583/4545/4343 4590/4552/4349 4588/4550/4347
f 4585/4547/4345 4586/4548/4346 4590/4552/4349
f 4590/4552/4349 4586/4548/4346 4591/4553/4350
f 4586/4548/4346 4587/4549/4258 4591/4553/4350
f 4591/4553/4350 4587/4549/4258 4592/4554/4351
f 4588/4550/4347 4593/4555/4352 4589/4551/4348
f 4589/4551/4348 4593/4555/4352 4594/4556/4266
f 4590/4552/4349 4595/4557/4353 4588/4550/4347
f 4588/4550/4347 4595/4557/4353 4593/4555/4352
f 4590/4552/4349 4591/4553/4350 4595/4557/4353
f 4595/4557/4353 4591/4553/4350 4596/4558/4354
f 4591/4553/4350 4592/4554/4351 4596/4558/4354
f 4596/4558/4354 4592/4554/4351 4597/4559/4355
f 4593/4555/4352 4598/4560/4356 4594/4556/4266
f 4594/4556/4266 4598/4560/4356 4599/4561/4357
f 4595/4557/4353 4600/4562/4358 4593/4555/4352
f 4593/4555/4352 4600/4562/4358 4598/4560/4356
f 4595/4557/4353 4596/4558/4354 4600/4562/4358
f 4600/4562/4358 4596/4558/4354 4601/4563/4359
f 4597/4559/4355 4602/4564/4360 4596/4558/4354
f 4596/4558/4354 4602/4564/4360 4601/4563/4359
f 4599/4561/4357 4598/4560/4356 4603/4565/4276
f 4598/4560/4356 4600/4562/4358 4603/4565/4276
f 4600/4562/4358 4601/4563/4359 4603/4565/4276
f 4601/4563/4359 4602/4564/4360 4603/4565/4276
f 4571/4537/4333 4573/4539/4335 4579/4543/4340
f 4579/4543/4340 4573/4539/4335 4580/4544/4341
f 4574/4490/4289 4573/4539/4335 4572/4538/4334
f 4572/4538/4334 4573/4539/4335 4571/4537/4333
f 4514/4480/4279 4516/4482/4281 4524/4490/4289
f 4524/4490/4289 4516/4482/4281 4525/4491/4290
f 4525/4491/4290 4516/4482/4281 4527/4493/4292
f 4532/4498/4297 4525/4491/4290 4536/4502/4300
f 4536/4502/4300 4525/4491/4290 4527/4493/4292
f 4580/4544/4341 4573/4539/4335 4581/4500/4342
f 4581/4500/4342 4573/4539/4335 4575/4492/4336
f 4532/4498/4297 4534/4500/4298 4525/4491/4290
f 4525/4491/4290 4534/4500/4298 4526/4492/4291
f 4483/4453/4249 4493/4422/4259 4484/4454/4250
f 4454/4424/4220 4604/4454/4361 4452/4422/4218
f 4605/4566/4362 4606/4567/4363 4520/4486/4285
f 4520/4486/4285 4606/4567/4363 4522/4488/4287
f 4607/4568/4364 4605/4566/4362 4518/4484/4283
f 4518/4484/4283 4605/4566/4362 4520/4486/4285
f 4515/4481/4280 4608/4569/4365 4518/4484/4283
f 4518/4484/4283 4608/4569/4365 4607/4568/4364
f 4609/4570/4366 4610/4571/4138 4611/4572/4367
f 4611/4572/4367 4610/4571/4138 4612/4573/4140
f 4613/4574/4338 4614/4575/4368 4615/4576/4369
f 4615/4576/4369 4614/4575/4368 4488/4458/4254
f 4616/4577/4370 4617/4578/4371 4618/4579/4372
f 4618/4579/4372 4617/4578/4371 4619/4580/4373
f 4620/4581/4374 4621/4582/4375 4617/4578/4371
f 4617/4578/4371 4621/4582/4375 4619/4580/4373
f 4622/4583/4376 4620/4581/4374 4623/4584/4377
f 4623/4584/4377 4620/4581/4374 4617/4578/4371
f 4623/4584/4377 4624/4585/4378 4625/4586/4379
f 4625/4586/4379 4624/4585/4378 4626/4587/4380
f 4622/4583/4376 4623/4584/4377 4627/4588/4381
f 4627/4588/4381 4623/4584/4377 4625/4586/4379
f 4628/4589/4382 4629/4590/4383 4625/4586/4379
f 4625/4586/4379 4629/4590/4383 4627/4588/4381
f 4630/4591/4384 4631/4592/4385 4632/4593/4386
f 4632/4593/4386 4631/4592/4385 4633/4594/4387
f 4634/4595/4388 4635/4596/4389 4620/4581/4374
f 4620/4581/4374 4635/4596/4389 4621/4582/4375
f 4636/4597/4390 4637/4598/4391 4634/4595/4388
f 4634/4595/4388 4637/4598/4391 4635/4596/4389
f 4638/4599/4392 4636/4597/4390 4639/4600/4393
f 4639/4600/4393 4636/4597/4390 4634/4595/4388
f 4640/4601/4394 4641/4602/4395 4636/4597/4390
f 4636/4597/4390 4641/4602/4395 4637/4598/4391
f 4642/4603/4396 4643/4604/4397 4640/4601/4394
f 4640/4601/4394 4643/4604/4397 4641/4602/4395
f 4644/4605/4398 4642/4603/4396 4645/4606/4399
f 4645/4606/4399 4642/4603/4396 4640/4601/4394
f 4638/4599/4392 4631/4592/4385 4645/4606/4399
f 4645/4606/4399 4631/4592/4385 4646/4607/4400
f 4645/4606/4399 4646/4607/4400 4644/4605/4398
f 4644/4605/4398 4646/4607/4400 4647/4608/4401
f 4648/4609/4402 4647/4608/4401 4649/4610/4403
f 4649/4610/4403 4647/4608/4401 4646/4607/4400
f 4650/4611/4404 4651/4612/4405 4652/4613/4406
f 4652/4613/4406 4651/4612/4405 4653/4614/4407
f 4642/4603/4396 4654/4615/4408 4643/4604/4397
f 4643/4604/4397 4654/4615/4408 4655/4616/4409
f 4654/4615/4408 4656/4617/4410 4655/4616/4409
f 4655/4616/4409 4656/4617/4410 4657/4618/4411
f 4658/4619/4412 4659/4620/4413 4654/4615/4408
f 4654/4615/4408 4659/4620/4413 4656/4617/4410
f 4656/4617/4410 4660/4621/4414 4657/4618/4411
f 4657/4618/4411 4660/4621/4414 4661/4622/4415
f 4662/4623/4416 4663/4624/4417 4660/4621/4414
f 4660/4621/4414 4663/4624/4417 4661/4622/4415
f 4664/4625/4418 4665/4626/4419 4660/4621/4414
f 4660/4621/4414 4665/4626/4419 4662/4623/4416
f 4664/4625/4418 4659/4620/4413 4666/4627/4420
f 4666/4627/4420 4659/4620/4413 4653/4614/4407
f 4667/4628/4421 4664/4625/4418 4668/4629/4422
f 4668/4629/4422 4664/4625/4418 4666/4627/4420
f 4669/4630/4423 4670/4631/4424 4671/4632/4425
f 4671/4632/4425 4670/4631/4424 4672/4633/4426
f 4673/4634/4427 4674/4635/4428 4675/4636/4429
f 4675/4636/4429 4674/4635/4428 4676/4637/4430
f 4677/4638/4431 4678/4639/4432 4674/4635/4428
f 4674/4635/4428 4678/4639/4432 4676/4637/4430
f 4679/4640/4433 4677/4638/4431 4680/4641/4434
f 4680/4641/4434 4677/4638/4431 4674/4635/4428
f 4681/4642/4435 4682/4643/4436 4677/4638/4431
f 4677/4638/4431 4682/4643/4436 4678/4639/4432
f 4683/4644/4437 4684/4645/4438 4681/4642/4435
f 4681/4642/4435 4684/4645/4438 4682/4643/4436
f 4685/4646/4439 4683/4644/4437 4686/4647/4440
f 4686/4647/4440 4683/4644/4437 4681/4642/4435
f 4679/4640/4433 4671/4632/4425 4686/4647/4440
f 4686/4647/4440 4671/4632/4425 4687/4648/4441
f 4686/4647/4440 4687/4648/4441 4685/4646/4439
f 4685/4646/4439 4687/4648/4441 4688/4649/4442
f 4687/4648/4441 4689/4650/4443 4688/4649/4442
f 4688/4649/4442 4689/4650/4443 4690/4651/4444
f 4691/4652/4445 4692/4653/4446 4693/4654/4447
f 4693/4654/4447 4692/4653/4446 4694/4655/4448
f 4683/4644/4437 4695/4656/4449 4684/4645/4438
f 4684/4645/4438 4695/4656/4449 4696/4657/4450
f 4695/4656/4449 4697/4658/4451 4696/4657/4450
f 4696/4657/4450 4697/4658/4451 4340/4312/4116
f 4698/4659/4452 4699/4660/4453 4695/4656/4449
f 4695/4656/4449 4699/4660/4453 4697/4658/4451
f 4700/4661/4454 4701/4662/4455 4338/4310/4114
f 4338/4310/4114 4701/4662/4455 4375/4347/4151
f 4336/4308/4112 4702/4663/4456 4338/4310/4114
f 4338/4310/4114 4702/4663/4456 4700/4661/4454
f 4703/4664/4457 4704/4665/4458 4705/4666/4459
f 4705/4666/4459 4704/4665/4458 4706/4667/4460
f 4703/4664/4457 4705/4666/4459 4707/4668/4461
f 4707/4668/4461 4705/4666/4459 4708/4669/4462
f 4709/4670/4463 4710/4671/4464 4700/4661/4454
f 4700/4661/4454 4710/4671/4464 4701/4662/4455
f 4711/4672/4465 4712/4673/4466 4709/4670/4463
f 4709/4670/4463 4712/4673/4466 4710/4671/4464
f 4713/4674/4467 4714/4675/4468 4709/4670/4463
f 4709/4670/4463 4714/4675/4468 4711/4672/4465
f 4715/4676/4469 4716/4677/4470 4711/4672/4465
f 4711/4672/4465 4716/4677/4470 4712/4673/4466
f 4717/4678/4471 4718/4679/4472 4715/4676/4469
f 4715/4676/4469 4718/4679/4472 4716/4677/4470
f 4719/4680/4473 4717/4678/4471 4720/4681/4474
f 4720/4681/4474 4717/4678/4471 4715/4676/4469
f 4714/4675/4468 4703/4664/4457 4720/4681/4474
f 4720/4681/4474 4703/4664/4457 4721/4682/4475
f 4720/4681/4474 4721/4682/4475 4719/4680/4473
f 4719/4680/4473 4721/4682/4475 4722/4683/4476
f 4723/4684/4477 4722/4683/4476 4724/4685/4478
f 4724/4685/4478 4722/4683/4476 4721/4682/4475
f 4725/4686/4479 4726/4687/4480 4727/4688/4481
f 4727/4688/4481 4726/4687/4480 4728/4689/4482
f 4727/4688/4481 4728/4689/4482 4729/4690/4483
f 4729/4690/4483 4728/4689/4482 4730/4691/4484
f 4731/4692/4485 4732/4693/4486 4728/4689/4482
f 4728/4689/4482 4732/4693/4486 4730/4691/4484
f 4726/4687/4480 4733/4694/4487 4728/4689/4482
f 4728/4689/4482 4733/4694/4487 4731/4692/4485
f 4618/4579/4372 4619/4580/4373 4734/4695/4488
f 4734/4695/4488 4619/4580/4373 4735/4696/4489
f 4725/4686/4479 4734/4695/4488 4726/4687/4480
f 4726/4687/4480 4734/4695/4488 4735/4696/4489
f 4736/4697/4490 4733/4694/4487 4735/4696/4489
f 4735/4696/4489 4733/4694/4487 4726/4687/4480
f 4621/4582/4375 4736/4697/4490 4619/4580/4373
f 4619/4580/4373 4736/4697/4490 4735/4696/4489
f 4730/4691/4484 4737/4698/4491 4738/4699/4492
f 4738/4699/4492 4737/4698/4491 4739/4700/4210
f 4740/4701/4493 4360/4332/4136 4741/4702/4494
f 4741/4702/4494 4360/4332/4136 4361/4333/4137
f 4742/4703/4495 4740/4701/4493 4743/4704/4496
f 4743/4704/4496 4740/4701/4493 4741/4702/4494
f 4744/4705/4497 4745/4706/4498 4377/4349/4153
f 4377/4349/4153 4745/4706/4498 4339/4311/4115
f 4339/4311/4115 4745/4706/4498 4340/4312/4116
f 4340/4312/4116 4745/4706/4498 4696/4657/4450
f 4682/4643/4436 4684/4645/4438 4745/4706/4498
f 4745/4706/4498 4684/4645/4438 4696/4657/4450
f 4744/4705/4497 4678/4639/4432 4745/4706/4498
f 4745/4706/4498 4678/4639/4432 4682/4643/4436
f 4746/4707/4499 4747/4708/4500 4748/4709/4501
f 4748/4709/4501 4747/4708/4500 4749/4710/4502
f 4747/4708/4500 4744/4705/4497 4749/4710/4502
f 4749/4710/4502 4744/4705/4497 4377/4349/4153
f 4747/4708/4500 4676/4637/4430 4744/4705/4497
f 4744/4705/4497 4676/4637/4430 4678/4639/4432
f 4746/4707/4499 4675/4636/4429 4747/4708/4500
f 4747/4708/4500 4675/4636/4429 4676/4637/4430
f 4635/4596/4389 4750/4711/4503 4621/4582/4375
f 4621/4582/4375 4750/4711/4503 4736/4697/4490
f 4750/4711/4503 4751/4712/4504 4736/4697/4490
f 4736/4697/4490 4751/4712/4504 4733/4694/4487
f 4752/4713/4505 4753/4714/4506 4750/4711/4503
f 4750/4711/4503 4753/4714/4506 4751/4712/4504
f 4637/4598/4391 4752/4713/4505 4635/4596/4389
f 4635/4596/4389 4752/4713/4505 4750/4711/4503
f 4751/4712/4504 4754/4715/4507 4733/4694/4487
f 4733/4694/4487 4754/4715/4507 4731/4692/4485
f 4732/4693/4486 4731/4692/4485 4755/4716/4508
f 4755/4716/4508 4731/4692/4485 4754/4715/4507
f 4754/4715/4507 4756/4717/4509 4755/4716/4508
f 4755/4716/4508 4756/4717/4509 4757/4718/4501
f 4751/4712/4504 4753/4714/4506 4754/4715/4507
f 4754/4715/4507 4753/4714/4506 4756/4717/4509
f 4753/4714/4506 4758/4719/4510 4756/4717/4509
f 4756/4717/4509 4758/4719/4510 4759/4720/4511
f 4756/4717/4509 4759/4720/4511 4757/4718/4501
f 4757/4718/4501 4759/4720/4511 4760/4721/4512
f 4759/4720/4511 4661/4622/4415 4760/4721/4512
f 4760/4721/4512 4661/4622/4415 4663/4624/4417
f 4758/4719/4510 4657/4618/4411 4759/4720/4511
f 4759/4720/4511 4657/4618/4411 4661/4622/4415
f 4641/4602/4395 4761/4722/4513 4637/4598/4391
f 4637/4598/4391 4761/4722/4513 4752/4713/4505
f 4752/4713/4505 4761/4722/4513 4753/4714/4506
f 4753/4714/4506 4761/4722/4513 4758/4719/4510
f 4655/4616/4409 4657/4618/4411 4761/4722/4513
f 4761/4722/4513 4657/4618/4411 4758/4719/4510
f 4641/4602/4395 4643/4604/4397 4761/4722/4513
f 4761/4722/4513 4643/4604/4397 4655/4616/4409
f 4762/4723/4514 4729/4690/4483 4763/4724/4515
f 4763/4724/4515 4729/4690/4483 4764/4725/4516
f 4727/4688/4481 4729/4690/4483 4765/4726/4517
f 4765/4726/4517 4729/4690/4483 4762/4723/4514
f 4725/4686/4479 4727/4688/4481 4766/4727/4518
f 4766/4727/4518 4727/4688/4481 4765/4726/4517
f 4734/4695/4488 4725/4686/4479 4767/4728/4519
f 4767/4728/4519 4725/4686/4479 4766/4727/4518
f 4734/4695/4488 4767/4728/4519 4618/4579/4372
f 4618/4579/4372 4767/4728/4519 4768/4729/4520
f 4769/4730/4521 4616/4577/4370 4768/4729/4520
f 4768/4729/4520 4616/4577/4370 4618/4579/4372
f 4762/4723/4514 4770/4731/4522 4765/4726/4517
f 4765/4726/4517 4770/4731/4522 4771/4732/4523
f 4765/4726/4517 4771/4732/4523 4766/4727/4518
f 4766/4727/4518 4771/4732/4523 4772/4733/4524
f 4766/4727/4518 4772/4733/4524 4767/4728/4519
f 4767/4728/4519 4772/4733/4524 4773/4734/4525
f 4767/4728/4519 4773/4734/4525 4768/4729/4520
f 4768/4729/4520 4773/4734/4525 4774/4735/4526
f 4775/4736/4527 4769/4730/4521 4774/4735/4526
f 4774/4735/4526 4769/4730/4521 4768/4729/4520
f 4701/4662/4455 4770/4731/4522 4375/4347/4151
f 4375/4347/4151 4770/4731/4522 4351/4323/4127
f 4710/4671/4464 4771/4732/4523 4701/4662/4455
f 4701/4662/4455 4771/4732/4523 4770/4731/4522
f 4712/4673/4466 4772/4733/4524 4710/4671/4464
f 4710/4671/4464 4772/4733/4524 4771/4732/4523
f 4716/4677/4470 4773/4734/4525 4712/4673/4466
f 4712/4673/4466 4773/4734/4525 4772/4733/4524
f 4718/4679/4472 4774/4735/4526 4716/4677/4470
f 4716/4677/4470 4774/4735/4526 4773/4734/4525
f 4717/4678/4471 4775/4736/4527 4718/4679/4472
f 4718/4679/4472 4775/4736/4527 4774/4735/4526
f 4608/4569/4365 4776/4737/4528 4607/4568/4364
f 4607/4568/4364 4776/4737/4528 4777/4738/4529
f 4778/4739/4121 4605/4566/4362 4777/4738/4529
f 4777/4738/4529 4605/4566/4362 4607/4568/4364
f 4778/4739/4121 4779/4740/4142 4605/4566/4362
f 4605/4566/4362 4779/4740/4142 4606/4567/4363
f 4433/4405/4199 4780/4741/4530 4781/4742/4531
f 4781/4742/4531 4780/4741/4530 4782/4743/4532
f 4485/4455/4251 4783/4744/4533 4483/4453/4249
f 4483/4453/4249 4783/4744/4533 4487/4457/4253
f 4729/4690/4483 4730/4691/4484 4764/4725/4516
f 4764/4725/4516 4730/4691/4484 4738/4699/4492
f 4739/4700/4210 4737/4698/4491 4743/4704/4496
f 4743/4704/4496 4737/4698/4491 4742/4703/4495
f 4429/4401/4195 4433/4405/4199 4427/4399/4193
f 4427/4399/4193 4433/4405/4199 4781/4742/4531
f 4454/4424/4220 4784/4745/4534 4604/4454/4361
f 4604/4454/4361 4784/4745/4534 4785/4456/4535
f 4454/4424/4220 4445/4415/4211 4784/4745/4534
f 4784/4745/4534 4445/4415/4211 4447/4417/4213
f 4786/4746/4536 4432/4404/4198 4440/4410/4206
f 4440/4410/4206 4432/4404/4198 4431/4403/4197
f 4780/4741/4530 4433/4405/4199 4786/4746/4536
f 4786/4746/4536 4433/4405/4199 4432/4404/4198
f 4787/4747/4537 4442/4412/4208 4444/4414/4210
f 4783/4744/4533 4615/4576/4369 4487/4457/4253
f 4487/4457/4253 4615/4576/4369 4488/4458/4254
f 4788/4748/4538 4789/4749/4539 4790/4750/4540
f 4790/4750/4540 4789/4749/4539 4577/4541/4338
f 4577/4541/4338 4789/4749/4539 4569/4535/4331
f 4569/4535/4331 4789/4749/4539 4570/4536/4332
f 4614/4575/4368 4494/4463/4260 4488/4458/4254
f 4488/4458/4254 4494/4463/4260 4490/4460/4256
f 4367/4339/4143 4352/4324/4128 4763/4724/4515
f 4763/4724/4515 4352/4324/4128 4762/4723/4514
f 4770/4731/4522 4762/4723/4514 4351/4323/4127
f 4351/4323/4127 4762/4723/4514 4352/4324/4128
f 4742/4703/4495 4748/4709/4501 4740/4701/4493
f 4740/4701/4493 4748/4709/4501 4749/4710/4502
f 4360/4332/4136 4740/4701/4493 4377/4349/4153
f 4377/4349/4153 4740/4701/4493 4749/4710/4502
f 4789/4749/4539 4788/4748/4538 4791/4751/4541
f 4791/4751/4541 4788/4748/4538 4792/4752/4542
f 4793/4753/4543 4669/4630/4423 4794/4754/4544
f 4794/4754/4544 4669/4630/4423 4680/4641/4434
f 4664/4625/4418 4667/4628/4421 4665/4626/4419
f 4665/4626/4419 4667/4628/4421 4795/4755/4545
f 4796/4756/3991 4797/4757/3993 4798/4758/4546
f 4799/4759/4547 4800/4760/4548 4798/4758/4546
f 4798/4758/4546 4800/4760/4548 4796/4756/3991
f 4705/4666/4459 4801/4761/782 4802/4762/4549
f 4803/4763/854 4708/4669/4462 4802/4762/4549
f 4802/4762/4549 4708/4669/4462 4705/4666/4459
f 4704/4665/4458 4804/4764/4550 4706/4667/4460
f 4706/4667/4460 4804/4764/4550 4805/4765/4551
f 4806/4766/781 4807/4767/4552 4805/4765/4551
f 4805/4765/4551 4807/4767/4552 4706/4667/4460
f 4804/4764/4550 4382/4354/4158 4805/4765/4551
f 4805/4765/4551 4382/4354/4158 4381/4353/4157
f 4386/4358/4162 4806/4766/781 4381/4353/4157
f 4381/4353/4157 4806/4766/781 4805/4765/4551
f 4713/4674/4467 4704/4665/4458 4714/4675/4468
f 4714/4675/4468 4704/4665/4458 4703/4664/4457
f 4713/4674/4467 4702/4663/4456 4704/4665/4458
f 4704/4665/4458 4702/4663/4456 4804/4764/4550
f 4702/4663/4456 4336/4308/4112 4804/4764/4550
f 4804/4764/4550 4336/4308/4112 4382/4354/4158
f 4206/4182/4002 4808/4768/4553 4207/4183/4003
f 4789/4749/4539 4791/4751/4541 4570/4536/4332
f 4570/4536/4332 4791/4751/4541 4809/4769/4554
f 4570/4536/4332 4809/4769/4554 4572/4538/4334
f 4572/4538/4334 4809/4769/4554 4514/4480/4279
f 4572/4538/4334 4514/4480/4279 4574/4490/4289
f 4206/4182/4002 4210/4186/4006 4670/4631/4424
f 4670/4631/4424 4210/4186/4006 4672/4633/4426
f 4211/4187/4007 4689/4650/4443 4210/4186/4006
f 4210/4186/4006 4689/4650/4443 4672/4633/4426
f 4212/4188/4008 4690/4651/4444 4211/4187/4007
f 4211/4187/4007 4690/4651/4444 4689/4650/4443
f 4212/4188/4008 4213/4189/4009 4690/4651/4444
f 4690/4651/4444 4213/4189/4009 4694/4655/4448
f 4213/4189/4009 4214/4190/4010 4694/4655/4448
f 4694/4655/4448 4214/4190/4010 4693/4654/4447
f 4671/4632/4425 4672/4633/4426 4687/4648/4441
f 4687/4648/4441 4672/4633/4426 4689/4650/4443
f 4692/4653/4446 4688/4649/4442 4694/4655/4448
f 4694/4655/4448 4688/4649/4442 4690/4651/4444
f 4719/4680/4473 4722/4683/4476 4810/4770/4555
f 4810/4770/4555 4722/4683/4476 4811/4771/4556
f 4812/4772/4557 4810/4770/4555 4813/4773/4558
f 4813/4773/4558 4810/4770/4555 4811/4771/4556
f 4624/4585/4378 4812/4772/4557 4626/4587/4380
f 4626/4587/4380 4812/4772/4557 4813/4773/4558
f 4622/4583/4376 4627/4588/4381 4639/4600/4393
f 4639/4600/4393 4627/4588/4381 4633/4594/4387
f 4639/4600/4393 4633/4594/4387 4638/4599/4392
f 4638/4599/4392 4633/4594/4387 4631/4592/4385
f 4658/4619/4412 4644/4605/4398 4652/4613/4406
f 4652/4613/4406 4644/4605/4398 4647/4608/4401
f 4659/4620/4413 4658/4619/4412 4653/4614/4407
f 4653/4614/4407 4658/4619/4412 4652/4613/4406
f 4680/4641/4434 4814/4774/4559 4794/4754/4544
f 4794/4754/4544 4814/4774/4559 4815/4775/4560
f 4680/4641/4434 4669/4630/4423 4679/4640/4433
f 4679/4640/4433 4669/4630/4423 4671/4632/4425
f 4698/4659/4452 4685/4646/4439 4692/4653/4446
f 4692/4653/4446 4685/4646/4439 4688/4649/4442
f 4699/4660/4453 4698/4659/4452 4691/4652/4445
f 4691/4652/4445 4698/4659/4452 4692/4653/4446
f 4708/4669/4462 4803/4763/854 4816/4776/4017
f 4816/4776/4017 4803/4763/854 4817/4777/4018
f 4707/4668/4461 4708/4669/4462 4818/4778/4019
f 4818/4778/4019 4708/4669/4462 4816/4776/4017
f 4819/4779/4020 4724/4685/4478 4818/4778/4019
f 4818/4778/4019 4724/4685/4478 4707/4668/4461
f 4820/4780/4021 4723/4684/4477 4819/4779/4020
f 4819/4779/4020 4723/4684/4477 4724/4685/4478
f 4821/4781/4023 4822/4782/4561 4820/4780/4021
f 4820/4780/4021 4822/4782/4561 4723/4684/4477
f 4821/4781/4023 4823/4783/4024 4822/4782/4561
f 4822/4782/4561 4823/4783/4024 4824/4784/4562
f 4823/4783/4024 4825/4785/4026 4824/4784/4562
f 4824/4784/4562 4825/4785/4026 4826/4786/4563
f 4628/4589/4382 4826/4786/4563 4827/4787/4028
f 4827/4787/4028 4826/4786/4563 4825/4785/4026
f 4827/4787/4028 4828/4788/4029 4628/4589/4382
f 4628/4589/4382 4828/4788/4029 4629/4590/4383
f 4829/4789/4030 4632/4593/4386 4828/4788/4029
f 4828/4788/4029 4632/4593/4386 4629/4590/4383
f 4830/4790/4031 4630/4591/4384 4829/4789/4030
f 4829/4789/4030 4630/4591/4384 4632/4593/4386
f 4831/4791/4032 4649/4610/4403 4830/4790/4031
f 4830/4790/4031 4649/4610/4403 4630/4591/4384
f 4832/4792/4033 4648/4609/4402 4831/4791/4032
f 4831/4791/4032 4648/4609/4402 4649/4610/4403
f 4832/4792/4033 4833/4793/4034 4648/4609/4402
f 4648/4609/4402 4833/4793/4034 4650/4611/4404
f 4833/4793/4034 4834/4794/4035 4650/4611/4404
f 4650/4611/4404 4834/4794/4035 4651/4612/4405
f 4796/4756/3991 4800/4760/4548 4834/4794/4035
f 4834/4794/4035 4800/4760/4548 4651/4612/4405
f 4724/4685/4478 4721/4682/4475 4707/4668/4461
f 4707/4668/4461 4721/4682/4475 4703/4664/4457
f 4822/4782/4561 4811/4771/4556 4723/4684/4477
f 4723/4684/4477 4811/4771/4556 4722/4683/4476
f 4813/4773/4558 4811/4771/4556 4824/4784/4562
f 4824/4784/4562 4811/4771/4556 4822/4782/4561
f 4626/4587/4380 4813/4773/4558 4826/4786/4563
f 4826/4786/4563 4813/4773/4558 4824/4784/4562
f 4625/4586/4379 4626/4587/4380 4628/4589/4382
f 4628/4589/4382 4626/4587/4380 4826/4786/4563
f 4632/4593/4386 4633/4594/4387 4629/4590/4383
f 4629/4590/4383 4633/4594/4387 4627/4588/4381
f 4649/4610/4403 4646/4607/4400 4630/4591/4384
f 4630/4591/4384 4646/4607/4400 4631/4592/4385
f 4652/4613/4406 4647/4608/4401 4650/4611/4404
f 4650/4611/4404 4647/4608/4401 4648/4609/4402
f 4653/4614/4407 4651/4612/4405 4666/4627/4420
f 4666/4627/4420 4651/4612/4405 4800/4760/4548
f 4835/4795/4564 4808/4768/4553 4670/4631/4424
f 4670/4631/4424 4808/4768/4553 4206/4182/4002
f 4669/4630/4423 4793/4753/4543 4836/4796/4565
f 4800/4760/4548 4799/4759/4547 4666/4627/4420
f 4666/4627/4420 4799/4759/4547 4668/4629/4422
f 4776/4737/4528 4608/4569/4365 4612/4573/4140
f 4612/4573/4140 4608/4569/4365 4611/4572/4367
f 4514/4480/4279 4611/4572/4367 4515/4481/4280
f 4515/4481/4280 4611/4572/4367 4608/4569/4365
f 4609/4570/4366 4809/4769/4554 4791/4751/4541
f 4791/4751/4541 4792/4752/4542 4609/4570/4366
f 4609/4570/4366 4792/4752/4542 4610/4571/4138
f 4809/4769/4554 4609/4570/4366 4514/4480/4279
f 4514/4480/4279 4609/4570/4366 4611/4572/4367
f 4709/4670/4463 4700/4661/4454 4713/4674/4467
f 4713/4674/4467 4700/4661/4454 4702/4663/4456
f 4720/4681/4474 4715/4676/4469 4714/4675/4468
f 4714/4675/4468 4715/4676/4469 4711/4672/4465
f 4810/4770/4555 4775/4736/4527 4719/4680/4473
f 4719/4680/4473 4775/4736/4527 4717/4678/4471
f 4769/4730/4521 4775/4736/4527 4812/4772/4557
f 4812/4772/4557 4775/4736/4527 4810/4770/4555
f 4616/4577/4370 4769/4730/4521 4624/4585/4378
f 4624/4585/4378 4769/4730/4521 4812/4772/4557
f 4617/4578/4371 4616/4577/4370 4623/4584/4377
f 4623/4584/4377 4616/4577/4370 4624/4585/4378
f 4639/4600/4393 4634/4595/4388 4622/4583/4376
f 4622/4583/4376 4634/4595/4388 4620/4581/4374
f 4645/4606/4399 4640/4601/4394 4638/4599/4392
f 4638/4599/4392 4640/4601/4394 4636/4597/4390
f 4654/4615/4408 4642/4603/4396 4658/4619/4412
f 4658/4619/4412 4642/4603/4396 4644/4605/4398
f 4660/4621/4414 4656/4617/4410 4664/4625/4418
f 4664/4625/4418 4656/4617/4410 4659/4620/4413
f 4680/4641/4434 4674/4635/4428 4814/4774/4559
f 4814/4774/4559 4674/4635/4428 4673/4634/4427
f 4686/4647/4440 4681/4642/4435 4679/4640/4433
f 4679/4640/4433 4681/4642/4435 4677/4638/4431
f 4695/4656/4449 4683/4644/4437 4698/4659/4452
f 4698/4659/4452 4683/4644/4437 4685/4646/4439
f 4837/4797/4566 4838/4798/4567 4421/4393/4187
f 4421/4393/4187 4838/4798/4567 4422/4394/4188
f 4416/4388/4184 4839/4799/4568 4418/4390/4185
f 4418/4390/4185 4839/4799/4568 4420/4392/4186
f 4410/4382/4182 4416/4388/4184 4419/4391/3629
f 4419/4391/3629 4416/4388/4184 4415/4387/3628
f 4839/4799/4568 4416/4388/4184 4411/4383/4183
f 4411/4383/4183 4416/4388/4184 4410/4382/4182
f 4840/4800/4569 4380/4352/4156 4841/4801/4570
f 4841/4801/4570 4380/4352/4156 4379/4351/4155
f 4358/4330/4134 4841/4801/4570 4357/4329/4133
f 4357/4329/4133 4841/4801/4570 4379/4351/4155
f 4783/4744/4533 4842/4747/4537 4843/4802/4496
f 4843/4802/4496 4842/4747/4537 4512/4414/4277
f 4844/4803/4494 4615/4576/4369 4843/4802/4496
f 4843/4802/4496 4615/4576/4369 4783/4744/4533
f 4845/4804/4540 4613/4574/4338 4846/4803/4571
f 4846/4803/4571 4613/4574/4338 4615/4576/4369
f 4783/4744/4533 4485/4455/4251 4787/4747/4537
f 4485/4455/4251 4486/4456/4252 4787/4747/4537
f 4787/4747/4537 4486/4456/4252 4442/4412/4208
f 4785/4456/4535 4784/4745/4534 4442/4412/4208
f 4442/4412/4208 4784/4745/4534 4443/4413/4209
f 4434/4406/4200 4443/4413/4209 4447/4417/4213
f 4447/4417/4213 4443/4413/4209 4784/4745/4534
f 4430/4402/4196 4434/4406/4200 4448/4418/4214
f 4448/4418/4214 4434/4406/4200 4447/4417/4213
f 4429/4401/4195 4430/4402/4196 4438/4408/4204
f 4438/4408/4204 4430/4402/4196 4448/4418/4214
f 4402/4374/4174 4399/4371/4171 4400/4372/4172
f 4400/4372/4172 4399/4371/4171 4398/4370/4170
f 4847/4805/4572 4848/4226/4048 4310/4284/4093
f 4310/4284/4093 4848/4226/4048 4312/3686/4094
f 4310/4284/4093 4314/4286/4095 4847/4805/4572
f 4847/4805/4572 4314/4286/4095 4849/4806/4573
f 4850/4807/4574 4851/4808/4575 4317/4289/4098
f 4317/4289/4098 4851/4808/4575 4315/4287/4096
f 4394/4366/4166 4850/4807/4574 4320/4292/4101
f 4320/4292/4101 4850/4807/4574 4317/4289/4098
f 4395/4367/4167 4394/4366/4166 4322/4294/4103
f 4322/4294/4103 4394/4366/4166 4320/4292/4101
f 4324/4296/4104 4398/4370/4170 4322/4294/4103
f 4322/4294/4103 4398/4370/4170 4395/4367/4167
f 4398/4370/4170 4324/4296/4104 4400/4372/4172
f 4400/4372/4172 4324/4296/4104 4326/4298/4105
f 4326/4298/4105 4328/4300/4107 4400/4372/4172
f 4400/4372/4172 4328/4300/4107 4401/4373/4173
f 4405/4377/4177 4404/4376/4176 4332/4304/4110
f 4332/4304/4110 4404/4376/4176 4331/4303/4109
f 4412/4384/3623 4405/4377/4177 4334/4306/3536
f 4334/4306/3536 4405/4377/4177 4332/4304/4110
f 4840/4800/4569 4841/4801/4570 4837/4797/4566
f 4837/4797/4566 4841/4801/4570 4838/4798/4567
f 4349/4321/4125 4356/4328/4132 4346/4318/4122
f 4346/4318/4122 4356/4328/4132 4355/4327/4131
f 4350/4322/4126 4838/4798/4567 4358/4330/4134
f 4358/4330/4134 4838/4798/4567 4841/4801/4570
f 4838/4798/4567 4350/4322/4126 4422/4394/4188
f 4422/4394/4188 4350/4322/4126 4425/4397/4191
f 4851/4808/4575 4849/4806/4573 4315/4287/4096
f 4315/4287/4096 4849/4806/4573 4314/4286/4095
f 4316/4288/4097 4315/4287/4096 4313/4285/4082
f 4313/4285/4082 4315/4287/4096 4314/4286/4095
f 4279/4253/4065 4299/4273/4083 4274/4248/4060
f 4274/4248/4060 4299/4273/4083 4298/4272/4082
f 4278/4252/4064 4279/4253/4065 4275/4249/4061
f 4275/4249/4061 4279/4253/4065 4274/4248/4060
f 4289/4263/4075 4288/4262/4074 4293/4267/4079
f 4293/4267/4079 4288/4262/4074 4292/4266/4078
f 4289/4263/4075 4293/4267/4079 4302/4276/4086
f 4302/4276/4086 4293/4267/4079 4303/4277/4087
f 4327/4299/4106 4329/4301/4087 4328/4300/4107
f 4328/4300/4107 4329/4301/4087 4331/4303/4109
f 4328/4300/4107 4331/4303/4109 4401/4373/4173
f 4401/4373/4173 4331/4303/4109 4404/4376/4176
f 4401/4373/4173 4404/4376/4176 4403/4375/4175
f 4403/4375/4175 4404/4376/4176 4406/4378/4178
f 4409/4381/4181 4421/4393/4187 4406/4378/4178
f 4406/4378/4178 4421/4393/4187 4403/4375/4175
f 4420/4392/4186 4837/4797/4566 4409/4381/4181
f 4409/4381/4181 4837/4797/4566 4421/4393/4187
f 4839/4799/4568 4840/4800/4569 4420/4392/4186
f 4420/4392/4186 4840/4800/4569 4837/4797/4566
f 4411/4383/4183 4380/4352/4156 4839/4799/4568
f 4839/4799/4568 4380/4352/4156 4840/4800/4569
f 4380/4352/4156 4411/4383/4183 4335/4307/4111
f 4335/4307/4111 4411/4383/4183 4384/4356/4160
f 4207/4183/4003 4808/4768/4553 4257/4231/2610
f 4257/4231/2610 4808/4768/4553 4852/4809/4576
f 4853/4810/2971 4852/4809/4576 4835/4795/4564
f 4835/4795/4564 4852/4809/4576 4808/4768/4553
f 4793/4753/4543 4854/4811/3473 4836/4796/4565
f 4836/4796/4565 4854/4811/3473 4855/4812/2969
f 4793/4753/4543 4794/4754/4544 4854/4811/3473
f 4854/4811/3473 4794/4754/4544 4856/4813/2956
f 4857/4814/4577 4856/4813/2956 4815/4775/4560
f 4815/4775/4560 4856/4813/2956 4794/4754/4544
f 4667/4628/4421 4858/4815/2952 4795/4755/4545
f 4795/4755/4545 4858/4815/2952 4859/4816/4577
f 4858/4815/2952 4667/4628/4421 4860/4817/4578
f 4860/4817/4578 4667/4628/4421 4668/4629/4422
f 4799/4759/4547 4861/4818/4579 4668/4629/4422
f 4668/4629/4422 4861/4818/4579 4860/4817/4578
f 4862/4819/4580 4861/4818/4579 4798/4758/4546
f 4798/4758/4546 4861/4818/4579 4799/4759/4547
f 4798/4758/4546 4797/4757/3993 4862/4819/4580
f 4862/4819/4580 4797/4757/3993 4863/4820/4057
f 4705/4666/4459 4706/4667/4460 4801/4761/782
f 4801/4761/782 4706/4667/4460 4807/4767/4552
f 4102/4079/3906 4200/4176/3998 4198/4174/3996
f 4202/4178/3999 4204/4180/536 3775/3761/3586
f 3775/3761/3586 4204/4180/536 4205/4181/4001
f 4383/4355/4159 4388/4360/776 4385/4357/4161
f 4864/4821/4581 4424/4396/4190 4865/4822/4582
f 4865/4822/4582 4424/4396/4190 4426/4398/4192
f 4864/4821/4581 4865/4822/4582 4866/4823/4583
f 4866/4823/4583 4865/4822/4582 4867/4824/4584
f 4866/4823/4583 4867/4824/4584 4868/4825/4585
f 4868/4825/4585 4867/4824/4584 4869/4826/4586
f 4868/4825/4585 4869/4826/4586 4870/4827/4587
f 4870/4827/4587 4869/4826/4586 4871/4828/4588
f 4870/4827/4587 4871/4828/4588 4872/3797/4589
f 4872/3797/4589 4871/4828/4588 4873/4829/4590
f 3801/3787/3611 3811/3797/3621 4874/4830/4591
f 4874/4830/4591 3811/3797/3621 4875/4829/4590
f 3800/3786/3610 3801/3787/3611 4876/4831/4592
f 4876/4831/4592 3801/3787/3611 4874/4830/4591
f 3787/3773/3597 3800/3786/3610 4877/4832/4593
f 4877/4832/4593 3800/3786/3610 4876/4831/4592
f 3786/3772/3596 3787/3773/3597 4878/4833/4594
f 4878/4833/4594 3787/3773/3597 4877/4832/4593
f 3786/3772/3596 4878/4833/4594 3824/3810/3634
f 3824/3810/3634 4878/4833/4594 4879/4834/4595
f 3824/3810/3634 4879/4834/4595 3823/3809/3633
f 3823/3809/3633 4879/4834/4595 3739/3725/3550
f 4255/4229/4051 3784/3770/3594 3791/3777/3601
f 3791/3777/3601 3784/3770/3594 3790/3776/3600
f 3784/3770/3594 4255/4229/4051 3785/3771/3595
f 3785/3771/3595 4255/4229/4051 4256/4230/4052
f 4254/4228/4050 3798/3784/3608 4256/4230/4052
f 4256/4230/4052 3798/3784/3608 3785/3771/3595
f 4253/4227/4049 3799/3785/3609 4254/4228/4050
f 4254/4228/4050 3799/3785/3609 3798/3784/3608
f 4252/4226/4048 3810/3796/3620 4253/4227/4049
f 4253/4227/4049 3810/3796/3620 3799/3785/3609
f 4848/4226/4048 4847/4805/4572 4880/3796/3620
f 4880/3796/3620 4847/4805/4572 4881/4835/4596
f 4847/4805/4572 4849/4806/4573 4881/4835/4596
f 4881/4835/4596 4849/4806/4573 4882/4836/4597
f 4883/4837/4598 4882/4836/4597 4851/4808/4575
f 4851/4808/4575 4882/4836/4597 4849/4806/4573
f 4884/4838/4599 4883/4837/4598 4850/4807/4574
f 4850/4807/4574 4883/4837/4598 4851/4808/4575
f 4850/4807/4574 4394/4366/4166 4884/4838/4599
f 4884/4838/4599 4394/4366/4166 4396/4368/4168
f 4881/4835/4596 4870/4827/4587 4880/3796/3620
f 4880/3796/3620 4870/4827/4587 4872/3797/4589
f 4882/4836/4597 4868/4825/4585 4881/4835/4596
f 4881/4835/4596 4868/4825/4585 4870/4827/4587
f 4883/4837/4598 4866/4823/4583 4882/4836/4597
f 4882/4836/4597 4866/4823/4583 4868/4825/4585
f 4884/4838/4599 4864/4821/4581 4883/4837/4598
f 4883/4837/4598 4864/4821/4581 4866/4823/4583
f 4424/4396/4190 4864/4821/4581 4396/4368/4168
f 4396/4368/4168 4864/4821/4581 4884/4838/4599
f 4836/4796/4565 4855/4812/2969 4835/4795/4564
f 4835/4795/4564 4855/4812/2969 4853/4810/2971
f 4669/4630/4423 4836/4796/4565 4670/4631/4424
f 4670/4631/4424 4836/4796/4565 4835/4795/4564
f 4190/4166/3988 4241/4217/4037 4261/4235/2540
f 4261/4235/2540 4241/4217/4037 4260/4234/2546
f 4069/4046/3873 4241/4217/4037 4190/4166/3988
g pm0954_00_00_BodyASkin_REye
usemtl REye
f 4885/4839/4600 4886/4840/3570 4887/4841/4601
f 4887/4841/4601 4886/4840/3570 4888/4842/4602
f 4889/4843/4603 4887/4841/4601 4890/4844/4604
f 4890/4844/4604 4887/4841/4601 4888/4842/4602
f 4891/4845/4605 4889/4843/4603 4892/4846/4606
f 4892/4846/4606 4889/4843/4603 4890/4844/4604
f 4892/4846/4606 4893/4847/4607 4891/4845/4605
f 4891/4845/4605 4893/4847/4607 4894/4848/4608
f 4895/4849/4609 4896/4850/4610 4897/4851/4611
f 4897/4851/4611 4896/4850/4610 4898/4852/4612
f 4899/4853/4613 4900/4854/3572 4901/4855/4614
f 4901/4855/4614 4900/4854/3572 4902/4856/4615
f 4903/4857/4616 4894/4848/4608 4904/4858/4617
f 4904/4858/4617 4894/4848/4608 4893/4847/4607
f 4904/4858/4617 4893/4847/4607 4905/4859/4618
f 4905/4859/4618 4893/4847/4607 4906/4852/4619
f 4907/4859/4618 4898/4852/4612 4908/4860/4620
f 4908/4860/4620 4898/4852/4612 4896/4850/4610
f 4893/4847/4607 4892/4846/4606 4906/4852/4619
f 4906/4852/4619 4892/4846/4606 4909/4851/4611
f 4910/4861/4621 4911/4862/4622 4896/4850/4610
f 4896/4850/4610 4911/4862/4622 4908/4860/4620
f 4912/4863/4623 4913/4864/4624 4897/4851/4611
f 4897/4851/4611 4913/4864/4624 4895/4849/4609
f 4914/4865/4625 4915/4866/4626 4916/4867/4627
f 4916/4867/4627 4915/4866/4626 4917/4868/4628
f 4918/4869/4629 4919/4870/4630 4913/4864/4624
f 4913/4864/4624 4919/4870/4630 4895/4849/4609
f 4913/4864/4624 4902/4856/4615 4918/4869/4629
f 4918/4869/4629 4902/4856/4615 4915/4866/4626
f 4915/4866/4626 4902/4856/4615 4917/4868/4628
f 4917/4868/4628 4902/4856/4615 4900/4854/3572
f 4886/4840/3570 4899/4853/4613 4888/4842/4602
f 4888/4842/4602 4899/4853/4613 4901/4855/4614
f 4909/4851/4611 4892/4846/4606 4912/4863/4631
f 4912/4863/4631 4892/4846/4606 4890/4844/4604
f 4912/4863/4631 4890/4844/4604 4901/4855/4614
f 4901/4855/4614 4890/4844/4604 4888/4842/4602
f 4913/4864/4624 4912/4863/4623 4902/4856/4615
f 4902/4856/4615 4912/4863/4623 4920/4855/4632
f 4914/4865/4625 4921/4871/4595 4915/4866/4626
f 4915/4866/4626 4921/4871/4595 4918/4869/4629
f 4919/4870/4630 4910/4861/4621 4895/4849/4609
f 4895/4849/4609 4910/4861/4621 4896/4850/4610
f 4922/4872/4633 4923/4873/4634 4887/4841/4601
f 4887/4841/4601 4923/4873/4634 4885/4839/4600
f 4889/4843/4603 4891/4845/4605 4924/4874/4635
f 4924/4874/4635 4891/4845/4605 4925/4875/3892
f 4926/4876/4010 4927/4877/4636 4903/4857/4616
f 4903/4857/4616 4927/4877/4636 4894/4848/4608
f 4891/4845/4605 4894/4848/4608 4925/4875/3892
f 4925/4875/3892 4894/4848/4608 4927/4877/4636
f 4924/4874/4635 4922/4872/4633 4889/4843/4603
f 4889/4843/4603 4922/4872/4633 4887/4841/4601
f 4928/4878/4637 4919/4870/4630 4921/4871/4595
f 4921/4871/4595 4919/4870/4630 4918/4869/4629
f 4910/4861/4621 4919/4870/4630 4929/4879/4593
f 4929/4879/4593 4919/4870/4630 4928/4878/4637
f 4911/4862/4622 4910/4861/4621 4930/4880/4592
f 4930/4880/4592 4910/4861/4621 4929/4879/4593
f 4930/4880/4592 4931/4881/4638 4911/4862/4622
f 4931/4881/4638 4932/4882/4639 4911/4862/4622
g pm0954_00_00_BodyASkin_LEye
usemtl LEye
f 4933/4883/4640 4934/4884/4641 4935/4885/4116
f 4935/4885/4116 4934/4884/4641 4936/4886/4642
f 4937/4887/4643 4938/4888/4144 4934/4884/4641
f 4934/4884/4641 4938/4888/4144 4936/4886/4642
f 4939/4889/4644 4940/4890/4645 4934/4884/4641
f 4934/4884/4641 4940/4890/4645 4937/4887/4643
f 4939/4889/4644 4941/4891/4646 4942/4892/4647
f 4942/4892/4647 4941/4891/4646 4943/4893/4445
f 4940/4890/4645 4939/4889/4644 4944/4894/4648
f 4944/4894/4648 4939/4889/4644 4942/4892/4647
f 4944/4894/4648 4942/4892/4647 4945/4895/4649
f 4945/4895/4649 4942/4892/4647 4946/4896/4650
f 4947/4897/4651 4948/4898/4652 4949/4899/4653
f 4949/4899/4653 4948/4898/4652 4950/4900/4654
f 4951/4901/4655 4952/4902/4147 4953/4903/4656
f 4953/4903/4656 4952/4902/4147 4954/4904/4657
f 4926/4876/4010 4903/4857/4616 4955/4905/4658
f 4955/4905/4658 4903/4857/4616 4946/4896/4650
f 4903/4857/4616 4904/4858/4617 4946/4896/4650
f 4946/4896/4650 4904/4858/4617 4945/4895/4649
f 4904/4858/4617 4905/4859/4618 4945/4895/4649
f 4945/4895/4649 4905/4859/4618 4956/4900/4659
f 4907/4859/4618 4908/4860/4620 4950/4900/4654
f 4950/4900/4654 4908/4860/4620 4949/4899/4653
f 4942/4892/4647 4943/4893/4445 4946/4896/4650
f 4946/4896/4650 4943/4893/4445 4955/4905/4658
f 4957/4898/4652 4944/4894/4648 4956/4900/4659
f 4956/4900/4659 4944/4894/4648 4945/4895/4649
f 4958/4906/4660 4949/4899/4653 4911/4862/4622
f 4911/4862/4622 4949/4899/4653 4908/4860/4620
f 4947/4897/4651 4959/4907/4661 4948/4898/4652
f 4948/4898/4652 4959/4907/4661 4960/4908/4662
f 4961/4909/4663 4962/4910/4664 4963/4911/4665
f 4963/4911/4665 4962/4910/4664 4964/4912/4666
f 4965/4913/4667 4959/4907/4661 4966/4914/4668
f 4966/4914/4668 4959/4907/4661 4947/4897/4651
f 4959/4907/4661 4965/4913/4667 4951/4901/4655
f 4951/4901/4655 4965/4913/4667 4962/4910/4664
f 4952/4902/4147 4951/4901/4655 4961/4909/4663
f 4961/4909/4663 4951/4901/4655 4962/4910/4664
f 4953/4903/4656 4954/4904/4657 4937/4887/4643
f 4937/4887/4643 4954/4904/4657 4938/4888/4144
f 4957/4898/4652 4960/4908/4669 4944/4894/4648
f 4944/4894/4648 4960/4908/4669 4940/4890/4645
f 4934/4884/4641 4933/4883/4640 4939/4889/4644
f 4939/4889/4644 4933/4883/4640 4941/4891/4646
f 4960/4908/4669 4953/4903/4656 4940/4890/4645
f 4940/4890/4645 4953/4903/4656 4937/4887/4643
f 4959/4907/4661 4951/4901/4655 4960/4908/4662
f 4960/4908/4662 4951/4901/4655 4967/4903/4670
f 4966/4914/4668 4947/4897/4651 4958/4906/4660
f 4958/4906/4660 4947/4897/4651 4949/4899/4653
f 4968/4915/4671 4911/4862/4622 4969/4882/4639
f 4970/4916/4586 4911/4862/4622 4968/4915/4671
f 4971/4917/4584 4958/4906/4660 4970/4916/4586
f 4970/4916/4586 4958/4906/4660 4911/4862/4622
f 4972/4918/4582 4966/4914/4668 4971/4917/4584
f 4971/4917/4584 4966/4914/4668 4958/4906/4660
f 4965/4913/4667 4966/4914/4668 4973/4919/4192
f 4973/4919/4192 4966/4914/4668 4972/4918/4582
f 4965/4913/4667 4973/4919/4192 4962/4910/4664
f 4962/4910/4664 4973/4919/4192 4964/4912/4666
g pm0954_00_00_BodyASkin_Body02
usemtl Body02
f 4974/4920/4672 4975/4921/4673 3667/3653/3484
f 3667/3653/3484 4975/4921/4673 3668/3654/3485
f 3671/3657/3488 3673/3659/3490 4976/4922/4674
f 4976/4922/4674 3673/3659/3490 4977/4923/4675
f 3676/3662/3493 4978/4924/4676 3673/3659/3490
f 3673/3659/3490 4978/4924/4676 4977/4923/4675
f 3677/3663/3494 3680/3666/3497 4979/4925/4677
f 4979/4925/4677 3680/3666/3497 4980/4926/4678
f 4981/4927/4679 4982/4928/4680 4976/4922/4674
f 4976/4922/4674 4982/4928/4680 4974/4920/4672
f 4983/4929/4681 4984/4930/4682 4985/4931/4683
f 4985/4931/4683 4984/4930/4682 4986/4932/4684
f 3661/3647/3478 3666/3652/3483 4986/4932/4684
f 4986/4932/4684 3666/3652/3483 4985/4931/4683
f 3682/3668/3499 3681/3667/3498 4987/4933/4685
f 4987/4933/4685 3681/3667/3498 4988/4934/4686
f 4989/4935/4687 4990/4936/4688 4991/4937/4689
f 4991/4937/4689 4990/4936/4688 4992/4938/4690
f 4982/4928/4680 4993/4939/4691 4974/4920/4672
f 4974/4920/4672 4993/4939/4691 4975/4921/4673
f 4984/4930/4682 4994/4940/4692 4986/4932/4684
f 4986/4932/4684 4994/4940/4692 4995/4941/4693
f 3662/3648/3479 3661/3647/3478 4995/4941/4693
f 4995/4941/4693 3661/3647/3478 4986/4932/4684
f 3681/3667/3498 3685/3671/3502 4988/4934/4686
f 4988/4934/4686 3685/3671/3502 4996/4942/4694
f 4991/4937/4689 4992/4938/4690 4997/4943/4695
f 4997/4943/4695 4992/4938/4690 4998/4944/4696
f 4999/4945/4697 5000/4946/4698 5001/4947/4699
f 5001/4947/4699 5000/4946/4698 5002/4948/4700
f 5003/4949/4701 5004/4950/4702 4999/4945/4697
f 4999/4945/4697 5004/4950/4702 5000/4946/4698
f 5005/4951/4703 5006/4952/4704 5007/4953/4705
f 5007/4953/4705 5006/4952/4704 5008/4954/4706
f 5009/4955/4707 4981/4927/4679 4977/4923/4675
f 4977/4923/4675 4981/4927/4679 4976/4922/4674
f 5010/4956/4708 5009/4955/4707 4978/4924/4676
f 4978/4924/4676 5009/4955/4707 4977/4923/4675
f 5008/4954/4706 5010/4956/4708 4979/4925/4677
f 4979/4925/4677 5010/4956/4708 4978/4924/4676
f 5010/4956/4708 5008/4954/4706 5011/4957/4709
f 5011/4957/4709 5009/4955/4707 5010/4956/4708
f 5012/4958/4710 5013/4959/4711 5014/4960/4712
f 5014/4960/4712 5013/4959/4711 5015/4961/4713
f 3667/3653/3484 3671/3657/3488 4974/4920/4672
f 4974/4920/4672 3671/3657/3488 4976/4922/4674
f 4979/4925/4677 4978/4924/4676 3677/3663/3494
f 3677/3663/3494 4978/4924/4676 3676/3662/3493
f 5016/4962/4714 4981/4927/4679 5009/4955/4707
f 5011/4957/4709 5017/4963/4715 5009/4955/4707
f 5009/4955/4707 5017/4963/4715 5016/4962/4714
f 5018/4964/4716 5019/4965/4717 5020/4966/4718
f 5020/4966/4718 5019/4965/4717 5021/4967/4719
f 5020/4966/4718 5021/4967/4719 5022/4968/4720
f 5022/4968/4720 5021/4967/4719 5023/4969/4721
f 5024/4970/4722 5025/4971/4723 5021/4967/4719
f 5021/4967/4719 5025/4971/4723 5023/4969/4721
f 5019/4965/4717 5026/4972/4724 5021/4967/4719
f 5021/4967/4719 5026/4972/4724 5024/4970/4722
f 5027/4973/4725 5028/4974/4726 5029/4975/4727
f 5029/4975/4727 5028/4974/4726 5030/4976/4728
f 5029/4975/4727 5030/4976/4728 5031/4977/4729
f 5031/4977/4729 5030/4976/4728 5032/4978/4730
f 5030/4976/4728 5033/4979/4731 5032/4978/4730
f 5032/4978/4730 5033/4979/4731 5034/4980/4732
f 5028/4974/4726 5035/4981/4733 5030/4976/4728
f 5030/4976/4728 5035/4981/4733 5033/4979/4731
f 5036/4982/4734 5037/4983/4735 5038/4984/4736
f 5038/4984/4736 5037/4983/4735 5039/4985/4737
f 5037/4983/4735 5040/4986/4738 5039/4985/4737
f 5039/4985/4737 5040/4986/4738 5041/4987/4739
f 5042/4988/4740 5033/4979/4731 5043/4989/4741
f 5043/4989/4741 5033/4979/4731 5035/4981/4733
f 5034/4980/4732 5033/4979/4731 5044/4990/4742
f 5044/4990/4742 5033/4979/4731 5042/4988/4740
f 5045/4991/4743 5046/4992/4744 5047/4993/4745
f 5047/4993/4745 5046/4992/4744 5048/4994/4746
f 5049/4995/4747 5050/4996/4748 5051/4997/4749
f 5051/4997/4749 5050/4996/4748 5052/4998/4750
f 5043/4989/4741 5035/4981/4733 5051/4997/4749
f 5051/4997/4749 5035/4981/4733 5049/4995/4747
f 5053/4999/4751 5054/5000/4752 5055/5001/4753
f 5055/5001/4753 5054/5000/4752 5056/5002/4754
f 5052/4998/4750 5050/4996/4748 5053/4999/4751
f 5053/4999/4751 5050/4996/4748 5054/5000/4752
f 5057/5003/4755 5058/5004/4756 5059/5005/4757
f 5059/5005/4757 5058/5004/4756 5060/5006/4758
f 5061/5007/4759 5062/5008/4760 5057/5003/4755
f 5057/5003/4755 5062/5008/4760 5058/5004/4756
f 5050/4996/4748 5049/4995/4747 5054/5000/4752
f 5054/5000/4752 5049/4995/4747 5063/5009/4761
f 5054/5000/4752 5063/5009/4761 5056/5002/4754
f 5056/5002/4754 5063/5009/4761 5064/5010/4762
f 5063/5009/4761 5028/4974/4726 5064/5010/4762
f 5064/5010/4762 5028/4974/4726 5027/4973/4725
f 5049/4995/4747 5035/4981/4733 5063/5009/4761
f 5063/5009/4761 5035/4981/4733 5028/4974/4726
f 5062/5008/4760 5065/5011/4763 5058/5004/4756
f 5058/5004/4756 5065/5011/4763 5066/5012/4764
f 5058/5004/4756 5066/5012/4764 5060/5006/4758
f 5060/5006/4758 5066/5012/4764 5067/5013/4765
f 5066/5012/4764 5023/4969/4721 5067/5013/4765
f 5067/5013/4765 5023/4969/4721 5025/4971/4723
f 5065/5011/4763 5022/4968/4720 5066/5012/4764
f 5066/5012/4764 5022/4968/4720 5023/4969/4721
f 5068/5014/4766 5069/5015/4767 5070/5016/4768
f 5070/5016/4768 5069/5015/4767 5071/5017/4769
f 5070/5016/4768 5071/5017/4769 4981/4927/4679
f 4981/4927/4679 5071/5017/4769 4982/4928/4680
f 5071/5017/4769 5072/5018/4770 4982/4928/4680
f 4982/4928/4680 5072/5018/4770 4993/4939/4691
f 5069/5015/4767 5073/5019/4771 5071/5017/4769
f 5071/5017/4769 5073/5019/4771 5072/5018/4770
f 5074/5020/4772 5075/5021/4773 5076/5022/4774
f 5076/5022/4774 5075/5021/4773 5077/5023/4775
f 5076/5022/4774 5077/5023/4775 4983/4929/4681
f 4983/4929/4681 5077/5023/4775 4984/4930/4682
f 5077/5023/4775 5078/5024/4776 4984/4930/4682
f 4984/4930/4682 5078/5024/4776 4994/4940/4692
f 5075/5021/4773 5079/5025/4777 5077/5023/4775
f 5077/5023/4775 5079/5025/4777 5078/5024/4776
f 5080/5026/4778 5081/5027/4779 5017/4963/4715
f 5017/4963/4715 5081/5027/4779 5016/4962/4714
f 5081/5027/4779 5070/5016/4768 5016/4962/4714
f 5016/4962/4714 5070/5016/4768 4981/4927/4679
f 5082/5028/4780 5068/5014/4766 5081/5027/4779
f 5081/5027/4779 5068/5014/4766 5070/5016/4768
f 5080/5026/4778 5083/5029/4781 5081/5027/4779
f 5081/5027/4779 5083/5029/4781 5082/5028/4780
f 5040/4986/4738 5037/4983/4735 5084/5030/4782
f 5084/5030/4782 5037/4983/4735 5085/5031/4783
f 5037/4983/4735 5036/4982/4734 5085/5031/4783
f 5085/5031/4783 5036/4982/4734 5086/5032/4784
f 5043/4989/4741 5087/5033/4785 5042/4988/4740
f 5042/4988/4740 5087/5033/4785 5088/5034/4786
f 5088/5034/4786 5089/5035/4787 5042/4988/4740
f 5042/4988/4740 5089/5035/4787 5044/4990/4742
f 5011/4957/4709 5090/5036/4788 5088/5034/4786
f 5088/5034/4786 5090/5036/4788 5089/5035/4787
f 5087/5033/4785 5017/4963/4715 5088/5034/4786
f 5088/5034/4786 5017/4963/4715 5011/4957/4709
f 5045/4991/4743 5091/5037/4789 5046/4992/4744
f 5046/4992/4744 5091/5037/4789 5092/5038/4790
f 5051/4997/4749 5093/5039/4791 5043/4989/4741
f 5043/4989/4741 5093/5039/4791 5087/5033/4785
f 5093/5039/4791 5080/5026/4778 5087/5033/4785
f 5087/5033/4785 5080/5026/4778 5017/4963/4715
f 5094/5040/4792 5083/5029/4781 5093/5039/4791
f 5093/5039/4791 5083/5029/4781 5080/5026/4778
f 5052/4998/4750 5094/5040/4792 5051/4997/4749
f 5051/4997/4749 5094/5040/4792 5093/5039/4791
f 5095/5041/4793 5096/5042/4794 5097/5043/4795
f 5097/5043/4795 5096/5042/4794 5098/5044/4796
f 5096/5042/4794 5082/5028/4780 5098/5044/4796
f 5098/5044/4796 5082/5028/4780 5083/5029/4781
f 5069/5015/4767 5068/5014/4766 5096/5042/4794
f 5096/5042/4794 5068/5014/4766 5082/5028/4780
f 5073/5019/4771 5069/5015/4767 5095/5041/4793
f 5095/5041/4793 5069/5015/4767 5096/5042/4794
f 5099/5045/4797 5100/5046/4798 5101/5047/4799
f 5101/5047/4799 5100/5046/4798 5102/5048/4800
f 5100/5046/4798 5103/5049/4801 5102/5048/4800
f 5102/5048/4800 5103/5049/4801 5104/5050/4802
f 5075/5021/4773 5074/5020/4772 5100/5046/4798
f 5100/5046/4798 5074/5020/4772 5103/5049/4801
f 5079/5025/4777 5075/5021/4773 5099/5045/4797
f 5099/5045/4797 5075/5021/4773 5100/5046/4798
f 5053/4999/4751 5105/5051/4803 5052/4998/4750
f 5052/4998/4750 5105/5051/4803 5094/5040/4792
f 5105/5051/4803 5098/5044/4796 5094/5040/4792
f 5094/5040/4792 5098/5044/4796 5083/5029/4781
f 5106/5052/4804 5097/5043/4795 5105/5051/4803
f 5105/5051/4803 5097/5043/4795 5098/5044/4796
f 5055/5001/4753 5106/5052/4804 5053/4999/4751
f 5053/4999/4751 5106/5052/4804 5105/5051/4803
f 5061/5007/4759 5057/5003/4755 5107/5053/4805
f 5107/5053/4805 5057/5003/4755 5108/5054/4806
f 5107/5053/4805 5108/5054/4806 5104/5050/4802
f 5104/5050/4802 5108/5054/4806 5102/5048/4800
f 5108/5054/4806 5109/5055/4807 5102/5048/4800
f 5102/5048/4800 5109/5055/4807 5101/5047/4799
f 5057/5003/4755 5059/5005/4757 5108/5054/4806
f 5108/5054/4806 5059/5005/4757 5109/5055/4807
f 5110/5056/4695 5002/4948/4700 5111/5057/4808
f 5111/5057/4808 5002/4948/4700 5000/4946/4698
f 5111/5057/4808 5000/4946/4698 5112/5058/4809
f 5112/5058/4809 5000/4946/4698 5004/4950/4702
f 5013/4959/4711 5012/4958/4710 5113/5059/4704
f 5113/5059/4704 5012/4958/4710 5114/5060/4810
f 5013/4959/4711 5113/5059/4704 5015/4961/4713
f 5015/4961/4713 5113/5059/4704 5115/5061/4811
f 5116/5062/4812 5117/5063/4813 5118/5064/4814
f 5118/5064/4814 5117/5063/4813 5119/5065/4717
f 5117/5063/4813 5120/5066/4815 5119/5065/4717
f 5119/5065/4717 5120/5066/4815 5121/5067/4816
f 5047/4993/4745 5122/5068/4817 5045/4991/4743
f 5045/4991/4743 5122/5068/4817 5123/5069/4818
f 5047/4993/4745 5124/5070/4819 5122/5068/4817
f 5122/5068/4817 5124/5070/4819 5125/5071/4730
f 5124/5070/4819 5126/5072/4820 5125/5071/4730
f 5125/5071/4730 5126/5072/4820 5127/5073/4821
f 5091/5037/4789 5128/4991/4822 5129/5074/4823
f 5129/5074/4823 5128/4991/4822 5130/5069/4824
f 5012/4958/4710 5091/5037/4789 5114/5060/4810
f 5114/5060/4810 5091/5037/4789 5129/5074/4823
f 5091/5037/4789 5012/4958/4710 5092/5038/4790
f 5092/5038/4790 5012/4958/4710 5014/4960/4712
f 5086/5032/4784 5003/4949/4701 5085/5031/4783
f 5085/5031/4783 5003/4949/4701 4999/4945/4697
f 5085/5031/4783 4999/4945/4697 5084/5030/4782
f 5084/5030/4782 4999/4945/4697 5001/4947/4699
f 5126/5072/4820 5124/5070/4819 5048/4994/4746
f 5048/4994/4746 5124/5070/4819 5047/4993/4745
f 5117/5063/4813 5116/5062/4812 5039/4985/4737
f 5039/4985/4737 5116/5062/4812 5038/4984/4736
f 5120/5066/4815 5117/5063/4813 5041/4987/4739
f 5041/4987/4739 5117/5063/4813 5039/4985/4737
f 4975/4921/4673 4985/4931/4683 3668/3654/3485
f 3668/3654/3485 4985/4931/4683 3666/3652/3483
f 4993/4939/4691 4983/4929/4681 4975/4921/4673
f 4975/4921/4673 4983/4929/4681 4985/4931/4683
f 5072/5018/4770 5076/5022/4774 4993/4939/4691
f 4993/4939/4691 5076/5022/4774 4983/4929/4681
f 5073/5019/4771 5074/5020/4772 5072/5018/4770
f 5072/5018/4770 5074/5020/4772 5076/5022/4774
f 5074/5020/4772 5073/5019/4771 5103/5049/4801
f 5103/5049/4801 5073/5019/4771 5095/5041/4793
f 5103/5049/4801 5095/5041/4793 5104/5050/4802
f 5104/5050/4802 5095/5041/4793 5097/5043/4795
f 5106/5052/4804 5107/5053/4805 5097/5043/4795
f 5097/5043/4795 5107/5053/4805 5104/5050/4802
f 5055/5001/4753 5061/5007/4759 5106/5052/4804
f 5106/5052/4804 5061/5007/4759 5107/5053/4805
f 5062/5008/4760 5061/5007/4759 5056/5002/4754
f 5056/5002/4754 5061/5007/4759 5055/5001/4753
f 5065/5011/4763 5062/5008/4760 5064/5010/4762
f 5064/5010/4762 5062/5008/4760 5056/5002/4754
f 5022/4968/4720 5065/5011/4763 5027/4973/4725
f 5027/4973/4725 5065/5011/4763 5064/5010/4762
f 5022/4968/4720 5027/4973/4725 5020/4966/4718
f 5020/4966/4718 5027/4973/4725 5029/4975/4727
f 5020/4966/4718 5029/4975/4727 5018/4964/4716
f 5018/4964/4716 5029/4975/4727 5031/4977/4729
f 5126/5072/4820 5116/5062/4812 5127/5073/4821
f 5127/5073/4821 5116/5062/4812 5118/5064/4814
f 5116/5062/4812 5126/5072/4820 5038/4984/4736
f 5038/4984/4736 5126/5072/4820 5048/4994/4746
f 5046/4992/4744 5036/4982/4734 5048/4994/4746
f 5048/4994/4746 5036/4982/4734 5038/4984/4736
f 5092/5038/4790 5086/5032/4784 5046/4992/4744
f 5046/4992/4744 5086/5032/4784 5036/4982/4734
f 5092/5038/4790 5014/4960/4712 5086/5032/4784
f 5086/5032/4784 5014/4960/4712 5003/4949/4701
f 5014/4960/4712 5015/4961/4713 5003/4949/4701
f 5003/4949/4701 5015/4961/4713 5004/4950/4702
f 5112/5058/4809 5004/4950/4702 5115/5061/4811
f 5115/5061/4811 5004/4950/4702 5015/4961/4713
f 4989/4935/4687 5005/4951/4703 4990/4936/4688
f 4990/4936/4688 5005/4951/4703 5007/4953/4705
f 3680/3666/3497 3682/3668/3499 4980/4926/4678
f 4980/4926/4678 3682/3668/3499 4987/4933/4685
f 5131/5075/4825 4276/4250/4062 5132/5076/4826
f 5132/5076/4826 4276/4250/4062 4278/4252/4064
f 5133/5077/4827 4282/4256/4068 5134/5078/4828
f 5134/5078/4828 4282/4256/4068 4281/4255/4067
f 5133/5077/4827 5135/5079/4829 4282/4256/4068
f 4282/4256/4068 5135/5079/4829 4284/4258/4070
f 4287/4261/4073 5136/5080/4830 4288/4262/4074
f 4288/4262/4074 5136/5080/4830 5137/5081/4831
f 5138/5082/4832 5134/5078/4828 5139/5083/4833
f 5139/5083/4833 5134/5078/4828 5131/5075/4825
f 5140/5084/4834 5141/5085/4835 5142/5086/4836
f 5142/5086/4836 5141/5085/4835 5143/5087/4837
f 4273/4247/4059 5143/5087/4837 4275/4249/4061
f 4275/4249/4061 5143/5087/4837 5141/5085/4835
f 5144/5088/4838 4290/4264/4076 5145/5089/4839
f 5145/5089/4839 4290/4264/4076 4292/4266/4078
f 5146/5090/4840 5147/5091/4841 5148/5092/4842
f 5148/5092/4842 5147/5091/4841 5149/5093/4843
f 5139/5083/4833 5131/5075/4825 5150/5094/4844
f 5150/5094/4844 5131/5075/4825 5132/5076/4826
f 5151/5095/4693 5152/5096/4692 5143/5087/4837
f 5143/5087/4837 5152/5096/4692 5142/5086/4836
f 4271/4245/3479 5151/5095/4693 4273/4247/4059
f 4273/4247/4059 5151/5095/4693 5143/5087/4837
f 5153/5097/4694 4294/4268/3502 5144/5088/4838
f 5144/5088/4838 4294/4268/3502 4290/4264/4076
f 5154/5098/4696 5146/5090/4840 5155/5099/4695
f 5155/5099/4695 5146/5090/4840 5148/5092/4842
f 5156/5100/4845 5001/4947/4699 5157/5101/4846
f 5157/5101/4846 5001/4947/4699 5002/4948/4700
f 5158/5102/4847 5156/5100/4845 5159/5103/4848
f 5159/5103/4848 5156/5100/4845 5157/5101/4846
f 5160/5104/4849 5161/5105/4850 5162/5106/4851
f 5162/5106/4851 5161/5105/4850 5163/5107/4852
f 5164/5108/4853 5133/5077/4827 5138/5082/4832
f 5138/5082/4832 5133/5077/4827 5134/5078/4828
f 5165/5109/4854 5135/5079/4829 5164/5108/4853
f 5164/5108/4853 5135/5079/4829 5133/5077/4827
f 5163/5107/4852 5136/5080/4830 5165/5109/4854
f 5165/5109/4854 5136/5080/4830 5135/5079/4829
f 5165/5109/4854 5166/5110/4855 5163/5107/4852
f 5166/5110/4855 5165/5109/4854 5164/5108/4853
f 5167/5111/4856 5168/5112/4857 5169/5113/4858
f 5169/5113/4858 5168/5112/4857 5170/5114/4859
f 4276/4250/4062 5131/5075/4825 4281/4255/4067
f 4281/4255/4067 5131/5075/4825 5134/5078/4828
f 5136/5080/4830 4287/4261/4073 5135/5079/4829
f 5135/5079/4829 4287/4261/4073 4284/4258/4070
f 5171/5115/4860 5164/5108/4853 5138/5082/4832
f 5166/5110/4855 5164/5108/4853 5172/5116/4861
f 5172/5116/4861 5164/5108/4853 5171/5115/4860
f 5173/5117/4862 5174/5118/4863 5175/5119/4864
f 5175/5119/4864 5174/5118/4863 5176/5120/4865
f 5174/5118/4863 5177/5121/4866 5176/5120/4865
f 5176/5120/4865 5177/5121/4866 5178/5122/4867
f 5178/5122/4867 5179/5123/4868 5176/5120/4865
f 5176/5120/4865 5179/5123/4868 5180/5124/4722
f 5175/5119/4864 5176/5120/4865 5181/5125/4724
f 5181/5125/4724 5176/5120/4865 5180/5124/4722
f 5182/5126/4869 5183/5127/4870 5184/5128/4871
f 5184/5128/4871 5183/5127/4870 5185/5129/4872
f 5183/5127/4870 5186/5130/4873 5185/5129/4872
f 5185/5129/4872 5186/5130/4873 5187/5131/4874
f 5185/5129/4872 5187/5131/4874 5188/5132/4875
f 5188/5132/4875 5187/5131/4874 5189/5133/4876
f 5184/5128/4871 5185/5129/4872 5190/5134/4877
f 5190/5134/4877 5185/5129/4872 5188/5132/4875
f 5191/5135/4878 5192/5136/4879 5193/5137/4880
f 5193/5137/4880 5192/5136/4879 5194/5138/4881
f 5193/5137/4880 5194/5138/4881 5040/4986/4738
f 5040/4986/4738 5194/5138/4881 5041/4987/4739
f 5195/5139/4882 5196/5140/4883 5188/5132/4875
f 5188/5132/4875 5196/5140/4883 5190/5134/4877
f 5189/5133/4876 5197/5141/4884 5188/5132/4875
f 5188/5132/4875 5197/5141/4884 5195/5139/4882
f 5198/5142/4885 5199/5143/4886 5200/5144/4887
f 5200/5144/4887 5199/5143/4886 5201/5145/4888
f 5202/5146/4889 5203/5147/4890 5204/5148/4891
f 5204/5148/4891 5203/5147/4890 5205/5149/4892
f 5196/5140/4883 5204/5148/4891 5190/5134/4877
f 5190/5134/4877 5204/5148/4891 5205/5149/4892
f 5206/5150/4893 5207/5151/4894 5208/5152/4895
f 5208/5152/4895 5207/5151/4894 5209/5153/4896
f 5202/5146/4889 5206/5150/4893 5203/5147/4890
f 5203/5147/4890 5206/5150/4893 5208/5152/4895
f 5210/5154/4897 5211/5155/4757 5212/5156/4898
f 5212/5156/4898 5211/5155/4757 5213/5157/4758
f 5214/5158/4899 5210/5154/4897 5215/5159/4900
f 5215/5159/4900 5210/5154/4897 5212/5156/4898
f 5203/5147/4890 5208/5152/4895 5205/5149/4892
f 5205/5149/4892 5208/5152/4895 5216/5160/4901
f 5208/5152/4895 5209/5153/4896 5216/5160/4901
f 5216/5160/4901 5209/5153/4896 5217/5161/4902
f 5216/5160/4901 5217/5161/4902 5184/5128/4871
f 5184/5128/4871 5217/5161/4902 5182/5126/4869
f 5205/5149/4892 5216/5160/4901 5190/5134/4877
f 5190/5134/4877 5216/5160/4901 5184/5128/4871
f 5215/5159/4900 5212/5156/4898 5218/5162/4903
f 5218/5162/4903 5212/5156/4898 5219/5163/4904
f 5212/5156/4898 5213/5157/4758 5219/5163/4904
f 5219/5163/4904 5213/5157/4758 5220/5164/4765
f 5219/5163/4904 5220/5164/4765 5178/5122/4867
f 5178/5122/4867 5220/5164/4765 5179/5123/4868
f 5218/5162/4903 5219/5163/4904 5177/5121/4866
f 5177/5121/4866 5219/5163/4904 5178/5122/4867
f 5221/5165/4905 5222/5166/4906 5223/5167/4907
f 5223/5167/4907 5222/5166/4906 5224/5168/4908
f 5222/5166/4906 5138/5082/4832 5224/5168/4908
f 5224/5168/4908 5138/5082/4832 5139/5083/4833
f 5224/5168/4908 5139/5083/4833 5225/5169/4909
f 5225/5169/4909 5139/5083/4833 5150/5094/4844
f 5223/5167/4907 5224/5168/4908 5226/5170/4910
f 5226/5170/4910 5224/5168/4908 5225/5169/4909
f 5227/5171/4911 5228/5172/4912 5229/5173/4913
f 5229/5173/4913 5228/5172/4912 5230/5174/4914
f 5228/5172/4912 5140/5084/4834 5230/5174/4914
f 5230/5174/4914 5140/5084/4834 5142/5086/4836
f 5230/5174/4914 5142/5086/4836 5231/5175/4776
f 5231/5175/4776 5142/5086/4836 5152/5096/4692
f 5229/5173/4913 5230/5174/4914 5232/5176/4777
f 5232/5176/4777 5230/5174/4914 5231/5175/4776
f 5171/5115/4860 5233/5177/4915 5172/5116/4861
f 5172/5116/4861 5233/5177/4915 5234/5178/4916
f 5138/5082/4832 5222/5166/4906 5171/5115/4860
f 5171/5115/4860 5222/5166/4906 5233/5177/4915
f 5222/5166/4906 5221/5165/4905 5233/5177/4915
f 5233/5177/4915 5221/5165/4905 5235/5179/4917
f 5234/5178/4916 5233/5177/4915 5236/5180/4918
f 5236/5180/4918 5233/5177/4915 5235/5179/4917
f 5040/4986/4738 5084/5030/4782 5193/5137/4880
f 5193/5137/4880 5084/5030/4782 5237/5181/4919
f 5193/5137/4880 5237/5181/4919 5191/5135/4878
f 5191/5135/4878 5237/5181/4919 5238/5182/4920
f 5196/5140/4883 5195/5139/4882 5239/5183/4921
f 5239/5183/4921 5195/5139/4882 5240/5184/4922
f 5197/5141/4884 5241/5185/4923 5195/5139/4882
f 5195/5139/4882 5241/5185/4923 5240/5184/4922
f 5241/5185/4923 5242/5186/4924 5240/5184/4922
f 5240/5184/4922 5242/5186/4924 5166/5110/4855
f 5239/5183/4921 5240/5184/4922 5172/5116/4861
f 5172/5116/4861 5240/5184/4922 5166/5110/4855
f 5198/5142/4885 5200/5144/4887 5243/5187/4925
f 5243/5187/4925 5200/5144/4887 5244/5188/4926
f 5239/5183/4921 5245/5189/4927 5196/5140/4883
f 5196/5140/4883 5245/5189/4927 5204/5148/4891
f 5172/5116/4861 5234/5178/4916 5239/5183/4921
f 5239/5183/4921 5234/5178/4916 5245/5189/4927
f 5234/5178/4916 5236/5180/4918 5245/5189/4927
f 5245/5189/4927 5236/5180/4918 5246/5190/4928
f 5245/5189/4927 5246/5190/4928 5204/5148/4891
f 5204/5148/4891 5246/5190/4928 5202/5146/4889
f 5247/5191/4929 5248/5192/4930 5249/5193/4931
f 5249/5193/4931 5248/5192/4930 5250/5194/4932
f 5236/5180/4918 5235/5179/4917 5250/5194/4932
f 5250/5194/4932 5235/5179/4917 5249/5193/4931
f 5235/5179/4917 5221/5165/4905 5249/5193/4931
f 5249/5193/4931 5221/5165/4905 5223/5167/4907
f 5226/5170/4910 5247/5191/4929 5223/5167/4907
f 5223/5167/4907 5247/5191/4929 5249/5193/4931
f 5251/5195/4933 5252/5196/4934 5253/5197/4799
f 5253/5197/4799 5252/5196/4934 5254/5198/4797
f 5255/5199/4935 5256/5200/4936 5251/5195/4933
f 5251/5195/4933 5256/5200/4936 5252/5196/4934
f 5256/5200/4936 5227/5171/4911 5252/5196/4934
f 5252/5196/4934 5227/5171/4911 5229/5173/4913
f 5252/5196/4934 5229/5173/4913 5254/5198/4797
f 5254/5198/4797 5229/5173/4913 5232/5176/4777
f 5246/5190/4928 5257/5201/4937 5202/5146/4889
f 5202/5146/4889 5257/5201/4937 5206/5150/4893
f 5236/5180/4918 5250/5194/4932 5246/5190/4928
f 5246/5190/4928 5250/5194/4932 5257/5201/4937
f 5250/5194/4932 5248/5192/4930 5257/5201/4937
f 5257/5201/4937 5248/5192/4930 5258/5202/4938
f 5257/5201/4937 5258/5202/4938 5206/5150/4893
f 5206/5150/4893 5258/5202/4938 5207/5151/4894
f 5214/5158/4899 5259/5203/4939 5210/5154/4897
f 5210/5154/4897 5259/5203/4939 5260/5204/4940
f 5259/5203/4939 5255/5199/4935 5260/5204/4940
f 5260/5204/4940 5255/5199/4935 5251/5195/4933
f 5260/5204/4940 5251/5195/4933 5261/5205/4807
f 5261/5205/4807 5251/5195/4933 5253/5197/4799
f 5210/5154/4897 5260/5204/4940 5211/5155/4757
f 5211/5155/4757 5260/5204/4940 5261/5205/4807
f 5110/5056/4695 5262/5206/4941 5002/4948/4700
f 5002/4948/4700 5262/5206/4941 5157/5101/4846
f 5262/5206/4941 5263/5207/4843 5157/5101/4846
f 5157/5101/4846 5263/5207/4843 5159/5103/4848
f 5264/5208/4924 5170/5114/4859 5265/5209/4851
f 5265/5209/4851 5170/5114/4859 5168/5112/4857
f 5266/5210/4849 5265/5209/4851 5167/5111/4856
f 5167/5111/4856 5265/5209/4851 5168/5112/4857
f 5267/5211/4942 5268/5212/4943 5269/5213/4862
f 5269/5213/4862 5268/5212/4943 5270/5214/4944
f 5121/5067/4816 5120/5066/4815 5267/5211/4942
f 5267/5211/4942 5120/5066/4815 5268/5212/4943
f 5199/5143/4886 5198/5142/4885 5271/5215/4945
f 5271/5215/4945 5198/5142/4885 5272/5216/4946
f 5273/5217/4874 5274/5218/4947 5271/5215/4945
f 5271/5215/4945 5274/5218/4947 5199/5143/4886
f 5275/5219/4873 5276/5220/4948 5273/5217/4874
f 5273/5217/4874 5276/5220/4948 5274/5218/4947
f 5277/5216/4949 5198/5142/4885 5278/5221/4950
f 5278/5221/4950 5198/5142/4885 5243/5187/4925
f 5279/5221/4923 5243/5187/4925 5264/5208/4924
f 5264/5208/4924 5243/5187/4925 5170/5114/4859
f 5169/5113/4858 5170/5114/4859 5244/5188/4926
f 5244/5188/4926 5170/5114/4859 5243/5187/4925
f 5238/5182/4920 5237/5181/4919 5158/5102/4847
f 5158/5102/4847 5237/5181/4919 5156/5100/4845
f 5237/5181/4919 5084/5030/4782 5156/5100/4845
f 5156/5100/4845 5084/5030/4782 5001/4947/4699
f 5276/5220/4948 5201/5145/4888 5274/5218/4947
f 5274/5218/4947 5201/5145/4888 5199/5143/4886
f 5192/5136/4879 5270/5214/4944 5194/5138/4881
f 5194/5138/4881 5270/5214/4944 5268/5212/4943
f 5194/5138/4881 5268/5212/4943 5041/4987/4739
f 5041/4987/4739 5268/5212/4943 5120/5066/4815
f 5132/5076/4826 4278/4252/4064 5141/5085/4835
f 5141/5085/4835 4278/4252/4064 4275/4249/4061
f 5150/5094/4844 5132/5076/4826 5140/5084/4834
f 5140/5084/4834 5132/5076/4826 5141/5085/4835
f 5225/5169/4909 5150/5094/4844 5228/5172/4912
f 5228/5172/4912 5150/5094/4844 5140/5084/4834
f 5226/5170/4910 5225/5169/4909 5227/5171/4911
f 5227/5171/4911 5225/5169/4909 5228/5172/4912
f 5247/5191/4929 5226/5170/4910 5256/5200/4936
f 5256/5200/4936 5226/5170/4910 5227/5171/4911
f 5248/5192/4930 5247/5191/4929 5255/5199/4935
f 5255/5199/4935 5247/5191/4929 5256/5200/4936
f 5258/5202/4938 5248/5192/4930 5259/5203/4939
f 5259/5203/4939 5248/5192/4930 5255/5199/4935
f 5207/5151/4894 5258/5202/4938 5214/5158/4899
f 5214/5158/4899 5258/5202/4938 5259/5203/4939
f 5207/5151/4894 5214/5158/4899 5209/5153/4896
f 5209/5153/4896 5214/5158/4899 5215/5159/4900
f 5209/5153/4896 5215/5159/4900 5217/5161/4902
f 5217/5161/4902 5215/5159/4900 5218/5162/4903
f 5217/5161/4902 5218/5162/4903 5182/5126/4869
f 5182/5126/4869 5218/5162/4903 5177/5121/4866
f 5177/5121/4866 5174/5118/4863 5182/5126/4869
f 5182/5126/4869 5174/5118/4863 5183/5127/4870
f 5174/5118/4863 5173/5117/4862 5183/5127/4870
f 5183/5127/4870 5173/5117/4862 5186/5130/4873
f 5276/5220/4948 5275/5219/4873 5270/5214/4944
f 5270/5214/4944 5275/5219/4873 5269/5213/4862
f 5201/5145/4888 5276/5220/4948 5192/5136/4879
f 5192/5136/4879 5276/5220/4948 5270/5214/4944
f 5200/5144/4887 5201/5145/4888 5191/5135/4878
f 5191/5135/4878 5201/5145/4888 5192/5136/4879
f 5244/5188/4926 5200/5144/4887 5238/5182/4920
f 5238/5182/4920 5200/5144/4887 5191/5135/4878
f 5158/5102/4847 5169/5113/4858 5238/5182/4920
f 5238/5182/4920 5169/5113/4858 5244/5188/4926
f 5159/5103/4848 5167/5111/4856 5158/5102/4847
f 5158/5102/4847 5167/5111/4856 5169/5113/4858
f 5263/5207/4843 5266/5210/4849 5159/5103/4848
f 5159/5103/4848 5266/5210/4849 5167/5111/4856
f 5149/5093/4843 5147/5091/4841 5160/5104/4849
f 5160/5104/4849 5147/5091/4841 5161/5105/4850
f 4288/4262/4074 5137/5081/4831 4292/4266/4078
f 4292/4266/4078 5137/5081/4831 5145/5089/4839
f 5007/4953/4705 5008/4954/4706 4980/4926/4678
f 4980/4926/4678 5008/4954/4706 4979/4925/4677
f 4990/4936/4688 5007/4953/4705 4987/4933/4685
f 4987/4933/4685 5007/4953/4705 4980/4926/4678
f 4992/4938/4690 4990/4936/4688 4988/4934/4686
f 4988/4934/4686 4990/4936/4688 4987/4933/4685
f 4998/4944/4696 4992/4938/4690 4996/4942/4694
f 4996/4942/4694 4992/4938/4690 4988/4934/4686
f 5154/5098/4696 5153/5097/4694 5146/5090/4840
f 5146/5090/4840 5153/5097/4694 5144/5088/4838
f 5146/5090/4840 5144/5088/4838 5147/5091/4841
f 5147/5091/4841 5144/5088/4838 5145/5089/4839
f 5147/5091/4841 5145/5089/4839 5161/5105/4850
f 5161/5105/4850 5145/5089/4839 5137/5081/4831
f 5161/5105/4850 5137/5081/4831 5163/5107/4852
f 5163/5107/4852 5137/5081/4831 5136/5080/4830
f 5166/5110/4855 5242/5186/4924 5163/5107/4852
f 5163/5107/4852 5242/5186/4924 5162/5106/4851
f 5011/4957/4709 5008/4954/4706 5090/5036/4788
f 5090/5036/4788 5008/4954/4706 5006/4952/4704
